{
  "book_id": "ZEC",
  "book_name": "Zechariah",
  "chapter": 14,
  "header": "",
  "footer": "",
  "language": "English",
  "verses": [
    {
      "verse": 1,
      "text": [
        "Behold,",
        "the",
        "day",
        "of",
        "the",
        "LORD",
        "cometh,",
        "and",
        "thy",
        "spoil",
        "shall",
        "be",
        "divided",
        "in",
        "the",
        "midst",
        "of",
        "thee."
      ],
      "info": ""
    },
    {
      "verse": 2,
      "text": [
        "For",
        "I",
        "will",
        "gather",
        "all",
        "nations",
        "against",
        "Jerusalem",
        "to",
        "battle;",
        "and",
        "the",
        "city",
        "shall",
        "be",
        "taken,",
        "and",
        "the",
        "houses",
        "rifled,",
        "and",
        "the",
        "women",
        "ravished;",
        "and",
        "half",
        "of",
        "the",
        "city",
        "shall",
        "go",
        "forth",
        "into",
        "captivity,",
        "and",
        "the",
        "residue",
        "of",
        "the",
        "people",
        "shall",
        "not",
        "be",
        "cut",
        "off",
        "from",
        "the",
        "city."
      ],
      "info": ""
    },
    {
      "verse": 3,
      "text": [
        "Then",
        "shall",
        "the",
        "LORD",
        "go",
        "forth,",
        "and",
        "fight",
        "against",
        "those",
        "nations,",
        "as",
        "when",
        "he",
        "fought",
        "in",
        "the",
        "day",
        "of",
        "battle."
      ],
      "info": ""
    },
    {
      "verse": 4,
      "text": [
        "¶",
        "And",
        "his",
        "feet",
        "shall",
        "stand",
        "in",
        "that",
        "day",
        "upon",
        "the",
        "mount",
        "of",
        "Olives,",
        "which",
        "*is",
        "before",
        "Jerusalem",
        "on",
        "the",
        "east,",
        "and",
        "the",
        "mount",
        "of",
        "Olives",
        "shall",
        "cleave",
        "in",
        "the",
        "midst",
        "thereof",
        "toward",
        "the",
        "east",
        "and",
        "toward",
        "the",
        "west,",
        "*and",
        "*there",
        "*shall",
        "*be",
        "a",
        "very",
        "great",
        "valley;",
        "and",
        "half",
        "of",
        "the",
        "mountain",
        "shall",
        "remove",
        "toward",
        "the",
        "north,",
        "and",
        "half",
        "of",
        "it",
        "toward",
        "the",
        "south."
      ],
      "info": ""
    },
    {
      "verse": 5,
      "text": [
        "And",
        "ye",
        "shall",
        "flee",
        "*to",
        "the",
        "valley",
        "of",
        "the",
        "mountains;",
        "for",
        "the",
        "valley",
        "of",
        "the",
        "mountains",
        "shall",
        "reach",
        "unto",
        "Azal:",
        "yea,",
        "ye",
        "shall",
        "flee,",
        "like",
        "as",
        "ye",
        "fled",
        "from",
        "before",
        "the",
        "earthquake",
        "in",
        "the",
        "days",
        "of",
        "Uzziah",
        "king",
        "of",
        "Judah:",
        "and",
        "the",
        "LORD",
        "my",
        "God",
        "shall",
        "come,",
        "*and",
        "all",
        "the",
        "saints",
        "with",
        "thee."
      ],
      "info": ""
    },
    {
      "verse": 6,
      "text": [
        "And",
        "it",
        "shall",
        "come",
        "to",
        "pass",
        "in",
        "that",
        "day,",
        "*that",
        "the",
        "light",
        "shall",
        "not",
        "be",
        "clear,",
        "*nor",
        "dark:"
      ],
      "info": ""
    },
    {
      "verse": 7,
      "text": [
        "But",
        "it",
        "shall",
        "be",
        "one",
        "day",
        "which",
        "shall",
        "be",
        "known",
        "to",
        "the",
        "LORD,",
        "not",
        "day,",
        "nor",
        "night:",
        "but",
        "it",
        "shall",
        "come",
        "to",
        "pass,",
        "*that",
        "at",
        "evening",
        "time",
        "it",
        "shall",
        "be",
        "light."
      ],
      "info": ""
    },
    {
      "verse": 8,
      "text": [
        "And",
        "it",
        "shall",
        "be",
        "in",
        "that",
        "day,",
        "*that",
        "living",
        "waters",
        "shall",
        "go",
        "out",
        "from",
        "Jerusalem;",
        "half",
        "of",
        "them",
        "toward",
        "the",
        "former",
        "sea,",
        "and",
        "half",
        "of",
        "them",
        "toward",
        "the",
        "hinder",
        "sea:",
        "in",
        "summer",
        "and",
        "in",
        "winter",
        "shall",
        "it",
        "be."
      ],
      "info": ""
    },
    {
      "verse": 9,
      "text": [
        "And",
        "the",
        "LORD",
        "shall",
        "be",
        "king",
        "over",
        "all",
        "the",
        "earth:",
        "in",
        "that",
        "day",
        "shall",
        "there",
        "be",
        "one",
        "LORD,",
        "and",
        "his",
        "name",
        "one."
      ],
      "info": ""
    },
    {
      "verse": 10,
      "text": [
        "All",
        "the",
        "land",
        "shall",
        "be",
        "turned",
        "as",
        "a",
        "plain",
        "from",
        "Geba",
        "to",
        "Rimmon",
        "south",
        "of",
        "Jerusalem:",
        "and",
        "it",
        "shall",
        "be",
        "lifted",
        "up,",
        "and",
        "inhabited",
        "in",
        "her",
        "place,",
        "from",
        "Benjamin's",
        "gate",
        "unto",
        "the",
        "place",
        "of",
        "the",
        "first",
        "gate,",
        "unto",
        "the",
        "corner",
        "gate,",
        "and",
        "*from",
        "the",
        "tower",
        "of",
        "Hananeel",
        "unto",
        "the",
        "king's",
        "winepresses."
      ],
      "info": ""
    },
    {
      "verse": 11,
      "text": [
        "And",
        "*men",
        "shall",
        "dwell",
        "in",
        "it,",
        "and",
        "there",
        "shall",
        "be",
        "no",
        "more",
        "utter",
        "destruction;",
        "but",
        "Jerusalem",
        "shall",
        "be",
        "safely",
        "inhabited."
      ],
      "info": ""
    },
    {
      "verse": 12,
      "text": [
        "¶",
        "And",
        "this",
        "shall",
        "be",
        "the",
        "plague",
        "wherewith",
        "the",
        "LORD",
        "will",
        "smite",
        "all",
        "the",
        "people",
        "that",
        "have",
        "fought",
        "against",
        "Jerusalem;",
        "Their",
        "flesh",
        "shall",
        "consume",
        "away",
        "while",
        "they",
        "stand",
        "upon",
        "their",
        "feet,",
        "and",
        "their",
        "eyes",
        "shall",
        "consume",
        "away",
        "in",
        "their",
        "holes,",
        "and",
        "their",
        "tongue",
        "shall",
        "consume",
        "away",
        "in",
        "their",
        "mouth."
      ],
      "info": ""
    },
    {
      "verse": 13,
      "text": [
        "And",
        "it",
        "shall",
        "come",
        "to",
        "pass",
        "in",
        "that",
        "day,",
        "*that",
        "a",
        "great",
        "tumult",
        "from",
        "the",
        "LORD",
        "shall",
        "be",
        "among",
        "them;",
        "and",
        "they",
        "shall",
        "lay",
        "hold",
        "every",
        "one",
        "on",
        "the",
        "hand",
        "of",
        "his",
        "neighbour,",
        "and",
        "his",
        "hand",
        "shall",
        "rise",
        "up",
        "against",
        "the",
        "hand",
        "of",
        "his",
        "neighbour."
      ],
      "info": ""
    },
    {
      "verse": 14,
      "text": [
        "And",
        "Judah",
        "also",
        "shall",
        "fight",
        "at",
        "Jerusalem;",
        "and",
        "the",
        "wealth",
        "of",
        "all",
        "the",
        "heathen",
        "round",
        "about",
        "shall",
        "be",
        "gathered",
        "together,",
        "gold,",
        "and",
        "silver,",
        "and",
        "apparel,",
        "in",
        "great",
        "abundance."
      ],
      "info": ""
    },
    {
      "verse": 15,
      "text": [
        "And",
        "so",
        "shall",
        "be",
        "the",
        "plague",
        "of",
        "the",
        "horse,",
        "of",
        "the",
        "mule,",
        "of",
        "the",
        "camel,",
        "and",
        "of",
        "the",
        "ass,",
        "and",
        "of",
        "all",
        "the",
        "beasts",
        "that",
        "shall",
        "be",
        "in",
        "these",
        "tents,",
        "as",
        "this",
        "plague."
      ],
      "info": ""
    },
    {
      "verse": 16,
      "text": [
        "¶",
        "And",
        "it",
        "shall",
        "come",
        "to",
        "pass,",
        "*that",
        "every",
        "one",
        "that",
        "is",
        "left",
        "of",
        "all",
        "the",
        "nations",
        "which",
        "came",
        "against",
        "Jerusalem",
        "shall",
        "even",
        "go",
        "up",
        "from",
        "year",
        "to",
        "year",
        "to",
        "worship",
        "the",
        "King,",
        "the",
        "LORD",
        "of",
        "hosts,",
        "and",
        "to",
        "keep",
        "the",
        "feast",
        "of",
        "tabernacles."
      ],
      "info": ""
    },
    {
      "verse": 17,
      "text": [
        "And",
        "it",
        "shall",
        "be,",
        "*that",
        "whoso",
        "will",
        "not",
        "come",
        "up",
        "of",
        "*all",
        "the",
        "families",
        "of",
        "the",
        "earth",
        "unto",
        "Jerusalem",
        "to",
        "worship",
        "the",
        "King,",
        "the",
        "LORD",
        "of",
        "hosts,",
        "even",
        "upon",
        "them",
        "shall",
        "be",
        "no",
        "rain."
      ],
      "info": ""
    },
    {
      "verse": 18,
      "text": [
        "And",
        "if",
        "the",
        "family",
        "of",
        "Egypt",
        "go",
        "not",
        "up,",
        "and",
        "come",
        "not,",
        "that",
        "*have",
        "no",
        "*rain;",
        "there",
        "shall",
        "be",
        "the",
        "plague,",
        "wherewith",
        "the",
        "LORD",
        "will",
        "smite",
        "the",
        "heathen",
        "that",
        "come",
        "not",
        "up",
        "to",
        "keep",
        "the",
        "feast",
        "of",
        "tabernacles."
      ],
      "info": ""
    },
    {
      "verse": 19,
      "text": [
        "This",
        "shall",
        "be",
        "the",
        "punishment",
        "of",
        "Egypt,",
        "and",
        "the",
        "punishment",
        "of",
        "all",
        "nations",
        "that",
        "come",
        "not",
        "up",
        "to",
        "keep",
        "the",
        "feast",
        "of",
        "tabernacles."
      ],
      "info": ""
    },
    {
      "verse": 20,
      "text": [
        "¶",
        "In",
        "that",
        "day",
        "shall",
        "there",
        "be",
        "upon",
        "the",
        "bells",
        "of",
        "the",
        "horses,",
        "HOLINESS",
        "UNTO",
        "THE",
        "LORD;",
        "and",
        "the",
        "pots",
        "in",
        "the",
        "LORD'S",
        "house",
        "shall",
        "be",
        "like",
        "the",
        "bowls",
        "before",
        "the",
        "altar."
      ],
      "info": ""
    },
    {
      "verse": 21,
      "text": [
        "Yea,",
        "every",
        "pot",
        "in",
        "Jerusalem",
        "and",
        "in",
        "Judah",
        "shall",
        "be",
        "holiness",
        "unto",
        "the",
        "LORD",
        "of",
        "hosts:",
        "and",
        "all",
        "they",
        "that",
        "sacrifice",
        "shall",
        "come",
        "and",
        "take",
        "of",
        "them,",
        "and",
        "seethe",
        "therein:",
        "and",
        "in",
        "that",
        "day",
        "there",
        "shall",
        "be",
        "no",
        "more",
        "the",
        "Canaanite",
        "in",
        "the",
        "house",
        "of",
        "the",
        "LORD",
        "of",
        "hosts."
      ],
      "info": ""
    }
  ]
}