{
  "book_name": "1 Kings",
  "chapter": 13,
  "verses": [
    {
      "book_name": "1 Kings",
      "chapter": 13,
      "verse": 1,
      "text": [
        "And,",
        "behold,",
        "there",
        "came",
        "a",
        "man",
        "of",
        "God",
        "out",
        "of",
        "Judah",
        "by",
        "the",
        "word",
        "of",
        "the",
        "Lᴏʀᴅ",
        "unto",
        "Bethel:",
        "and",
        "Jeroboam",
        "stood",
        "by",
        "the",
        "altar",
        "to",
        "burn",
        "incense."
      ],
      "header": "",
      "footer": ""
    },
    {
      "book_name": "1 Kings",
      "chapter": 13,
      "verse": 2,
      "text": [
        "And",
        "he",
        "cried",
        "against",
        "the",
        "altar",
        "in",
        "the",
        "word",
        "of",
        "the",
        "Lᴏʀᴅ,",
        "and",
        "said,",
        "O",
        "altar,",
        "altar,",
        "thus",
        "saith",
        "the",
        "Lᴏʀᴅ;",
        "Behold,",
        "a",
        "child",
        "shall",
        "be",
        "born",
        "unto",
        "the",
        "house",
        "of",
        "David,",
        "Josiah",
        "by",
        "name;",
        "and",
        "upon",
        "thee",
        "shall",
        "he",
        "offer",
        "the",
        "priests",
        "of",
        "the",
        "high",
        "places",
        "that",
        "burn",
        "incense",
        "upon",
        "thee,",
        "and",
        "men's",
        "bones",
        "shall",
        "be",
        "burnt",
        "upon",
        "thee."
      ],
      "header": "",
      "footer": ""
    },
    {
      "book_name": "1 Kings",
      "chapter": 13,
      "verse": 3,
      "text": [
        "And",
        "he",
        "gave",
        "a",
        "sign",
        "the",
        "same",
        "day,",
        "saying,",
        "This",
        "*is",
        "the",
        "sign",
        "which",
        "the",
        "Lᴏʀᴅ",
        "hath",
        "spoken;",
        "Behold,",
        "the",
        "altar",
        "shall",
        "be",
        "rent,",
        "and",
        "the",
        "ashes",
        "that",
        "*are",
        "upon",
        "it",
        "shall",
        "be",
        "poured",
        "out."
      ],
      "header": "",
      "footer": ""
    },
    {
      "book_name": "1 Kings",
      "chapter": 13,
      "verse": 4,
      "text": [
        "And",
        "it",
        "came",
        "to",
        "pass,",
        "when",
        "king",
        "Jeroboam",
        "heard",
        "the",
        "saying",
        "of",
        "the",
        "man",
        "of",
        "God,",
        "which",
        "had",
        "cried",
        "against",
        "the",
        "altar",
        "in",
        "Bethel,",
        "that",
        "he",
        "put",
        "forth",
        "his",
        "hand",
        "from",
        "the",
        "altar,",
        "saying,",
        "Lay",
        "hold",
        "on",
        "him.",
        "And",
        "his",
        "hand,",
        "which",
        "he",
        "put",
        "forth",
        "against",
        "him,",
        "dried",
        "up,",
        "so",
        "that",
        "he",
        "could",
        "not",
        "pull",
        "it",
        "in",
        "again",
        "to",
        "him."
      ],
      "header": "",
      "footer": ""
    },
    {
      "book_name": "1 Kings",
      "chapter": 13,
      "verse": 5,
      "text": [
        "The",
        "altar",
        "also",
        "was",
        "rent,",
        "and",
        "the",
        "ashes",
        "poured",
        "out",
        "from",
        "the",
        "altar,",
        "according",
        "to",
        "the",
        "sign",
        "which",
        "the",
        "man",
        "of",
        "God",
        "had",
        "given",
        "by",
        "the",
        "word",
        "of",
        "the",
        "Lᴏʀᴅ."
      ],
      "header": "",
      "footer": ""
    },
    {
      "book_name": "1 Kings",
      "chapter": 13,
      "verse": 6,
      "text": [
        "And",
        "the",
        "king",
        "answered",
        "and",
        "said",
        "unto",
        "the",
        "man",
        "of",
        "God,",
        "Intreat",
        "now",
        "the",
        "face",
        "of",
        "the",
        "Lᴏʀᴅ",
        "thy",
        "God,",
        "and",
        "pray",
        "for",
        "me,",
        "that",
        "my",
        "hand",
        "may",
        "be",
        "restored",
        "me",
        "again.",
        "And",
        "the",
        "man",
        "of",
        "God",
        "besought",
        "the",
        "Lᴏʀᴅ,",
        "and",
        "the",
        "king's",
        "hand",
        "was",
        "restored",
        "him",
        "again,",
        "and",
        "became",
        "as",
        "*it",
        "*was",
        "before."
      ],
      "header": "",
      "footer": ""
    },
    {
      "book_name": "1 Kings",
      "chapter": 13,
      "verse": 7,
      "text": [
        "And",
        "the",
        "king",
        "said",
        "unto",
        "the",
        "man",
        "of",
        "God,",
        "Come",
        "home",
        "with",
        "me,",
        "and",
        "refresh",
        "thyself,",
        "and",
        "I",
        "will",
        "give",
        "thee",
        "a",
        "reward."
      ],
      "header": "",
      "footer": ""
    },
    {
      "book_name": "1 Kings",
      "chapter": 13,
      "verse": 8,
      "text": [
        "And",
        "the",
        "man",
        "of",
        "God",
        "said",
        "unto",
        "the",
        "king,",
        "If",
        "thou",
        "wilt",
        "give",
        "me",
        "half",
        "thine",
        "house,",
        "I",
        "will",
        "not",
        "go",
        "in",
        "with",
        "thee,",
        "neither",
        "will",
        "I",
        "eat",
        "bread",
        "nor",
        "drink",
        "water",
        "in",
        "this",
        "place:"
      ],
      "header": "",
      "footer": ""
    },
    {
      "book_name": "1 Kings",
      "chapter": 13,
      "verse": 9,
      "text": [
        "For",
        "so",
        "was",
        "it",
        "charged",
        "me",
        "by",
        "the",
        "word",
        "of",
        "the",
        "Lᴏʀᴅ,",
        "saying,",
        "Eat",
        "no",
        "bread,",
        "nor",
        "drink",
        "water,",
        "nor",
        "turn",
        "again",
        "by",
        "the",
        "same",
        "way",
        "that",
        "thou",
        "camest."
      ],
      "header": "",
      "footer": ""
    },
    {
      "book_name": "1 Kings",
      "chapter": 13,
      "verse": 10,
      "text": [
        "So",
        "he",
        "went",
        "another",
        "way,",
        "and",
        "returned",
        "not",
        "by",
        "the",
        "way",
        "that",
        "he",
        "came",
        "to",
        "Bethel."
      ],
      "header": "",
      "footer": ""
    },
    {
      "book_name": "1 Kings",
      "chapter": 13,
      "verse": 11,
      "text": [
        "¶",
        "Now",
        "there",
        "dwelt",
        "an",
        "old",
        "prophet",
        "in",
        "Bethel;",
        "and",
        "his",
        "sons",
        "came",
        "and",
        "told",
        "him",
        "all",
        "the",
        "works",
        "that",
        "the",
        "man",
        "of",
        "God",
        "had",
        "done",
        "that",
        "day",
        "in",
        "Bethel:",
        "the",
        "words",
        "which",
        "he",
        "had",
        "spoken",
        "unto",
        "the",
        "king,",
        "them",
        "they",
        "told",
        "also",
        "to",
        "their",
        "father."
      ],
      "header": "",
      "footer": ""
    },
    {
      "book_name": "1 Kings",
      "chapter": 13,
      "verse": 12,
      "text": [
        "And",
        "their",
        "father",
        "said",
        "unto",
        "them,",
        "What",
        "way",
        "went",
        "he?",
        "For",
        "his",
        "sons",
        "had",
        "seen",
        "what",
        "way",
        "the",
        "man",
        "of",
        "God",
        "went,",
        "which",
        "came",
        "from",
        "Judah."
      ],
      "header": "",
      "footer": ""
    },
    {
      "book_name": "1 Kings",
      "chapter": 13,
      "verse": 13,
      "text": [
        "And",
        "he",
        "said",
        "unto",
        "his",
        "sons,",
        "Saddle",
        "me",
        "the",
        "ass.",
        "So",
        "they",
        "saddled",
        "him",
        "the",
        "ass:",
        "and",
        "he",
        "rode",
        "thereon,"
      ],
      "header": "",
      "footer": ""
    },
    {
      "book_name": "1 Kings",
      "chapter": 13,
      "verse": 14,
      "text": [
        "And",
        "went",
        "after",
        "the",
        "man",
        "of",
        "God,",
        "and",
        "found",
        "him",
        "sitting",
        "under",
        "an",
        "oak:",
        "and",
        "he",
        "said",
        "unto",
        "him,",
        "*Art",
        "thou",
        "the",
        "man",
        "of",
        "God",
        "that",
        "camest",
        "from",
        "Judah?",
        "And",
        "he",
        "said,",
        "I",
        "*am."
      ],
      "header": "",
      "footer": ""
    },
    {
      "book_name": "1 Kings",
      "chapter": 13,
      "verse": 15,
      "text": [
        "Then",
        "he",
        "said",
        "unto",
        "him,",
        "Come",
        "home",
        "with",
        "me,",
        "and",
        "eat",
        "bread."
      ],
      "header": "",
      "footer": ""
    },
    {
      "book_name": "1 Kings",
      "chapter": 13,
      "verse": 16,
      "text": [
        "And",
        "he",
        "said,",
        "I",
        "may",
        "not",
        "return",
        "with",
        "thee,",
        "nor",
        "go",
        "in",
        "with",
        "thee:",
        "neither",
        "will",
        "I",
        "eat",
        "bread",
        "nor",
        "drink",
        "water",
        "with",
        "thee",
        "in",
        "this",
        "place:"
      ],
      "header": "",
      "footer": ""
    },
    {
      "book_name": "1 Kings",
      "chapter": 13,
      "verse": 17,
      "text": [
        "For",
        "it",
        "was",
        "said",
        "to",
        "me",
        "by",
        "the",
        "word",
        "of",
        "the",
        "Lᴏʀᴅ,",
        "Thou",
        "shalt",
        "eat",
        "no",
        "bread",
        "nor",
        "drink",
        "water",
        "there,",
        "nor",
        "turn",
        "again",
        "to",
        "go",
        "by",
        "the",
        "way",
        "that",
        "thou",
        "camest."
      ],
      "header": "",
      "footer": ""
    },
    {
      "book_name": "1 Kings",
      "chapter": 13,
      "verse": 18,
      "text": [
        "He",
        "said",
        "unto",
        "him,",
        "I",
        "*am",
        "a",
        "prophet",
        "also",
        "as",
        "thou",
        "*art;",
        "and",
        "an",
        "angel",
        "spake",
        "unto",
        "me",
        "by",
        "the",
        "word",
        "of",
        "the",
        "Lᴏʀᴅ,",
        "saying,",
        "Bring",
        "him",
        "back",
        "with",
        "thee",
        "into",
        "thine",
        "house,",
        "that",
        "he",
        "may",
        "eat",
        "bread",
        "and",
        "drink",
        "water.",
        "*But",
        "he",
        "lied",
        "unto",
        "him."
      ],
      "header": "",
      "footer": ""
    },
    {
      "book_name": "1 Kings",
      "chapter": 13,
      "verse": 19,
      "text": [
        "So",
        "he",
        "went",
        "back",
        "with",
        "him,",
        "and",
        "did",
        "eat",
        "bread",
        "in",
        "his",
        "house,",
        "and",
        "drank",
        "water."
      ],
      "header": "",
      "footer": ""
    },
    {
      "book_name": "1 Kings",
      "chapter": 13,
      "verse": 20,
      "text": [
        "¶",
        "And",
        "it",
        "came",
        "to",
        "pass,",
        "as",
        "they",
        "sat",
        "at",
        "the",
        "table,",
        "that",
        "the",
        "word",
        "of",
        "the",
        "Lᴏʀᴅ",
        "came",
        "unto",
        "the",
        "prophet",
        "that",
        "brought",
        "him",
        "back:"
      ],
      "header": "",
      "footer": ""
    },
    {
      "book_name": "1 Kings",
      "chapter": 13,
      "verse": 21,
      "text": [
        "And",
        "he",
        "cried",
        "unto",
        "the",
        "man",
        "of",
        "God",
        "that",
        "came",
        "from",
        "Judah,",
        "saying,",
        "Thus",
        "saith",
        "the",
        "Lᴏʀᴅ,",
        "Forasmuch",
        "as",
        "thou",
        "hast",
        "disobeyed",
        "the",
        "mouth",
        "of",
        "the",
        "Lᴏʀᴅ,",
        "and",
        "hast",
        "not",
        "kept",
        "the",
        "commandment",
        "which",
        "the",
        "Lᴏʀᴅ",
        "thy",
        "God",
        "commanded",
        "thee,"
      ],
      "header": "",
      "footer": ""
    },
    {
      "book_name": "1 Kings",
      "chapter": 13,
      "verse": 22,
      "text": [
        "But",
        "camest",
        "back,",
        "and",
        "hast",
        "eaten",
        "bread",
        "and",
        "drunk",
        "water",
        "in",
        "the",
        "place,",
        "of",
        "the",
        "which",
        "*the",
        "*Lᴏʀᴅ",
        "did",
        "say",
        "to",
        "thee,",
        "Eat",
        "no",
        "bread,",
        "and",
        "drink",
        "no",
        "water;",
        "thy",
        "carcase",
        "shall",
        "not",
        "come",
        "unto",
        "the",
        "sepulchre",
        "of",
        "thy",
        "fathers."
      ],
      "header": "",
      "footer": ""
    },
    {
      "book_name": "1 Kings",
      "chapter": 13,
      "verse": 23,
      "text": [
        "¶",
        "And",
        "it",
        "came",
        "to",
        "pass,",
        "after",
        "he",
        "had",
        "eaten",
        "bread,",
        "and",
        "after",
        "he",
        "had",
        "drunk,",
        "that",
        "he",
        "saddled",
        "for",
        "him",
        "the",
        "ass,",
        "*to",
        "*wit,",
        "for",
        "the",
        "prophet",
        "whom",
        "he",
        "had",
        "brought",
        "back."
      ],
      "header": "",
      "footer": ""
    },
    {
      "book_name": "1 Kings",
      "chapter": 13,
      "verse": 24,
      "text": [
        "And",
        "when",
        "he",
        "was",
        "gone,",
        "a",
        "lion",
        "met",
        "him",
        "by",
        "the",
        "way,",
        "and",
        "slew",
        "him:",
        "and",
        "his",
        "carcase",
        "was",
        "cast",
        "in",
        "the",
        "way,",
        "and",
        "the",
        "ass",
        "stood",
        "by",
        "it,",
        "the",
        "lion",
        "also",
        "stood",
        "by",
        "the",
        "carcase."
      ],
      "header": "",
      "footer": ""
    },
    {
      "book_name": "1 Kings",
      "chapter": 13,
      "verse": 25,
      "text": [
        "And,",
        "behold,",
        "men",
        "passed",
        "by,",
        "and",
        "saw",
        "the",
        "carcase",
        "cast",
        "in",
        "the",
        "way,",
        "and",
        "the",
        "lion",
        "standing",
        "by",
        "the",
        "carcase:",
        "and",
        "they",
        "came",
        "and",
        "told",
        "*it",
        "in",
        "the",
        "city",
        "where",
        "the",
        "old",
        "prophet",
        "dwelt."
      ],
      "header": "",
      "footer": ""
    },
    {
      "book_name": "1 Kings",
      "chapter": 13,
      "verse": 26,
      "text": [
        "And",
        "when",
        "the",
        "prophet",
        "that",
        "brought",
        "him",
        "back",
        "from",
        "the",
        "way",
        "heard",
        "*thereof,",
        "he",
        "said,",
        "It",
        "*is",
        "the",
        "man",
        "of",
        "God,",
        "who",
        "was",
        "disobedient",
        "unto",
        "the",
        "word",
        "of",
        "the",
        "Lᴏʀᴅ:",
        "therefore",
        "the",
        "Lᴏʀᴅ",
        "hath",
        "delivered",
        "him",
        "unto",
        "the",
        "lion,",
        "which",
        "hath",
        "torn",
        "him,",
        "and",
        "slain",
        "him,",
        "according",
        "to",
        "the",
        "word",
        "of",
        "the",
        "Lᴏʀᴅ,",
        "which",
        "he",
        "spake",
        "unto",
        "him."
      ],
      "header": "",
      "footer": ""
    },
    {
      "book_name": "1 Kings",
      "chapter": 13,
      "verse": 27,
      "text": [
        "And",
        "he",
        "spake",
        "to",
        "his",
        "sons,",
        "saying,",
        "Saddle",
        "me",
        "the",
        "ass.",
        "And",
        "they",
        "saddled",
        "*him."
      ],
      "header": "",
      "footer": ""
    },
    {
      "book_name": "1 Kings",
      "chapter": 13,
      "verse": 28,
      "text": [
        "And",
        "he",
        "went",
        "and",
        "found",
        "his",
        "carcase",
        "cast",
        "in",
        "the",
        "way,",
        "and",
        "the",
        "ass",
        "and",
        "the",
        "lion",
        "standing",
        "by",
        "the",
        "carcase:",
        "the",
        "lion",
        "had",
        "not",
        "eaten",
        "the",
        "carcase,",
        "nor",
        "torn",
        "the",
        "ass."
      ],
      "header": "",
      "footer": ""
    },
    {
      "book_name": "1 Kings",
      "chapter": 13,
      "verse": 29,
      "text": [
        "And",
        "the",
        "prophet",
        "took",
        "up",
        "the",
        "carcase",
        "of",
        "the",
        "man",
        "of",
        "God,",
        "and",
        "laid",
        "it",
        "upon",
        "the",
        "ass,",
        "and",
        "brought",
        "it",
        "back:",
        "and",
        "the",
        "old",
        "prophet",
        "came",
        "to",
        "the",
        "city,",
        "to",
        "mourn",
        "and",
        "to",
        "bury",
        "him."
      ],
      "header": "",
      "footer": ""
    },
    {
      "book_name": "1 Kings",
      "chapter": 13,
      "verse": 30,
      "text": [
        "And",
        "he",
        "laid",
        "his",
        "carcase",
        "in",
        "his",
        "own",
        "grave;",
        "and",
        "they",
        "mourned",
        "over",
        "him,",
        "*saying,",
        "Alas,",
        "my",
        "brother!"
      ],
      "header": "",
      "footer": ""
    },
    {
      "book_name": "1 Kings",
      "chapter": 13,
      "verse": 31,
      "text": [
        "And",
        "it",
        "came",
        "to",
        "pass,",
        "after",
        "he",
        "had",
        "buried",
        "him,",
        "that",
        "he",
        "spake",
        "to",
        "his",
        "sons,",
        "saying,",
        "When",
        "I",
        "am",
        "dead,",
        "then",
        "bury",
        "me",
        "in",
        "the",
        "sepulchre",
        "wherein",
        "the",
        "man",
        "of",
        "God",
        "*is",
        "buried;",
        "lay",
        "my",
        "bones",
        "beside",
        "his",
        "bones:"
      ],
      "header": "",
      "footer": ""
    },
    {
      "book_name": "1 Kings",
      "chapter": 13,
      "verse": 32,
      "text": [
        "For",
        "the",
        "saying",
        "which",
        "he",
        "cried",
        "by",
        "the",
        "word",
        "of",
        "the",
        "Lᴏʀᴅ",
        "against",
        "the",
        "altar",
        "in",
        "Bethel,",
        "and",
        "against",
        "all",
        "the",
        "houses",
        "of",
        "the",
        "high",
        "places",
        "which",
        "*are",
        "in",
        "the",
        "cities",
        "of",
        "Samaria,",
        "shall",
        "surely",
        "come",
        "to",
        "pass."
      ],
      "header": "",
      "footer": ""
    },
    {
      "book_name": "1 Kings",
      "chapter": 13,
      "verse": 33,
      "text": [
        "¶",
        "After",
        "this",
        "thing",
        "Jeroboam",
        "returned",
        "not",
        "from",
        "his",
        "evil",
        "way,",
        "but",
        "made",
        "again",
        "of",
        "the",
        "lowest",
        "of",
        "the",
        "people",
        "priests",
        "of",
        "the",
        "high",
        "places:",
        "whosoever",
        "would,",
        "he",
        "consecrated",
        "him,",
        "and",
        "he",
        "became",
        "*one",
        "of",
        "the",
        "priests",
        "of",
        "the",
        "high",
        "places."
      ],
      "header": "",
      "footer": ""
    },
    {
      "book_name": "1 Kings",
      "chapter": 13,
      "verse": 34,
      "text": [
        "And",
        "this",
        "thing",
        "became",
        "sin",
        "unto",
        "the",
        "house",
        "of",
        "Jeroboam,",
        "even",
        "to",
        "cut",
        "*it",
        "off,",
        "and",
        "to",
        "destroy",
        "*it",
        "from",
        "off",
        "the",
        "face",
        "of",
        "the",
        "earth."
      ],
      "header": "",
      "footer": ""
    }
  ]
}