{
  "book_name": "Exodus",
  "chapter": 24,
  "verses": [
    {
      "book_name": "Exodus",
      "chapter": 24,
      "verse": 1,
      "text": [
        "And",
        "he",
        "said",
        "unto",
        "Moses,",
        "Come",
        "up",
        "unto",
        "the",
        "Lᴏʀᴅ,",
        "thou,",
        "and",
        "Aaron,",
        "Nadab,",
        "and",
        "Abihu,",
        "and",
        "seventy",
        "of",
        "the",
        "elders",
        "of",
        "Israel;",
        "and",
        "worship",
        "ye",
        "afar",
        "off."
      ],
      "header": "",
      "footer": ""
    },
    {
      "book_name": "Exodus",
      "chapter": 24,
      "verse": 2,
      "text": [
        "And",
        "Moses",
        "alone",
        "shall",
        "come",
        "near",
        "the",
        "Lᴏʀᴅ:",
        "but",
        "they",
        "shall",
        "not",
        "come",
        "nigh;",
        "neither",
        "shall",
        "the",
        "people",
        "go",
        "up",
        "with",
        "him."
      ],
      "header": "",
      "footer": ""
    },
    {
      "book_name": "Exodus",
      "chapter": 24,
      "verse": 3,
      "text": [
        "¶",
        "And",
        "Moses",
        "came",
        "and",
        "told",
        "the",
        "people",
        "all",
        "the",
        "words",
        "of",
        "the",
        "Lᴏʀᴅ,",
        "and",
        "all",
        "the",
        "judgments:",
        "and",
        "all",
        "the",
        "people",
        "answered",
        "with",
        "one",
        "voice,",
        "and",
        "said,",
        "All",
        "the",
        "words",
        "which",
        "the",
        "Lᴏʀᴅ",
        "hath",
        "said",
        "will",
        "we",
        "do."
      ],
      "header": "",
      "footer": ""
    },
    {
      "book_name": "Exodus",
      "chapter": 24,
      "verse": 4,
      "text": [
        "And",
        "Moses",
        "wrote",
        "all",
        "the",
        "words",
        "of",
        "the",
        "Lᴏʀᴅ,",
        "and",
        "rose",
        "up",
        "early",
        "in",
        "the",
        "morning,",
        "and",
        "builded",
        "an",
        "altar",
        "under",
        "the",
        "hill,",
        "and",
        "twelve",
        "pillars,",
        "according",
        "to",
        "the",
        "twelve",
        "tribes",
        "of",
        "Israel."
      ],
      "header": "",
      "footer": ""
    },
    {
      "book_name": "Exodus",
      "chapter": 24,
      "verse": 5,
      "text": [
        "And",
        "he",
        "sent",
        "young",
        "men",
        "of",
        "the",
        "children",
        "of",
        "Israel,",
        "which",
        "offered",
        "burnt",
        "offerings,",
        "and",
        "sacrificed",
        "peace",
        "offerings",
        "of",
        "oxen",
        "unto",
        "the",
        "Lᴏʀᴅ."
      ],
      "header": "",
      "footer": ""
    },
    {
      "book_name": "Exodus",
      "chapter": 24,
      "verse": 6,
      "text": [
        "And",
        "Moses",
        "took",
        "half",
        "of",
        "the",
        "blood,",
        "and",
        "put",
        "*it",
        "in",
        "basons;",
        "and",
        "half",
        "of",
        "the",
        "blood",
        "he",
        "sprinkled",
        "on",
        "the",
        "altar."
      ],
      "header": "",
      "footer": ""
    },
    {
      "book_name": "Exodus",
      "chapter": 24,
      "verse": 7,
      "text": [
        "And",
        "he",
        "took",
        "the",
        "book",
        "of",
        "the",
        "covenant,",
        "and",
        "read",
        "in",
        "the",
        "audience",
        "of",
        "the",
        "people:",
        "and",
        "they",
        "said,",
        "All",
        "that",
        "the",
        "Lᴏʀᴅ",
        "hath",
        "said",
        "will",
        "we",
        "do,",
        "and",
        "be",
        "obedient."
      ],
      "header": "",
      "footer": ""
    },
    {
      "book_name": "Exodus",
      "chapter": 24,
      "verse": 8,
      "text": [
        "And",
        "Moses",
        "took",
        "the",
        "blood,",
        "and",
        "sprinkled",
        "*it",
        "on",
        "the",
        "people,",
        "and",
        "said,",
        "Behold",
        "the",
        "blood",
        "of",
        "the",
        "covenant,",
        "which",
        "the",
        "Lᴏʀᴅ",
        "hath",
        "made",
        "with",
        "you",
        "concerning",
        "all",
        "these",
        "words."
      ],
      "header": "",
      "footer": ""
    },
    {
      "book_name": "Exodus",
      "chapter": 24,
      "verse": 9,
      "text": [
        "¶",
        "Then",
        "went",
        "up",
        "Moses,",
        "and",
        "Aaron,",
        "Nadab,",
        "and",
        "Abihu,",
        "and",
        "seventy",
        "of",
        "the",
        "elders",
        "of",
        "Israel:"
      ],
      "header": "",
      "footer": ""
    },
    {
      "book_name": "Exodus",
      "chapter": 24,
      "verse": 10,
      "text": [
        "And",
        "they",
        "saw",
        "the",
        "God",
        "of",
        "Israel:",
        "and",
        "*there",
        "*was",
        "under",
        "his",
        "feet",
        "as",
        "it",
        "were",
        "a",
        "paved",
        "work",
        "of",
        "a",
        "sapphire",
        "stone,",
        "and",
        "as",
        "it",
        "were",
        "the",
        "body",
        "of",
        "heaven",
        "in",
        "*his",
        "clearness."
      ],
      "header": "",
      "footer": ""
    },
    {
      "book_name": "Exodus",
      "chapter": 24,
      "verse": 11,
      "text": [
        "And",
        "upon",
        "the",
        "nobles",
        "of",
        "the",
        "children",
        "of",
        "Israel",
        "he",
        "laid",
        "not",
        "his",
        "hand:",
        "also",
        "they",
        "saw",
        "God,",
        "and",
        "did",
        "eat",
        "and",
        "drink."
      ],
      "header": "",
      "footer": ""
    },
    {
      "book_name": "Exodus",
      "chapter": 24,
      "verse": 12,
      "text": [
        "¶",
        "And",
        "the",
        "Lᴏʀᴅ",
        "said",
        "unto",
        "Moses,",
        "Come",
        "up",
        "to",
        "me",
        "into",
        "the",
        "mount,",
        "and",
        "be",
        "there:",
        "and",
        "I",
        "will",
        "give",
        "thee",
        "tables",
        "of",
        "stone,",
        "and",
        "a",
        "law,",
        "and",
        "commandments",
        "which",
        "I",
        "have",
        "written;",
        "that",
        "thou",
        "mayest",
        "teach",
        "them."
      ],
      "header": "",
      "footer": ""
    },
    {
      "book_name": "Exodus",
      "chapter": 24,
      "verse": 13,
      "text": [
        "And",
        "Moses",
        "rose",
        "up,",
        "and",
        "his",
        "minister",
        "Joshua:",
        "and",
        "Moses",
        "went",
        "up",
        "into",
        "the",
        "mount",
        "of",
        "God."
      ],
      "header": "",
      "footer": ""
    },
    {
      "book_name": "Exodus",
      "chapter": 24,
      "verse": 14,
      "text": [
        "And",
        "he",
        "said",
        "unto",
        "the",
        "elders,",
        "Tarry",
        "ye",
        "here",
        "for",
        "us,",
        "until",
        "we",
        "come",
        "again",
        "unto",
        "you:",
        "and,",
        "behold,",
        "Aaron",
        "and",
        "Hur",
        "*are",
        "with",
        "you:",
        "if",
        "any",
        "man",
        "have",
        "any",
        "matters",
        "to",
        "do,",
        "let",
        "him",
        "come",
        "unto",
        "them."
      ],
      "header": "",
      "footer": ""
    },
    {
      "book_name": "Exodus",
      "chapter": 24,
      "verse": 15,
      "text": [
        "And",
        "Moses",
        "went",
        "up",
        "into",
        "the",
        "mount,",
        "and",
        "a",
        "cloud",
        "covered",
        "the",
        "mount."
      ],
      "header": "",
      "footer": ""
    },
    {
      "book_name": "Exodus",
      "chapter": 24,
      "verse": 16,
      "text": [
        "And",
        "the",
        "glory",
        "of",
        "the",
        "Lᴏʀᴅ",
        "abode",
        "upon",
        "mount",
        "Sinai,",
        "and",
        "the",
        "cloud",
        "covered",
        "it",
        "six",
        "days:",
        "and",
        "the",
        "seventh",
        "day",
        "he",
        "called",
        "unto",
        "Moses",
        "out",
        "of",
        "the",
        "midst",
        "of",
        "the",
        "cloud."
      ],
      "header": "",
      "footer": ""
    },
    {
      "book_name": "Exodus",
      "chapter": 24,
      "verse": 17,
      "text": [
        "And",
        "the",
        "sight",
        "of",
        "the",
        "glory",
        "of",
        "the",
        "Lᴏʀᴅ",
        "*was",
        "like",
        "devouring",
        "fire",
        "on",
        "the",
        "top",
        "of",
        "the",
        "mount",
        "in",
        "the",
        "eyes",
        "of",
        "the",
        "children",
        "of",
        "Israel."
      ],
      "header": "",
      "footer": ""
    },
    {
      "book_name": "Exodus",
      "chapter": 24,
      "verse": 18,
      "text": [
        "And",
        "Moses",
        "went",
        "into",
        "the",
        "midst",
        "of",
        "the",
        "cloud,",
        "and",
        "gat",
        "him",
        "up",
        "into",
        "the",
        "mount:",
        "and",
        "Moses",
        "was",
        "in",
        "the",
        "mount",
        "forty",
        "days",
        "and",
        "forty",
        "nights."
      ],
      "header": "",
      "footer": ""
    }
  ]
}