{
  "book_name": "Exodus",
  "chapter": 35,
  "verses": [
    {
      "book_name": "Exodus",
      "chapter": 35,
      "verse": 1,
      "text": [
        "And",
        "Moses",
        "gathered",
        "all",
        "the",
        "congregation",
        "of",
        "the",
        "children",
        "of",
        "Israel",
        "together,",
        "and",
        "said",
        "unto",
        "them,",
        "These",
        "*are",
        "the",
        "words",
        "which",
        "the",
        "Lᴏʀᴅ",
        "hath",
        "commanded,",
        "that",
        "*ye",
        "should",
        "do",
        "them."
      ],
      "header": "",
      "footer": ""
    },
    {
      "book_name": "Exodus",
      "chapter": 35,
      "verse": 2,
      "text": [
        "Six",
        "days",
        "shall",
        "work",
        "be",
        "done,",
        "but",
        "on",
        "the",
        "seventh",
        "day",
        "there",
        "shall",
        "be",
        "to",
        "you",
        "an",
        "holy",
        "day,",
        "a",
        "sabbath",
        "of",
        "rest",
        "to",
        "the",
        "Lᴏʀᴅ:",
        "whosoever",
        "doeth",
        "work",
        "therein",
        "shall",
        "be",
        "put",
        "to",
        "death."
      ],
      "header": "",
      "footer": ""
    },
    {
      "book_name": "Exodus",
      "chapter": 35,
      "verse": 3,
      "text": [
        "Ye",
        "shall",
        "kindle",
        "no",
        "fire",
        "throughout",
        "your",
        "habitations",
        "upon",
        "the",
        "sabbath",
        "day."
      ],
      "header": "",
      "footer": ""
    },
    {
      "book_name": "Exodus",
      "chapter": 35,
      "verse": 4,
      "text": [
        "¶",
        "And",
        "Moses",
        "spake",
        "unto",
        "all",
        "the",
        "congregation",
        "of",
        "the",
        "children",
        "of",
        "Israel,",
        "saying,",
        "This",
        "*is",
        "the",
        "thing",
        "which",
        "the",
        "Lᴏʀᴅ",
        "commanded,",
        "saying,"
      ],
      "header": "",
      "footer": ""
    },
    {
      "book_name": "Exodus",
      "chapter": 35,
      "verse": 5,
      "text": [
        "Take",
        "ye",
        "from",
        "among",
        "you",
        "an",
        "offering",
        "unto",
        "the",
        "Lᴏʀᴅ:",
        "whosoever",
        "*is",
        "of",
        "a",
        "willing",
        "heart,",
        "let",
        "him",
        "bring",
        "it,",
        "an",
        "offering",
        "of",
        "the",
        "Lᴏʀᴅ;",
        "gold,",
        "and",
        "silver,",
        "and",
        "brass,"
      ],
      "header": "",
      "footer": ""
    },
    {
      "book_name": "Exodus",
      "chapter": 35,
      "verse": 6,
      "text": [
        "And",
        "blue,",
        "and",
        "purple,",
        "and",
        "scarlet,",
        "and",
        "fine",
        "linen,",
        "and",
        "goats'",
        "*hair,"
      ],
      "header": "",
      "footer": ""
    },
    {
      "book_name": "Exodus",
      "chapter": 35,
      "verse": 7,
      "text": [
        "And",
        "rams'",
        "skins",
        "dyed",
        "red,",
        "and",
        "badgers'",
        "skins,",
        "and",
        "shittim",
        "wood,"
      ],
      "header": "",
      "footer": ""
    },
    {
      "book_name": "Exodus",
      "chapter": 35,
      "verse": 8,
      "text": [
        "And",
        "oil",
        "for",
        "the",
        "light,",
        "and",
        "spices",
        "for",
        "anointing",
        "oil,",
        "and",
        "for",
        "the",
        "sweet",
        "incense,"
      ],
      "header": "",
      "footer": ""
    },
    {
      "book_name": "Exodus",
      "chapter": 35,
      "verse": 9,
      "text": [
        "And",
        "onyx",
        "stones,",
        "and",
        "stones",
        "to",
        "be",
        "set",
        "for",
        "the",
        "ephod,",
        "and",
        "for",
        "the",
        "breastplate."
      ],
      "header": "",
      "footer": ""
    },
    {
      "book_name": "Exodus",
      "chapter": 35,
      "verse": 10,
      "text": [
        "And",
        "every",
        "wise",
        "hearted",
        "among",
        "you",
        "shall",
        "come,",
        "and",
        "make",
        "all",
        "that",
        "the",
        "Lᴏʀᴅ",
        "hath",
        "commanded;"
      ],
      "header": "",
      "footer": ""
    },
    {
      "book_name": "Exodus",
      "chapter": 35,
      "verse": 11,
      "text": [
        "The",
        "tabernacle,",
        "his",
        "tent,",
        "and",
        "his",
        "covering,",
        "his",
        "taches,",
        "and",
        "his",
        "boards,",
        "his",
        "bars,",
        "his",
        "pillars,",
        "and",
        "his",
        "sockets,"
      ],
      "header": "",
      "footer": ""
    },
    {
      "book_name": "Exodus",
      "chapter": 35,
      "verse": 12,
      "text": [
        "The",
        "ark,",
        "and",
        "the",
        "staves",
        "thereof,",
        "*with",
        "the",
        "mercy",
        "seat,",
        "and",
        "the",
        "vail",
        "of",
        "the",
        "covering,"
      ],
      "header": "",
      "footer": ""
    },
    {
      "book_name": "Exodus",
      "chapter": 35,
      "verse": 13,
      "text": [
        "The",
        "table,",
        "and",
        "his",
        "staves,",
        "and",
        "all",
        "his",
        "vessels,",
        "and",
        "the",
        "shewbread,"
      ],
      "header": "",
      "footer": ""
    },
    {
      "book_name": "Exodus",
      "chapter": 35,
      "verse": 14,
      "text": [
        "The",
        "candlestick",
        "also",
        "for",
        "the",
        "light,",
        "and",
        "his",
        "furniture,",
        "and",
        "his",
        "lamps,",
        "with",
        "the",
        "oil",
        "for",
        "the",
        "light,"
      ],
      "header": "",
      "footer": ""
    },
    {
      "book_name": "Exodus",
      "chapter": 35,
      "verse": 15,
      "text": [
        "And",
        "the",
        "incense",
        "altar,",
        "and",
        "his",
        "staves,",
        "and",
        "the",
        "anointing",
        "oil,",
        "and",
        "the",
        "sweet",
        "incense,",
        "and",
        "the",
        "hanging",
        "for",
        "the",
        "door",
        "at",
        "the",
        "entering",
        "in",
        "of",
        "the",
        "tabernacle,"
      ],
      "header": "",
      "footer": ""
    },
    {
      "book_name": "Exodus",
      "chapter": 35,
      "verse": 16,
      "text": [
        "The",
        "altar",
        "of",
        "burnt",
        "offering,",
        "with",
        "his",
        "brasen",
        "grate,",
        "his",
        "staves,",
        "and",
        "all",
        "his",
        "vessels,",
        "the",
        "laver",
        "and",
        "his",
        "foot,"
      ],
      "header": "",
      "footer": ""
    },
    {
      "book_name": "Exodus",
      "chapter": 35,
      "verse": 17,
      "text": [
        "The",
        "hangings",
        "of",
        "the",
        "court,",
        "his",
        "pillars,",
        "and",
        "their",
        "sockets,",
        "and",
        "the",
        "hanging",
        "for",
        "the",
        "door",
        "of",
        "the",
        "court,"
      ],
      "header": "",
      "footer": ""
    },
    {
      "book_name": "Exodus",
      "chapter": 35,
      "verse": 18,
      "text": [
        "The",
        "pins",
        "of",
        "the",
        "tabernacle,",
        "and",
        "the",
        "pins",
        "of",
        "the",
        "court,",
        "and",
        "their",
        "cords,"
      ],
      "header": "",
      "footer": ""
    },
    {
      "book_name": "Exodus",
      "chapter": 35,
      "verse": 19,
      "text": [
        "The",
        "cloths",
        "of",
        "service,",
        "to",
        "do",
        "service",
        "in",
        "the",
        "holy",
        "*place,",
        "the",
        "holy",
        "garments",
        "for",
        "Aaron",
        "the",
        "priest,",
        "and",
        "the",
        "garments",
        "of",
        "his",
        "sons,",
        "to",
        "minister",
        "in",
        "the",
        "priest's",
        "office."
      ],
      "header": "",
      "footer": ""
    },
    {
      "book_name": "Exodus",
      "chapter": 35,
      "verse": 20,
      "text": [
        "¶",
        "And",
        "all",
        "the",
        "congregation",
        "of",
        "the",
        "children",
        "of",
        "Israel",
        "departed",
        "from",
        "the",
        "presence",
        "of",
        "Moses."
      ],
      "header": "",
      "footer": ""
    },
    {
      "book_name": "Exodus",
      "chapter": 35,
      "verse": 21,
      "text": [
        "And",
        "they",
        "came,",
        "every",
        "one",
        "whose",
        "heart",
        "stirred",
        "him",
        "up,",
        "and",
        "every",
        "one",
        "whom",
        "his",
        "spirit",
        "made",
        "willing,",
        "*and",
        "they",
        "brought",
        "the",
        "Lᴏʀᴅ's",
        "offering",
        "to",
        "the",
        "work",
        "of",
        "the",
        "tabernacle",
        "of",
        "the",
        "congregation,",
        "and",
        "for",
        "all",
        "his",
        "service,",
        "and",
        "for",
        "the",
        "holy",
        "garments."
      ],
      "header": "",
      "footer": ""
    },
    {
      "book_name": "Exodus",
      "chapter": 35,
      "verse": 22,
      "text": [
        "And",
        "they",
        "came,",
        "both",
        "men",
        "and",
        "women,",
        "as",
        "many",
        "as",
        "were",
        "willing",
        "hearted,",
        "*and",
        "brought",
        "bracelets,",
        "and",
        "earrings,",
        "and",
        "rings,",
        "and",
        "tablets,",
        "all",
        "jewels",
        "of",
        "gold:",
        "and",
        "every",
        "man",
        "that",
        "offered",
        "*offered",
        "an",
        "offering",
        "of",
        "gold",
        "unto",
        "the",
        "Lᴏʀᴅ."
      ],
      "header": "",
      "footer": ""
    },
    {
      "book_name": "Exodus",
      "chapter": 35,
      "verse": 23,
      "text": [
        "And",
        "every",
        "man,",
        "with",
        "whom",
        "was",
        "found",
        "blue,",
        "and",
        "purple,",
        "and",
        "scarlet,",
        "and",
        "fine",
        "linen,",
        "and",
        "goats'",
        "*hair,",
        "and",
        "red",
        "skins",
        "of",
        "rams,",
        "and",
        "badgers'",
        "skins,",
        "brought",
        "*them."
      ],
      "header": "",
      "footer": ""
    },
    {
      "book_name": "Exodus",
      "chapter": 35,
      "verse": 24,
      "text": [
        "Every",
        "one",
        "that",
        "did",
        "offer",
        "an",
        "offering",
        "of",
        "silver",
        "and",
        "brass",
        "brought",
        "the",
        "Lᴏʀᴅ's",
        "offering:",
        "and",
        "every",
        "man,",
        "with",
        "whom",
        "was",
        "found",
        "shittim",
        "wood",
        "for",
        "any",
        "work",
        "of",
        "the",
        "service,",
        "brought",
        "*it."
      ],
      "header": "",
      "footer": ""
    },
    {
      "book_name": "Exodus",
      "chapter": 35,
      "verse": 25,
      "text": [
        "And",
        "all",
        "the",
        "women",
        "that",
        "were",
        "wise",
        "hearted",
        "did",
        "spin",
        "with",
        "their",
        "hands,",
        "and",
        "brought",
        "that",
        "which",
        "they",
        "had",
        "spun,",
        "*both",
        "of",
        "blue,",
        "and",
        "of",
        "purple,",
        "*and",
        "of",
        "scarlet,",
        "and",
        "of",
        "fine",
        "linen."
      ],
      "header": "",
      "footer": ""
    },
    {
      "book_name": "Exodus",
      "chapter": 35,
      "verse": 26,
      "text": [
        "And",
        "all",
        "the",
        "women",
        "whose",
        "heart",
        "stirred",
        "them",
        "up",
        "in",
        "wisdom",
        "spun",
        "goats'",
        "*hair."
      ],
      "header": "",
      "footer": ""
    },
    {
      "book_name": "Exodus",
      "chapter": 35,
      "verse": 27,
      "text": [
        "And",
        "the",
        "rulers",
        "brought",
        "onyx",
        "stones,",
        "and",
        "stones",
        "to",
        "be",
        "set,",
        "for",
        "the",
        "ephod,",
        "and",
        "for",
        "the",
        "breastplate;"
      ],
      "header": "",
      "footer": ""
    },
    {
      "book_name": "Exodus",
      "chapter": 35,
      "verse": 28,
      "text": [
        "And",
        "spice,",
        "and",
        "oil",
        "for",
        "the",
        "light,",
        "and",
        "for",
        "the",
        "anointing",
        "oil,",
        "and",
        "for",
        "the",
        "sweet",
        "incense."
      ],
      "header": "",
      "footer": ""
    },
    {
      "book_name": "Exodus",
      "chapter": 35,
      "verse": 29,
      "text": [
        "The",
        "children",
        "of",
        "Israel",
        "brought",
        "a",
        "willing",
        "offering",
        "unto",
        "the",
        "Lᴏʀᴅ,",
        "every",
        "man",
        "and",
        "woman,",
        "whose",
        "heart",
        "made",
        "them",
        "willing",
        "to",
        "bring",
        "for",
        "all",
        "manner",
        "of",
        "work,",
        "which",
        "the",
        "Lᴏʀᴅ",
        "had",
        "commanded",
        "to",
        "be",
        "made",
        "by",
        "the",
        "hand",
        "of",
        "Moses."
      ],
      "header": "",
      "footer": ""
    },
    {
      "book_name": "Exodus",
      "chapter": 35,
      "verse": 30,
      "text": [
        "¶",
        "And",
        "Moses",
        "said",
        "unto",
        "the",
        "children",
        "of",
        "Israel,",
        "See,",
        "the",
        "Lᴏʀᴅ",
        "hath",
        "called",
        "by",
        "name",
        "Bezaleel",
        "the",
        "son",
        "of",
        "Uri,",
        "the",
        "son",
        "of",
        "Hur,",
        "of",
        "the",
        "tribe",
        "of",
        "Judah;"
      ],
      "header": "",
      "footer": ""
    },
    {
      "book_name": "Exodus",
      "chapter": 35,
      "verse": 31,
      "text": [
        "And",
        "he",
        "hath",
        "filled",
        "him",
        "with",
        "the",
        "spirit",
        "of",
        "God,",
        "in",
        "wisdom,",
        "in",
        "understanding,",
        "and",
        "in",
        "knowledge,",
        "and",
        "in",
        "all",
        "manner",
        "of",
        "workmanship;"
      ],
      "header": "",
      "footer": ""
    },
    {
      "book_name": "Exodus",
      "chapter": 35,
      "verse": 32,
      "text": [
        "And",
        "to",
        "devise",
        "curious",
        "works,",
        "to",
        "work",
        "in",
        "gold,",
        "and",
        "in",
        "silver,",
        "and",
        "in",
        "brass,"
      ],
      "header": "",
      "footer": ""
    },
    {
      "book_name": "Exodus",
      "chapter": 35,
      "verse": 33,
      "text": [
        "And",
        "in",
        "the",
        "cutting",
        "of",
        "stones,",
        "to",
        "set",
        "*them,",
        "and",
        "in",
        "carving",
        "of",
        "wood,",
        "to",
        "make",
        "any",
        "manner",
        "of",
        "cunning",
        "work."
      ],
      "header": "",
      "footer": ""
    },
    {
      "book_name": "Exodus",
      "chapter": 35,
      "verse": 34,
      "text": [
        "And",
        "he",
        "hath",
        "put",
        "in",
        "his",
        "heart",
        "that",
        "he",
        "may",
        "teach,",
        "*both",
        "he,",
        "and",
        "Aholiab,",
        "the",
        "son",
        "of",
        "Ahisamach,",
        "of",
        "the",
        "tribe",
        "of",
        "Dan."
      ],
      "header": "",
      "footer": ""
    },
    {
      "book_name": "Exodus",
      "chapter": 35,
      "verse": 35,
      "text": [
        "Them",
        "hath",
        "he",
        "filled",
        "with",
        "wisdom",
        "of",
        "heart,",
        "to",
        "work",
        "all",
        "manner",
        "of",
        "work,",
        "of",
        "the",
        "engraver,",
        "and",
        "of",
        "the",
        "cunning",
        "workman,",
        "and",
        "of",
        "the",
        "embroiderer,",
        "in",
        "blue,",
        "and",
        "in",
        "purple,",
        "in",
        "scarlet,",
        "and",
        "in",
        "fine",
        "linen,",
        "and",
        "of",
        "the",
        "weaver,",
        "*even",
        "of",
        "them",
        "that",
        "do",
        "any",
        "work,",
        "and",
        "of",
        "those",
        "that",
        "devise",
        "cunning",
        "work."
      ],
      "header": "",
      "footer": ""
    }
  ]
}