{
  "book_name": "Exodus",
  "chapter": 5,
  "verses": [
    {
      "book_name": "Exodus",
      "chapter": 5,
      "verse": 1,
      "text": [
        "And",
        "afterward",
        "Moses",
        "and",
        "Aaron",
        "went",
        "in,",
        "and",
        "told",
        "Pharaoh,",
        "Thus",
        "saith",
        "the",
        "Lᴏʀᴅ",
        "God",
        "of",
        "Israel,",
        "Let",
        "my",
        "people",
        "go,",
        "that",
        "they",
        "may",
        "hold",
        "a",
        "feast",
        "unto",
        "me",
        "in",
        "the",
        "wilderness."
      ],
      "header": "",
      "footer": ""
    },
    {
      "book_name": "Exodus",
      "chapter": 5,
      "verse": 2,
      "text": [
        "And",
        "Pharaoh",
        "said,",
        "Who",
        "*is",
        "the",
        "Lᴏʀᴅ,",
        "that",
        "I",
        "should",
        "obey",
        "his",
        "voice",
        "to",
        "let",
        "Israel",
        "go?",
        "I",
        "know",
        "not",
        "the",
        "Lᴏʀᴅ,",
        "neither",
        "will",
        "I",
        "let",
        "Israel",
        "go."
      ],
      "header": "",
      "footer": ""
    },
    {
      "book_name": "Exodus",
      "chapter": 5,
      "verse": 3,
      "text": [
        "And",
        "they",
        "said,",
        "The",
        "God",
        "of",
        "the",
        "Hebrews",
        "hath",
        "met",
        "with",
        "us:",
        "let",
        "us",
        "go,",
        "we",
        "pray",
        "thee,",
        "three",
        "days'",
        "journey",
        "into",
        "the",
        "desert,",
        "and",
        "sacrifice",
        "unto",
        "the",
        "Lᴏʀᴅ",
        "our",
        "God;",
        "lest",
        "he",
        "fall",
        "upon",
        "us",
        "with",
        "pestilence,",
        "or",
        "with",
        "the",
        "sword."
      ],
      "header": "",
      "footer": ""
    },
    {
      "book_name": "Exodus",
      "chapter": 5,
      "verse": 4,
      "text": [
        "And",
        "the",
        "king",
        "of",
        "Egypt",
        "said",
        "unto",
        "them,",
        "Wherefore",
        "do",
        "ye,",
        "Moses",
        "and",
        "Aaron,",
        "let",
        "the",
        "people",
        "from",
        "their",
        "works?",
        "get",
        "you",
        "unto",
        "your",
        "burdens."
      ],
      "header": "",
      "footer": ""
    },
    {
      "book_name": "Exodus",
      "chapter": 5,
      "verse": 5,
      "text": [
        "And",
        "Pharaoh",
        "said,",
        "Behold,",
        "the",
        "people",
        "of",
        "the",
        "land",
        "now",
        "*are",
        "many,",
        "and",
        "ye",
        "make",
        "them",
        "rest",
        "from",
        "their",
        "burdens."
      ],
      "header": "",
      "footer": ""
    },
    {
      "book_name": "Exodus",
      "chapter": 5,
      "verse": 6,
      "text": [
        "And",
        "Pharaoh",
        "commanded",
        "the",
        "same",
        "day",
        "the",
        "taskmasters",
        "of",
        "the",
        "people,",
        "and",
        "their",
        "officers,",
        "saying,"
      ],
      "header": "",
      "footer": ""
    },
    {
      "book_name": "Exodus",
      "chapter": 5,
      "verse": 7,
      "text": [
        "Ye",
        "shall",
        "no",
        "more",
        "give",
        "the",
        "people",
        "straw",
        "to",
        "make",
        "brick,",
        "as",
        "heretofore:",
        "let",
        "them",
        "go",
        "and",
        "gather",
        "straw",
        "for",
        "themselves."
      ],
      "header": "",
      "footer": ""
    },
    {
      "book_name": "Exodus",
      "chapter": 5,
      "verse": 8,
      "text": [
        "And",
        "the",
        "tale",
        "of",
        "the",
        "bricks,",
        "which",
        "they",
        "did",
        "make",
        "heretofore,",
        "ye",
        "shall",
        "lay",
        "upon",
        "them;",
        "ye",
        "shall",
        "not",
        "diminish",
        "*ought",
        "thereof:",
        "for",
        "they",
        "*be",
        "idle;",
        "therefore",
        "they",
        "cry,",
        "saying,",
        "Let",
        "us",
        "go",
        "*and",
        "sacrifice",
        "to",
        "our",
        "God."
      ],
      "header": "",
      "footer": ""
    },
    {
      "book_name": "Exodus",
      "chapter": 5,
      "verse": 9,
      "text": [
        "Let",
        "there",
        "more",
        "work",
        "be",
        "laid",
        "upon",
        "the",
        "men,",
        "that",
        "they",
        "may",
        "labour",
        "therein;",
        "and",
        "let",
        "them",
        "not",
        "regard",
        "vain",
        "words."
      ],
      "header": "",
      "footer": ""
    },
    {
      "book_name": "Exodus",
      "chapter": 5,
      "verse": 10,
      "text": [
        "¶",
        "And",
        "the",
        "taskmasters",
        "of",
        "the",
        "people",
        "went",
        "out,",
        "and",
        "their",
        "officers,",
        "and",
        "they",
        "spake",
        "to",
        "the",
        "people,",
        "saying,",
        "Thus",
        "saith",
        "Pharaoh,",
        "I",
        "will",
        "not",
        "give",
        "you",
        "straw."
      ],
      "header": "",
      "footer": ""
    },
    {
      "book_name": "Exodus",
      "chapter": 5,
      "verse": 11,
      "text": [
        "Go",
        "ye,",
        "get",
        "you",
        "straw",
        "where",
        "ye",
        "can",
        "find",
        "it:",
        "yet",
        "not",
        "ought",
        "of",
        "your",
        "work",
        "shall",
        "be",
        "diminished."
      ],
      "header": "",
      "footer": ""
    },
    {
      "book_name": "Exodus",
      "chapter": 5,
      "verse": 12,
      "text": [
        "So",
        "the",
        "people",
        "were",
        "scattered",
        "abroad",
        "throughout",
        "all",
        "the",
        "land",
        "of",
        "Egypt",
        "to",
        "gather",
        "stubble",
        "instead",
        "of",
        "straw."
      ],
      "header": "",
      "footer": ""
    },
    {
      "book_name": "Exodus",
      "chapter": 5,
      "verse": 13,
      "text": [
        "And",
        "the",
        "taskmasters",
        "hasted",
        "*them,",
        "saying,",
        "Fulfil",
        "your",
        "works,",
        "*your",
        "daily",
        "tasks,",
        "as",
        "when",
        "there",
        "was",
        "straw."
      ],
      "header": "",
      "footer": ""
    },
    {
      "book_name": "Exodus",
      "chapter": 5,
      "verse": 14,
      "text": [
        "And",
        "the",
        "officers",
        "of",
        "the",
        "children",
        "of",
        "Israel,",
        "which",
        "Pharaoh's",
        "taskmasters",
        "had",
        "set",
        "over",
        "them,",
        "were",
        "beaten,",
        "*and",
        "demanded,",
        "Wherefore",
        "have",
        "ye",
        "not",
        "fulfilled",
        "your",
        "task",
        "in",
        "making",
        "brick",
        "both",
        "yesterday",
        "and",
        "to",
        "day,",
        "as",
        "heretofore?"
      ],
      "header": "",
      "footer": ""
    },
    {
      "book_name": "Exodus",
      "chapter": 5,
      "verse": 15,
      "text": [
        "¶",
        "Then",
        "the",
        "officers",
        "of",
        "the",
        "children",
        "of",
        "Israel",
        "came",
        "and",
        "cried",
        "unto",
        "Pharaoh,",
        "saying,",
        "Wherefore",
        "dealest",
        "thou",
        "thus",
        "with",
        "thy",
        "servants?"
      ],
      "header": "",
      "footer": ""
    },
    {
      "book_name": "Exodus",
      "chapter": 5,
      "verse": 16,
      "text": [
        "There",
        "is",
        "no",
        "straw",
        "given",
        "unto",
        "thy",
        "servants,",
        "and",
        "they",
        "say",
        "to",
        "us,",
        "Make",
        "brick:",
        "and,",
        "behold,",
        "thy",
        "servants",
        "*are",
        "beaten;",
        "but",
        "the",
        "fault",
        "*is",
        "in",
        "thine",
        "own",
        "people."
      ],
      "header": "",
      "footer": ""
    },
    {
      "book_name": "Exodus",
      "chapter": 5,
      "verse": 17,
      "text": [
        "But",
        "he",
        "said,",
        "Ye",
        "*are",
        "idle,",
        "*ye",
        "*are",
        "idle:",
        "therefore",
        "ye",
        "say,",
        "Let",
        "us",
        "go",
        "*and",
        "do",
        "sacrifice",
        "to",
        "the",
        "Lᴏʀᴅ."
      ],
      "header": "",
      "footer": ""
    },
    {
      "book_name": "Exodus",
      "chapter": 5,
      "verse": 18,
      "text": [
        "Go",
        "therefore",
        "now,",
        "*and",
        "work;",
        "for",
        "there",
        "shall",
        "no",
        "straw",
        "be",
        "given",
        "you,",
        "yet",
        "shall",
        "ye",
        "deliver",
        "the",
        "tale",
        "of",
        "bricks."
      ],
      "header": "",
      "footer": ""
    },
    {
      "book_name": "Exodus",
      "chapter": 5,
      "verse": 19,
      "text": [
        "And",
        "the",
        "officers",
        "of",
        "the",
        "children",
        "of",
        "Israel",
        "did",
        "see",
        "*that",
        "they",
        "*were",
        "in",
        "evil",
        "*case,",
        "after",
        "it",
        "was",
        "said,",
        "Ye",
        "shall",
        "not",
        "minish",
        "*ought",
        "from",
        "your",
        "bricks",
        "of",
        "your",
        "daily",
        "task."
      ],
      "header": "",
      "footer": ""
    },
    {
      "book_name": "Exodus",
      "chapter": 5,
      "verse": 20,
      "text": [
        "¶",
        "And",
        "they",
        "met",
        "Moses",
        "and",
        "Aaron,",
        "who",
        "stood",
        "in",
        "the",
        "way,",
        "as",
        "they",
        "came",
        "forth",
        "from",
        "Pharaoh:"
      ],
      "header": "",
      "footer": ""
    },
    {
      "book_name": "Exodus",
      "chapter": 5,
      "verse": 21,
      "text": [
        "And",
        "they",
        "said",
        "unto",
        "them,",
        "The",
        "Lᴏʀᴅ",
        "look",
        "upon",
        "you,",
        "and",
        "judge;",
        "because",
        "ye",
        "have",
        "made",
        "our",
        "savour",
        "to",
        "be",
        "abhorred",
        "in",
        "the",
        "eyes",
        "of",
        "Pharaoh,",
        "and",
        "in",
        "the",
        "eyes",
        "of",
        "his",
        "servants,",
        "to",
        "put",
        "a",
        "sword",
        "in",
        "their",
        "hand",
        "to",
        "slay",
        "us."
      ],
      "header": "",
      "footer": ""
    },
    {
      "book_name": "Exodus",
      "chapter": 5,
      "verse": 22,
      "text": [
        "And",
        "Moses",
        "returned",
        "unto",
        "the",
        "Lᴏʀᴅ,",
        "and",
        "said,",
        "Lord,",
        "wherefore",
        "hast",
        "thou",
        "*so",
        "evil",
        "entreated",
        "this",
        "people?",
        "why",
        "*is",
        "it",
        "*that",
        "thou",
        "hast",
        "sent",
        "me?"
      ],
      "header": "",
      "footer": ""
    },
    {
      "book_name": "Exodus",
      "chapter": 5,
      "verse": 23,
      "text": [
        "For",
        "since",
        "I",
        "came",
        "to",
        "Pharaoh",
        "to",
        "speak",
        "in",
        "thy",
        "name,",
        "he",
        "hath",
        "done",
        "evil",
        "to",
        "this",
        "people;",
        "neither",
        "hast",
        "thou",
        "delivered",
        "thy",
        "people",
        "at",
        "all."
      ],
      "header": "",
      "footer": ""
    }
  ]
}