{
  "book_id": "SNG",
  "book_name": "Song of Solomon",
  "chapter": 2,
  "header": "",
  "footer": "",
  "language": "English",
  "verses": [
    {
      "verse": 1,
      "text": [
        "I",
        "*am",
        "the",
        "rose",
        "of",
        "Sharon,",
        "*and",
        "the",
        "lily",
        "of",
        "the",
        "valleys."
      ],
      "info": ""
    },
    {
      "verse": 2,
      "text": [
        "As",
        "the",
        "lily",
        "among",
        "thorns,",
        "so",
        "*is",
        "my",
        "love",
        "among",
        "the",
        "daughters."
      ],
      "info": ""
    },
    {
      "verse": 3,
      "text": [
        "As",
        "the",
        "apple",
        "tree",
        "among",
        "the",
        "trees",
        "of",
        "the",
        "wood,",
        "so",
        "*is",
        "my",
        "beloved",
        "among",
        "the",
        "sons.",
        "I",
        "sat",
        "down",
        "under",
        "his",
        "shadow",
        "with",
        "great",
        "delight,",
        "and",
        "his",
        "fruit",
        "*was",
        "sweet",
        "to",
        "my",
        "taste."
      ],
      "info": ""
    },
    {
      "verse": 4,
      "text": [
        "He",
        "brought",
        "me",
        "to",
        "the",
        "banqueting",
        "house,",
        "and",
        "his",
        "banner",
        "over",
        "me",
        "*was",
        "love."
      ],
      "info": ""
    },
    {
      "verse": 5,
      "text": [
        "Stay",
        "me",
        "with",
        "flagons,",
        "comfort",
        "me",
        "with",
        "apples:",
        "for",
        "I",
        "*am",
        "sick",
        "of",
        "love."
      ],
      "info": ""
    },
    {
      "verse": 6,
      "text": [
        "His",
        "left",
        "hand",
        "*is",
        "under",
        "my",
        "head,",
        "and",
        "his",
        "right",
        "hand",
        "doth",
        "embrace",
        "me."
      ],
      "info": ""
    },
    {
      "verse": 7,
      "text": [
        "I",
        "charge",
        "you,",
        "O",
        "ye",
        "daughters",
        "of",
        "Jerusalem,",
        "by",
        "the",
        "roes,",
        "and",
        "by",
        "the",
        "hinds",
        "of",
        "the",
        "field,",
        "that",
        "ye",
        "stir",
        "not",
        "up,",
        "nor",
        "awake",
        "*my",
        "love,",
        "till",
        "he",
        "please."
      ],
      "info": ""
    },
    {
      "verse": 8,
      "text": [
        "¶",
        "The",
        "voice",
        "of",
        "my",
        "beloved!",
        "behold,",
        "he",
        "cometh",
        "leaping",
        "upon",
        "the",
        "mountains,",
        "skipping",
        "upon",
        "the",
        "hills."
      ],
      "info": ""
    },
    {
      "verse": 9,
      "text": [
        "My",
        "beloved",
        "is",
        "like",
        "a",
        "roe",
        "or",
        "a",
        "young",
        "hart:",
        "behold,",
        "he",
        "standeth",
        "behind",
        "our",
        "wall,",
        "he",
        "looketh",
        "forth",
        "at",
        "the",
        "windows,",
        "shewing",
        "himself",
        "through",
        "the",
        "lattice."
      ],
      "info": ""
    },
    {
      "verse": 10,
      "text": [
        "My",
        "beloved",
        "spake,",
        "and",
        "said",
        "unto",
        "me,",
        "Rise",
        "up,",
        "my",
        "love,",
        "my",
        "fair",
        "one,",
        "and",
        "come",
        "away."
      ],
      "info": ""
    },
    {
      "verse": 11,
      "text": [
        "For,",
        "lo,",
        "the",
        "winter",
        "is",
        "past,",
        "the",
        "rain",
        "is",
        "over",
        "*and",
        "gone;"
      ],
      "info": ""
    },
    {
      "verse": 12,
      "text": [
        "The",
        "flowers",
        "appear",
        "on",
        "the",
        "earth;",
        "the",
        "time",
        "of",
        "the",
        "singing",
        "*of",
        "*birds",
        "is",
        "come,",
        "and",
        "the",
        "voice",
        "of",
        "the",
        "turtle",
        "is",
        "heard",
        "in",
        "our",
        "land;"
      ],
      "info": ""
    },
    {
      "verse": 13,
      "text": [
        "The",
        "fig",
        "tree",
        "putteth",
        "forth",
        "her",
        "green",
        "figs,",
        "and",
        "the",
        "vines",
        "*with",
        "the",
        "tender",
        "grape",
        "give",
        "a",
        "*good",
        "smell.",
        "Arise,",
        "my",
        "love,",
        "my",
        "fair",
        "one,",
        "and",
        "come",
        "away."
      ],
      "info": ""
    },
    {
      "verse": 14,
      "text": [
        "¶",
        "O",
        "my",
        "dove,",
        "*that",
        "*art",
        "in",
        "the",
        "clefts",
        "of",
        "the",
        "rock,",
        "in",
        "the",
        "secret",
        "*places",
        "of",
        "the",
        "stairs,",
        "let",
        "me",
        "see",
        "thy",
        "countenance,",
        "let",
        "me",
        "hear",
        "thy",
        "voice;",
        "for",
        "sweet",
        "*is",
        "thy",
        "voice,",
        "and",
        "thy",
        "countenance",
        "*is",
        "comely."
      ],
      "info": ""
    },
    {
      "verse": 15,
      "text": [
        "Take",
        "us",
        "the",
        "foxes,",
        "the",
        "little",
        "foxes,",
        "that",
        "spoil",
        "the",
        "vines:",
        "for",
        "our",
        "vines",
        "*have",
        "tender",
        "grapes."
      ],
      "info": ""
    },
    {
      "verse": 16,
      "text": [
        "¶",
        "My",
        "beloved",
        "*is",
        "mine,",
        "and",
        "I",
        "*am",
        "his:",
        "he",
        "feedeth",
        "among",
        "the",
        "lilies."
      ],
      "info": ""
    },
    {
      "verse": 17,
      "text": [
        "Until",
        "the",
        "day",
        "break,",
        "and",
        "the",
        "shadows",
        "flee",
        "away,",
        "turn,",
        "my",
        "beloved,",
        "and",
        "be",
        "thou",
        "like",
        "a",
        "roe",
        "or",
        "a",
        "young",
        "hart",
        "upon",
        "the",
        "mountains",
        "of",
        "Bether."
      ],
      "info": ""
    }
  ]
}