{
  "book_name": "Colossians",
  "chapter": 4,
  "verses": [
    {
      "book_name": "Colossians",
      "chapter": 4,
      "verse": 1,
      "text": [
        "Masters,",
        "give",
        "unto",
        "*your",
        "servants",
        "that",
        "which",
        "is",
        "just",
        "and",
        "equal;",
        "knowing",
        "that",
        "ye",
        "also",
        "have",
        "a",
        "Master",
        "in",
        "heaven."
      ],
      "header": "",
      "footer": ""
    },
    {
      "book_name": "Colossians",
      "chapter": 4,
      "verse": 2,
      "text": [
        "Continue",
        "in",
        "prayer,",
        "and",
        "watch",
        "in",
        "the",
        "same",
        "with",
        "thanksgiving;"
      ],
      "header": "",
      "footer": ""
    },
    {
      "book_name": "Colossians",
      "chapter": 4,
      "verse": 3,
      "text": [
        "Withal",
        "praying",
        "also",
        "for",
        "us,",
        "that",
        "God",
        "would",
        "open",
        "unto",
        "us",
        "a",
        "door",
        "of",
        "utterance,",
        "to",
        "speak",
        "the",
        "mystery",
        "of",
        "Christ,",
        "for",
        "which",
        "I",
        "am",
        "also",
        "in",
        "bonds:"
      ],
      "header": "",
      "footer": ""
    },
    {
      "book_name": "Colossians",
      "chapter": 4,
      "verse": 4,
      "text": [
        "That",
        "I",
        "may",
        "make",
        "it",
        "manifest,",
        "as",
        "I",
        "ought",
        "to",
        "speak."
      ],
      "header": "",
      "footer": ""
    },
    {
      "book_name": "Colossians",
      "chapter": 4,
      "verse": 5,
      "text": [
        "Walk",
        "in",
        "wisdom",
        "toward",
        "them",
        "that",
        "are",
        "without,",
        "redeeming",
        "the",
        "time."
      ],
      "header": "",
      "footer": ""
    },
    {
      "book_name": "Colossians",
      "chapter": 4,
      "verse": 6,
      "text": [
        "Let",
        "your",
        "speech",
        "*be",
        "alway",
        "with",
        "grace,",
        "seasoned",
        "with",
        "salt,",
        "that",
        "ye",
        "may",
        "know",
        "how",
        "ye",
        "ought",
        "to",
        "answer",
        "every",
        "man."
      ],
      "header": "",
      "footer": ""
    },
    {
      "book_name": "Colossians",
      "chapter": 4,
      "verse": 7,
      "text": [
        "All",
        "my",
        "state",
        "shall",
        "Tychicus",
        "declare",
        "unto",
        "you,",
        "*who",
        "*is",
        "a",
        "beloved",
        "brother,",
        "and",
        "a",
        "faithful",
        "minister",
        "and",
        "fellowservant",
        "in",
        "the",
        "Lord:"
      ],
      "header": "",
      "footer": ""
    },
    {
      "book_name": "Colossians",
      "chapter": 4,
      "verse": 8,
      "text": [
        "Whom",
        "I",
        "have",
        "sent",
        "unto",
        "you",
        "for",
        "the",
        "same",
        "purpose,",
        "that",
        "he",
        "might",
        "know",
        "your",
        "estate,",
        "and",
        "comfort",
        "your",
        "hearts;"
      ],
      "header": "",
      "footer": ""
    },
    {
      "book_name": "Colossians",
      "chapter": 4,
      "verse": 9,
      "text": [
        "With",
        "Onesimus,",
        "a",
        "faithful",
        "and",
        "beloved",
        "brother,",
        "who",
        "is",
        "*one",
        "of",
        "you.",
        "They",
        "shall",
        "make",
        "known",
        "unto",
        "you",
        "all",
        "things",
        "which",
        "*are",
        "*done",
        "here."
      ],
      "header": "",
      "footer": ""
    },
    {
      "book_name": "Colossians",
      "chapter": 4,
      "verse": 10,
      "text": [
        "Aristarchus",
        "my",
        "fellowprisoner",
        "saluteth",
        "you,",
        "and",
        "Marcus,",
        "sister's",
        "son",
        "to",
        "Barnabas,",
        "(touching",
        "whom",
        "ye",
        "received",
        "commandments:",
        "if",
        "he",
        "come",
        "unto",
        "you,",
        "receive",
        "him;)"
      ],
      "header": "",
      "footer": ""
    },
    {
      "book_name": "Colossians",
      "chapter": 4,
      "verse": 11,
      "text": [
        "And",
        "Jesus,",
        "which",
        "is",
        "called",
        "Justus,",
        "who",
        "are",
        "of",
        "the",
        "circumcision.",
        "These",
        "only",
        "*are",
        "*my",
        "fellowworkers",
        "unto",
        "the",
        "kingdom",
        "of",
        "God,",
        "which",
        "have",
        "been",
        "a",
        "comfort",
        "unto",
        "me."
      ],
      "header": "",
      "footer": ""
    },
    {
      "book_name": "Colossians",
      "chapter": 4,
      "verse": 12,
      "text": [
        "Epaphras,",
        "who",
        "is",
        "*one",
        "of",
        "you,",
        "a",
        "servant",
        "of",
        "Christ,",
        "saluteth",
        "you,",
        "always",
        "labouring",
        "fervently",
        "for",
        "you",
        "in",
        "prayers,",
        "that",
        "ye",
        "may",
        "stand",
        "perfect",
        "and",
        "complete",
        "in",
        "all",
        "the",
        "will",
        "of",
        "God."
      ],
      "header": "",
      "footer": ""
    },
    {
      "book_name": "Colossians",
      "chapter": 4,
      "verse": 13,
      "text": [
        "For",
        "I",
        "bear",
        "him",
        "record,",
        "that",
        "he",
        "hath",
        "a",
        "great",
        "zeal",
        "for",
        "you,",
        "and",
        "them",
        "*that",
        "*are",
        "in",
        "Laodicea,",
        "and",
        "them",
        "in",
        "Hierapolis."
      ],
      "header": "",
      "footer": ""
    },
    {
      "book_name": "Colossians",
      "chapter": 4,
      "verse": 14,
      "text": [
        "Luke,",
        "the",
        "beloved",
        "physician,",
        "and",
        "Demas,",
        "greet",
        "you."
      ],
      "header": "",
      "footer": ""
    },
    {
      "book_name": "Colossians",
      "chapter": 4,
      "verse": 15,
      "text": [
        "Salute",
        "the",
        "brethren",
        "which",
        "are",
        "in",
        "Laodicea,",
        "and",
        "Nymphas,",
        "and",
        "the",
        "church",
        "which",
        "is",
        "in",
        "his",
        "house."
      ],
      "header": "",
      "footer": ""
    },
    {
      "book_name": "Colossians",
      "chapter": 4,
      "verse": 16,
      "text": [
        "And",
        "when",
        "this",
        "epistle",
        "is",
        "read",
        "among",
        "you,",
        "cause",
        "that",
        "it",
        "be",
        "read",
        "also",
        "in",
        "the",
        "church",
        "of",
        "the",
        "Laodiceans;",
        "and",
        "that",
        "ye",
        "likewise",
        "read",
        "the",
        "*epistle",
        "from",
        "Laodicea."
      ],
      "header": "",
      "footer": ""
    },
    {
      "book_name": "Colossians",
      "chapter": 4,
      "verse": 17,
      "text": [
        "And",
        "say",
        "to",
        "Archippus,",
        "Take",
        "heed",
        "to",
        "the",
        "ministry",
        "which",
        "thou",
        "hast",
        "received",
        "in",
        "the",
        "Lord,",
        "that",
        "thou",
        "fulfil",
        "it."
      ],
      "header": "",
      "footer": ""
    },
    {
      "book_name": "Colossians",
      "chapter": 4,
      "verse": 18,
      "text": [
        "The",
        "salutation",
        "by",
        "the",
        "hand",
        "of",
        "me",
        "Paul.",
        "Remember",
        "my",
        "bonds.",
        "Grace",
        "*be",
        "with",
        "you.",
        "Amen."
      ],
      "header": "",
      "footer": "**¶ Written from Rome to Colossians by Tychicus and Onesimus.**"
    }
  ]
}