{
  "book_name": "Deuteronomy",
  "chapter": 3,
  "verses": [
    {
      "book_name": "Deuteronomy",
      "chapter": 3,
      "verse": 1,
      "text": [
        "Then",
        "we",
        "turned,",
        "and",
        "went",
        "up",
        "the",
        "way",
        "to",
        "Bashan:",
        "and",
        "Og",
        "the",
        "king",
        "of",
        "Bashan",
        "came",
        "out",
        "against",
        "us,",
        "he",
        "and",
        "all",
        "his",
        "people,",
        "to",
        "battle",
        "at",
        "Edrei."
      ],
      "header": "",
      "footer": ""
    },
    {
      "book_name": "Deuteronomy",
      "chapter": 3,
      "verse": 2,
      "text": [
        "And",
        "the",
        "Lᴏʀᴅ",
        "said",
        "unto",
        "me,",
        "Fear",
        "him",
        "not:",
        "for",
        "I",
        "will",
        "deliver",
        "him,",
        "and",
        "all",
        "his",
        "people,",
        "and",
        "his",
        "land,",
        "into",
        "thy",
        "hand;",
        "and",
        "thou",
        "shalt",
        "do",
        "unto",
        "him",
        "as",
        "thou",
        "didst",
        "unto",
        "Sihon",
        "king",
        "of",
        "the",
        "Amorites,",
        "which",
        "dwelt",
        "at",
        "Heshbon."
      ],
      "header": "",
      "footer": ""
    },
    {
      "book_name": "Deuteronomy",
      "chapter": 3,
      "verse": 3,
      "text": [
        "So",
        "the",
        "Lᴏʀᴅ",
        "our",
        "God",
        "delivered",
        "into",
        "our",
        "hands",
        "Og",
        "also,",
        "the",
        "king",
        "of",
        "Bashan,",
        "and",
        "all",
        "his",
        "people:",
        "and",
        "we",
        "smote",
        "him",
        "until",
        "none",
        "was",
        "left",
        "to",
        "him",
        "remaining."
      ],
      "header": "",
      "footer": ""
    },
    {
      "book_name": "Deuteronomy",
      "chapter": 3,
      "verse": 4,
      "text": [
        "And",
        "we",
        "took",
        "all",
        "his",
        "cities",
        "at",
        "that",
        "time,",
        "there",
        "was",
        "not",
        "a",
        "city",
        "which",
        "we",
        "took",
        "not",
        "from",
        "them,",
        "threescore",
        "cities,",
        "all",
        "the",
        "region",
        "of",
        "Argob,",
        "the",
        "kingdom",
        "of",
        "Og",
        "in",
        "Bashan."
      ],
      "header": "",
      "footer": ""
    },
    {
      "book_name": "Deuteronomy",
      "chapter": 3,
      "verse": 5,
      "text": [
        "All",
        "these",
        "cities",
        "*were",
        "fenced",
        "with",
        "high",
        "walls,",
        "gates,",
        "and",
        "bars;",
        "beside",
        "unwalled",
        "towns",
        "a",
        "great",
        "many."
      ],
      "header": "",
      "footer": ""
    },
    {
      "book_name": "Deuteronomy",
      "chapter": 3,
      "verse": 6,
      "text": [
        "And",
        "we",
        "utterly",
        "destroyed",
        "them,",
        "as",
        "we",
        "did",
        "unto",
        "Sihon",
        "king",
        "of",
        "Heshbon,",
        "utterly",
        "destroying",
        "the",
        "men,",
        "women,",
        "and",
        "children,",
        "of",
        "every",
        "city."
      ],
      "header": "",
      "footer": ""
    },
    {
      "book_name": "Deuteronomy",
      "chapter": 3,
      "verse": 7,
      "text": [
        "But",
        "all",
        "the",
        "cattle,",
        "and",
        "the",
        "spoil",
        "of",
        "the",
        "cities,",
        "we",
        "took",
        "for",
        "a",
        "prey",
        "to",
        "ourselves."
      ],
      "header": "",
      "footer": ""
    },
    {
      "book_name": "Deuteronomy",
      "chapter": 3,
      "verse": 8,
      "text": [
        "And",
        "we",
        "took",
        "at",
        "that",
        "time",
        "out",
        "of",
        "the",
        "hand",
        "of",
        "the",
        "two",
        "kings",
        "of",
        "the",
        "Amorites",
        "the",
        "land",
        "that",
        "*was",
        "on",
        "this",
        "side",
        "Jordan,",
        "from",
        "the",
        "river",
        "of",
        "Arnon",
        "unto",
        "mount",
        "Hermon;"
      ],
      "header": "",
      "footer": ""
    },
    {
      "book_name": "Deuteronomy",
      "chapter": 3,
      "verse": 9,
      "text": [
        "(*Which*",
        "*Hermon",
        "*the",
        "*Sidonians",
        "*call",
        "*Sirion;",
        "*and",
        "*the",
        "*Amorites",
        "*call",
        "*it",
        "*Shenir;)"
      ],
      "header": "",
      "footer": ""
    },
    {
      "book_name": "Deuteronomy",
      "chapter": 3,
      "verse": 10,
      "text": [
        "All",
        "the",
        "cities",
        "of",
        "the",
        "plain,",
        "and",
        "all",
        "Gilead,",
        "and",
        "all",
        "Bashan,",
        "unto",
        "Salchah",
        "and",
        "Edrei,",
        "cities",
        "of",
        "the",
        "kingdom",
        "of",
        "Og",
        "in",
        "Bashan."
      ],
      "header": "",
      "footer": ""
    },
    {
      "book_name": "Deuteronomy",
      "chapter": 3,
      "verse": 11,
      "text": [
        "For",
        "only",
        "Og",
        "king",
        "of",
        "Bashan",
        "remained",
        "of",
        "the",
        "remnant",
        "of",
        "giants;",
        "behold,",
        "his",
        "bedstead",
        "*was",
        "a",
        "bedstead",
        "of",
        "iron;",
        "*is",
        "it",
        "not",
        "in",
        "Rabbath",
        "of",
        "the",
        "children",
        "of",
        "Ammon?",
        "nine",
        "cubits",
        "*was",
        "the",
        "length",
        "thereof,",
        "and",
        "four",
        "cubits",
        "the",
        "breadth",
        "of",
        "it,",
        "after",
        "the",
        "cubit",
        "of",
        "a",
        "man."
      ],
      "header": "",
      "footer": ""
    },
    {
      "book_name": "Deuteronomy",
      "chapter": 3,
      "verse": 12,
      "text": [
        "And",
        "this",
        "land,",
        "*which",
        "we",
        "possessed",
        "at",
        "that",
        "time,",
        "from",
        "Aroer,",
        "which",
        "*is",
        "by",
        "the",
        "river",
        "Arnon,",
        "and",
        "half",
        "mount",
        "Gilead,",
        "and",
        "the",
        "cities",
        "thereof,",
        "gave",
        "I",
        "unto",
        "the",
        "Reubenites",
        "and",
        "to",
        "the",
        "Gadites."
      ],
      "header": "",
      "footer": ""
    },
    {
      "book_name": "Deuteronomy",
      "chapter": 3,
      "verse": 13,
      "text": [
        "And",
        "the",
        "rest",
        "of",
        "Gilead,",
        "and",
        "all",
        "Bashan,",
        "*being",
        "the",
        "kingdom",
        "of",
        "Og,",
        "gave",
        "I",
        "unto",
        "the",
        "half",
        "tribe",
        "of",
        "Manasseh;",
        "all",
        "the",
        "region",
        "of",
        "Argob,",
        "with",
        "all",
        "Bashan,",
        "which",
        "was",
        "called",
        "the",
        "land",
        "of",
        "giants."
      ],
      "header": "",
      "footer": ""
    },
    {
      "book_name": "Deuteronomy",
      "chapter": 3,
      "verse": 14,
      "text": [
        "Jair",
        "the",
        "son",
        "of",
        "Manasseh",
        "took",
        "all",
        "the",
        "country",
        "of",
        "Argob",
        "unto",
        "the",
        "coasts",
        "of",
        "Geshuri",
        "and",
        "Maachathi;",
        "and",
        "called",
        "them",
        "after",
        "his",
        "own",
        "name,",
        "Bashanhavothjair,",
        "unto",
        "this",
        "day."
      ],
      "header": "",
      "footer": ""
    },
    {
      "book_name": "Deuteronomy",
      "chapter": 3,
      "verse": 15,
      "text": [
        "And",
        "I",
        "gave",
        "Gilead",
        "unto",
        "Machir."
      ],
      "header": "",
      "footer": ""
    },
    {
      "book_name": "Deuteronomy",
      "chapter": 3,
      "verse": 16,
      "text": [
        "And",
        "unto",
        "the",
        "Reubenites",
        "and",
        "unto",
        "the",
        "Gadites",
        "I",
        "gave",
        "from",
        "Gilead",
        "even",
        "unto",
        "the",
        "river",
        "Arnon",
        "half",
        "the",
        "valley,",
        "and",
        "the",
        "border",
        "even",
        "unto",
        "the",
        "river",
        "Jabbok,",
        "*which",
        "*is",
        "the",
        "border",
        "of",
        "the",
        "children",
        "of",
        "Ammon;"
      ],
      "header": "",
      "footer": ""
    },
    {
      "book_name": "Deuteronomy",
      "chapter": 3,
      "verse": 17,
      "text": [
        "The",
        "plain",
        "also,",
        "and",
        "Jordan,",
        "and",
        "the",
        "coast",
        "*thereof,",
        "from",
        "Chinnereth",
        "even",
        "unto",
        "the",
        "sea",
        "of",
        "the",
        "plain,",
        "*even",
        "the",
        "salt",
        "sea,",
        "under",
        "Ashdothpisgah",
        "eastward."
      ],
      "header": "",
      "footer": ""
    },
    {
      "book_name": "Deuteronomy",
      "chapter": 3,
      "verse": 18,
      "text": [
        "¶",
        "And",
        "I",
        "commanded",
        "you",
        "at",
        "that",
        "time,",
        "saying,",
        "The",
        "Lᴏʀᴅ",
        "your",
        "God",
        "hath",
        "given",
        "you",
        "this",
        "land",
        "to",
        "possess",
        "it:",
        "ye",
        "shall",
        "pass",
        "over",
        "armed",
        "before",
        "your",
        "brethren",
        "the",
        "children",
        "of",
        "Israel,",
        "all",
        "*that",
        "*are",
        "meet",
        "for",
        "the",
        "war."
      ],
      "header": "",
      "footer": ""
    },
    {
      "book_name": "Deuteronomy",
      "chapter": 3,
      "verse": 19,
      "text": [
        "But",
        "your",
        "wives,",
        "and",
        "your",
        "little",
        "ones,",
        "and",
        "your",
        "cattle,",
        "(*for*",
        "*I",
        "*know",
        "*that",
        "*ye",
        "*have",
        "*much",
        "*cattle,)",
        "*shall",
        "*abide",
        "*in",
        "*your",
        "*cities",
        "*which",
        "*I",
        "*have",
        "*given",
        "*you;"
      ],
      "header": "",
      "footer": ""
    },
    {
      "book_name": "Deuteronomy",
      "chapter": 3,
      "verse": 20,
      "text": [
        "Until",
        "the",
        "Lᴏʀᴅ",
        "have",
        "given",
        "rest",
        "unto",
        "your",
        "brethren,",
        "as",
        "well",
        "as",
        "unto",
        "you,",
        "and",
        "*until",
        "they",
        "also",
        "possess",
        "the",
        "land",
        "which",
        "the",
        "Lᴏʀᴅ",
        "your",
        "God",
        "hath",
        "given",
        "them",
        "beyond",
        "Jordan:",
        "and",
        "*then",
        "shall",
        "ye",
        "return",
        "every",
        "man",
        "unto",
        "his",
        "possession,",
        "which",
        "I",
        "have",
        "given",
        "you."
      ],
      "header": "",
      "footer": ""
    },
    {
      "book_name": "Deuteronomy",
      "chapter": 3,
      "verse": 21,
      "text": [
        "¶",
        "And",
        "I",
        "commanded",
        "Joshua",
        "at",
        "that",
        "time,",
        "saying,",
        "Thine",
        "eyes",
        "have",
        "seen",
        "all",
        "that",
        "the",
        "Lᴏʀᴅ",
        "your",
        "God",
        "hath",
        "done",
        "unto",
        "these",
        "two",
        "kings:",
        "so",
        "shall",
        "the",
        "Lᴏʀᴅ",
        "do",
        "unto",
        "all",
        "the",
        "kingdoms",
        "whither",
        "thou",
        "passest."
      ],
      "header": "",
      "footer": ""
    },
    {
      "book_name": "Deuteronomy",
      "chapter": 3,
      "verse": 22,
      "text": [
        "Ye",
        "shall",
        "not",
        "fear",
        "them:",
        "for",
        "the",
        "Lᴏʀᴅ",
        "your",
        "God",
        "he",
        "shall",
        "fight",
        "for",
        "you."
      ],
      "header": "",
      "footer": ""
    },
    {
      "book_name": "Deuteronomy",
      "chapter": 3,
      "verse": 23,
      "text": [
        "And",
        "I",
        "besought",
        "the",
        "Lᴏʀᴅ",
        "at",
        "that",
        "time,",
        "saying,"
      ],
      "header": "",
      "footer": ""
    },
    {
      "book_name": "Deuteronomy",
      "chapter": 3,
      "verse": 24,
      "text": [
        "O",
        "Lord",
        "Gᴏᴅ,",
        "thou",
        "hast",
        "begun",
        "to",
        "shew",
        "thy",
        "servant",
        "thy",
        "greatness,",
        "and",
        "thy",
        "mighty",
        "hand:",
        "for",
        "what",
        "God",
        "*is",
        "*there",
        "in",
        "heaven",
        "or",
        "in",
        "earth,",
        "that",
        "can",
        "do",
        "according",
        "to",
        "thy",
        "works,",
        "and",
        "according",
        "to",
        "thy",
        "might?"
      ],
      "header": "",
      "footer": ""
    },
    {
      "book_name": "Deuteronomy",
      "chapter": 3,
      "verse": 25,
      "text": [
        "I",
        "pray",
        "thee,",
        "let",
        "me",
        "go",
        "over,",
        "and",
        "see",
        "the",
        "good",
        "land",
        "that",
        "*is",
        "beyond",
        "Jordan,",
        "that",
        "goodly",
        "mountain,",
        "and",
        "Lebanon."
      ],
      "header": "",
      "footer": ""
    },
    {
      "book_name": "Deuteronomy",
      "chapter": 3,
      "verse": 26,
      "text": [
        "But",
        "the",
        "Lᴏʀᴅ",
        "was",
        "wroth",
        "with",
        "me",
        "for",
        "your",
        "sakes,",
        "and",
        "would",
        "not",
        "hear",
        "me:",
        "and",
        "the",
        "Lᴏʀᴅ",
        "said",
        "unto",
        "me,",
        "Let",
        "it",
        "suffice",
        "thee;",
        "speak",
        "no",
        "more",
        "unto",
        "me",
        "of",
        "this",
        "matter."
      ],
      "header": "",
      "footer": ""
    },
    {
      "book_name": "Deuteronomy",
      "chapter": 3,
      "verse": 27,
      "text": [
        "Get",
        "thee",
        "up",
        "into",
        "the",
        "top",
        "of",
        "Pisgah,",
        "and",
        "lift",
        "up",
        "thine",
        "eyes",
        "westward,",
        "and",
        "northward,",
        "and",
        "southward,",
        "and",
        "eastward,",
        "and",
        "behold",
        "*it",
        "with",
        "thine",
        "eyes:",
        "for",
        "thou",
        "shalt",
        "not",
        "go",
        "over",
        "this",
        "Jordan."
      ],
      "header": "",
      "footer": ""
    },
    {
      "book_name": "Deuteronomy",
      "chapter": 3,
      "verse": 28,
      "text": [
        "But",
        "charge",
        "Joshua,",
        "and",
        "encourage",
        "him,",
        "and",
        "strengthen",
        "him:",
        "for",
        "he",
        "shall",
        "go",
        "over",
        "before",
        "this",
        "people,",
        "and",
        "he",
        "shall",
        "cause",
        "them",
        "to",
        "inherit",
        "the",
        "land",
        "which",
        "thou",
        "shalt",
        "see."
      ],
      "header": "",
      "footer": ""
    },
    {
      "book_name": "Deuteronomy",
      "chapter": 3,
      "verse": 29,
      "text": [
        "So",
        "we",
        "abode",
        "in",
        "the",
        "valley",
        "over",
        "against",
        "Bethpeor."
      ],
      "header": "",
      "footer": ""
    }
  ]
}