{
  "book_name": "Nahum",
  "chapter": 3,
  "verses": [
    {
      "book_name": "Nahum",
      "chapter": 3,
      "verse": 1,
      "text": [
        "Woe",
        "to",
        "the",
        "bloody",
        "city!",
        "it",
        "*is",
        "all",
        "full",
        "of",
        "lies",
        "*and",
        "robbery;",
        "the",
        "prey",
        "departeth",
        "not;"
      ],
      "header": "",
      "footer": ""
    },
    {
      "book_name": "Nahum",
      "chapter": 3,
      "verse": 2,
      "text": [
        "The",
        "noise",
        "of",
        "a",
        "whip,",
        "and",
        "the",
        "noise",
        "of",
        "the",
        "rattling",
        "of",
        "the",
        "wheels,",
        "and",
        "of",
        "the",
        "pransing",
        "horses,",
        "and",
        "of",
        "the",
        "jumping",
        "chariots."
      ],
      "header": "",
      "footer": ""
    },
    {
      "book_name": "Nahum",
      "chapter": 3,
      "verse": 3,
      "text": [
        "The",
        "horseman",
        "lifteth",
        "up",
        "both",
        "the",
        "bright",
        "sword",
        "and",
        "the",
        "glittering",
        "spear:",
        "and",
        "*there",
        "*is",
        "a",
        "multitude",
        "of",
        "slain,",
        "and",
        "a",
        "great",
        "number",
        "of",
        "carcases;",
        "and",
        "*there",
        "*is",
        "none",
        "end",
        "of",
        "*their",
        "corpses;",
        "they",
        "stumble",
        "upon",
        "their",
        "corpses:"
      ],
      "header": "",
      "footer": ""
    },
    {
      "book_name": "Nahum",
      "chapter": 3,
      "verse": 4,
      "text": [
        "Because",
        "of",
        "the",
        "multitude",
        "of",
        "the",
        "whoredoms",
        "of",
        "the",
        "wellfavoured",
        "harlot,",
        "the",
        "mistress",
        "of",
        "witchcrafts,",
        "that",
        "selleth",
        "nations",
        "through",
        "her",
        "whoredoms,",
        "and",
        "families",
        "through",
        "her",
        "witchcrafts."
      ],
      "header": "",
      "footer": ""
    },
    {
      "book_name": "Nahum",
      "chapter": 3,
      "verse": 5,
      "text": [
        "Behold,",
        "I",
        "*am",
        "against",
        "thee,",
        "saith",
        "the",
        "Lᴏʀᴅ",
        "of",
        "hosts;",
        "and",
        "I",
        "will",
        "discover",
        "thy",
        "skirts",
        "upon",
        "thy",
        "face,",
        "and",
        "I",
        "will",
        "shew",
        "the",
        "nations",
        "thy",
        "nakedness,",
        "and",
        "the",
        "kingdoms",
        "thy",
        "shame."
      ],
      "header": "",
      "footer": ""
    },
    {
      "book_name": "Nahum",
      "chapter": 3,
      "verse": 6,
      "text": [
        "And",
        "I",
        "will",
        "cast",
        "abominable",
        "filth",
        "upon",
        "thee,",
        "and",
        "make",
        "thee",
        "vile,",
        "and",
        "will",
        "set",
        "thee",
        "as",
        "a",
        "gazingstock."
      ],
      "header": "",
      "footer": ""
    },
    {
      "book_name": "Nahum",
      "chapter": 3,
      "verse": 7,
      "text": [
        "And",
        "it",
        "shall",
        "come",
        "to",
        "pass,",
        "*that",
        "all",
        "they",
        "that",
        "look",
        "upon",
        "thee",
        "shall",
        "flee",
        "from",
        "thee,",
        "and",
        "say,",
        "Nineveh",
        "is",
        "laid",
        "waste:",
        "who",
        "will",
        "bemoan",
        "her?",
        "whence",
        "shall",
        "I",
        "seek",
        "comforters",
        "for",
        "thee?"
      ],
      "header": "",
      "footer": ""
    },
    {
      "book_name": "Nahum",
      "chapter": 3,
      "verse": 8,
      "text": [
        "Art",
        "thou",
        "better",
        "than",
        "populous",
        "No,",
        "that",
        "was",
        "situate",
        "among",
        "the",
        "rivers,",
        "*that",
        "*had",
        "the",
        "waters",
        "round",
        "about",
        "it,",
        "whose",
        "rampart",
        "*was",
        "the",
        "sea,",
        "*and",
        "her",
        "wall",
        "*was",
        "from",
        "the",
        "sea?"
      ],
      "header": "",
      "footer": ""
    },
    {
      "book_name": "Nahum",
      "chapter": 3,
      "verse": 9,
      "text": [
        "Ethiopia",
        "and",
        "Egypt",
        "*were",
        "her",
        "strength,",
        "and",
        "*it",
        "*was",
        "infinite;",
        "Put",
        "and",
        "Lubim",
        "were",
        "thy",
        "helpers."
      ],
      "header": "",
      "footer": ""
    },
    {
      "book_name": "Nahum",
      "chapter": 3,
      "verse": 10,
      "text": [
        "Yet",
        "*was",
        "she",
        "carried",
        "away,",
        "she",
        "went",
        "into",
        "captivity:",
        "her",
        "young",
        "children",
        "also",
        "were",
        "dashed",
        "in",
        "pieces",
        "at",
        "the",
        "top",
        "of",
        "all",
        "the",
        "streets:",
        "and",
        "they",
        "cast",
        "lots",
        "for",
        "her",
        "honourable",
        "men,",
        "and",
        "all",
        "her",
        "great",
        "men",
        "were",
        "bound",
        "in",
        "chains."
      ],
      "header": "",
      "footer": ""
    },
    {
      "book_name": "Nahum",
      "chapter": 3,
      "verse": 11,
      "text": [
        "Thou",
        "also",
        "shalt",
        "be",
        "drunken:",
        "thou",
        "shalt",
        "be",
        "hid,",
        "thou",
        "also",
        "shalt",
        "seek",
        "strength",
        "because",
        "of",
        "the",
        "enemy."
      ],
      "header": "",
      "footer": ""
    },
    {
      "book_name": "Nahum",
      "chapter": 3,
      "verse": 12,
      "text": [
        "All",
        "thy",
        "strong",
        "holds",
        "*shall",
        "*be",
        "*like",
        "fig",
        "trees",
        "with",
        "the",
        "firstripe",
        "figs:",
        "if",
        "they",
        "be",
        "shaken,",
        "they",
        "shall",
        "even",
        "fall",
        "into",
        "the",
        "mouth",
        "of",
        "the",
        "eater."
      ],
      "header": "",
      "footer": ""
    },
    {
      "book_name": "Nahum",
      "chapter": 3,
      "verse": 13,
      "text": [
        "Behold,",
        "thy",
        "people",
        "in",
        "the",
        "midst",
        "of",
        "thee",
        "*are",
        "women:",
        "the",
        "gates",
        "of",
        "thy",
        "land",
        "shall",
        "be",
        "set",
        "wide",
        "open",
        "unto",
        "thine",
        "enemies:",
        "the",
        "fire",
        "shall",
        "devour",
        "thy",
        "bars."
      ],
      "header": "",
      "footer": ""
    },
    {
      "book_name": "Nahum",
      "chapter": 3,
      "verse": 14,
      "text": [
        "Draw",
        "thee",
        "waters",
        "for",
        "the",
        "siege,",
        "fortify",
        "thy",
        "strong",
        "holds:",
        "go",
        "into",
        "clay,",
        "and",
        "tread",
        "the",
        "morter,",
        "make",
        "strong",
        "the",
        "brickkiln."
      ],
      "header": "",
      "footer": ""
    },
    {
      "book_name": "Nahum",
      "chapter": 3,
      "verse": 15,
      "text": [
        "There",
        "shall",
        "the",
        "fire",
        "devour",
        "thee;",
        "the",
        "sword",
        "shall",
        "cut",
        "thee",
        "off,",
        "it",
        "shall",
        "eat",
        "thee",
        "up",
        "like",
        "the",
        "cankerworm:",
        "make",
        "thyself",
        "many",
        "as",
        "the",
        "cankerworm,",
        "make",
        "thyself",
        "many",
        "as",
        "the",
        "locusts."
      ],
      "header": "",
      "footer": ""
    },
    {
      "book_name": "Nahum",
      "chapter": 3,
      "verse": 16,
      "text": [
        "Thou",
        "hast",
        "multiplied",
        "thy",
        "merchants",
        "above",
        "the",
        "stars",
        "of",
        "heaven:",
        "the",
        "cankerworm",
        "spoileth,",
        "and",
        "flieth",
        "away."
      ],
      "header": "",
      "footer": ""
    },
    {
      "book_name": "Nahum",
      "chapter": 3,
      "verse": 17,
      "text": [
        "Thy",
        "crowned",
        "*are",
        "as",
        "the",
        "locusts,",
        "and",
        "thy",
        "captains",
        "as",
        "the",
        "great",
        "grasshoppers,",
        "which",
        "camp",
        "in",
        "the",
        "hedges",
        "in",
        "the",
        "cold",
        "day,",
        "*but",
        "when",
        "the",
        "sun",
        "ariseth",
        "they",
        "flee",
        "away,",
        "and",
        "their",
        "place",
        "is",
        "not",
        "known",
        "where",
        "they",
        "*are."
      ],
      "header": "",
      "footer": ""
    },
    {
      "book_name": "Nahum",
      "chapter": 3,
      "verse": 18,
      "text": [
        "Thy",
        "shepherds",
        "slumber,",
        "O",
        "king",
        "of",
        "Assyria:",
        "thy",
        "nobles",
        "shall",
        "dwell",
        "*in",
        "*the",
        "*dust:",
        "thy",
        "people",
        "is",
        "scattered",
        "upon",
        "the",
        "mountains,",
        "and",
        "no",
        "man",
        "gathereth",
        "*them."
      ],
      "header": "",
      "footer": ""
    },
    {
      "book_name": "Nahum",
      "chapter": 3,
      "verse": 19,
      "text": [
        "*There",
        "*is",
        "no",
        "healing",
        "of",
        "thy",
        "bruise;",
        "thy",
        "wound",
        "is",
        "grievous:",
        "all",
        "that",
        "hear",
        "the",
        "bruit",
        "of",
        "thee",
        "shall",
        "clap",
        "the",
        "hands",
        "over",
        "thee:",
        "for",
        "upon",
        "whom",
        "hath",
        "not",
        "thy",
        "wickedness",
        "passed",
        "continually?"
      ],
      "header": "",
      "footer": ""
    }
  ]
}