{
  "book_name": "Genesis",
  "chapter": 10,
  "verses": [
    {
      "book_name": "Genesis",
      "chapter": 10,
      "verse": 1,
      "text": [
        "Now",
        "these",
        "*are",
        "the",
        "generations",
        "of",
        "the",
        "sons",
        "of",
        "Noah,",
        "Shem,",
        "Ham,",
        "and",
        "Japheth:",
        "and",
        "unto",
        "them",
        "were",
        "sons",
        "born",
        "after",
        "the",
        "flood."
      ],
      "header": "",
      "footer": ""
    },
    {
      "book_name": "Genesis",
      "chapter": 10,
      "verse": 2,
      "text": [
        "The",
        "sons",
        "of",
        "Japheth;",
        "Gomer,",
        "and",
        "Magog,",
        "and",
        "Madai,",
        "and",
        "Javan,",
        "and",
        "Tubal,",
        "and",
        "Meshech,",
        "and",
        "Tiras."
      ],
      "header": "",
      "footer": ""
    },
    {
      "book_name": "Genesis",
      "chapter": 10,
      "verse": 3,
      "text": [
        "And",
        "the",
        "sons",
        "of",
        "Gomer;",
        "Ashkenaz,",
        "and",
        "Riphath,",
        "and",
        "Togarmah."
      ],
      "header": "",
      "footer": ""
    },
    {
      "book_name": "Genesis",
      "chapter": 10,
      "verse": 4,
      "text": [
        "And",
        "the",
        "sons",
        "of",
        "Javan;",
        "Elishah,",
        "and",
        "Tarshish,",
        "Kittim,",
        "and",
        "Dodanim."
      ],
      "header": "",
      "footer": ""
    },
    {
      "book_name": "Genesis",
      "chapter": 10,
      "verse": 5,
      "text": [
        "By",
        "these",
        "were",
        "the",
        "isles",
        "of",
        "the",
        "Gentiles",
        "divided",
        "in",
        "their",
        "lands;",
        "every",
        "one",
        "after",
        "his",
        "tongue,",
        "after",
        "their",
        "families,",
        "in",
        "their",
        "nations."
      ],
      "header": "",
      "footer": ""
    },
    {
      "book_name": "Genesis",
      "chapter": 10,
      "verse": 6,
      "text": [
        "¶",
        "And",
        "the",
        "sons",
        "of",
        "Ham;",
        "Cush,",
        "and",
        "Mizraim,",
        "and",
        "Phut,",
        "and",
        "Canaan."
      ],
      "header": "",
      "footer": ""
    },
    {
      "book_name": "Genesis",
      "chapter": 10,
      "verse": 7,
      "text": [
        "And",
        "the",
        "sons",
        "of",
        "Cush;",
        "Seba,",
        "and",
        "Havilah,",
        "and",
        "Sabtah,",
        "and",
        "Raamah,",
        "and",
        "Sabtecha:",
        "and",
        "the",
        "sons",
        "of",
        "Raamah;",
        "Sheba,",
        "and",
        "Dedan."
      ],
      "header": "",
      "footer": ""
    },
    {
      "book_name": "Genesis",
      "chapter": 10,
      "verse": 8,
      "text": [
        "And",
        "Cush",
        "begat",
        "Nimrod:",
        "he",
        "began",
        "to",
        "be",
        "a",
        "mighty",
        "one",
        "in",
        "the",
        "earth."
      ],
      "header": "",
      "footer": ""
    },
    {
      "book_name": "Genesis",
      "chapter": 10,
      "verse": 9,
      "text": [
        "He",
        "was",
        "a",
        "mighty",
        "hunter",
        "before",
        "the",
        "Lᴏʀᴅ:",
        "wherefore",
        "it",
        "is",
        "said,",
        "Even",
        "as",
        "Nimrod",
        "the",
        "mighty",
        "hunter",
        "before",
        "the",
        "Lᴏʀᴅ."
      ],
      "header": "",
      "footer": ""
    },
    {
      "book_name": "Genesis",
      "chapter": 10,
      "verse": 10,
      "text": [
        "And",
        "the",
        "beginning",
        "of",
        "his",
        "kingdom",
        "was",
        "Babel,",
        "and",
        "Erech,",
        "and",
        "Accad,",
        "and",
        "Calneh,",
        "in",
        "the",
        "land",
        "of",
        "Shinar."
      ],
      "header": "",
      "footer": ""
    },
    {
      "book_name": "Genesis",
      "chapter": 10,
      "verse": 11,
      "text": [
        "Out",
        "of",
        "that",
        "land",
        "went",
        "forth",
        "Asshur,",
        "and",
        "builded",
        "Nineveh,",
        "and",
        "the",
        "city",
        "Rehoboth,",
        "and",
        "Calah,"
      ],
      "header": "",
      "footer": ""
    },
    {
      "book_name": "Genesis",
      "chapter": 10,
      "verse": 12,
      "text": [
        "And",
        "Resen",
        "between",
        "Nineveh",
        "and",
        "Calah:",
        "the",
        "same",
        "*is",
        "a",
        "great",
        "city."
      ],
      "header": "",
      "footer": ""
    },
    {
      "book_name": "Genesis",
      "chapter": 10,
      "verse": 13,
      "text": [
        "And",
        "Mizraim",
        "begat",
        "Ludim,",
        "and",
        "Anamim,",
        "and",
        "Lehabim,",
        "and",
        "Naphtuhim,"
      ],
      "header": "",
      "footer": ""
    },
    {
      "book_name": "Genesis",
      "chapter": 10,
      "verse": 14,
      "text": [
        "And",
        "Pathrusim,",
        "and",
        "Casluhim,",
        "(out",
        "of",
        "whom",
        "came",
        "Philistim,)",
        "and",
        "Caphtorim."
      ],
      "header": "",
      "footer": ""
    },
    {
      "book_name": "Genesis",
      "chapter": 10,
      "verse": 15,
      "text": [
        "¶",
        "And",
        "Canaan",
        "begat",
        "Sidon",
        "his",
        "firstborn,",
        "and",
        "Heth,"
      ],
      "header": "",
      "footer": ""
    },
    {
      "book_name": "Genesis",
      "chapter": 10,
      "verse": 16,
      "text": [
        "And",
        "the",
        "Jebusite,",
        "and",
        "the",
        "Amorite,",
        "and",
        "the",
        "Girgasite,"
      ],
      "header": "",
      "footer": ""
    },
    {
      "book_name": "Genesis",
      "chapter": 10,
      "verse": 17,
      "text": [
        "And",
        "the",
        "Hivite,",
        "and",
        "the",
        "Arkite,",
        "and",
        "the",
        "Sinite,"
      ],
      "header": "",
      "footer": ""
    },
    {
      "book_name": "Genesis",
      "chapter": 10,
      "verse": 18,
      "text": [
        "And",
        "the",
        "Arvadite,",
        "and",
        "the",
        "Zemarite,",
        "and",
        "the",
        "Hamathite:",
        "and",
        "afterward",
        "were",
        "the",
        "families",
        "of",
        "the",
        "Canaanites",
        "spread",
        "abroad."
      ],
      "header": "",
      "footer": ""
    },
    {
      "book_name": "Genesis",
      "chapter": 10,
      "verse": 19,
      "text": [
        "And",
        "the",
        "border",
        "of",
        "the",
        "Canaanites",
        "was",
        "from",
        "Sidon,",
        "as",
        "thou",
        "comest",
        "to",
        "Gerar,",
        "unto",
        "Gaza;",
        "as",
        "thou",
        "goest,",
        "unto",
        "Sodom,",
        "and",
        "Gomorrah,",
        "and",
        "Admah,",
        "and",
        "Zeboim,",
        "even",
        "unto",
        "Lasha."
      ],
      "header": "",
      "footer": ""
    },
    {
      "book_name": "Genesis",
      "chapter": 10,
      "verse": 20,
      "text": [
        "These",
        "*are",
        "the",
        "sons",
        "of",
        "Ham,",
        "after",
        "their",
        "families,",
        "after",
        "their",
        "tongues,",
        "in",
        "their",
        "countries,",
        "*and",
        "in",
        "their",
        "nations."
      ],
      "header": "",
      "footer": ""
    },
    {
      "book_name": "Genesis",
      "chapter": 10,
      "verse": 21,
      "text": [
        "¶",
        "Unto",
        "Shem",
        "also,",
        "the",
        "father",
        "of",
        "all",
        "the",
        "children",
        "of",
        "Eber,",
        "the",
        "brother",
        "of",
        "Japheth",
        "the",
        "elder,",
        "even",
        "to",
        "him",
        "were",
        "*children",
        "born."
      ],
      "header": "",
      "footer": ""
    },
    {
      "book_name": "Genesis",
      "chapter": 10,
      "verse": 22,
      "text": [
        "The",
        "children",
        "of",
        "Shem;",
        "Elam,",
        "and",
        "Asshur,",
        "and",
        "Arphaxad,",
        "and",
        "Lud,",
        "and",
        "Aram."
      ],
      "header": "",
      "footer": ""
    },
    {
      "book_name": "Genesis",
      "chapter": 10,
      "verse": 23,
      "text": [
        "And",
        "the",
        "children",
        "of",
        "Aram;",
        "Uz,",
        "and",
        "Hul,",
        "and",
        "Gether,",
        "and",
        "Mash."
      ],
      "header": "",
      "footer": ""
    },
    {
      "book_name": "Genesis",
      "chapter": 10,
      "verse": 24,
      "text": [
        "And",
        "Arphaxad",
        "begat",
        "Salah;",
        "and",
        "Salah",
        "begat",
        "Eber."
      ],
      "header": "",
      "footer": ""
    },
    {
      "book_name": "Genesis",
      "chapter": 10,
      "verse": 25,
      "text": [
        "And",
        "unto",
        "Eber",
        "were",
        "born",
        "two",
        "sons:",
        "the",
        "name",
        "of",
        "one",
        "*was",
        "Peleg;",
        "for",
        "in",
        "his",
        "days",
        "was",
        "the",
        "earth",
        "divided;",
        "and",
        "his",
        "brother's",
        "name",
        "*was",
        "Joktan."
      ],
      "header": "",
      "footer": ""
    },
    {
      "book_name": "Genesis",
      "chapter": 10,
      "verse": 26,
      "text": [
        "And",
        "Joktan",
        "begat",
        "Almodad,",
        "and",
        "Sheleph,",
        "and",
        "Hazarmaveth,",
        "and",
        "Jerah,"
      ],
      "header": "",
      "footer": ""
    },
    {
      "book_name": "Genesis",
      "chapter": 10,
      "verse": 27,
      "text": [
        "And",
        "Hadoram,",
        "and",
        "Uzal,",
        "and",
        "Diklah,"
      ],
      "header": "",
      "footer": ""
    },
    {
      "book_name": "Genesis",
      "chapter": 10,
      "verse": 28,
      "text": [
        "And",
        "Obal,",
        "and",
        "Abimael,",
        "and",
        "Sheba,"
      ],
      "header": "",
      "footer": ""
    },
    {
      "book_name": "Genesis",
      "chapter": 10,
      "verse": 29,
      "text": [
        "And",
        "Ophir,",
        "and",
        "Havilah,",
        "and",
        "Jobab:",
        "all",
        "these",
        "*were",
        "the",
        "sons",
        "of",
        "Joktan."
      ],
      "header": "",
      "footer": ""
    },
    {
      "book_name": "Genesis",
      "chapter": 10,
      "verse": 30,
      "text": [
        "And",
        "their",
        "dwelling",
        "was",
        "from",
        "Mesha,",
        "as",
        "thou",
        "goest",
        "unto",
        "Sephar",
        "a",
        "mount",
        "of",
        "the",
        "east."
      ],
      "header": "",
      "footer": ""
    },
    {
      "book_name": "Genesis",
      "chapter": 10,
      "verse": 31,
      "text": [
        "These",
        "*are",
        "the",
        "sons",
        "of",
        "Shem,",
        "after",
        "their",
        "families,",
        "after",
        "their",
        "tongues,",
        "in",
        "their",
        "lands,",
        "after",
        "their",
        "nations."
      ],
      "header": "",
      "footer": ""
    },
    {
      "book_name": "Genesis",
      "chapter": 10,
      "verse": 32,
      "text": [
        "These",
        "*are",
        "the",
        "families",
        "of",
        "the",
        "sons",
        "of",
        "Noah,",
        "after",
        "their",
        "generations,",
        "in",
        "their",
        "nations:",
        "and",
        "by",
        "these",
        "were",
        "the",
        "nations",
        "divided",
        "in",
        "the",
        "earth",
        "after",
        "the",
        "flood."
      ],
      "header": "",
      "footer": ""
    }
  ]
}