{
  "book_name": "Genesis",
  "chapter": 11,
  "verses": [
    {
      "book_name": "Genesis",
      "chapter": 11,
      "verse": 1,
      "text": [
        "And",
        "the",
        "whole",
        "earth",
        "was",
        "of",
        "one",
        "language,",
        "and",
        "of",
        "one",
        "speech."
      ],
      "header": "",
      "footer": ""
    },
    {
      "book_name": "Genesis",
      "chapter": 11,
      "verse": 2,
      "text": [
        "And",
        "it",
        "came",
        "to",
        "pass,",
        "as",
        "they",
        "journeyed",
        "from",
        "the",
        "east,",
        "that",
        "they",
        "found",
        "a",
        "plain",
        "in",
        "the",
        "land",
        "of",
        "Shinar;",
        "and",
        "they",
        "dwelt",
        "there."
      ],
      "header": "",
      "footer": ""
    },
    {
      "book_name": "Genesis",
      "chapter": 11,
      "verse": 3,
      "text": [
        "And",
        "they",
        "said",
        "one",
        "to",
        "another,",
        "Go",
        "to,",
        "let",
        "us",
        "make",
        "brick,",
        "and",
        "burn",
        "them",
        "throughly.",
        "And",
        "they",
        "had",
        "brick",
        "for",
        "stone,",
        "and",
        "slime",
        "had",
        "they",
        "for",
        "morter."
      ],
      "header": "",
      "footer": ""
    },
    {
      "book_name": "Genesis",
      "chapter": 11,
      "verse": 4,
      "text": [
        "And",
        "they",
        "said,",
        "Go",
        "to,",
        "let",
        "us",
        "build",
        "us",
        "a",
        "city",
        "and",
        "a",
        "tower,",
        "whose",
        "top",
        "*may",
        "*reach",
        "unto",
        "heaven;",
        "and",
        "let",
        "us",
        "make",
        "us",
        "a",
        "name,",
        "lest",
        "we",
        "be",
        "scattered",
        "abroad",
        "upon",
        "the",
        "face",
        "of",
        "the",
        "whole",
        "earth."
      ],
      "header": "",
      "footer": ""
    },
    {
      "book_name": "Genesis",
      "chapter": 11,
      "verse": 5,
      "text": [
        "And",
        "the",
        "Lᴏʀᴅ",
        "came",
        "down",
        "to",
        "see",
        "the",
        "city",
        "and",
        "the",
        "tower,",
        "which",
        "the",
        "children",
        "of",
        "men",
        "builded."
      ],
      "header": "",
      "footer": ""
    },
    {
      "book_name": "Genesis",
      "chapter": 11,
      "verse": 6,
      "text": [
        "And",
        "the",
        "Lᴏʀᴅ",
        "said,",
        "Behold,",
        "the",
        "people",
        "*is",
        "one,",
        "and",
        "they",
        "have",
        "all",
        "one",
        "language;",
        "and",
        "this",
        "they",
        "begin",
        "to",
        "do:",
        "and",
        "now",
        "nothing",
        "will",
        "be",
        "restrained",
        "from",
        "them,",
        "which",
        "they",
        "have",
        "imagined",
        "to",
        "do."
      ],
      "header": "",
      "footer": ""
    },
    {
      "book_name": "Genesis",
      "chapter": 11,
      "verse": 7,
      "text": [
        "Go",
        "to,",
        "let",
        "us",
        "go",
        "down,",
        "and",
        "there",
        "confound",
        "their",
        "language,",
        "that",
        "they",
        "may",
        "not",
        "understand",
        "one",
        "another's",
        "speech."
      ],
      "header": "",
      "footer": ""
    },
    {
      "book_name": "Genesis",
      "chapter": 11,
      "verse": 8,
      "text": [
        "So",
        "the",
        "Lᴏʀᴅ",
        "scattered",
        "them",
        "abroad",
        "from",
        "thence",
        "upon",
        "the",
        "face",
        "of",
        "all",
        "the",
        "earth:",
        "and",
        "they",
        "left",
        "off",
        "to",
        "build",
        "the",
        "city."
      ],
      "header": "",
      "footer": ""
    },
    {
      "book_name": "Genesis",
      "chapter": 11,
      "verse": 9,
      "text": [
        "Therefore",
        "is",
        "the",
        "name",
        "of",
        "it",
        "called",
        "Babel;",
        "because",
        "the",
        "Lᴏʀᴅ",
        "did",
        "there",
        "confound",
        "the",
        "language",
        "of",
        "all",
        "the",
        "earth:",
        "and",
        "from",
        "thence",
        "did",
        "the",
        "Lᴏʀᴅ",
        "scatter",
        "them",
        "abroad",
        "upon",
        "the",
        "face",
        "of",
        "all",
        "the",
        "earth."
      ],
      "header": "",
      "footer": ""
    },
    {
      "book_name": "Genesis",
      "chapter": 11,
      "verse": 10,
      "text": [
        "¶",
        "These",
        "*are",
        "the",
        "generations",
        "of",
        "Shem:",
        "Shem",
        "*was",
        "an",
        "hundred",
        "years",
        "old,",
        "and",
        "begat",
        "Arphaxad",
        "two",
        "years",
        "after",
        "the",
        "flood:"
      ],
      "header": "",
      "footer": ""
    },
    {
      "book_name": "Genesis",
      "chapter": 11,
      "verse": 11,
      "text": [
        "And",
        "Shem",
        "lived",
        "after",
        "he",
        "begat",
        "Arphaxad",
        "five",
        "hundred",
        "years,",
        "and",
        "begat",
        "sons",
        "and",
        "daughters."
      ],
      "header": "",
      "footer": ""
    },
    {
      "book_name": "Genesis",
      "chapter": 11,
      "verse": 12,
      "text": [
        "And",
        "Arphaxad",
        "lived",
        "five",
        "and",
        "thirty",
        "years,",
        "and",
        "begat",
        "Salah:"
      ],
      "header": "",
      "footer": ""
    },
    {
      "book_name": "Genesis",
      "chapter": 11,
      "verse": 13,
      "text": [
        "And",
        "Arphaxad",
        "lived",
        "after",
        "he",
        "begat",
        "Salah",
        "four",
        "hundred",
        "and",
        "three",
        "years,",
        "and",
        "begat",
        "sons",
        "and",
        "daughters."
      ],
      "header": "",
      "footer": ""
    },
    {
      "book_name": "Genesis",
      "chapter": 11,
      "verse": 14,
      "text": [
        "And",
        "Salah",
        "lived",
        "thirty",
        "years,",
        "and",
        "begat",
        "Eber:"
      ],
      "header": "",
      "footer": ""
    },
    {
      "book_name": "Genesis",
      "chapter": 11,
      "verse": 15,
      "text": [
        "And",
        "Salah",
        "lived",
        "after",
        "he",
        "begat",
        "Eber",
        "four",
        "hundred",
        "and",
        "three",
        "years,",
        "and",
        "begat",
        "sons",
        "and",
        "daughters."
      ],
      "header": "",
      "footer": ""
    },
    {
      "book_name": "Genesis",
      "chapter": 11,
      "verse": 16,
      "text": [
        "And",
        "Eber",
        "lived",
        "four",
        "and",
        "thirty",
        "years,",
        "and",
        "begat",
        "Peleg:"
      ],
      "header": "",
      "footer": ""
    },
    {
      "book_name": "Genesis",
      "chapter": 11,
      "verse": 17,
      "text": [
        "And",
        "Eber",
        "lived",
        "after",
        "he",
        "begat",
        "Peleg",
        "four",
        "hundred",
        "and",
        "thirty",
        "years,",
        "and",
        "begat",
        "sons",
        "and",
        "daughters."
      ],
      "header": "",
      "footer": ""
    },
    {
      "book_name": "Genesis",
      "chapter": 11,
      "verse": 18,
      "text": [
        "And",
        "Peleg",
        "lived",
        "thirty",
        "years,",
        "and",
        "begat",
        "Reu:"
      ],
      "header": "",
      "footer": ""
    },
    {
      "book_name": "Genesis",
      "chapter": 11,
      "verse": 19,
      "text": [
        "And",
        "Peleg",
        "lived",
        "after",
        "he",
        "begat",
        "Reu",
        "two",
        "hundred",
        "and",
        "nine",
        "years,",
        "and",
        "begat",
        "sons",
        "and",
        "daughters."
      ],
      "header": "",
      "footer": ""
    },
    {
      "book_name": "Genesis",
      "chapter": 11,
      "verse": 20,
      "text": [
        "And",
        "Reu",
        "lived",
        "two",
        "and",
        "thirty",
        "years,",
        "and",
        "begat",
        "Serug:"
      ],
      "header": "",
      "footer": ""
    },
    {
      "book_name": "Genesis",
      "chapter": 11,
      "verse": 21,
      "text": [
        "And",
        "Reu",
        "lived",
        "after",
        "he",
        "begat",
        "Serug",
        "two",
        "hundred",
        "and",
        "seven",
        "years,",
        "and",
        "begat",
        "sons",
        "and",
        "daughters."
      ],
      "header": "",
      "footer": ""
    },
    {
      "book_name": "Genesis",
      "chapter": 11,
      "verse": 22,
      "text": [
        "And",
        "Serug",
        "lived",
        "thirty",
        "years,",
        "and",
        "begat",
        "Nahor:"
      ],
      "header": "",
      "footer": ""
    },
    {
      "book_name": "Genesis",
      "chapter": 11,
      "verse": 23,
      "text": [
        "And",
        "Serug",
        "lived",
        "after",
        "he",
        "begat",
        "Nahor",
        "two",
        "hundred",
        "years,",
        "and",
        "begat",
        "sons",
        "and",
        "daughters."
      ],
      "header": "",
      "footer": ""
    },
    {
      "book_name": "Genesis",
      "chapter": 11,
      "verse": 24,
      "text": [
        "And",
        "Nahor",
        "lived",
        "nine",
        "and",
        "twenty",
        "years,",
        "and",
        "begat",
        "Terah:"
      ],
      "header": "",
      "footer": ""
    },
    {
      "book_name": "Genesis",
      "chapter": 11,
      "verse": 25,
      "text": [
        "And",
        "Nahor",
        "lived",
        "after",
        "he",
        "begat",
        "Terah",
        "an",
        "hundred",
        "and",
        "nineteen",
        "years,",
        "and",
        "begat",
        "sons",
        "and",
        "daughters."
      ],
      "header": "",
      "footer": ""
    },
    {
      "book_name": "Genesis",
      "chapter": 11,
      "verse": 26,
      "text": [
        "And",
        "Terah",
        "lived",
        "seventy",
        "years,",
        "and",
        "begat",
        "Abram,",
        "Nahor,",
        "and",
        "Haran."
      ],
      "header": "",
      "footer": ""
    },
    {
      "book_name": "Genesis",
      "chapter": 11,
      "verse": 27,
      "text": [
        "¶",
        "Now",
        "these",
        "*are",
        "the",
        "generations",
        "of",
        "Terah:",
        "Terah",
        "begat",
        "Abram,",
        "Nahor,",
        "and",
        "Haran;",
        "and",
        "Haran",
        "begat",
        "Lot."
      ],
      "header": "",
      "footer": ""
    },
    {
      "book_name": "Genesis",
      "chapter": 11,
      "verse": 28,
      "text": [
        "And",
        "Haran",
        "died",
        "before",
        "his",
        "father",
        "Terah",
        "in",
        "the",
        "land",
        "of",
        "his",
        "nativity,",
        "in",
        "Ur",
        "of",
        "the",
        "Chaldees."
      ],
      "header": "",
      "footer": ""
    },
    {
      "book_name": "Genesis",
      "chapter": 11,
      "verse": 29,
      "text": [
        "And",
        "Abram",
        "and",
        "Nahor",
        "took",
        "them",
        "wives:",
        "the",
        "name",
        "of",
        "Abram's",
        "wife",
        "*was",
        "Sarai;",
        "and",
        "the",
        "name",
        "of",
        "Nahor's",
        "wife,",
        "Milcah,",
        "the",
        "daughter",
        "of",
        "Haran,",
        "the",
        "father",
        "of",
        "Milcah,",
        "and",
        "the",
        "father",
        "of",
        "Iscah."
      ],
      "header": "",
      "footer": ""
    },
    {
      "book_name": "Genesis",
      "chapter": 11,
      "verse": 30,
      "text": [
        "But",
        "Sarai",
        "was",
        "barren;",
        "she",
        "*had",
        "no",
        "child."
      ],
      "header": "",
      "footer": ""
    },
    {
      "book_name": "Genesis",
      "chapter": 11,
      "verse": 31,
      "text": [
        "And",
        "Terah",
        "took",
        "Abram",
        "his",
        "son,",
        "and",
        "Lot",
        "the",
        "son",
        "of",
        "Haran",
        "his",
        "son's",
        "son,",
        "and",
        "Sarai",
        "his",
        "daughter",
        "in",
        "law,",
        "his",
        "son",
        "Abram's",
        "wife;",
        "and",
        "they",
        "went",
        "forth",
        "with",
        "them",
        "from",
        "Ur",
        "of",
        "the",
        "Chaldees,",
        "to",
        "go",
        "into",
        "the",
        "land",
        "of",
        "Canaan;",
        "and",
        "they",
        "came",
        "unto",
        "Haran,",
        "and",
        "dwelt",
        "there."
      ],
      "header": "",
      "footer": ""
    },
    {
      "book_name": "Genesis",
      "chapter": 11,
      "verse": 32,
      "text": [
        "And",
        "the",
        "days",
        "of",
        "Terah",
        "were",
        "two",
        "hundred",
        "and",
        "five",
        "years:",
        "and",
        "Terah",
        "died",
        "in",
        "Haran."
      ],
      "header": "",
      "footer": ""
    }
  ]
}