{
  "book_name": "Genesis",
  "chapter": 16,
  "verses": [
    {
      "book_name": "Genesis",
      "chapter": 16,
      "verse": 1,
      "text": [
        "Now",
        "Sarai",
        "Abram's",
        "wife",
        "bare",
        "him",
        "no",
        "children:",
        "and",
        "she",
        "had",
        "an",
        "handmaid,",
        "an",
        "Egyptian,",
        "whose",
        "name",
        "*was",
        "Hagar."
      ],
      "header": "",
      "footer": ""
    },
    {
      "book_name": "Genesis",
      "chapter": 16,
      "verse": 2,
      "text": [
        "And",
        "Sarai",
        "said",
        "unto",
        "Abram,",
        "Behold",
        "now,",
        "the",
        "Lᴏʀᴅ",
        "hath",
        "restrained",
        "me",
        "from",
        "bearing:",
        "I",
        "pray",
        "thee,",
        "go",
        "in",
        "unto",
        "my",
        "maid;",
        "it",
        "may",
        "be",
        "that",
        "I",
        "may",
        "obtain",
        "children",
        "by",
        "her.",
        "And",
        "Abram",
        "hearkened",
        "to",
        "the",
        "voice",
        "of",
        "Sarai."
      ],
      "header": "",
      "footer": ""
    },
    {
      "book_name": "Genesis",
      "chapter": 16,
      "verse": 3,
      "text": [
        "And",
        "Sarai",
        "Abram's",
        "wife",
        "took",
        "Hagar",
        "her",
        "maid",
        "the",
        "Egyptian,",
        "after",
        "Abram",
        "had",
        "dwelt",
        "ten",
        "years",
        "in",
        "the",
        "land",
        "of",
        "Canaan,",
        "and",
        "gave",
        "her",
        "to",
        "her",
        "husband",
        "Abram",
        "to",
        "be",
        "his",
        "wife."
      ],
      "header": "",
      "footer": ""
    },
    {
      "book_name": "Genesis",
      "chapter": 16,
      "verse": 4,
      "text": [
        "¶",
        "And",
        "he",
        "went",
        "in",
        "unto",
        "Hagar,",
        "and",
        "she",
        "conceived:",
        "and",
        "when",
        "she",
        "saw",
        "that",
        "she",
        "had",
        "conceived,",
        "her",
        "mistress",
        "was",
        "despised",
        "in",
        "her",
        "eyes."
      ],
      "header": "",
      "footer": ""
    },
    {
      "book_name": "Genesis",
      "chapter": 16,
      "verse": 5,
      "text": [
        "And",
        "Sarai",
        "said",
        "unto",
        "Abram,",
        "My",
        "wrong",
        "*be",
        "upon",
        "thee:",
        "I",
        "have",
        "given",
        "my",
        "maid",
        "into",
        "thy",
        "bosom;",
        "and",
        "when",
        "she",
        "saw",
        "that",
        "she",
        "had",
        "conceived,",
        "I",
        "was",
        "despised",
        "in",
        "her",
        "eyes:",
        "the",
        "Lᴏʀᴅ",
        "judge",
        "between",
        "me",
        "and",
        "thee."
      ],
      "header": "",
      "footer": ""
    },
    {
      "book_name": "Genesis",
      "chapter": 16,
      "verse": 6,
      "text": [
        "But",
        "Abram",
        "said",
        "unto",
        "Sarai,",
        "Behold,",
        "thy",
        "maid",
        "*is",
        "in",
        "thy",
        "hand;",
        "do",
        "to",
        "her",
        "as",
        "it",
        "pleaseth",
        "thee.",
        "And",
        "when",
        "Sarai",
        "dealt",
        "hardly",
        "with",
        "her,",
        "she",
        "fled",
        "from",
        "her",
        "face."
      ],
      "header": "",
      "footer": ""
    },
    {
      "book_name": "Genesis",
      "chapter": 16,
      "verse": 7,
      "text": [
        "¶",
        "And",
        "the",
        "angel",
        "of",
        "the",
        "Lᴏʀᴅ",
        "found",
        "her",
        "by",
        "a",
        "fountain",
        "of",
        "water",
        "in",
        "the",
        "wilderness,",
        "by",
        "the",
        "fountain",
        "in",
        "the",
        "way",
        "to",
        "Shur."
      ],
      "header": "",
      "footer": ""
    },
    {
      "book_name": "Genesis",
      "chapter": 16,
      "verse": 8,
      "text": [
        "And",
        "he",
        "said,",
        "Hagar,",
        "Sarai's",
        "maid,",
        "whence",
        "camest",
        "thou?",
        "and",
        "whither",
        "wilt",
        "thou",
        "go?",
        "And",
        "she",
        "said,",
        "I",
        "flee",
        "from",
        "the",
        "face",
        "of",
        "my",
        "mistress",
        "Sarai."
      ],
      "header": "",
      "footer": ""
    },
    {
      "book_name": "Genesis",
      "chapter": 16,
      "verse": 9,
      "text": [
        "And",
        "the",
        "angel",
        "of",
        "the",
        "Lᴏʀᴅ",
        "said",
        "unto",
        "her,",
        "Return",
        "to",
        "thy",
        "mistress,",
        "and",
        "submit",
        "thyself",
        "under",
        "her",
        "hands."
      ],
      "header": "",
      "footer": ""
    },
    {
      "book_name": "Genesis",
      "chapter": 16,
      "verse": 10,
      "text": [
        "And",
        "the",
        "angel",
        "of",
        "the",
        "Lᴏʀᴅ",
        "said",
        "unto",
        "her,",
        "I",
        "will",
        "multiply",
        "thy",
        "seed",
        "exceedingly,",
        "that",
        "it",
        "shall",
        "not",
        "be",
        "numbered",
        "for",
        "multitude."
      ],
      "header": "",
      "footer": ""
    },
    {
      "book_name": "Genesis",
      "chapter": 16,
      "verse": 11,
      "text": [
        "And",
        "the",
        "angel",
        "of",
        "the",
        "Lᴏʀᴅ",
        "said",
        "unto",
        "her,",
        "Behold,",
        "thou",
        "*art",
        "with",
        "child,",
        "and",
        "shalt",
        "bear",
        "a",
        "son,",
        "and",
        "shalt",
        "call",
        "his",
        "name",
        "Ishmael;",
        "because",
        "the",
        "Lᴏʀᴅ",
        "hath",
        "heard",
        "thy",
        "affliction."
      ],
      "header": "",
      "footer": ""
    },
    {
      "book_name": "Genesis",
      "chapter": 16,
      "verse": 12,
      "text": [
        "And",
        "he",
        "will",
        "be",
        "a",
        "wild",
        "man;",
        "his",
        "hand",
        "*will",
        "*be",
        "against",
        "every",
        "man,",
        "and",
        "every",
        "man's",
        "hand",
        "against",
        "him;",
        "and",
        "he",
        "shall",
        "dwell",
        "in",
        "the",
        "presence",
        "of",
        "all",
        "his",
        "brethren."
      ],
      "header": "",
      "footer": ""
    },
    {
      "book_name": "Genesis",
      "chapter": 16,
      "verse": 13,
      "text": [
        "And",
        "she",
        "called",
        "the",
        "name",
        "of",
        "the",
        "Lᴏʀᴅ",
        "that",
        "spake",
        "unto",
        "her,",
        "Thou",
        "God",
        "seest",
        "me:",
        "for",
        "she",
        "said,",
        "Have",
        "I",
        "also",
        "here",
        "looked",
        "after",
        "him",
        "that",
        "seeth",
        "me?"
      ],
      "header": "",
      "footer": ""
    },
    {
      "book_name": "Genesis",
      "chapter": 16,
      "verse": 14,
      "text": [
        "Wherefore",
        "the",
        "well",
        "was",
        "called",
        "Beerlahairoi;",
        "behold,",
        "*it",
        "*is",
        "between",
        "Kadesh",
        "and",
        "Bered."
      ],
      "header": "",
      "footer": ""
    },
    {
      "book_name": "Genesis",
      "chapter": 16,
      "verse": 15,
      "text": [
        "¶",
        "And",
        "Hagar",
        "bare",
        "Abram",
        "a",
        "son:",
        "and",
        "Abram",
        "called",
        "his",
        "son's",
        "name,",
        "which",
        "Hagar",
        "bare,",
        "Ishmael."
      ],
      "header": "",
      "footer": ""
    },
    {
      "book_name": "Genesis",
      "chapter": 16,
      "verse": 16,
      "text": [
        "And",
        "Abram",
        "*was",
        "fourscore",
        "and",
        "six",
        "years",
        "old,",
        "when",
        "Hagar",
        "bare",
        "Ishmael",
        "to",
        "Abram."
      ],
      "header": "",
      "footer": ""
    }
  ]
}