{
  "book_name": "Genesis",
  "chapter": 5,
  "verses": [
    {
      "book_name": "Genesis",
      "chapter": 5,
      "verse": 1,
      "text": [
        "This",
        "*is",
        "the",
        "book",
        "of",
        "the",
        "generations",
        "of",
        "Adam.",
        "In",
        "the",
        "day",
        "that",
        "God",
        "created",
        "man,",
        "in",
        "the",
        "likeness",
        "of",
        "God",
        "made",
        "he",
        "him;"
      ],
      "header": "",
      "footer": ""
    },
    {
      "book_name": "Genesis",
      "chapter": 5,
      "verse": 2,
      "text": [
        "Male",
        "and",
        "female",
        "created",
        "he",
        "them;",
        "and",
        "blessed",
        "them,",
        "and",
        "called",
        "their",
        "name",
        "Adam,",
        "in",
        "the",
        "day",
        "when",
        "they",
        "were",
        "created."
      ],
      "header": "",
      "footer": ""
    },
    {
      "book_name": "Genesis",
      "chapter": 5,
      "verse": 3,
      "text": [
        "¶",
        "And",
        "Adam",
        "lived",
        "an",
        "hundred",
        "and",
        "thirty",
        "years,",
        "and",
        "begat",
        "*a",
        "*son",
        "in",
        "his",
        "own",
        "likeness,",
        "after",
        "his",
        "image;",
        "and",
        "called",
        "his",
        "name",
        "Seth:"
      ],
      "header": "",
      "footer": ""
    },
    {
      "book_name": "Genesis",
      "chapter": 5,
      "verse": 4,
      "text": [
        "And",
        "the",
        "days",
        "of",
        "Adam",
        "after",
        "he",
        "had",
        "begotten",
        "Seth",
        "were",
        "eight",
        "hundred",
        "years:",
        "and",
        "he",
        "begat",
        "sons",
        "and",
        "daughters:"
      ],
      "header": "",
      "footer": ""
    },
    {
      "book_name": "Genesis",
      "chapter": 5,
      "verse": 5,
      "text": [
        "And",
        "all",
        "the",
        "days",
        "that",
        "Adam",
        "lived",
        "were",
        "nine",
        "hundred",
        "and",
        "thirty",
        "years:",
        "and",
        "he",
        "died."
      ],
      "header": "",
      "footer": ""
    },
    {
      "book_name": "Genesis",
      "chapter": 5,
      "verse": 6,
      "text": [
        "And",
        "Seth",
        "lived",
        "an",
        "hundred",
        "and",
        "five",
        "years,",
        "and",
        "begat",
        "Enos:"
      ],
      "header": "",
      "footer": ""
    },
    {
      "book_name": "Genesis",
      "chapter": 5,
      "verse": 7,
      "text": [
        "And",
        "Seth",
        "lived",
        "after",
        "he",
        "begat",
        "Enos",
        "eight",
        "hundred",
        "and",
        "seven",
        "years,",
        "and",
        "begat",
        "sons",
        "and",
        "daughters:"
      ],
      "header": "",
      "footer": ""
    },
    {
      "book_name": "Genesis",
      "chapter": 5,
      "verse": 8,
      "text": [
        "And",
        "all",
        "the",
        "days",
        "of",
        "Seth",
        "were",
        "nine",
        "hundred",
        "and",
        "twelve",
        "years:",
        "and",
        "he",
        "died."
      ],
      "header": "",
      "footer": ""
    },
    {
      "book_name": "Genesis",
      "chapter": 5,
      "verse": 9,
      "text": [
        "¶",
        "And",
        "Enos",
        "lived",
        "ninety",
        "years,",
        "and",
        "begat",
        "Cainan:"
      ],
      "header": "",
      "footer": ""
    },
    {
      "book_name": "Genesis",
      "chapter": 5,
      "verse": 10,
      "text": [
        "And",
        "Enos",
        "lived",
        "after",
        "he",
        "begat",
        "Cainan",
        "eight",
        "hundred",
        "and",
        "fifteen",
        "years,",
        "and",
        "begat",
        "sons",
        "and",
        "daughters:"
      ],
      "header": "",
      "footer": ""
    },
    {
      "book_name": "Genesis",
      "chapter": 5,
      "verse": 11,
      "text": [
        "And",
        "all",
        "the",
        "days",
        "of",
        "Enos",
        "were",
        "nine",
        "hundred",
        "and",
        "five",
        "years:",
        "and",
        "he",
        "died."
      ],
      "header": "",
      "footer": ""
    },
    {
      "book_name": "Genesis",
      "chapter": 5,
      "verse": 12,
      "text": [
        "¶",
        "And",
        "Cainan",
        "lived",
        "seventy",
        "years,",
        "and",
        "begat",
        "Mahalaleel:"
      ],
      "header": "",
      "footer": ""
    },
    {
      "book_name": "Genesis",
      "chapter": 5,
      "verse": 13,
      "text": [
        "And",
        "Cainan",
        "lived",
        "after",
        "he",
        "begat",
        "Mahalaleel",
        "eight",
        "hundred",
        "and",
        "forty",
        "years,",
        "and",
        "begat",
        "sons",
        "and",
        "daughters:"
      ],
      "header": "",
      "footer": ""
    },
    {
      "book_name": "Genesis",
      "chapter": 5,
      "verse": 14,
      "text": [
        "And",
        "all",
        "the",
        "days",
        "of",
        "Cainan",
        "were",
        "nine",
        "hundred",
        "and",
        "ten",
        "years:",
        "and",
        "he",
        "died."
      ],
      "header": "",
      "footer": ""
    },
    {
      "book_name": "Genesis",
      "chapter": 5,
      "verse": 15,
      "text": [
        "¶",
        "And",
        "Mahalaleel",
        "lived",
        "sixty",
        "and",
        "five",
        "years,",
        "and",
        "begat",
        "Jared:"
      ],
      "header": "",
      "footer": ""
    },
    {
      "book_name": "Genesis",
      "chapter": 5,
      "verse": 16,
      "text": [
        "And",
        "Mahalaleel",
        "lived",
        "after",
        "he",
        "begat",
        "Jared",
        "eight",
        "hundred",
        "and",
        "thirty",
        "years,",
        "and",
        "begat",
        "sons",
        "and",
        "daughters:"
      ],
      "header": "",
      "footer": ""
    },
    {
      "book_name": "Genesis",
      "chapter": 5,
      "verse": 17,
      "text": [
        "And",
        "all",
        "the",
        "days",
        "of",
        "Mahalaleel",
        "were",
        "eight",
        "hundred",
        "ninety",
        "and",
        "five",
        "years:",
        "and",
        "he",
        "died."
      ],
      "header": "",
      "footer": ""
    },
    {
      "book_name": "Genesis",
      "chapter": 5,
      "verse": 18,
      "text": [
        "¶",
        "And",
        "Jared",
        "lived",
        "an",
        "hundred",
        "sixty",
        "and",
        "two",
        "years,",
        "and",
        "he",
        "begat",
        "Enoch:"
      ],
      "header": "",
      "footer": ""
    },
    {
      "book_name": "Genesis",
      "chapter": 5,
      "verse": 19,
      "text": [
        "And",
        "Jared",
        "lived",
        "after",
        "he",
        "begat",
        "Enoch",
        "eight",
        "hundred",
        "years,",
        "and",
        "begat",
        "sons",
        "and",
        "daughters:"
      ],
      "header": "",
      "footer": ""
    },
    {
      "book_name": "Genesis",
      "chapter": 5,
      "verse": 20,
      "text": [
        "And",
        "all",
        "the",
        "days",
        "of",
        "Jared",
        "were",
        "nine",
        "hundred",
        "sixty",
        "and",
        "two",
        "years:",
        "and",
        "he",
        "died."
      ],
      "header": "",
      "footer": ""
    },
    {
      "book_name": "Genesis",
      "chapter": 5,
      "verse": 21,
      "text": [
        "¶",
        "And",
        "Enoch",
        "lived",
        "sixty",
        "and",
        "five",
        "years,",
        "and",
        "begat",
        "Methuselah:"
      ],
      "header": "",
      "footer": ""
    },
    {
      "book_name": "Genesis",
      "chapter": 5,
      "verse": 22,
      "text": [
        "And",
        "Enoch",
        "walked",
        "with",
        "God",
        "after",
        "he",
        "begat",
        "Methuselah",
        "three",
        "hundred",
        "years,",
        "and",
        "begat",
        "sons",
        "and",
        "daughters:"
      ],
      "header": "",
      "footer": ""
    },
    {
      "book_name": "Genesis",
      "chapter": 5,
      "verse": 23,
      "text": [
        "And",
        "all",
        "the",
        "days",
        "of",
        "Enoch",
        "were",
        "three",
        "hundred",
        "sixty",
        "and",
        "five",
        "years:"
      ],
      "header": "",
      "footer": ""
    },
    {
      "book_name": "Genesis",
      "chapter": 5,
      "verse": 24,
      "text": [
        "And",
        "Enoch",
        "walked",
        "with",
        "God:",
        "and",
        "he",
        "*was",
        "not;",
        "for",
        "God",
        "took",
        "him."
      ],
      "header": "",
      "footer": ""
    },
    {
      "book_name": "Genesis",
      "chapter": 5,
      "verse": 25,
      "text": [
        "And",
        "Methuselah",
        "lived",
        "an",
        "hundred",
        "eighty",
        "and",
        "seven",
        "years,",
        "and",
        "begat",
        "Lamech:"
      ],
      "header": "",
      "footer": ""
    },
    {
      "book_name": "Genesis",
      "chapter": 5,
      "verse": 26,
      "text": [
        "And",
        "Methuselah",
        "lived",
        "after",
        "he",
        "begat",
        "Lamech",
        "seven",
        "hundred",
        "eighty",
        "and",
        "two",
        "years,",
        "and",
        "begat",
        "sons",
        "and",
        "daughters:"
      ],
      "header": "",
      "footer": ""
    },
    {
      "book_name": "Genesis",
      "chapter": 5,
      "verse": 27,
      "text": [
        "And",
        "all",
        "the",
        "days",
        "of",
        "Methuselah",
        "were",
        "nine",
        "hundred",
        "sixty",
        "and",
        "nine",
        "years:",
        "and",
        "he",
        "died."
      ],
      "header": "",
      "footer": ""
    },
    {
      "book_name": "Genesis",
      "chapter": 5,
      "verse": 28,
      "text": [
        "¶",
        "And",
        "Lamech",
        "lived",
        "an",
        "hundred",
        "eighty",
        "and",
        "two",
        "years,",
        "and",
        "begat",
        "a",
        "son:"
      ],
      "header": "",
      "footer": ""
    },
    {
      "book_name": "Genesis",
      "chapter": 5,
      "verse": 29,
      "text": [
        "And",
        "he",
        "called",
        "his",
        "name",
        "Noah,",
        "saying,",
        "This",
        "*same",
        "shall",
        "comfort",
        "us",
        "concerning",
        "our",
        "work",
        "and",
        "toil",
        "of",
        "our",
        "hands,",
        "because",
        "of",
        "the",
        "ground",
        "which",
        "the",
        "Lᴏʀᴅ",
        "hath",
        "cursed."
      ],
      "header": "",
      "footer": ""
    },
    {
      "book_name": "Genesis",
      "chapter": 5,
      "verse": 30,
      "text": [
        "And",
        "Lamech",
        "lived",
        "after",
        "he",
        "begat",
        "Noah",
        "five",
        "hundred",
        "ninety",
        "and",
        "five",
        "years,",
        "and",
        "begat",
        "sons",
        "and",
        "daughters:"
      ],
      "header": "",
      "footer": ""
    },
    {
      "book_name": "Genesis",
      "chapter": 5,
      "verse": 31,
      "text": [
        "And",
        "all",
        "the",
        "days",
        "of",
        "Lamech",
        "were",
        "seven",
        "hundred",
        "seventy",
        "and",
        "seven",
        "years:",
        "and",
        "he",
        "died."
      ],
      "header": "",
      "footer": ""
    },
    {
      "book_name": "Genesis",
      "chapter": 5,
      "verse": 32,
      "text": [
        "And",
        "Noah",
        "was",
        "five",
        "hundred",
        "years",
        "old:",
        "and",
        "Noah",
        "begat",
        "Shem,",
        "Ham,",
        "and",
        "Japheth."
      ],
      "header": "",
      "footer": ""
    }
  ]
}