{
  "book_name": "Deuteronomy",
  "chapter": 10,
  "verses": [
    {
      "book_name": "Deuteronomy",
      "chapter": 10,
      "verse": 1,
      "text": [
        "At",
        "that",
        "time",
        "the",
        "Lᴏʀᴅ",
        "said",
        "unto",
        "me,",
        "Hew",
        "thee",
        "two",
        "tables",
        "of",
        "stone",
        "like",
        "unto",
        "the",
        "first,",
        "and",
        "come",
        "up",
        "unto",
        "me",
        "into",
        "the",
        "mount,",
        "and",
        "make",
        "thee",
        "an",
        "ark",
        "of",
        "wood."
      ],
      "header": "",
      "footer": ""
    },
    {
      "book_name": "Deuteronomy",
      "chapter": 10,
      "verse": 2,
      "text": [
        "And",
        "I",
        "will",
        "write",
        "on",
        "the",
        "tables",
        "the",
        "words",
        "that",
        "were",
        "in",
        "the",
        "first",
        "tables",
        "which",
        "thou",
        "brakest,",
        "and",
        "thou",
        "shalt",
        "put",
        "them",
        "in",
        "the",
        "ark."
      ],
      "header": "",
      "footer": ""
    },
    {
      "book_name": "Deuteronomy",
      "chapter": 10,
      "verse": 3,
      "text": [
        "And",
        "I",
        "made",
        "an",
        "ark",
        "*of",
        "shittim",
        "wood,",
        "and",
        "hewed",
        "two",
        "tables",
        "of",
        "stone",
        "like",
        "unto",
        "the",
        "first,",
        "and",
        "went",
        "up",
        "into",
        "the",
        "mount,",
        "having",
        "the",
        "two",
        "tables",
        "in",
        "mine",
        "hand."
      ],
      "header": "",
      "footer": ""
    },
    {
      "book_name": "Deuteronomy",
      "chapter": 10,
      "verse": 4,
      "text": [
        "And",
        "he",
        "wrote",
        "on",
        "the",
        "tables,",
        "according",
        "to",
        "the",
        "first",
        "writing,",
        "the",
        "ten",
        "commandments,",
        "which",
        "the",
        "Lᴏʀᴅ",
        "spake",
        "unto",
        "you",
        "in",
        "the",
        "mount",
        "out",
        "of",
        "the",
        "midst",
        "of",
        "the",
        "fire",
        "in",
        "the",
        "day",
        "of",
        "the",
        "assembly:",
        "and",
        "the",
        "Lᴏʀᴅ",
        "gave",
        "them",
        "unto",
        "me."
      ],
      "header": "",
      "footer": ""
    },
    {
      "book_name": "Deuteronomy",
      "chapter": 10,
      "verse": 5,
      "text": [
        "And",
        "I",
        "turned",
        "myself",
        "and",
        "came",
        "down",
        "from",
        "the",
        "mount,",
        "and",
        "put",
        "the",
        "tables",
        "in",
        "the",
        "ark",
        "which",
        "I",
        "had",
        "made;",
        "and",
        "there",
        "they",
        "be,",
        "as",
        "the",
        "Lᴏʀᴅ",
        "commanded",
        "me."
      ],
      "header": "",
      "footer": ""
    },
    {
      "book_name": "Deuteronomy",
      "chapter": 10,
      "verse": 6,
      "text": [
        "¶",
        "And",
        "the",
        "children",
        "of",
        "Israel",
        "took",
        "their",
        "journey",
        "from",
        "Beeroth",
        "of",
        "the",
        "children",
        "of",
        "Jaakan",
        "to",
        "Mosera:",
        "there",
        "Aaron",
        "died,",
        "and",
        "there",
        "he",
        "was",
        "buried;",
        "and",
        "Eleazar",
        "his",
        "son",
        "ministered",
        "in",
        "the",
        "priest's",
        "office",
        "in",
        "his",
        "stead."
      ],
      "header": "",
      "footer": ""
    },
    {
      "book_name": "Deuteronomy",
      "chapter": 10,
      "verse": 7,
      "text": [
        "From",
        "thence",
        "they",
        "journeyed",
        "unto",
        "Gudgodah;",
        "and",
        "from",
        "Gudgodah",
        "to",
        "Jotbath,",
        "a",
        "land",
        "of",
        "rivers",
        "of",
        "waters."
      ],
      "header": "",
      "footer": ""
    },
    {
      "book_name": "Deuteronomy",
      "chapter": 10,
      "verse": 8,
      "text": [
        "¶",
        "At",
        "that",
        "time",
        "the",
        "Lᴏʀᴅ",
        "separated",
        "the",
        "tribe",
        "of",
        "Levi,",
        "to",
        "bear",
        "the",
        "ark",
        "of",
        "the",
        "covenant",
        "of",
        "the",
        "Lᴏʀᴅ,",
        "to",
        "stand",
        "before",
        "the",
        "Lᴏʀᴅ",
        "to",
        "minister",
        "unto",
        "him,",
        "and",
        "to",
        "bless",
        "in",
        "his",
        "name,",
        "unto",
        "this",
        "day."
      ],
      "header": "",
      "footer": ""
    },
    {
      "book_name": "Deuteronomy",
      "chapter": 10,
      "verse": 9,
      "text": [
        "Wherefore",
        "Levi",
        "hath",
        "no",
        "part",
        "nor",
        "inheritance",
        "with",
        "his",
        "brethren;",
        "the",
        "Lᴏʀᴅ",
        "*is",
        "his",
        "inheritance,",
        "according",
        "as",
        "the",
        "Lᴏʀᴅ",
        "thy",
        "God",
        "promised",
        "him."
      ],
      "header": "",
      "footer": ""
    },
    {
      "book_name": "Deuteronomy",
      "chapter": 10,
      "verse": 10,
      "text": [
        "And",
        "I",
        "stayed",
        "in",
        "the",
        "mount,",
        "according",
        "to",
        "the",
        "first",
        "time,",
        "forty",
        "days",
        "and",
        "forty",
        "nights;",
        "and",
        "the",
        "Lᴏʀᴅ",
        "hearkened",
        "unto",
        "me",
        "at",
        "that",
        "time",
        "also,",
        "*and",
        "the",
        "Lᴏʀᴅ",
        "would",
        "not",
        "destroy",
        "thee."
      ],
      "header": "",
      "footer": ""
    },
    {
      "book_name": "Deuteronomy",
      "chapter": 10,
      "verse": 11,
      "text": [
        "And",
        "the",
        "Lᴏʀᴅ",
        "said",
        "unto",
        "me,",
        "Arise,",
        "take",
        "*thy",
        "journey",
        "before",
        "the",
        "people,",
        "that",
        "they",
        "may",
        "go",
        "in",
        "and",
        "possess",
        "the",
        "land,",
        "which",
        "I",
        "sware",
        "unto",
        "their",
        "fathers",
        "to",
        "give",
        "unto",
        "them."
      ],
      "header": "",
      "footer": ""
    },
    {
      "book_name": "Deuteronomy",
      "chapter": 10,
      "verse": 12,
      "text": [
        "¶",
        "And",
        "now,",
        "Israel,",
        "what",
        "doth",
        "the",
        "Lᴏʀᴅ",
        "thy",
        "God",
        "require",
        "of",
        "thee,",
        "but",
        "to",
        "fear",
        "the",
        "Lᴏʀᴅ",
        "thy",
        "God,",
        "to",
        "walk",
        "in",
        "all",
        "his",
        "ways,",
        "and",
        "to",
        "love",
        "him,",
        "and",
        "to",
        "serve",
        "the",
        "Lᴏʀᴅ",
        "thy",
        "God",
        "with",
        "all",
        "thy",
        "heart",
        "and",
        "with",
        "all",
        "thy",
        "soul,"
      ],
      "header": "",
      "footer": ""
    },
    {
      "book_name": "Deuteronomy",
      "chapter": 10,
      "verse": 13,
      "text": [
        "To",
        "keep",
        "the",
        "commandments",
        "of",
        "the",
        "Lᴏʀᴅ,",
        "and",
        "his",
        "statutes,",
        "which",
        "I",
        "command",
        "thee",
        "this",
        "day",
        "for",
        "thy",
        "good?"
      ],
      "header": "",
      "footer": ""
    },
    {
      "book_name": "Deuteronomy",
      "chapter": 10,
      "verse": 14,
      "text": [
        "Behold,",
        "the",
        "heaven",
        "and",
        "the",
        "heaven",
        "of",
        "heavens",
        "*is",
        "the",
        "Lᴏʀᴅ's",
        "thy",
        "God,",
        "the",
        "earth",
        "*also,",
        "with",
        "all",
        "that",
        "therein",
        "*is."
      ],
      "header": "",
      "footer": ""
    },
    {
      "book_name": "Deuteronomy",
      "chapter": 10,
      "verse": 15,
      "text": [
        "Only",
        "the",
        "Lᴏʀᴅ",
        "had",
        "a",
        "delight",
        "in",
        "thy",
        "fathers",
        "to",
        "love",
        "them,",
        "and",
        "he",
        "chose",
        "their",
        "seed",
        "after",
        "them,",
        "*even",
        "you",
        "above",
        "all",
        "people,",
        "as",
        "*it",
        "*is",
        "this",
        "day."
      ],
      "header": "",
      "footer": ""
    },
    {
      "book_name": "Deuteronomy",
      "chapter": 10,
      "verse": 16,
      "text": [
        "Circumcise",
        "therefore",
        "the",
        "foreskin",
        "of",
        "your",
        "heart,",
        "and",
        "be",
        "no",
        "more",
        "stiffnecked."
      ],
      "header": "",
      "footer": ""
    },
    {
      "book_name": "Deuteronomy",
      "chapter": 10,
      "verse": 17,
      "text": [
        "For",
        "the",
        "Lᴏʀᴅ",
        "your",
        "God",
        "*is",
        "God",
        "of",
        "gods,",
        "and",
        "Lord",
        "of",
        "lords,",
        "a",
        "great",
        "God,",
        "a",
        "mighty,",
        "and",
        "a",
        "terrible,",
        "which",
        "regardeth",
        "not",
        "persons,",
        "nor",
        "taketh",
        "reward:"
      ],
      "header": "",
      "footer": ""
    },
    {
      "book_name": "Deuteronomy",
      "chapter": 10,
      "verse": 18,
      "text": [
        "He",
        "doth",
        "execute",
        "the",
        "judgment",
        "of",
        "the",
        "fatherless",
        "and",
        "widow,",
        "and",
        "loveth",
        "the",
        "stranger,",
        "in",
        "giving",
        "him",
        "food",
        "and",
        "raiment."
      ],
      "header": "",
      "footer": ""
    },
    {
      "book_name": "Deuteronomy",
      "chapter": 10,
      "verse": 19,
      "text": [
        "Love",
        "ye",
        "therefore",
        "the",
        "stranger:",
        "for",
        "ye",
        "were",
        "strangers",
        "in",
        "the",
        "land",
        "of",
        "Egypt."
      ],
      "header": "",
      "footer": ""
    },
    {
      "book_name": "Deuteronomy",
      "chapter": 10,
      "verse": 20,
      "text": [
        "Thou",
        "shalt",
        "fear",
        "the",
        "Lᴏʀᴅ",
        "thy",
        "God;",
        "him",
        "shalt",
        "thou",
        "serve,",
        "and",
        "to",
        "him",
        "shalt",
        "thou",
        "cleave,",
        "and",
        "swear",
        "by",
        "his",
        "name."
      ],
      "header": "",
      "footer": ""
    },
    {
      "book_name": "Deuteronomy",
      "chapter": 10,
      "verse": 21,
      "text": [
        "He",
        "*is",
        "thy",
        "praise,",
        "and",
        "he",
        "*is",
        "thy",
        "God,",
        "that",
        "hath",
        "done",
        "for",
        "thee",
        "these",
        "great",
        "and",
        "terrible",
        "things,",
        "which",
        "thine",
        "eyes",
        "have",
        "seen."
      ],
      "header": "",
      "footer": ""
    },
    {
      "book_name": "Deuteronomy",
      "chapter": 10,
      "verse": 22,
      "text": [
        "Thy",
        "fathers",
        "went",
        "down",
        "into",
        "Egypt",
        "with",
        "threescore",
        "and",
        "ten",
        "persons;",
        "and",
        "now",
        "the",
        "Lᴏʀᴅ",
        "thy",
        "God",
        "hath",
        "made",
        "thee",
        "as",
        "the",
        "stars",
        "of",
        "heaven",
        "for",
        "multitude."
      ],
      "header": "",
      "footer": ""
    }
  ]
}