{
  "book_name": "Deuteronomy",
  "chapter": 15,
  "verses": [
    {
      "book_name": "Deuteronomy",
      "chapter": 15,
      "verse": 1,
      "text": [
        "At",
        "the",
        "end",
        "of",
        "*every",
        "seven",
        "years",
        "thou",
        "shalt",
        "make",
        "a",
        "release."
      ],
      "header": "",
      "footer": ""
    },
    {
      "book_name": "Deuteronomy",
      "chapter": 15,
      "verse": 2,
      "text": [
        "And",
        "this",
        "*is",
        "the",
        "manner",
        "of",
        "the",
        "release:",
        "Every",
        "creditor",
        "that",
        "lendeth",
        "*ought",
        "unto",
        "his",
        "neighbour",
        "shall",
        "release",
        "*it;",
        "he",
        "shall",
        "not",
        "exact",
        "*it",
        "of",
        "his",
        "neighbour,",
        "or",
        "of",
        "his",
        "brother;",
        "because",
        "it",
        "is",
        "called",
        "the",
        "Lᴏʀᴅ's",
        "release."
      ],
      "header": "",
      "footer": ""
    },
    {
      "book_name": "Deuteronomy",
      "chapter": 15,
      "verse": 3,
      "text": [
        "Of",
        "a",
        "foreigner",
        "thou",
        "mayest",
        "exact",
        "*it",
        "*again:",
        "but",
        "*that",
        "which",
        "is",
        "thine",
        "with",
        "thy",
        "brother",
        "thine",
        "hand",
        "shall",
        "release;"
      ],
      "header": "",
      "footer": ""
    },
    {
      "book_name": "Deuteronomy",
      "chapter": 15,
      "verse": 4,
      "text": [
        "Save",
        "when",
        "there",
        "shall",
        "be",
        "no",
        "poor",
        "among",
        "you;",
        "for",
        "the",
        "Lᴏʀᴅ",
        "shall",
        "greatly",
        "bless",
        "thee",
        "in",
        "the",
        "land",
        "which",
        "the",
        "Lᴏʀᴅ",
        "thy",
        "God",
        "giveth",
        "thee",
        "*for",
        "an",
        "inheritance",
        "to",
        "possess",
        "it:"
      ],
      "header": "",
      "footer": ""
    },
    {
      "book_name": "Deuteronomy",
      "chapter": 15,
      "verse": 5,
      "text": [
        "Only",
        "if",
        "thou",
        "carefully",
        "hearken",
        "unto",
        "the",
        "voice",
        "of",
        "the",
        "Lᴏʀᴅ",
        "thy",
        "God,",
        "to",
        "observe",
        "to",
        "do",
        "all",
        "these",
        "commandments",
        "which",
        "I",
        "command",
        "thee",
        "this",
        "day."
      ],
      "header": "",
      "footer": ""
    },
    {
      "book_name": "Deuteronomy",
      "chapter": 15,
      "verse": 6,
      "text": [
        "For",
        "the",
        "Lᴏʀᴅ",
        "thy",
        "God",
        "blesseth",
        "thee,",
        "as",
        "he",
        "promised",
        "thee:",
        "and",
        "thou",
        "shalt",
        "lend",
        "unto",
        "many",
        "nations,",
        "but",
        "thou",
        "shalt",
        "not",
        "borrow;",
        "and",
        "thou",
        "shalt",
        "reign",
        "over",
        "many",
        "nations,",
        "but",
        "they",
        "shall",
        "not",
        "reign",
        "over",
        "thee."
      ],
      "header": "",
      "footer": ""
    },
    {
      "book_name": "Deuteronomy",
      "chapter": 15,
      "verse": 7,
      "text": [
        "¶",
        "If",
        "there",
        "be",
        "among",
        "you",
        "a",
        "poor",
        "man",
        "of",
        "one",
        "of",
        "thy",
        "brethren",
        "within",
        "any",
        "of",
        "thy",
        "gates",
        "in",
        "thy",
        "land",
        "which",
        "the",
        "Lᴏʀᴅ",
        "thy",
        "God",
        "giveth",
        "thee,",
        "thou",
        "shalt",
        "not",
        "harden",
        "thine",
        "heart,",
        "nor",
        "shut",
        "thine",
        "hand",
        "from",
        "thy",
        "poor",
        "brother:"
      ],
      "header": "",
      "footer": ""
    },
    {
      "book_name": "Deuteronomy",
      "chapter": 15,
      "verse": 8,
      "text": [
        "But",
        "thou",
        "shalt",
        "open",
        "thine",
        "hand",
        "wide",
        "unto",
        "him,",
        "and",
        "shalt",
        "surely",
        "lend",
        "him",
        "sufficient",
        "for",
        "his",
        "need,",
        "*in",
        "*that",
        "which",
        "he",
        "wanteth."
      ],
      "header": "",
      "footer": ""
    },
    {
      "book_name": "Deuteronomy",
      "chapter": 15,
      "verse": 9,
      "text": [
        "Beware",
        "that",
        "there",
        "be",
        "not",
        "a",
        "thought",
        "in",
        "thy",
        "wicked",
        "heart,",
        "saying,",
        "The",
        "seventh",
        "year,",
        "the",
        "year",
        "of",
        "release,",
        "is",
        "at",
        "hand;",
        "and",
        "thine",
        "eye",
        "be",
        "evil",
        "against",
        "thy",
        "poor",
        "brother,",
        "and",
        "thou",
        "givest",
        "him",
        "nought;",
        "and",
        "he",
        "cry",
        "unto",
        "the",
        "Lᴏʀᴅ",
        "against",
        "thee,",
        "and",
        "it",
        "be",
        "sin",
        "unto",
        "thee."
      ],
      "header": "",
      "footer": ""
    },
    {
      "book_name": "Deuteronomy",
      "chapter": 15,
      "verse": 10,
      "text": [
        "Thou",
        "shalt",
        "surely",
        "give",
        "him,",
        "and",
        "thine",
        "heart",
        "shall",
        "not",
        "be",
        "grieved",
        "when",
        "thou",
        "givest",
        "unto",
        "him:",
        "because",
        "that",
        "for",
        "this",
        "thing",
        "the",
        "Lᴏʀᴅ",
        "thy",
        "God",
        "shall",
        "bless",
        "thee",
        "in",
        "all",
        "thy",
        "works,",
        "and",
        "in",
        "all",
        "that",
        "thou",
        "puttest",
        "thine",
        "hand",
        "unto."
      ],
      "header": "",
      "footer": ""
    },
    {
      "book_name": "Deuteronomy",
      "chapter": 15,
      "verse": 11,
      "text": [
        "For",
        "the",
        "poor",
        "shall",
        "never",
        "cease",
        "out",
        "of",
        "the",
        "land:",
        "therefore",
        "I",
        "command",
        "thee,",
        "saying,",
        "Thou",
        "shalt",
        "open",
        "thine",
        "hand",
        "wide",
        "unto",
        "thy",
        "brother,",
        "to",
        "thy",
        "poor,",
        "and",
        "to",
        "thy",
        "needy,",
        "in",
        "thy",
        "land."
      ],
      "header": "",
      "footer": ""
    },
    {
      "book_name": "Deuteronomy",
      "chapter": 15,
      "verse": 12,
      "text": [
        "¶",
        "*And",
        "if",
        "thy",
        "brother,",
        "an",
        "Hebrew",
        "man,",
        "or",
        "an",
        "Hebrew",
        "woman,",
        "be",
        "sold",
        "unto",
        "thee,",
        "and",
        "serve",
        "thee",
        "six",
        "years;",
        "then",
        "in",
        "the",
        "seventh",
        "year",
        "thou",
        "shalt",
        "let",
        "him",
        "go",
        "free",
        "from",
        "thee."
      ],
      "header": "",
      "footer": ""
    },
    {
      "book_name": "Deuteronomy",
      "chapter": 15,
      "verse": 13,
      "text": [
        "And",
        "when",
        "thou",
        "sendest",
        "him",
        "out",
        "free",
        "from",
        "thee,",
        "thou",
        "shalt",
        "not",
        "let",
        "him",
        "go",
        "away",
        "empty:"
      ],
      "header": "",
      "footer": ""
    },
    {
      "book_name": "Deuteronomy",
      "chapter": 15,
      "verse": 14,
      "text": [
        "Thou",
        "shalt",
        "furnish",
        "him",
        "liberally",
        "out",
        "of",
        "thy",
        "flock,",
        "and",
        "out",
        "of",
        "thy",
        "floor,",
        "and",
        "out",
        "of",
        "thy",
        "winepress:",
        "*of",
        "*that",
        "wherewith",
        "the",
        "Lᴏʀᴅ",
        "thy",
        "God",
        "hath",
        "blessed",
        "thee",
        "thou",
        "shalt",
        "give",
        "unto",
        "him."
      ],
      "header": "",
      "footer": ""
    },
    {
      "book_name": "Deuteronomy",
      "chapter": 15,
      "verse": 15,
      "text": [
        "And",
        "thou",
        "shalt",
        "remember",
        "that",
        "thou",
        "wast",
        "a",
        "bondman",
        "in",
        "the",
        "land",
        "of",
        "Egypt,",
        "and",
        "the",
        "Lᴏʀᴅ",
        "thy",
        "God",
        "redeemed",
        "thee:",
        "therefore",
        "I",
        "command",
        "thee",
        "this",
        "thing",
        "to",
        "day."
      ],
      "header": "",
      "footer": ""
    },
    {
      "book_name": "Deuteronomy",
      "chapter": 15,
      "verse": 16,
      "text": [
        "And",
        "it",
        "shall",
        "be,",
        "if",
        "he",
        "say",
        "unto",
        "thee,",
        "I",
        "will",
        "not",
        "go",
        "away",
        "from",
        "thee;",
        "because",
        "he",
        "loveth",
        "thee",
        "and",
        "thine",
        "house,",
        "because",
        "he",
        "is",
        "well",
        "with",
        "thee;"
      ],
      "header": "",
      "footer": ""
    },
    {
      "book_name": "Deuteronomy",
      "chapter": 15,
      "verse": 17,
      "text": [
        "Then",
        "thou",
        "shalt",
        "take",
        "an",
        "aul,",
        "and",
        "thrust",
        "*it",
        "through",
        "his",
        "ear",
        "unto",
        "the",
        "door,",
        "and",
        "he",
        "shall",
        "be",
        "thy",
        "servant",
        "for",
        "ever.",
        "And",
        "also",
        "unto",
        "thy",
        "maidservant",
        "thou",
        "shalt",
        "do",
        "likewise."
      ],
      "header": "",
      "footer": ""
    },
    {
      "book_name": "Deuteronomy",
      "chapter": 15,
      "verse": 18,
      "text": [
        "It",
        "shall",
        "not",
        "seem",
        "hard",
        "unto",
        "thee,",
        "when",
        "thou",
        "sendest",
        "him",
        "away",
        "free",
        "from",
        "thee;",
        "for",
        "he",
        "hath",
        "been",
        "worth",
        "a",
        "double",
        "hired",
        "servant",
        "*to",
        "*thee,",
        "in",
        "serving",
        "thee",
        "six",
        "years:",
        "and",
        "the",
        "Lᴏʀᴅ",
        "thy",
        "God",
        "shall",
        "bless",
        "thee",
        "in",
        "all",
        "that",
        "thou",
        "doest."
      ],
      "header": "",
      "footer": ""
    },
    {
      "book_name": "Deuteronomy",
      "chapter": 15,
      "verse": 19,
      "text": [
        "¶",
        "All",
        "the",
        "firstling",
        "males",
        "that",
        "come",
        "of",
        "thy",
        "herd",
        "and",
        "of",
        "thy",
        "flock",
        "thou",
        "shalt",
        "sanctify",
        "unto",
        "the",
        "Lᴏʀᴅ",
        "thy",
        "God:",
        "thou",
        "shalt",
        "do",
        "no",
        "work",
        "with",
        "the",
        "firstling",
        "of",
        "thy",
        "bullock,",
        "nor",
        "shear",
        "the",
        "firstling",
        "of",
        "thy",
        "sheep."
      ],
      "header": "",
      "footer": ""
    },
    {
      "book_name": "Deuteronomy",
      "chapter": 15,
      "verse": 20,
      "text": [
        "Thou",
        "shalt",
        "eat",
        "*it",
        "before",
        "the",
        "Lᴏʀᴅ",
        "thy",
        "God",
        "year",
        "by",
        "year",
        "in",
        "the",
        "place",
        "which",
        "the",
        "Lᴏʀᴅ",
        "shall",
        "choose,",
        "thou",
        "and",
        "thy",
        "household."
      ],
      "header": "",
      "footer": ""
    },
    {
      "book_name": "Deuteronomy",
      "chapter": 15,
      "verse": 21,
      "text": [
        "And",
        "if",
        "there",
        "be",
        "*any",
        "blemish",
        "therein,",
        "*as",
        "*if",
        "*it",
        "*be",
        "lame,",
        "or",
        "blind,",
        "*or",
        "*have",
        "any",
        "ill",
        "blemish,",
        "thou",
        "shalt",
        "not",
        "sacrifice",
        "it",
        "unto",
        "the",
        "Lᴏʀᴅ",
        "thy",
        "God."
      ],
      "header": "",
      "footer": ""
    },
    {
      "book_name": "Deuteronomy",
      "chapter": 15,
      "verse": 22,
      "text": [
        "Thou",
        "shalt",
        "eat",
        "it",
        "within",
        "thy",
        "gates:",
        "the",
        "unclean",
        "and",
        "the",
        "clean",
        "*person",
        "*shall",
        "*eat",
        "*it",
        "alike,",
        "as",
        "the",
        "roebuck,",
        "and",
        "as",
        "the",
        "hart."
      ],
      "header": "",
      "footer": ""
    },
    {
      "book_name": "Deuteronomy",
      "chapter": 15,
      "verse": 23,
      "text": [
        "Only",
        "thou",
        "shalt",
        "not",
        "eat",
        "the",
        "blood",
        "thereof;",
        "thou",
        "shalt",
        "pour",
        "it",
        "upon",
        "the",
        "ground",
        "as",
        "water."
      ],
      "header": "",
      "footer": ""
    }
  ]
}