{
  "book_name": "Deuteronomy",
  "chapter": 16,
  "verses": [
    {
      "book_name": "Deuteronomy",
      "chapter": 16,
      "verse": 1,
      "text": [
        "Observe",
        "the",
        "month",
        "of",
        "Abib,",
        "and",
        "keep",
        "the",
        "passover",
        "unto",
        "the",
        "Lᴏʀᴅ",
        "thy",
        "God:",
        "for",
        "in",
        "the",
        "month",
        "of",
        "Abib",
        "the",
        "Lᴏʀᴅ",
        "thy",
        "God",
        "brought",
        "thee",
        "forth",
        "out",
        "of",
        "Egypt",
        "by",
        "night."
      ],
      "header": "",
      "footer": ""
    },
    {
      "book_name": "Deuteronomy",
      "chapter": 16,
      "verse": 2,
      "text": [
        "Thou",
        "shalt",
        "therefore",
        "sacrifice",
        "the",
        "passover",
        "unto",
        "the",
        "Lᴏʀᴅ",
        "thy",
        "God,",
        "of",
        "the",
        "flock",
        "and",
        "the",
        "herd,",
        "in",
        "the",
        "place",
        "which",
        "the",
        "Lᴏʀᴅ",
        "shall",
        "choose",
        "to",
        "place",
        "his",
        "name",
        "there."
      ],
      "header": "",
      "footer": ""
    },
    {
      "book_name": "Deuteronomy",
      "chapter": 16,
      "verse": 3,
      "text": [
        "Thou",
        "shalt",
        "eat",
        "no",
        "leavened",
        "bread",
        "with",
        "it;",
        "seven",
        "days",
        "shalt",
        "thou",
        "eat",
        "unleavened",
        "bread",
        "therewith,",
        "*even",
        "the",
        "bread",
        "of",
        "affliction;",
        "for",
        "thou",
        "camest",
        "forth",
        "out",
        "of",
        "the",
        "land",
        "of",
        "Egypt",
        "in",
        "haste:",
        "that",
        "thou",
        "mayest",
        "remember",
        "the",
        "day",
        "when",
        "thou",
        "camest",
        "forth",
        "out",
        "of",
        "the",
        "land",
        "of",
        "Egypt",
        "all",
        "the",
        "days",
        "of",
        "thy",
        "life."
      ],
      "header": "",
      "footer": ""
    },
    {
      "book_name": "Deuteronomy",
      "chapter": 16,
      "verse": 4,
      "text": [
        "And",
        "there",
        "shall",
        "be",
        "no",
        "leavened",
        "bread",
        "seen",
        "with",
        "thee",
        "in",
        "all",
        "thy",
        "coast",
        "seven",
        "days;",
        "neither",
        "shall",
        "there",
        "*any",
        "*thing",
        "of",
        "the",
        "flesh,",
        "which",
        "thou",
        "sacrificedst",
        "the",
        "first",
        "day",
        "at",
        "even,",
        "remain",
        "all",
        "night",
        "until",
        "the",
        "morning."
      ],
      "header": "",
      "footer": ""
    },
    {
      "book_name": "Deuteronomy",
      "chapter": 16,
      "verse": 5,
      "text": [
        "Thou",
        "mayest",
        "not",
        "sacrifice",
        "the",
        "passover",
        "within",
        "any",
        "of",
        "thy",
        "gates,",
        "which",
        "the",
        "Lᴏʀᴅ",
        "thy",
        "God",
        "giveth",
        "thee:"
      ],
      "header": "",
      "footer": ""
    },
    {
      "book_name": "Deuteronomy",
      "chapter": 16,
      "verse": 6,
      "text": [
        "But",
        "at",
        "the",
        "place",
        "which",
        "the",
        "Lᴏʀᴅ",
        "thy",
        "God",
        "shall",
        "choose",
        "to",
        "place",
        "his",
        "name",
        "in,",
        "there",
        "thou",
        "shalt",
        "sacrifice",
        "the",
        "passover",
        "at",
        "even,",
        "at",
        "the",
        "going",
        "down",
        "of",
        "the",
        "sun,",
        "at",
        "the",
        "season",
        "that",
        "thou",
        "camest",
        "forth",
        "out",
        "of",
        "Egypt."
      ],
      "header": "",
      "footer": ""
    },
    {
      "book_name": "Deuteronomy",
      "chapter": 16,
      "verse": 7,
      "text": [
        "And",
        "thou",
        "shalt",
        "roast",
        "and",
        "eat",
        "*it",
        "in",
        "the",
        "place",
        "which",
        "the",
        "Lᴏʀᴅ",
        "thy",
        "God",
        "shall",
        "choose:",
        "and",
        "thou",
        "shalt",
        "turn",
        "in",
        "the",
        "morning,",
        "and",
        "go",
        "unto",
        "thy",
        "tents."
      ],
      "header": "",
      "footer": ""
    },
    {
      "book_name": "Deuteronomy",
      "chapter": 16,
      "verse": 8,
      "text": [
        "Six",
        "days",
        "thou",
        "shalt",
        "eat",
        "unleavened",
        "bread:",
        "and",
        "on",
        "the",
        "seventh",
        "day",
        "*shall",
        "*be",
        "a",
        "solemn",
        "assembly",
        "to",
        "the",
        "Lᴏʀᴅ",
        "thy",
        "God:",
        "thou",
        "shalt",
        "do",
        "no",
        "work",
        "*therein."
      ],
      "header": "",
      "footer": ""
    },
    {
      "book_name": "Deuteronomy",
      "chapter": 16,
      "verse": 9,
      "text": [
        "¶",
        "Seven",
        "weeks",
        "shalt",
        "thou",
        "number",
        "unto",
        "thee:",
        "begin",
        "to",
        "number",
        "the",
        "seven",
        "weeks",
        "from",
        "*such",
        "*time",
        "*as",
        "thou",
        "beginnest",
        "*to",
        "*put",
        "the",
        "sickle",
        "to",
        "the",
        "corn."
      ],
      "header": "",
      "footer": ""
    },
    {
      "book_name": "Deuteronomy",
      "chapter": 16,
      "verse": 10,
      "text": [
        "And",
        "thou",
        "shalt",
        "keep",
        "the",
        "feast",
        "of",
        "weeks",
        "unto",
        "the",
        "Lᴏʀᴅ",
        "thy",
        "God",
        "with",
        "a",
        "tribute",
        "of",
        "a",
        "freewill",
        "offering",
        "of",
        "thine",
        "hand,",
        "which",
        "thou",
        "shalt",
        "give",
        "*unto",
        "*the",
        "*Lᴏʀᴅ",
        "*thy",
        "*God,",
        "according",
        "as",
        "the",
        "Lᴏʀᴅ",
        "thy",
        "God",
        "hath",
        "blessed",
        "thee:"
      ],
      "header": "",
      "footer": ""
    },
    {
      "book_name": "Deuteronomy",
      "chapter": 16,
      "verse": 11,
      "text": [
        "And",
        "thou",
        "shalt",
        "rejoice",
        "before",
        "the",
        "Lᴏʀᴅ",
        "thy",
        "God,",
        "thou,",
        "and",
        "thy",
        "son,",
        "and",
        "thy",
        "daughter,",
        "and",
        "thy",
        "manservant,",
        "and",
        "thy",
        "maidservant,",
        "and",
        "the",
        "Levite",
        "that",
        "*is",
        "within",
        "thy",
        "gates,",
        "and",
        "the",
        "stranger,",
        "and",
        "the",
        "fatherless,",
        "and",
        "the",
        "widow,",
        "that",
        "*are",
        "among",
        "you,",
        "in",
        "the",
        "place",
        "which",
        "the",
        "Lᴏʀᴅ",
        "thy",
        "God",
        "hath",
        "chosen",
        "to",
        "place",
        "his",
        "name",
        "there."
      ],
      "header": "",
      "footer": ""
    },
    {
      "book_name": "Deuteronomy",
      "chapter": 16,
      "verse": 12,
      "text": [
        "And",
        "thou",
        "shalt",
        "remember",
        "that",
        "thou",
        "wast",
        "a",
        "bondman",
        "in",
        "Egypt:",
        "and",
        "thou",
        "shalt",
        "observe",
        "and",
        "do",
        "these",
        "statutes."
      ],
      "header": "",
      "footer": ""
    },
    {
      "book_name": "Deuteronomy",
      "chapter": 16,
      "verse": 13,
      "text": [
        "¶",
        "Thou",
        "shalt",
        "observe",
        "the",
        "feast",
        "of",
        "tabernacles",
        "seven",
        "days,",
        "after",
        "that",
        "thou",
        "hast",
        "gathered",
        "in",
        "thy",
        "corn",
        "and",
        "thy",
        "wine:"
      ],
      "header": "",
      "footer": ""
    },
    {
      "book_name": "Deuteronomy",
      "chapter": 16,
      "verse": 14,
      "text": [
        "And",
        "thou",
        "shalt",
        "rejoice",
        "in",
        "thy",
        "feast,",
        "thou,",
        "and",
        "thy",
        "son,",
        "and",
        "thy",
        "daughter,",
        "and",
        "thy",
        "manservant,",
        "and",
        "thy",
        "maidservant,",
        "and",
        "the",
        "Levite,",
        "the",
        "stranger,",
        "and",
        "the",
        "fatherless,",
        "and",
        "the",
        "widow,",
        "that",
        "*are",
        "within",
        "thy",
        "gates."
      ],
      "header": "",
      "footer": ""
    },
    {
      "book_name": "Deuteronomy",
      "chapter": 16,
      "verse": 15,
      "text": [
        "Seven",
        "days",
        "shalt",
        "thou",
        "keep",
        "a",
        "solemn",
        "feast",
        "unto",
        "the",
        "Lᴏʀᴅ",
        "thy",
        "God",
        "in",
        "the",
        "place",
        "which",
        "the",
        "Lᴏʀᴅ",
        "shall",
        "choose:",
        "because",
        "the",
        "Lᴏʀᴅ",
        "thy",
        "God",
        "shall",
        "bless",
        "thee",
        "in",
        "all",
        "thine",
        "increase,",
        "and",
        "in",
        "all",
        "the",
        "works",
        "of",
        "thine",
        "hands,",
        "therefore",
        "thou",
        "shalt",
        "surely",
        "rejoice."
      ],
      "header": "",
      "footer": ""
    },
    {
      "book_name": "Deuteronomy",
      "chapter": 16,
      "verse": 16,
      "text": [
        "¶",
        "Three",
        "times",
        "in",
        "a",
        "year",
        "shall",
        "all",
        "thy",
        "males",
        "appear",
        "before",
        "the",
        "Lᴏʀᴅ",
        "thy",
        "God",
        "in",
        "the",
        "place",
        "which",
        "he",
        "shall",
        "choose;",
        "in",
        "the",
        "feast",
        "of",
        "unleavened",
        "bread,",
        "and",
        "in",
        "the",
        "feast",
        "of",
        "weeks,",
        "and",
        "in",
        "the",
        "feast",
        "of",
        "tabernacles:",
        "and",
        "they",
        "shall",
        "not",
        "appear",
        "before",
        "the",
        "Lᴏʀᴅ",
        "empty:"
      ],
      "header": "",
      "footer": ""
    },
    {
      "book_name": "Deuteronomy",
      "chapter": 16,
      "verse": 17,
      "text": [
        "Every",
        "man",
        "*shall",
        "*give",
        "as",
        "he",
        "is",
        "able,",
        "according",
        "to",
        "the",
        "blessing",
        "of",
        "the",
        "Lᴏʀᴅ",
        "thy",
        "God",
        "which",
        "he",
        "hath",
        "given",
        "thee."
      ],
      "header": "",
      "footer": ""
    },
    {
      "book_name": "Deuteronomy",
      "chapter": 16,
      "verse": 18,
      "text": [
        "¶",
        "Judges",
        "and",
        "officers",
        "shalt",
        "thou",
        "make",
        "thee",
        "in",
        "all",
        "thy",
        "gates,",
        "which",
        "the",
        "Lᴏʀᴅ",
        "thy",
        "God",
        "giveth",
        "thee,",
        "throughout",
        "thy",
        "tribes:",
        "and",
        "they",
        "shall",
        "judge",
        "the",
        "people",
        "with",
        "just",
        "judgment."
      ],
      "header": "",
      "footer": ""
    },
    {
      "book_name": "Deuteronomy",
      "chapter": 16,
      "verse": 19,
      "text": [
        "Thou",
        "shalt",
        "not",
        "wrest",
        "judgment;",
        "thou",
        "shalt",
        "not",
        "respect",
        "persons,",
        "neither",
        "take",
        "a",
        "gift:",
        "for",
        "a",
        "gift",
        "doth",
        "blind",
        "the",
        "eyes",
        "of",
        "the",
        "wise,",
        "and",
        "pervert",
        "the",
        "words",
        "of",
        "the",
        "righteous."
      ],
      "header": "",
      "footer": ""
    },
    {
      "book_name": "Deuteronomy",
      "chapter": 16,
      "verse": 20,
      "text": [
        "That",
        "which",
        "is",
        "altogether",
        "just",
        "shalt",
        "thou",
        "follow,",
        "that",
        "thou",
        "mayest",
        "live,",
        "and",
        "inherit",
        "the",
        "land",
        "which",
        "the",
        "Lᴏʀᴅ",
        "thy",
        "God",
        "giveth",
        "thee."
      ],
      "header": "",
      "footer": ""
    },
    {
      "book_name": "Deuteronomy",
      "chapter": 16,
      "verse": 21,
      "text": [
        "¶",
        "Thou",
        "shalt",
        "not",
        "plant",
        "thee",
        "a",
        "grove",
        "of",
        "any",
        "trees",
        "near",
        "unto",
        "the",
        "altar",
        "of",
        "the",
        "Lᴏʀᴅ",
        "thy",
        "God,",
        "which",
        "thou",
        "shalt",
        "make",
        "thee."
      ],
      "header": "",
      "footer": ""
    },
    {
      "book_name": "Deuteronomy",
      "chapter": 16,
      "verse": 22,
      "text": [
        "Neither",
        "shalt",
        "thou",
        "set",
        "thee",
        "up",
        "*any",
        "image;",
        "which",
        "the",
        "Lᴏʀᴅ",
        "thy",
        "God",
        "hateth."
      ],
      "header": "",
      "footer": ""
    }
  ]
}