{
  "book_name": "Deuteronomy",
  "chapter": 18,
  "verses": [
    {
      "book_name": "Deuteronomy",
      "chapter": 18,
      "verse": 1,
      "text": [
        "The",
        "priests",
        "the",
        "Levites,",
        "*and",
        "all",
        "the",
        "tribe",
        "of",
        "Levi,",
        "shall",
        "have",
        "no",
        "part",
        "nor",
        "inheritance",
        "with",
        "Israel:",
        "they",
        "shall",
        "eat",
        "the",
        "offerings",
        "of",
        "the",
        "Lᴏʀᴅ",
        "made",
        "by",
        "fire,",
        "and",
        "his",
        "inheritance."
      ],
      "header": "",
      "footer": ""
    },
    {
      "book_name": "Deuteronomy",
      "chapter": 18,
      "verse": 2,
      "text": [
        "Therefore",
        "shall",
        "they",
        "have",
        "no",
        "inheritance",
        "among",
        "their",
        "brethren:",
        "the",
        "Lᴏʀᴅ",
        "*is",
        "their",
        "inheritance,",
        "as",
        "he",
        "hath",
        "said",
        "unto",
        "them."
      ],
      "header": "",
      "footer": ""
    },
    {
      "book_name": "Deuteronomy",
      "chapter": 18,
      "verse": 3,
      "text": [
        "¶",
        "And",
        "this",
        "shall",
        "be",
        "the",
        "priest's",
        "due",
        "from",
        "the",
        "people,",
        "from",
        "them",
        "that",
        "offer",
        "a",
        "sacrifice,",
        "whether",
        "*it",
        "*be",
        "ox",
        "or",
        "sheep;",
        "and",
        "they",
        "shall",
        "give",
        "unto",
        "the",
        "priest",
        "the",
        "shoulder,",
        "and",
        "the",
        "two",
        "cheeks,",
        "and",
        "the",
        "maw."
      ],
      "header": "",
      "footer": ""
    },
    {
      "book_name": "Deuteronomy",
      "chapter": 18,
      "verse": 4,
      "text": [
        "The",
        "firstfruit",
        "*also",
        "of",
        "thy",
        "corn,",
        "of",
        "thy",
        "wine,",
        "and",
        "of",
        "thine",
        "oil,",
        "and",
        "the",
        "first",
        "of",
        "the",
        "fleece",
        "of",
        "thy",
        "sheep,",
        "shalt",
        "thou",
        "give",
        "him."
      ],
      "header": "",
      "footer": ""
    },
    {
      "book_name": "Deuteronomy",
      "chapter": 18,
      "verse": 5,
      "text": [
        "For",
        "the",
        "Lᴏʀᴅ",
        "thy",
        "God",
        "hath",
        "chosen",
        "him",
        "out",
        "of",
        "all",
        "thy",
        "tribes,",
        "to",
        "stand",
        "to",
        "minister",
        "in",
        "the",
        "name",
        "of",
        "the",
        "Lᴏʀᴅ,",
        "him",
        "and",
        "his",
        "sons",
        "for",
        "ever."
      ],
      "header": "",
      "footer": ""
    },
    {
      "book_name": "Deuteronomy",
      "chapter": 18,
      "verse": 6,
      "text": [
        "¶",
        "And",
        "if",
        "a",
        "Levite",
        "come",
        "from",
        "any",
        "of",
        "thy",
        "gates",
        "out",
        "of",
        "all",
        "Israel,",
        "where",
        "he",
        "sojourned,",
        "and",
        "come",
        "with",
        "all",
        "the",
        "desire",
        "of",
        "his",
        "mind",
        "unto",
        "the",
        "place",
        "which",
        "the",
        "Lᴏʀᴅ",
        "shall",
        "choose;"
      ],
      "header": "",
      "footer": ""
    },
    {
      "book_name": "Deuteronomy",
      "chapter": 18,
      "verse": 7,
      "text": [
        "Then",
        "he",
        "shall",
        "minister",
        "in",
        "the",
        "name",
        "of",
        "the",
        "Lᴏʀᴅ",
        "his",
        "God,",
        "as",
        "all",
        "his",
        "brethren",
        "the",
        "Levites",
        "*do,",
        "which",
        "stand",
        "there",
        "before",
        "the",
        "Lᴏʀᴅ."
      ],
      "header": "",
      "footer": ""
    },
    {
      "book_name": "Deuteronomy",
      "chapter": 18,
      "verse": 8,
      "text": [
        "They",
        "shall",
        "have",
        "like",
        "portions",
        "to",
        "eat,",
        "beside",
        "that",
        "which",
        "cometh",
        "of",
        "the",
        "sale",
        "of",
        "his",
        "patrimony."
      ],
      "header": "",
      "footer": ""
    },
    {
      "book_name": "Deuteronomy",
      "chapter": 18,
      "verse": 9,
      "text": [
        "¶",
        "When",
        "thou",
        "art",
        "come",
        "into",
        "the",
        "land",
        "which",
        "the",
        "Lᴏʀᴅ",
        "thy",
        "God",
        "giveth",
        "thee,",
        "thou",
        "shalt",
        "not",
        "learn",
        "to",
        "do",
        "after",
        "the",
        "abominations",
        "of",
        "those",
        "nations."
      ],
      "header": "",
      "footer": ""
    },
    {
      "book_name": "Deuteronomy",
      "chapter": 18,
      "verse": 10,
      "text": [
        "There",
        "shall",
        "not",
        "be",
        "found",
        "among",
        "you",
        "*any",
        "*one",
        "that",
        "maketh",
        "his",
        "son",
        "or",
        "his",
        "daughter",
        "to",
        "pass",
        "through",
        "the",
        "fire,",
        "*or",
        "that",
        "useth",
        "divination,",
        "*or",
        "an",
        "observer",
        "of",
        "times,",
        "or",
        "an",
        "enchanter,",
        "or",
        "a",
        "witch,"
      ],
      "header": "",
      "footer": ""
    },
    {
      "book_name": "Deuteronomy",
      "chapter": 18,
      "verse": 11,
      "text": [
        "Or",
        "a",
        "charmer,",
        "or",
        "a",
        "consulter",
        "with",
        "familiar",
        "spirits,",
        "or",
        "a",
        "wizard,",
        "or",
        "a",
        "necromancer."
      ],
      "header": "",
      "footer": ""
    },
    {
      "book_name": "Deuteronomy",
      "chapter": 18,
      "verse": 12,
      "text": [
        "For",
        "all",
        "that",
        "do",
        "these",
        "things",
        "*are",
        "an",
        "abomination",
        "unto",
        "the",
        "Lᴏʀᴅ:",
        "and",
        "because",
        "of",
        "these",
        "abominations",
        "the",
        "Lᴏʀᴅ",
        "thy",
        "God",
        "doth",
        "drive",
        "them",
        "out",
        "from",
        "before",
        "thee."
      ],
      "header": "",
      "footer": ""
    },
    {
      "book_name": "Deuteronomy",
      "chapter": 18,
      "verse": 13,
      "text": [
        "Thou",
        "shalt",
        "be",
        "perfect",
        "with",
        "the",
        "Lᴏʀᴅ",
        "thy",
        "God."
      ],
      "header": "",
      "footer": ""
    },
    {
      "book_name": "Deuteronomy",
      "chapter": 18,
      "verse": 14,
      "text": [
        "For",
        "these",
        "nations,",
        "which",
        "thou",
        "shalt",
        "possess,",
        "hearkened",
        "unto",
        "observers",
        "of",
        "times,",
        "and",
        "unto",
        "diviners:",
        "but",
        "as",
        "for",
        "thee,",
        "the",
        "Lᴏʀᴅ",
        "thy",
        "God",
        "hath",
        "not",
        "suffered",
        "thee",
        "so",
        "*to",
        "*do."
      ],
      "header": "",
      "footer": ""
    },
    {
      "book_name": "Deuteronomy",
      "chapter": 18,
      "verse": 15,
      "text": [
        "¶",
        "The",
        "Lᴏʀᴅ",
        "thy",
        "God",
        "will",
        "raise",
        "up",
        "unto",
        "thee",
        "a",
        "Prophet",
        "from",
        "the",
        "midst",
        "of",
        "thee,",
        "of",
        "thy",
        "brethren,",
        "like",
        "unto",
        "me;",
        "unto",
        "him",
        "ye",
        "shall",
        "hearken;"
      ],
      "header": "",
      "footer": ""
    },
    {
      "book_name": "Deuteronomy",
      "chapter": 18,
      "verse": 16,
      "text": [
        "According",
        "to",
        "all",
        "that",
        "thou",
        "desiredst",
        "of",
        "the",
        "Lᴏʀᴅ",
        "thy",
        "God",
        "in",
        "Horeb",
        "in",
        "the",
        "day",
        "of",
        "the",
        "assembly,",
        "saying,",
        "Let",
        "me",
        "not",
        "hear",
        "again",
        "the",
        "voice",
        "of",
        "the",
        "Lᴏʀᴅ",
        "my",
        "God,",
        "neither",
        "let",
        "me",
        "see",
        "this",
        "great",
        "fire",
        "any",
        "more,",
        "that",
        "I",
        "die",
        "not."
      ],
      "header": "",
      "footer": ""
    },
    {
      "book_name": "Deuteronomy",
      "chapter": 18,
      "verse": 17,
      "text": [
        "And",
        "the",
        "Lᴏʀᴅ",
        "said",
        "unto",
        "me,",
        "They",
        "have",
        "well",
        "*spoken",
        "*that",
        "which",
        "they",
        "have",
        "spoken."
      ],
      "header": "",
      "footer": ""
    },
    {
      "book_name": "Deuteronomy",
      "chapter": 18,
      "verse": 18,
      "text": [
        "I",
        "will",
        "raise",
        "them",
        "up",
        "a",
        "Prophet",
        "from",
        "among",
        "their",
        "brethren,",
        "like",
        "unto",
        "thee,",
        "and",
        "will",
        "put",
        "my",
        "words",
        "in",
        "his",
        "mouth;",
        "and",
        "he",
        "shall",
        "speak",
        "unto",
        "them",
        "all",
        "that",
        "I",
        "shall",
        "command",
        "him."
      ],
      "header": "",
      "footer": ""
    },
    {
      "book_name": "Deuteronomy",
      "chapter": 18,
      "verse": 19,
      "text": [
        "And",
        "it",
        "shall",
        "come",
        "to",
        "pass,",
        "*that",
        "whosoever",
        "will",
        "not",
        "hearken",
        "unto",
        "my",
        "words",
        "which",
        "he",
        "shall",
        "speak",
        "in",
        "my",
        "name,",
        "I",
        "will",
        "require",
        "*it",
        "of",
        "him."
      ],
      "header": "",
      "footer": ""
    },
    {
      "book_name": "Deuteronomy",
      "chapter": 18,
      "verse": 20,
      "text": [
        "But",
        "the",
        "prophet,",
        "which",
        "shall",
        "presume",
        "to",
        "speak",
        "a",
        "word",
        "in",
        "my",
        "name,",
        "which",
        "I",
        "have",
        "not",
        "commanded",
        "him",
        "to",
        "speak,",
        "or",
        "that",
        "shall",
        "speak",
        "in",
        "the",
        "name",
        "of",
        "other",
        "gods,",
        "even",
        "that",
        "prophet",
        "shall",
        "die."
      ],
      "header": "",
      "footer": ""
    },
    {
      "book_name": "Deuteronomy",
      "chapter": 18,
      "verse": 21,
      "text": [
        "And",
        "if",
        "thou",
        "say",
        "in",
        "thine",
        "heart,",
        "How",
        "shall",
        "we",
        "know",
        "the",
        "word",
        "which",
        "the",
        "Lᴏʀᴅ",
        "hath",
        "not",
        "spoken?"
      ],
      "header": "",
      "footer": ""
    },
    {
      "book_name": "Deuteronomy",
      "chapter": 18,
      "verse": 22,
      "text": [
        "When",
        "a",
        "prophet",
        "speaketh",
        "in",
        "the",
        "name",
        "of",
        "the",
        "Lᴏʀᴅ,",
        "if",
        "the",
        "thing",
        "follow",
        "not,",
        "nor",
        "come",
        "to",
        "pass,",
        "that",
        "*is",
        "the",
        "thing",
        "which",
        "the",
        "Lᴏʀᴅ",
        "hath",
        "not",
        "spoken,",
        "*but",
        "the",
        "prophet",
        "hath",
        "spoken",
        "it",
        "presumptuously:",
        "thou",
        "shalt",
        "not",
        "be",
        "afraid",
        "of",
        "him."
      ],
      "header": "",
      "footer": ""
    }
  ]
}