{
  "book_name": "Deuteronomy",
  "chapter": 2,
  "verses": [
    {
      "book_name": "Deuteronomy",
      "chapter": 2,
      "verse": 1,
      "text": [
        "Then",
        "we",
        "turned,",
        "and",
        "took",
        "our",
        "journey",
        "into",
        "the",
        "wilderness",
        "by",
        "the",
        "way",
        "of",
        "the",
        "Red",
        "sea,",
        "as",
        "the",
        "Lᴏʀᴅ",
        "spake",
        "unto",
        "me:",
        "and",
        "we",
        "compassed",
        "mount",
        "Seir",
        "many",
        "days."
      ],
      "header": "",
      "footer": ""
    },
    {
      "book_name": "Deuteronomy",
      "chapter": 2,
      "verse": 2,
      "text": [
        "And",
        "the",
        "Lᴏʀᴅ",
        "spake",
        "unto",
        "me,",
        "saying,"
      ],
      "header": "",
      "footer": ""
    },
    {
      "book_name": "Deuteronomy",
      "chapter": 2,
      "verse": 3,
      "text": [
        "Ye",
        "have",
        "compassed",
        "this",
        "mountain",
        "long",
        "enough:",
        "turn",
        "you",
        "northward."
      ],
      "header": "",
      "footer": ""
    },
    {
      "book_name": "Deuteronomy",
      "chapter": 2,
      "verse": 4,
      "text": [
        "And",
        "command",
        "thou",
        "the",
        "people,",
        "saying,",
        "Ye",
        "*are",
        "to",
        "pass",
        "through",
        "the",
        "coast",
        "of",
        "your",
        "brethren",
        "the",
        "children",
        "of",
        "Esau,",
        "which",
        "dwell",
        "in",
        "Seir;",
        "and",
        "they",
        "shall",
        "be",
        "afraid",
        "of",
        "you:",
        "take",
        "ye",
        "good",
        "heed",
        "unto",
        "yourselves",
        "therefore:"
      ],
      "header": "",
      "footer": ""
    },
    {
      "book_name": "Deuteronomy",
      "chapter": 2,
      "verse": 5,
      "text": [
        "Meddle",
        "not",
        "with",
        "them;",
        "for",
        "I",
        "will",
        "not",
        "give",
        "you",
        "of",
        "their",
        "land,",
        "no,",
        "not",
        "so",
        "much",
        "as",
        "a",
        "foot",
        "breadth;",
        "because",
        "I",
        "have",
        "given",
        "mount",
        "Seir",
        "unto",
        "Esau",
        "*for",
        "a",
        "possession."
      ],
      "header": "",
      "footer": ""
    },
    {
      "book_name": "Deuteronomy",
      "chapter": 2,
      "verse": 6,
      "text": [
        "Ye",
        "shall",
        "buy",
        "meat",
        "of",
        "them",
        "for",
        "money,",
        "that",
        "ye",
        "may",
        "eat;",
        "and",
        "ye",
        "shall",
        "also",
        "buy",
        "water",
        "of",
        "them",
        "for",
        "money,",
        "that",
        "ye",
        "may",
        "drink."
      ],
      "header": "",
      "footer": ""
    },
    {
      "book_name": "Deuteronomy",
      "chapter": 2,
      "verse": 7,
      "text": [
        "For",
        "the",
        "Lᴏʀᴅ",
        "thy",
        "God",
        "hath",
        "blessed",
        "thee",
        "in",
        "all",
        "the",
        "works",
        "of",
        "thy",
        "hand:",
        "he",
        "knoweth",
        "thy",
        "walking",
        "through",
        "this",
        "great",
        "wilderness:",
        "these",
        "forty",
        "years",
        "the",
        "Lᴏʀᴅ",
        "thy",
        "God",
        "*hath",
        "*been",
        "with",
        "thee;",
        "thou",
        "hast",
        "lacked",
        "nothing."
      ],
      "header": "",
      "footer": ""
    },
    {
      "book_name": "Deuteronomy",
      "chapter": 2,
      "verse": 8,
      "text": [
        "And",
        "when",
        "we",
        "passed",
        "by",
        "from",
        "our",
        "brethren",
        "the",
        "children",
        "of",
        "Esau,",
        "which",
        "dwelt",
        "in",
        "Seir,",
        "through",
        "the",
        "way",
        "of",
        "the",
        "plain",
        "from",
        "Elath,",
        "and",
        "from",
        "Eziongaber,",
        "we",
        "turned",
        "and",
        "passed",
        "by",
        "the",
        "way",
        "of",
        "the",
        "wilderness",
        "of",
        "Moab."
      ],
      "header": "",
      "footer": ""
    },
    {
      "book_name": "Deuteronomy",
      "chapter": 2,
      "verse": 9,
      "text": [
        "And",
        "the",
        "Lᴏʀᴅ",
        "said",
        "unto",
        "me,",
        "Distress",
        "not",
        "the",
        "Moabites,",
        "neither",
        "contend",
        "with",
        "them",
        "in",
        "battle:",
        "for",
        "I",
        "will",
        "not",
        "give",
        "thee",
        "of",
        "their",
        "land",
        "*for",
        "a",
        "possession;",
        "because",
        "I",
        "have",
        "given",
        "Ar",
        "unto",
        "the",
        "children",
        "of",
        "Lot",
        "*for",
        "a",
        "possession."
      ],
      "header": "",
      "footer": ""
    },
    {
      "book_name": "Deuteronomy",
      "chapter": 2,
      "verse": 10,
      "text": [
        "The",
        "Emims",
        "dwelt",
        "therein",
        "in",
        "times",
        "past,",
        "a",
        "people",
        "great,",
        "and",
        "many,",
        "and",
        "tall,",
        "as",
        "the",
        "Anakims;"
      ],
      "header": "",
      "footer": ""
    },
    {
      "book_name": "Deuteronomy",
      "chapter": 2,
      "verse": 11,
      "text": [
        "Which",
        "also",
        "were",
        "accounted",
        "giants,",
        "as",
        "the",
        "Anakims;",
        "but",
        "the",
        "Moabites",
        "call",
        "them",
        "Emims."
      ],
      "header": "",
      "footer": ""
    },
    {
      "book_name": "Deuteronomy",
      "chapter": 2,
      "verse": 12,
      "text": [
        "The",
        "Horims",
        "also",
        "dwelt",
        "in",
        "Seir",
        "beforetime;",
        "but",
        "the",
        "children",
        "of",
        "Esau",
        "succeeded",
        "them,",
        "when",
        "they",
        "had",
        "destroyed",
        "them",
        "from",
        "before",
        "them,",
        "and",
        "dwelt",
        "in",
        "their",
        "stead;",
        "as",
        "Israel",
        "did",
        "unto",
        "the",
        "land",
        "of",
        "his",
        "possession,",
        "which",
        "the",
        "Lᴏʀᴅ",
        "gave",
        "unto",
        "them."
      ],
      "header": "",
      "footer": ""
    },
    {
      "book_name": "Deuteronomy",
      "chapter": 2,
      "verse": 13,
      "text": [
        "Now",
        "rise",
        "up,",
        "*said",
        "*I,",
        "and",
        "get",
        "you",
        "over",
        "the",
        "brook",
        "Zered.",
        "And",
        "we",
        "went",
        "over",
        "the",
        "brook",
        "Zered."
      ],
      "header": "",
      "footer": ""
    },
    {
      "book_name": "Deuteronomy",
      "chapter": 2,
      "verse": 14,
      "text": [
        "And",
        "the",
        "space",
        "in",
        "which",
        "we",
        "came",
        "from",
        "Kadeshbarnea,",
        "until",
        "we",
        "were",
        "come",
        "over",
        "the",
        "brook",
        "Zered,",
        "*was",
        "thirty",
        "and",
        "eight",
        "years;",
        "until",
        "all",
        "the",
        "generation",
        "of",
        "the",
        "men",
        "of",
        "war",
        "were",
        "wasted",
        "out",
        "from",
        "among",
        "the",
        "host,",
        "as",
        "the",
        "Lᴏʀᴅ",
        "sware",
        "unto",
        "them."
      ],
      "header": "",
      "footer": ""
    },
    {
      "book_name": "Deuteronomy",
      "chapter": 2,
      "verse": 15,
      "text": [
        "For",
        "indeed",
        "the",
        "hand",
        "of",
        "the",
        "Lᴏʀᴅ",
        "was",
        "against",
        "them,",
        "to",
        "destroy",
        "them",
        "from",
        "among",
        "the",
        "host,",
        "until",
        "they",
        "were",
        "consumed."
      ],
      "header": "",
      "footer": ""
    },
    {
      "book_name": "Deuteronomy",
      "chapter": 2,
      "verse": 16,
      "text": [
        "¶",
        "So",
        "it",
        "came",
        "to",
        "pass,",
        "when",
        "all",
        "the",
        "men",
        "of",
        "war",
        "were",
        "consumed",
        "and",
        "dead",
        "from",
        "among",
        "the",
        "people,"
      ],
      "header": "",
      "footer": ""
    },
    {
      "book_name": "Deuteronomy",
      "chapter": 2,
      "verse": 17,
      "text": [
        "That",
        "the",
        "Lᴏʀᴅ",
        "spake",
        "unto",
        "me,",
        "saying,"
      ],
      "header": "",
      "footer": ""
    },
    {
      "book_name": "Deuteronomy",
      "chapter": 2,
      "verse": 18,
      "text": [
        "Thou",
        "art",
        "to",
        "pass",
        "over",
        "through",
        "Ar,",
        "the",
        "coast",
        "of",
        "Moab,",
        "this",
        "day:"
      ],
      "header": "",
      "footer": ""
    },
    {
      "book_name": "Deuteronomy",
      "chapter": 2,
      "verse": 19,
      "text": [
        "And",
        "*when",
        "thou",
        "comest",
        "nigh",
        "over",
        "against",
        "the",
        "children",
        "of",
        "Ammon,",
        "distress",
        "them",
        "not,",
        "nor",
        "meddle",
        "with",
        "them:",
        "for",
        "I",
        "will",
        "not",
        "give",
        "thee",
        "of",
        "the",
        "land",
        "of",
        "the",
        "children",
        "of",
        "Ammon",
        "*any",
        "possession;",
        "because",
        "I",
        "have",
        "given",
        "it",
        "unto",
        "the",
        "children",
        "of",
        "Lot",
        "*for",
        "a",
        "possession."
      ],
      "header": "",
      "footer": ""
    },
    {
      "book_name": "Deuteronomy",
      "chapter": 2,
      "verse": 20,
      "text": [
        "(That",
        "also",
        "was",
        "accounted",
        "a",
        "land",
        "of",
        "giants:",
        "giants",
        "dwelt",
        "therein",
        "in",
        "old",
        "time;",
        "and",
        "the",
        "Ammonites",
        "call",
        "them",
        "Zamzummims;"
      ],
      "header": "",
      "footer": ""
    },
    {
      "book_name": "Deuteronomy",
      "chapter": 2,
      "verse": 21,
      "text": [
        "A",
        "people",
        "great,",
        "and",
        "many,",
        "and",
        "tall,",
        "as",
        "the",
        "Anakims;",
        "but",
        "the",
        "Lᴏʀᴅ",
        "destroyed",
        "them",
        "before",
        "them;",
        "and",
        "they",
        "succeeded",
        "them,",
        "and",
        "dwelt",
        "in",
        "their",
        "stead:"
      ],
      "header": "",
      "footer": ""
    },
    {
      "book_name": "Deuteronomy",
      "chapter": 2,
      "verse": 22,
      "text": [
        "As",
        "he",
        "did",
        "to",
        "the",
        "children",
        "of",
        "Esau,",
        "which",
        "dwelt",
        "in",
        "Seir,",
        "when",
        "he",
        "destroyed",
        "the",
        "Horims",
        "from",
        "before",
        "them;",
        "and",
        "they",
        "succeeded",
        "them,",
        "and",
        "dwelt",
        "in",
        "their",
        "stead",
        "even",
        "unto",
        "this",
        "day:"
      ],
      "header": "",
      "footer": ""
    },
    {
      "book_name": "Deuteronomy",
      "chapter": 2,
      "verse": 23,
      "text": [
        "And",
        "the",
        "Avims",
        "which",
        "dwelt",
        "in",
        "Hazerim,",
        "*even",
        "unto",
        "Azzah,",
        "the",
        "Caphtorims,",
        "which",
        "came",
        "forth",
        "out",
        "of",
        "Caphtor,",
        "destroyed",
        "them,",
        "and",
        "dwelt",
        "in",
        "their",
        "stead.)"
      ],
      "header": "",
      "footer": ""
    },
    {
      "book_name": "Deuteronomy",
      "chapter": 2,
      "verse": 24,
      "text": [
        "¶",
        "Rise",
        "ye",
        "up,",
        "take",
        "your",
        "journey,",
        "and",
        "pass",
        "over",
        "the",
        "river",
        "Arnon:",
        "behold,",
        "I",
        "have",
        "given",
        "into",
        "thine",
        "hand",
        "Sihon",
        "the",
        "Amorite,",
        "king",
        "of",
        "Heshbon,",
        "and",
        "his",
        "land:",
        "begin",
        "to",
        "possess",
        "*it,",
        "and",
        "contend",
        "with",
        "him",
        "in",
        "battle."
      ],
      "header": "",
      "footer": ""
    },
    {
      "book_name": "Deuteronomy",
      "chapter": 2,
      "verse": 25,
      "text": [
        "This",
        "day",
        "will",
        "I",
        "begin",
        "to",
        "put",
        "the",
        "dread",
        "of",
        "thee",
        "and",
        "the",
        "fear",
        "of",
        "thee",
        "upon",
        "the",
        "nations",
        "*that",
        "*are",
        "under",
        "the",
        "whole",
        "heaven,",
        "who",
        "shall",
        "hear",
        "report",
        "of",
        "thee,",
        "and",
        "shall",
        "tremble,",
        "and",
        "be",
        "in",
        "anguish",
        "because",
        "of",
        "thee."
      ],
      "header": "",
      "footer": ""
    },
    {
      "book_name": "Deuteronomy",
      "chapter": 2,
      "verse": 26,
      "text": [
        "¶",
        "And",
        "I",
        "sent",
        "messengers",
        "out",
        "of",
        "the",
        "wilderness",
        "of",
        "Kedemoth",
        "unto",
        "Sihon",
        "king",
        "of",
        "Heshbon",
        "with",
        "words",
        "of",
        "peace,",
        "saying,"
      ],
      "header": "",
      "footer": ""
    },
    {
      "book_name": "Deuteronomy",
      "chapter": 2,
      "verse": 27,
      "text": [
        "Let",
        "me",
        "pass",
        "through",
        "thy",
        "land:",
        "I",
        "will",
        "go",
        "along",
        "by",
        "the",
        "high",
        "way,",
        "I",
        "will",
        "neither",
        "turn",
        "unto",
        "the",
        "right",
        "hand",
        "nor",
        "to",
        "the",
        "left."
      ],
      "header": "",
      "footer": ""
    },
    {
      "book_name": "Deuteronomy",
      "chapter": 2,
      "verse": 28,
      "text": [
        "Thou",
        "shalt",
        "sell",
        "me",
        "meat",
        "for",
        "money,",
        "that",
        "I",
        "may",
        "eat;",
        "and",
        "give",
        "me",
        "water",
        "for",
        "money,",
        "that",
        "I",
        "may",
        "drink:",
        "only",
        "I",
        "will",
        "pass",
        "through",
        "on",
        "my",
        "feet;"
      ],
      "header": "",
      "footer": ""
    },
    {
      "book_name": "Deuteronomy",
      "chapter": 2,
      "verse": 29,
      "text": [
        "(As",
        "the",
        "children",
        "of",
        "Esau",
        "which",
        "dwell",
        "in",
        "Seir,",
        "and",
        "the",
        "Moabites",
        "which",
        "dwell",
        "in",
        "Ar,",
        "did",
        "unto",
        "me;)",
        "until",
        "I",
        "shall",
        "pass",
        "over",
        "Jordan",
        "into",
        "the",
        "land",
        "which",
        "the",
        "Lᴏʀᴅ",
        "our",
        "God",
        "giveth",
        "us."
      ],
      "header": "",
      "footer": ""
    },
    {
      "book_name": "Deuteronomy",
      "chapter": 2,
      "verse": 30,
      "text": [
        "But",
        "Sihon",
        "king",
        "of",
        "Heshbon",
        "would",
        "not",
        "let",
        "us",
        "pass",
        "by",
        "him:",
        "for",
        "the",
        "Lᴏʀᴅ",
        "thy",
        "God",
        "hardened",
        "his",
        "spirit,",
        "and",
        "made",
        "his",
        "heart",
        "obstinate,",
        "that",
        "he",
        "might",
        "deliver",
        "him",
        "into",
        "thy",
        "hand,",
        "as",
        "*appeareth",
        "this",
        "day."
      ],
      "header": "",
      "footer": ""
    },
    {
      "book_name": "Deuteronomy",
      "chapter": 2,
      "verse": 31,
      "text": [
        "And",
        "the",
        "Lᴏʀᴅ",
        "said",
        "unto",
        "me,",
        "Behold,",
        "I",
        "have",
        "begun",
        "to",
        "give",
        "Sihon",
        "and",
        "his",
        "land",
        "before",
        "thee:",
        "begin",
        "to",
        "possess,",
        "that",
        "thou",
        "mayest",
        "inherit",
        "his",
        "land."
      ],
      "header": "",
      "footer": ""
    },
    {
      "book_name": "Deuteronomy",
      "chapter": 2,
      "verse": 32,
      "text": [
        "Then",
        "Sihon",
        "came",
        "out",
        "against",
        "us,",
        "he",
        "and",
        "all",
        "his",
        "people,",
        "to",
        "fight",
        "at",
        "Jahaz."
      ],
      "header": "",
      "footer": ""
    },
    {
      "book_name": "Deuteronomy",
      "chapter": 2,
      "verse": 33,
      "text": [
        "And",
        "the",
        "Lᴏʀᴅ",
        "our",
        "God",
        "delivered",
        "him",
        "before",
        "us;",
        "and",
        "we",
        "smote",
        "him,",
        "and",
        "his",
        "sons,",
        "and",
        "all",
        "his",
        "people."
      ],
      "header": "",
      "footer": ""
    },
    {
      "book_name": "Deuteronomy",
      "chapter": 2,
      "verse": 34,
      "text": [
        "And",
        "we",
        "took",
        "all",
        "his",
        "cities",
        "at",
        "that",
        "time,",
        "and",
        "utterly",
        "destroyed",
        "the",
        "men,",
        "and",
        "the",
        "women,",
        "and",
        "the",
        "little",
        "ones,",
        "of",
        "every",
        "city,",
        "we",
        "left",
        "none",
        "to",
        "remain:"
      ],
      "header": "",
      "footer": ""
    },
    {
      "book_name": "Deuteronomy",
      "chapter": 2,
      "verse": 35,
      "text": [
        "Only",
        "the",
        "cattle",
        "we",
        "took",
        "for",
        "a",
        "prey",
        "unto",
        "ourselves,",
        "and",
        "the",
        "spoil",
        "of",
        "the",
        "cities",
        "which",
        "we",
        "took."
      ],
      "header": "",
      "footer": ""
    },
    {
      "book_name": "Deuteronomy",
      "chapter": 2,
      "verse": 36,
      "text": [
        "From",
        "Aroer,",
        "which",
        "*is",
        "by",
        "the",
        "brink",
        "of",
        "the",
        "river",
        "of",
        "Arnon,",
        "and",
        "*from",
        "the",
        "city",
        "that",
        "*is",
        "by",
        "the",
        "river,",
        "even",
        "unto",
        "Gilead,",
        "there",
        "was",
        "not",
        "one",
        "city",
        "too",
        "strong",
        "for",
        "us:",
        "the",
        "Lᴏʀᴅ",
        "our",
        "God",
        "delivered",
        "all",
        "unto",
        "us:"
      ],
      "header": "",
      "footer": ""
    },
    {
      "book_name": "Deuteronomy",
      "chapter": 2,
      "verse": 37,
      "text": [
        "Only",
        "unto",
        "the",
        "land",
        "of",
        "the",
        "children",
        "of",
        "Ammon",
        "thou",
        "camest",
        "not,",
        "*nor",
        "unto",
        "any",
        "place",
        "of",
        "the",
        "river",
        "Jabbok,",
        "nor",
        "unto",
        "the",
        "cities",
        "in",
        "the",
        "mountains,",
        "nor",
        "unto",
        "whatsoever",
        "the",
        "Lᴏʀᴅ",
        "our",
        "God",
        "forbad",
        "us."
      ],
      "header": "",
      "footer": ""
    }
  ]
}