{
  "book_name": "Deuteronomy",
  "chapter": 24,
  "verses": [
    {
      "book_name": "Deuteronomy",
      "chapter": 24,
      "verse": 1,
      "text": [
        "When",
        "a",
        "man",
        "hath",
        "taken",
        "a",
        "wife,",
        "and",
        "married",
        "her,",
        "and",
        "it",
        "come",
        "to",
        "pass",
        "that",
        "she",
        "find",
        "no",
        "favour",
        "in",
        "his",
        "eyes,",
        "because",
        "he",
        "hath",
        "found",
        "some",
        "uncleanness",
        "in",
        "her:",
        "then",
        "let",
        "him",
        "write",
        "her",
        "a",
        "bill",
        "of",
        "divorcement,",
        "and",
        "give",
        "*it",
        "in",
        "her",
        "hand,",
        "and",
        "send",
        "her",
        "out",
        "of",
        "his",
        "house."
      ],
      "header": "",
      "footer": ""
    },
    {
      "book_name": "Deuteronomy",
      "chapter": 24,
      "verse": 2,
      "text": [
        "And",
        "when",
        "she",
        "is",
        "departed",
        "out",
        "of",
        "his",
        "house,",
        "she",
        "may",
        "go",
        "and",
        "be",
        "another",
        "man's",
        "*wife."
      ],
      "header": "",
      "footer": ""
    },
    {
      "book_name": "Deuteronomy",
      "chapter": 24,
      "verse": 3,
      "text": [
        "And",
        "*if",
        "the",
        "latter",
        "husband",
        "hate",
        "her,",
        "and",
        "write",
        "her",
        "a",
        "bill",
        "of",
        "divorcement,",
        "and",
        "giveth",
        "*it",
        "in",
        "her",
        "hand,",
        "and",
        "sendeth",
        "her",
        "out",
        "of",
        "his",
        "house;",
        "or",
        "if",
        "the",
        "latter",
        "husband",
        "die,",
        "which",
        "took",
        "her",
        "*to",
        "*be",
        "his",
        "wife;"
      ],
      "header": "",
      "footer": ""
    },
    {
      "book_name": "Deuteronomy",
      "chapter": 24,
      "verse": 4,
      "text": [
        "Her",
        "former",
        "husband,",
        "which",
        "sent",
        "her",
        "away,",
        "may",
        "not",
        "take",
        "her",
        "again",
        "to",
        "be",
        "his",
        "wife,",
        "after",
        "that",
        "she",
        "is",
        "defiled;",
        "for",
        "that",
        "*is",
        "abomination",
        "before",
        "the",
        "Lᴏʀᴅ:",
        "and",
        "thou",
        "shalt",
        "not",
        "cause",
        "the",
        "land",
        "to",
        "sin,",
        "which",
        "the",
        "Lᴏʀᴅ",
        "thy",
        "God",
        "giveth",
        "thee",
        "*for",
        "an",
        "inheritance."
      ],
      "header": "",
      "footer": ""
    },
    {
      "book_name": "Deuteronomy",
      "chapter": 24,
      "verse": 5,
      "text": [
        "¶",
        "When",
        "a",
        "man",
        "hath",
        "taken",
        "a",
        "new",
        "wife,",
        "he",
        "shall",
        "not",
        "go",
        "out",
        "to",
        "war,",
        "neither",
        "shall",
        "he",
        "be",
        "charged",
        "with",
        "any",
        "business:",
        "*but",
        "he",
        "shall",
        "be",
        "free",
        "at",
        "home",
        "one",
        "year,",
        "and",
        "shall",
        "cheer",
        "up",
        "his",
        "wife",
        "which",
        "he",
        "hath",
        "taken."
      ],
      "header": "",
      "footer": ""
    },
    {
      "book_name": "Deuteronomy",
      "chapter": 24,
      "verse": 6,
      "text": [
        "¶",
        "No",
        "man",
        "shall",
        "take",
        "the",
        "nether",
        "or",
        "the",
        "upper",
        "millstone",
        "to",
        "pledge:",
        "for",
        "he",
        "taketh",
        "*a",
        "*man's",
        "life",
        "to",
        "pledge."
      ],
      "header": "",
      "footer": ""
    },
    {
      "book_name": "Deuteronomy",
      "chapter": 24,
      "verse": 7,
      "text": [
        "¶",
        "If",
        "a",
        "man",
        "be",
        "found",
        "stealing",
        "any",
        "of",
        "his",
        "brethren",
        "of",
        "the",
        "children",
        "of",
        "Israel,",
        "and",
        "maketh",
        "merchandise",
        "of",
        "him,",
        "or",
        "selleth",
        "him;",
        "then",
        "that",
        "thief",
        "shall",
        "die;",
        "and",
        "thou",
        "shalt",
        "put",
        "evil",
        "away",
        "from",
        "among",
        "you."
      ],
      "header": "",
      "footer": ""
    },
    {
      "book_name": "Deuteronomy",
      "chapter": 24,
      "verse": 8,
      "text": [
        "¶",
        "Take",
        "heed",
        "in",
        "the",
        "plague",
        "of",
        "leprosy,",
        "that",
        "thou",
        "observe",
        "diligently,",
        "and",
        "do",
        "according",
        "to",
        "all",
        "that",
        "the",
        "priests",
        "the",
        "Levites",
        "shall",
        "teach",
        "you:",
        "as",
        "I",
        "commanded",
        "them,",
        "*so",
        "ye",
        "shall",
        "observe",
        "to",
        "do."
      ],
      "header": "",
      "footer": ""
    },
    {
      "book_name": "Deuteronomy",
      "chapter": 24,
      "verse": 9,
      "text": [
        "Remember",
        "what",
        "the",
        "Lᴏʀᴅ",
        "thy",
        "God",
        "did",
        "unto",
        "Miriam",
        "by",
        "the",
        "way,",
        "after",
        "that",
        "ye",
        "were",
        "come",
        "forth",
        "out",
        "of",
        "Egypt."
      ],
      "header": "",
      "footer": ""
    },
    {
      "book_name": "Deuteronomy",
      "chapter": 24,
      "verse": 10,
      "text": [
        "¶",
        "When",
        "thou",
        "dost",
        "lend",
        "thy",
        "brother",
        "any",
        "thing,",
        "thou",
        "shalt",
        "not",
        "go",
        "into",
        "his",
        "house",
        "to",
        "fetch",
        "his",
        "pledge."
      ],
      "header": "",
      "footer": ""
    },
    {
      "book_name": "Deuteronomy",
      "chapter": 24,
      "verse": 11,
      "text": [
        "Thou",
        "shalt",
        "stand",
        "abroad,",
        "and",
        "the",
        "man",
        "to",
        "whom",
        "thou",
        "dost",
        "lend",
        "shall",
        "bring",
        "out",
        "the",
        "pledge",
        "abroad",
        "unto",
        "thee."
      ],
      "header": "",
      "footer": ""
    },
    {
      "book_name": "Deuteronomy",
      "chapter": 24,
      "verse": 12,
      "text": [
        "And",
        "if",
        "the",
        "man",
        "*be",
        "poor,",
        "thou",
        "shalt",
        "not",
        "sleep",
        "with",
        "his",
        "pledge:"
      ],
      "header": "",
      "footer": ""
    },
    {
      "book_name": "Deuteronomy",
      "chapter": 24,
      "verse": 13,
      "text": [
        "In",
        "any",
        "case",
        "thou",
        "shalt",
        "deliver",
        "him",
        "the",
        "pledge",
        "again",
        "when",
        "the",
        "sun",
        "goeth",
        "down,",
        "that",
        "he",
        "may",
        "sleep",
        "in",
        "his",
        "own",
        "raiment,",
        "and",
        "bless",
        "thee:",
        "and",
        "it",
        "shall",
        "be",
        "righteousness",
        "unto",
        "thee",
        "before",
        "the",
        "Lᴏʀᴅ",
        "thy",
        "God."
      ],
      "header": "",
      "footer": ""
    },
    {
      "book_name": "Deuteronomy",
      "chapter": 24,
      "verse": 14,
      "text": [
        "¶",
        "Thou",
        "shalt",
        "not",
        "oppress",
        "an",
        "hired",
        "servant",
        "*that",
        "*is",
        "poor",
        "and",
        "needy,",
        "*whether",
        "*he",
        "*be",
        "of",
        "thy",
        "brethren,",
        "or",
        "of",
        "thy",
        "strangers",
        "that",
        "*are",
        "in",
        "thy",
        "land",
        "within",
        "thy",
        "gates:"
      ],
      "header": "",
      "footer": ""
    },
    {
      "book_name": "Deuteronomy",
      "chapter": 24,
      "verse": 15,
      "text": [
        "At",
        "his",
        "day",
        "thou",
        "shalt",
        "give",
        "*him",
        "his",
        "hire,",
        "neither",
        "shall",
        "the",
        "sun",
        "go",
        "down",
        "upon",
        "it;",
        "for",
        "he",
        "*is",
        "poor,",
        "and",
        "setteth",
        "his",
        "heart",
        "upon",
        "it:",
        "lest",
        "he",
        "cry",
        "against",
        "thee",
        "unto",
        "the",
        "Lᴏʀᴅ,",
        "and",
        "it",
        "be",
        "sin",
        "unto",
        "thee."
      ],
      "header": "",
      "footer": ""
    },
    {
      "book_name": "Deuteronomy",
      "chapter": 24,
      "verse": 16,
      "text": [
        "The",
        "fathers",
        "shall",
        "not",
        "be",
        "put",
        "to",
        "death",
        "for",
        "the",
        "children,",
        "neither",
        "shall",
        "the",
        "children",
        "be",
        "put",
        "to",
        "death",
        "for",
        "the",
        "fathers:",
        "every",
        "man",
        "shall",
        "be",
        "put",
        "to",
        "death",
        "for",
        "his",
        "own",
        "sin."
      ],
      "header": "",
      "footer": ""
    },
    {
      "book_name": "Deuteronomy",
      "chapter": 24,
      "verse": 17,
      "text": [
        "¶",
        "Thou",
        "shalt",
        "not",
        "pervert",
        "the",
        "judgment",
        "of",
        "the",
        "stranger,",
        "*nor",
        "of",
        "the",
        "fatherless;",
        "nor",
        "take",
        "a",
        "widow's",
        "raiment",
        "to",
        "pledge:"
      ],
      "header": "",
      "footer": ""
    },
    {
      "book_name": "Deuteronomy",
      "chapter": 24,
      "verse": 18,
      "text": [
        "But",
        "thou",
        "shalt",
        "remember",
        "that",
        "thou",
        "wast",
        "a",
        "bondman",
        "in",
        "Egypt,",
        "and",
        "the",
        "Lᴏʀᴅ",
        "thy",
        "God",
        "redeemed",
        "thee",
        "thence:",
        "therefore",
        "I",
        "command",
        "thee",
        "to",
        "do",
        "this",
        "thing."
      ],
      "header": "",
      "footer": ""
    },
    {
      "book_name": "Deuteronomy",
      "chapter": 24,
      "verse": 19,
      "text": [
        "¶",
        "When",
        "thou",
        "cuttest",
        "down",
        "thine",
        "harvest",
        "in",
        "thy",
        "field,",
        "and",
        "hast",
        "forgot",
        "a",
        "sheaf",
        "in",
        "the",
        "field,",
        "thou",
        "shalt",
        "not",
        "go",
        "again",
        "to",
        "fetch",
        "it:",
        "it",
        "shall",
        "be",
        "for",
        "the",
        "stranger,",
        "for",
        "the",
        "fatherless,",
        "and",
        "for",
        "the",
        "widow:",
        "that",
        "the",
        "Lᴏʀᴅ",
        "thy",
        "God",
        "may",
        "bless",
        "thee",
        "in",
        "all",
        "the",
        "work",
        "of",
        "thine",
        "hands."
      ],
      "header": "",
      "footer": ""
    },
    {
      "book_name": "Deuteronomy",
      "chapter": 24,
      "verse": 20,
      "text": [
        "When",
        "thou",
        "beatest",
        "thine",
        "olive",
        "tree,",
        "thou",
        "shalt",
        "not",
        "go",
        "over",
        "the",
        "boughs",
        "again:",
        "it",
        "shall",
        "be",
        "for",
        "the",
        "stranger,",
        "for",
        "the",
        "fatherless,",
        "and",
        "for",
        "the",
        "widow."
      ],
      "header": "",
      "footer": ""
    },
    {
      "book_name": "Deuteronomy",
      "chapter": 24,
      "verse": 21,
      "text": [
        "When",
        "thou",
        "gatherest",
        "the",
        "grapes",
        "of",
        "thy",
        "vineyard,",
        "thou",
        "shalt",
        "not",
        "glean",
        "*it",
        "afterward:",
        "it",
        "shall",
        "be",
        "for",
        "the",
        "stranger,",
        "for",
        "the",
        "fatherless,",
        "and",
        "for",
        "the",
        "widow."
      ],
      "header": "",
      "footer": ""
    },
    {
      "book_name": "Deuteronomy",
      "chapter": 24,
      "verse": 22,
      "text": [
        "And",
        "thou",
        "shalt",
        "remember",
        "that",
        "thou",
        "wast",
        "a",
        "bondman",
        "in",
        "the",
        "land",
        "of",
        "Egypt:",
        "therefore",
        "I",
        "command",
        "thee",
        "to",
        "do",
        "this",
        "thing."
      ],
      "header": "",
      "footer": ""
    }
  ]
}