{
  "book_name": "Deuteronomy",
  "chapter": 26,
  "verses": [
    {
      "book_name": "Deuteronomy",
      "chapter": 26,
      "verse": 1,
      "text": [
        "And",
        "it",
        "shall",
        "be,",
        "when",
        "thou",
        "*art",
        "come",
        "in",
        "unto",
        "the",
        "land",
        "which",
        "the",
        "Lᴏʀᴅ",
        "thy",
        "God",
        "giveth",
        "thee",
        "*for",
        "an",
        "inheritance,",
        "and",
        "possessest",
        "it,",
        "and",
        "dwellest",
        "therein;"
      ],
      "header": "",
      "footer": ""
    },
    {
      "book_name": "Deuteronomy",
      "chapter": 26,
      "verse": 2,
      "text": [
        "That",
        "thou",
        "shalt",
        "take",
        "of",
        "the",
        "first",
        "of",
        "all",
        "the",
        "fruit",
        "of",
        "the",
        "earth,",
        "which",
        "thou",
        "shalt",
        "bring",
        "of",
        "thy",
        "land",
        "that",
        "the",
        "Lᴏʀᴅ",
        "thy",
        "God",
        "giveth",
        "thee,",
        "and",
        "shalt",
        "put",
        "*it",
        "in",
        "a",
        "basket,",
        "and",
        "shalt",
        "go",
        "unto",
        "the",
        "place",
        "which",
        "the",
        "Lᴏʀᴅ",
        "thy",
        "God",
        "shall",
        "choose",
        "to",
        "place",
        "his",
        "name",
        "there."
      ],
      "header": "",
      "footer": ""
    },
    {
      "book_name": "Deuteronomy",
      "chapter": 26,
      "verse": 3,
      "text": [
        "And",
        "thou",
        "shalt",
        "go",
        "unto",
        "the",
        "priest",
        "that",
        "shall",
        "be",
        "in",
        "those",
        "days,",
        "and",
        "say",
        "unto",
        "him,",
        "I",
        "profess",
        "this",
        "day",
        "unto",
        "the",
        "Lᴏʀᴅ",
        "thy",
        "God,",
        "that",
        "I",
        "am",
        "come",
        "unto",
        "the",
        "country",
        "which",
        "the",
        "Lᴏʀᴅ",
        "sware",
        "unto",
        "our",
        "fathers",
        "for",
        "to",
        "give",
        "us."
      ],
      "header": "",
      "footer": ""
    },
    {
      "book_name": "Deuteronomy",
      "chapter": 26,
      "verse": 4,
      "text": [
        "And",
        "the",
        "priest",
        "shall",
        "take",
        "the",
        "basket",
        "out",
        "of",
        "thine",
        "hand,",
        "and",
        "set",
        "it",
        "down",
        "before",
        "the",
        "altar",
        "of",
        "the",
        "Lᴏʀᴅ",
        "thy",
        "God."
      ],
      "header": "",
      "footer": ""
    },
    {
      "book_name": "Deuteronomy",
      "chapter": 26,
      "verse": 5,
      "text": [
        "And",
        "thou",
        "shalt",
        "speak",
        "and",
        "say",
        "before",
        "the",
        "Lᴏʀᴅ",
        "thy",
        "God,",
        "A",
        "Syrian",
        "ready",
        "to",
        "perish",
        "*was",
        "my",
        "father,",
        "and",
        "he",
        "went",
        "down",
        "into",
        "Egypt,",
        "and",
        "sojourned",
        "there",
        "with",
        "a",
        "few,",
        "and",
        "became",
        "there",
        "a",
        "nation,",
        "great,",
        "mighty,",
        "and",
        "populous:"
      ],
      "header": "",
      "footer": ""
    },
    {
      "book_name": "Deuteronomy",
      "chapter": 26,
      "verse": 6,
      "text": [
        "And",
        "the",
        "Egyptians",
        "evil",
        "entreated",
        "us,",
        "and",
        "afflicted",
        "us,",
        "and",
        "laid",
        "upon",
        "us",
        "hard",
        "bondage:"
      ],
      "header": "",
      "footer": ""
    },
    {
      "book_name": "Deuteronomy",
      "chapter": 26,
      "verse": 7,
      "text": [
        "And",
        "when",
        "we",
        "cried",
        "unto",
        "the",
        "Lᴏʀᴅ",
        "God",
        "of",
        "our",
        "fathers,",
        "the",
        "Lᴏʀᴅ",
        "heard",
        "our",
        "voice,",
        "and",
        "looked",
        "on",
        "our",
        "affliction,",
        "and",
        "our",
        "labour,",
        "and",
        "our",
        "oppression:"
      ],
      "header": "",
      "footer": ""
    },
    {
      "book_name": "Deuteronomy",
      "chapter": 26,
      "verse": 8,
      "text": [
        "And",
        "the",
        "Lᴏʀᴅ",
        "brought",
        "us",
        "forth",
        "out",
        "of",
        "Egypt",
        "with",
        "a",
        "mighty",
        "hand,",
        "and",
        "with",
        "an",
        "outstretched",
        "arm,",
        "and",
        "with",
        "great",
        "terribleness,",
        "and",
        "with",
        "signs,",
        "and",
        "with",
        "wonders:"
      ],
      "header": "",
      "footer": ""
    },
    {
      "book_name": "Deuteronomy",
      "chapter": 26,
      "verse": 9,
      "text": [
        "And",
        "he",
        "hath",
        "brought",
        "us",
        "into",
        "this",
        "place,",
        "and",
        "hath",
        "given",
        "us",
        "this",
        "land,",
        "*even",
        "a",
        "land",
        "that",
        "floweth",
        "with",
        "milk",
        "and",
        "honey."
      ],
      "header": "",
      "footer": ""
    },
    {
      "book_name": "Deuteronomy",
      "chapter": 26,
      "verse": 10,
      "text": [
        "And",
        "now,",
        "behold,",
        "I",
        "have",
        "brought",
        "the",
        "firstfruits",
        "of",
        "the",
        "land,",
        "which",
        "thou,",
        "O",
        "Lᴏʀᴅ,",
        "hast",
        "given",
        "me.",
        "And",
        "thou",
        "shalt",
        "set",
        "it",
        "before",
        "the",
        "Lᴏʀᴅ",
        "thy",
        "God,",
        "and",
        "worship",
        "before",
        "the",
        "Lᴏʀᴅ",
        "thy",
        "God:"
      ],
      "header": "",
      "footer": ""
    },
    {
      "book_name": "Deuteronomy",
      "chapter": 26,
      "verse": 11,
      "text": [
        "And",
        "thou",
        "shalt",
        "rejoice",
        "in",
        "every",
        "good",
        "*thing",
        "which",
        "the",
        "Lᴏʀᴅ",
        "thy",
        "God",
        "hath",
        "given",
        "unto",
        "thee,",
        "and",
        "unto",
        "thine",
        "house,",
        "thou,",
        "and",
        "the",
        "Levite,",
        "and",
        "the",
        "stranger",
        "that",
        "*is",
        "among",
        "you."
      ],
      "header": "",
      "footer": ""
    },
    {
      "book_name": "Deuteronomy",
      "chapter": 26,
      "verse": 12,
      "text": [
        "¶",
        "When",
        "thou",
        "hast",
        "made",
        "an",
        "end",
        "of",
        "tithing",
        "all",
        "the",
        "tithes",
        "of",
        "thine",
        "increase",
        "the",
        "third",
        "year,",
        "*which",
        "*is",
        "the",
        "year",
        "of",
        "tithing,",
        "and",
        "hast",
        "given",
        "*it",
        "unto",
        "the",
        "Levite,",
        "the",
        "stranger,",
        "the",
        "fatherless,",
        "and",
        "the",
        "widow,",
        "that",
        "they",
        "may",
        "eat",
        "within",
        "thy",
        "gates,",
        "and",
        "be",
        "filled;"
      ],
      "header": "",
      "footer": ""
    },
    {
      "book_name": "Deuteronomy",
      "chapter": 26,
      "verse": 13,
      "text": [
        "Then",
        "thou",
        "shalt",
        "say",
        "before",
        "the",
        "Lᴏʀᴅ",
        "thy",
        "God,",
        "I",
        "have",
        "brought",
        "away",
        "the",
        "hallowed",
        "things",
        "out",
        "of",
        "*mine",
        "house,",
        "and",
        "also",
        "have",
        "given",
        "them",
        "unto",
        "the",
        "Levite,",
        "and",
        "unto",
        "the",
        "stranger,",
        "to",
        "the",
        "fatherless,",
        "and",
        "to",
        "the",
        "widow,",
        "according",
        "to",
        "all",
        "thy",
        "commandments",
        "which",
        "thou",
        "hast",
        "commanded",
        "me:",
        "I",
        "have",
        "not",
        "transgressed",
        "thy",
        "commandments,",
        "neither",
        "have",
        "I",
        "forgotten",
        "*them:"
      ],
      "header": "",
      "footer": ""
    },
    {
      "book_name": "Deuteronomy",
      "chapter": 26,
      "verse": 14,
      "text": [
        "I",
        "have",
        "not",
        "eaten",
        "thereof",
        "in",
        "my",
        "mourning,",
        "neither",
        "have",
        "I",
        "taken",
        "away",
        "*ought",
        "thereof",
        "for",
        "*any",
        "unclean",
        "*use,",
        "nor",
        "given",
        "*ought",
        "thereof",
        "for",
        "the",
        "dead:",
        "*but",
        "I",
        "have",
        "hearkened",
        "to",
        "the",
        "voice",
        "of",
        "the",
        "Lᴏʀᴅ",
        "my",
        "God,",
        "*and",
        "have",
        "done",
        "according",
        "to",
        "all",
        "that",
        "thou",
        "hast",
        "commanded",
        "me."
      ],
      "header": "",
      "footer": ""
    },
    {
      "book_name": "Deuteronomy",
      "chapter": 26,
      "verse": 15,
      "text": [
        "Look",
        "down",
        "from",
        "thy",
        "holy",
        "habitation,",
        "from",
        "heaven,",
        "and",
        "bless",
        "thy",
        "people",
        "Israel,",
        "and",
        "the",
        "land",
        "which",
        "thou",
        "hast",
        "given",
        "us,",
        "as",
        "thou",
        "swarest",
        "unto",
        "our",
        "fathers,",
        "a",
        "land",
        "that",
        "floweth",
        "with",
        "milk",
        "and",
        "honey."
      ],
      "header": "",
      "footer": ""
    },
    {
      "book_name": "Deuteronomy",
      "chapter": 26,
      "verse": 16,
      "text": [
        "¶",
        "This",
        "day",
        "the",
        "Lᴏʀᴅ",
        "thy",
        "God",
        "hath",
        "commanded",
        "thee",
        "to",
        "do",
        "these",
        "statutes",
        "and",
        "judgments:",
        "thou",
        "shalt",
        "therefore",
        "keep",
        "and",
        "do",
        "them",
        "with",
        "all",
        "thine",
        "heart,",
        "and",
        "with",
        "all",
        "thy",
        "soul."
      ],
      "header": "",
      "footer": ""
    },
    {
      "book_name": "Deuteronomy",
      "chapter": 26,
      "verse": 17,
      "text": [
        "Thou",
        "hast",
        "avouched",
        "the",
        "Lᴏʀᴅ",
        "this",
        "day",
        "to",
        "be",
        "thy",
        "God,",
        "and",
        "to",
        "walk",
        "in",
        "his",
        "ways,",
        "and",
        "to",
        "keep",
        "his",
        "statutes,",
        "and",
        "his",
        "commandments,",
        "and",
        "his",
        "judgments,",
        "and",
        "to",
        "hearken",
        "unto",
        "his",
        "voice:"
      ],
      "header": "",
      "footer": ""
    },
    {
      "book_name": "Deuteronomy",
      "chapter": 26,
      "verse": 18,
      "text": [
        "And",
        "the",
        "Lᴏʀᴅ",
        "hath",
        "avouched",
        "thee",
        "this",
        "day",
        "to",
        "be",
        "his",
        "peculiar",
        "people,",
        "as",
        "he",
        "hath",
        "promised",
        "thee,",
        "and",
        "that",
        "*thou",
        "shouldest",
        "keep",
        "all",
        "his",
        "commandments;"
      ],
      "header": "",
      "footer": ""
    },
    {
      "book_name": "Deuteronomy",
      "chapter": 26,
      "verse": 19,
      "text": [
        "And",
        "to",
        "make",
        "thee",
        "high",
        "above",
        "all",
        "nations",
        "which",
        "he",
        "hath",
        "made,",
        "in",
        "praise,",
        "and",
        "in",
        "name,",
        "and",
        "in",
        "honour;",
        "and",
        "that",
        "thou",
        "mayest",
        "be",
        "an",
        "holy",
        "people",
        "unto",
        "the",
        "Lᴏʀᴅ",
        "thy",
        "God,",
        "as",
        "he",
        "hath",
        "spoken."
      ],
      "header": "",
      "footer": ""
    }
  ]
}