{
  "book_name": "Deuteronomy",
  "chapter": 30,
  "verses": [
    {
      "book_name": "Deuteronomy",
      "chapter": 30,
      "verse": 1,
      "text": [
        "And",
        "it",
        "shall",
        "come",
        "to",
        "pass,",
        "when",
        "all",
        "these",
        "things",
        "are",
        "come",
        "upon",
        "thee,",
        "the",
        "blessing",
        "and",
        "the",
        "curse,",
        "which",
        "I",
        "have",
        "set",
        "before",
        "thee,",
        "and",
        "thou",
        "shalt",
        "call",
        "*them",
        "to",
        "mind",
        "among",
        "all",
        "the",
        "nations,",
        "whither",
        "the",
        "Lᴏʀᴅ",
        "thy",
        "God",
        "hath",
        "driven",
        "thee,"
      ],
      "header": "",
      "footer": ""
    },
    {
      "book_name": "Deuteronomy",
      "chapter": 30,
      "verse": 2,
      "text": [
        "And",
        "shalt",
        "return",
        "unto",
        "the",
        "Lᴏʀᴅ",
        "thy",
        "God,",
        "and",
        "shalt",
        "obey",
        "his",
        "voice",
        "according",
        "to",
        "all",
        "that",
        "I",
        "command",
        "thee",
        "this",
        "day,",
        "thou",
        "and",
        "thy",
        "children,",
        "with",
        "all",
        "thine",
        "heart,",
        "and",
        "with",
        "all",
        "thy",
        "soul;"
      ],
      "header": "",
      "footer": ""
    },
    {
      "book_name": "Deuteronomy",
      "chapter": 30,
      "verse": 3,
      "text": [
        "That",
        "then",
        "the",
        "Lᴏʀᴅ",
        "thy",
        "God",
        "will",
        "turn",
        "thy",
        "captivity,",
        "and",
        "have",
        "compassion",
        "upon",
        "thee,",
        "and",
        "will",
        "return",
        "and",
        "gather",
        "thee",
        "from",
        "all",
        "the",
        "nations,",
        "whither",
        "the",
        "Lᴏʀᴅ",
        "thy",
        "God",
        "hath",
        "scattered",
        "thee."
      ],
      "header": "",
      "footer": ""
    },
    {
      "book_name": "Deuteronomy",
      "chapter": 30,
      "verse": 4,
      "text": [
        "If",
        "*any",
        "of",
        "thine",
        "be",
        "driven",
        "out",
        "unto",
        "the",
        "outmost",
        "*parts",
        "of",
        "heaven,",
        "from",
        "thence",
        "will",
        "the",
        "Lᴏʀᴅ",
        "thy",
        "God",
        "gather",
        "thee,",
        "and",
        "from",
        "thence",
        "will",
        "he",
        "fetch",
        "thee:"
      ],
      "header": "",
      "footer": ""
    },
    {
      "book_name": "Deuteronomy",
      "chapter": 30,
      "verse": 5,
      "text": [
        "And",
        "the",
        "Lᴏʀᴅ",
        "thy",
        "God",
        "will",
        "bring",
        "thee",
        "into",
        "the",
        "land",
        "which",
        "thy",
        "fathers",
        "possessed,",
        "and",
        "thou",
        "shalt",
        "possess",
        "it;",
        "and",
        "he",
        "will",
        "do",
        "thee",
        "good,",
        "and",
        "multiply",
        "thee",
        "above",
        "thy",
        "fathers."
      ],
      "header": "",
      "footer": ""
    },
    {
      "book_name": "Deuteronomy",
      "chapter": 30,
      "verse": 6,
      "text": [
        "And",
        "the",
        "Lᴏʀᴅ",
        "thy",
        "God",
        "will",
        "circumcise",
        "thine",
        "heart,",
        "and",
        "the",
        "heart",
        "of",
        "thy",
        "seed,",
        "to",
        "love",
        "the",
        "Lᴏʀᴅ",
        "thy",
        "God",
        "with",
        "all",
        "thine",
        "heart,",
        "and",
        "with",
        "all",
        "thy",
        "soul,",
        "that",
        "thou",
        "mayest",
        "live."
      ],
      "header": "",
      "footer": ""
    },
    {
      "book_name": "Deuteronomy",
      "chapter": 30,
      "verse": 7,
      "text": [
        "And",
        "the",
        "Lᴏʀᴅ",
        "thy",
        "God",
        "will",
        "put",
        "all",
        "these",
        "curses",
        "upon",
        "thine",
        "enemies,",
        "and",
        "on",
        "them",
        "that",
        "hate",
        "thee,",
        "which",
        "persecuted",
        "thee."
      ],
      "header": "",
      "footer": ""
    },
    {
      "book_name": "Deuteronomy",
      "chapter": 30,
      "verse": 8,
      "text": [
        "And",
        "thou",
        "shalt",
        "return",
        "and",
        "obey",
        "the",
        "voice",
        "of",
        "the",
        "Lᴏʀᴅ,",
        "and",
        "do",
        "all",
        "his",
        "commandments",
        "which",
        "I",
        "command",
        "thee",
        "this",
        "day."
      ],
      "header": "",
      "footer": ""
    },
    {
      "book_name": "Deuteronomy",
      "chapter": 30,
      "verse": 9,
      "text": [
        "And",
        "the",
        "Lᴏʀᴅ",
        "thy",
        "God",
        "will",
        "make",
        "thee",
        "plenteous",
        "in",
        "every",
        "work",
        "of",
        "thine",
        "hand,",
        "in",
        "the",
        "fruit",
        "of",
        "thy",
        "body,",
        "and",
        "in",
        "the",
        "fruit",
        "of",
        "thy",
        "cattle,",
        "and",
        "in",
        "the",
        "fruit",
        "of",
        "thy",
        "land,",
        "for",
        "good:",
        "for",
        "the",
        "Lᴏʀᴅ",
        "will",
        "again",
        "rejoice",
        "over",
        "thee",
        "for",
        "good,",
        "as",
        "he",
        "rejoiced",
        "over",
        "thy",
        "fathers:"
      ],
      "header": "",
      "footer": ""
    },
    {
      "book_name": "Deuteronomy",
      "chapter": 30,
      "verse": 10,
      "text": [
        "If",
        "thou",
        "shalt",
        "hearken",
        "unto",
        "the",
        "voice",
        "of",
        "the",
        "Lᴏʀᴅ",
        "thy",
        "God,",
        "to",
        "keep",
        "his",
        "commandments",
        "and",
        "his",
        "statutes",
        "which",
        "are",
        "written",
        "in",
        "this",
        "book",
        "of",
        "the",
        "law,",
        "*and",
        "if",
        "thou",
        "turn",
        "unto",
        "the",
        "Lᴏʀᴅ",
        "thy",
        "God",
        "with",
        "all",
        "thine",
        "heart,",
        "and",
        "with",
        "all",
        "thy",
        "soul."
      ],
      "header": "",
      "footer": ""
    },
    {
      "book_name": "Deuteronomy",
      "chapter": 30,
      "verse": 11,
      "text": [
        "¶",
        "For",
        "this",
        "commandment",
        "which",
        "I",
        "command",
        "thee",
        "this",
        "day,",
        "it",
        "*is",
        "not",
        "hidden",
        "from",
        "thee,",
        "neither",
        "*is",
        "it",
        "far",
        "off."
      ],
      "header": "",
      "footer": ""
    },
    {
      "book_name": "Deuteronomy",
      "chapter": 30,
      "verse": 12,
      "text": [
        "It",
        "*is",
        "not",
        "in",
        "heaven,",
        "that",
        "thou",
        "shouldest",
        "say,",
        "Who",
        "shall",
        "go",
        "up",
        "for",
        "us",
        "to",
        "heaven,",
        "and",
        "bring",
        "it",
        "unto",
        "us,",
        "that",
        "we",
        "may",
        "hear",
        "it,",
        "and",
        "do",
        "it?"
      ],
      "header": "",
      "footer": ""
    },
    {
      "book_name": "Deuteronomy",
      "chapter": 30,
      "verse": 13,
      "text": [
        "Neither",
        "*is",
        "it",
        "beyond",
        "the",
        "sea,",
        "that",
        "thou",
        "shouldest",
        "say,",
        "Who",
        "shall",
        "go",
        "over",
        "the",
        "sea",
        "for",
        "us,",
        "and",
        "bring",
        "it",
        "unto",
        "us,",
        "that",
        "we",
        "may",
        "hear",
        "it,",
        "and",
        "do",
        "it?"
      ],
      "header": "",
      "footer": ""
    },
    {
      "book_name": "Deuteronomy",
      "chapter": 30,
      "verse": 14,
      "text": [
        "But",
        "the",
        "word",
        "*is",
        "very",
        "nigh",
        "unto",
        "thee,",
        "in",
        "thy",
        "mouth,",
        "and",
        "in",
        "thy",
        "heart,",
        "that",
        "thou",
        "mayest",
        "do",
        "it."
      ],
      "header": "",
      "footer": ""
    },
    {
      "book_name": "Deuteronomy",
      "chapter": 30,
      "verse": 15,
      "text": [
        "¶",
        "See,",
        "I",
        "have",
        "set",
        "before",
        "thee",
        "this",
        "day",
        "life",
        "and",
        "good,",
        "and",
        "death",
        "and",
        "evil;"
      ],
      "header": "",
      "footer": ""
    },
    {
      "book_name": "Deuteronomy",
      "chapter": 30,
      "verse": 16,
      "text": [
        "In",
        "that",
        "I",
        "command",
        "thee",
        "this",
        "day",
        "to",
        "love",
        "the",
        "Lᴏʀᴅ",
        "thy",
        "God,",
        "to",
        "walk",
        "in",
        "his",
        "ways,",
        "and",
        "to",
        "keep",
        "his",
        "commandments",
        "and",
        "his",
        "statutes",
        "and",
        "his",
        "judgments,",
        "that",
        "thou",
        "mayest",
        "live",
        "and",
        "multiply:",
        "and",
        "the",
        "Lᴏʀᴅ",
        "thy",
        "God",
        "shall",
        "bless",
        "thee",
        "in",
        "the",
        "land",
        "whither",
        "thou",
        "goest",
        "to",
        "possess",
        "it."
      ],
      "header": "",
      "footer": ""
    },
    {
      "book_name": "Deuteronomy",
      "chapter": 30,
      "verse": 17,
      "text": [
        "But",
        "if",
        "thine",
        "heart",
        "turn",
        "away,",
        "so",
        "that",
        "thou",
        "wilt",
        "not",
        "hear,",
        "but",
        "shalt",
        "be",
        "drawn",
        "away,",
        "and",
        "worship",
        "other",
        "gods,",
        "and",
        "serve",
        "them;"
      ],
      "header": "",
      "footer": ""
    },
    {
      "book_name": "Deuteronomy",
      "chapter": 30,
      "verse": 18,
      "text": [
        "I",
        "denounce",
        "unto",
        "you",
        "this",
        "day,",
        "that",
        "ye",
        "shall",
        "surely",
        "perish,",
        "*and",
        "*that",
        "ye",
        "shall",
        "not",
        "prolong",
        "*your",
        "days",
        "upon",
        "the",
        "land,",
        "whither",
        "thou",
        "passest",
        "over",
        "Jordan",
        "to",
        "go",
        "to",
        "possess",
        "it."
      ],
      "header": "",
      "footer": ""
    },
    {
      "book_name": "Deuteronomy",
      "chapter": 30,
      "verse": 19,
      "text": [
        "I",
        "call",
        "heaven",
        "and",
        "earth",
        "to",
        "record",
        "this",
        "day",
        "against",
        "you,",
        "*that",
        "I",
        "have",
        "set",
        "before",
        "you",
        "life",
        "and",
        "death,",
        "blessing",
        "and",
        "cursing:",
        "therefore",
        "choose",
        "life,",
        "that",
        "both",
        "thou",
        "and",
        "thy",
        "seed",
        "may",
        "live:"
      ],
      "header": "",
      "footer": ""
    },
    {
      "book_name": "Deuteronomy",
      "chapter": 30,
      "verse": 20,
      "text": [
        "That",
        "thou",
        "mayest",
        "love",
        "the",
        "Lᴏʀᴅ",
        "thy",
        "God,",
        "*and",
        "that",
        "thou",
        "mayest",
        "obey",
        "his",
        "voice,",
        "and",
        "that",
        "thou",
        "mayest",
        "cleave",
        "unto",
        "him:",
        "for",
        "he",
        "*is",
        "thy",
        "life,",
        "and",
        "the",
        "length",
        "of",
        "thy",
        "days:",
        "that",
        "thou",
        "mayest",
        "dwell",
        "in",
        "the",
        "land",
        "which",
        "the",
        "Lᴏʀᴅ",
        "sware",
        "unto",
        "thy",
        "fathers,",
        "to",
        "Abraham,",
        "to",
        "Isaac,",
        "and",
        "to",
        "Jacob,",
        "to",
        "give",
        "them."
      ],
      "header": "",
      "footer": ""
    }
  ]
}