{
  "book_name": "Deuteronomy",
  "chapter": 31,
  "verses": [
    {
      "book_name": "Deuteronomy",
      "chapter": 31,
      "verse": 1,
      "text": [
        "And",
        "Moses",
        "went",
        "and",
        "spake",
        "these",
        "words",
        "unto",
        "all",
        "Israel."
      ],
      "header": "",
      "footer": ""
    },
    {
      "book_name": "Deuteronomy",
      "chapter": 31,
      "verse": 2,
      "text": [
        "And",
        "he",
        "said",
        "unto",
        "them,",
        "I",
        "*am",
        "an",
        "hundred",
        "and",
        "twenty",
        "years",
        "old",
        "this",
        "day;",
        "I",
        "can",
        "no",
        "more",
        "go",
        "out",
        "and",
        "come",
        "in:",
        "also",
        "the",
        "Lᴏʀᴅ",
        "hath",
        "said",
        "unto",
        "me,",
        "Thou",
        "shalt",
        "not",
        "go",
        "over",
        "this",
        "Jordan."
      ],
      "header": "",
      "footer": ""
    },
    {
      "book_name": "Deuteronomy",
      "chapter": 31,
      "verse": 3,
      "text": [
        "The",
        "Lᴏʀᴅ",
        "thy",
        "God,",
        "he",
        "will",
        "go",
        "over",
        "before",
        "thee,",
        "*and",
        "he",
        "will",
        "destroy",
        "these",
        "nations",
        "from",
        "before",
        "thee,",
        "and",
        "thou",
        "shalt",
        "possess",
        "them:",
        "*and",
        "Joshua,",
        "he",
        "shall",
        "go",
        "over",
        "before",
        "thee,",
        "as",
        "the",
        "Lᴏʀᴅ",
        "hath",
        "said."
      ],
      "header": "",
      "footer": ""
    },
    {
      "book_name": "Deuteronomy",
      "chapter": 31,
      "verse": 4,
      "text": [
        "And",
        "the",
        "Lᴏʀᴅ",
        "shall",
        "do",
        "unto",
        "them",
        "as",
        "he",
        "did",
        "to",
        "Sihon",
        "and",
        "to",
        "Og,",
        "kings",
        "of",
        "the",
        "Amorites,",
        "and",
        "unto",
        "the",
        "land",
        "of",
        "them,",
        "whom",
        "he",
        "destroyed."
      ],
      "header": "",
      "footer": ""
    },
    {
      "book_name": "Deuteronomy",
      "chapter": 31,
      "verse": 5,
      "text": [
        "And",
        "the",
        "Lᴏʀᴅ",
        "shall",
        "give",
        "them",
        "up",
        "before",
        "your",
        "face,",
        "that",
        "ye",
        "may",
        "do",
        "unto",
        "them",
        "according",
        "unto",
        "all",
        "the",
        "commandments",
        "which",
        "I",
        "have",
        "commanded",
        "you."
      ],
      "header": "",
      "footer": ""
    },
    {
      "book_name": "Deuteronomy",
      "chapter": 31,
      "verse": 6,
      "text": [
        "Be",
        "strong",
        "and",
        "of",
        "a",
        "good",
        "courage,",
        "fear",
        "not,",
        "nor",
        "be",
        "afraid",
        "of",
        "them:",
        "for",
        "the",
        "Lᴏʀᴅ",
        "thy",
        "God,",
        "he",
        "*it",
        "*is",
        "that",
        "doth",
        "go",
        "with",
        "thee;",
        "he",
        "will",
        "not",
        "fail",
        "thee,",
        "nor",
        "forsake",
        "thee."
      ],
      "header": "",
      "footer": ""
    },
    {
      "book_name": "Deuteronomy",
      "chapter": 31,
      "verse": 7,
      "text": [
        "¶",
        "And",
        "Moses",
        "called",
        "unto",
        "Joshua,",
        "and",
        "said",
        "unto",
        "him",
        "in",
        "the",
        "sight",
        "of",
        "all",
        "Israel,",
        "Be",
        "strong",
        "and",
        "of",
        "a",
        "good",
        "courage:",
        "for",
        "thou",
        "must",
        "go",
        "with",
        "this",
        "people",
        "unto",
        "the",
        "land",
        "which",
        "the",
        "Lᴏʀᴅ",
        "hath",
        "sworn",
        "unto",
        "their",
        "fathers",
        "to",
        "give",
        "them;",
        "and",
        "thou",
        "shalt",
        "cause",
        "them",
        "to",
        "inherit",
        "it."
      ],
      "header": "",
      "footer": ""
    },
    {
      "book_name": "Deuteronomy",
      "chapter": 31,
      "verse": 8,
      "text": [
        "And",
        "the",
        "Lᴏʀᴅ,",
        "he",
        "*it",
        "*is",
        "that",
        "doth",
        "go",
        "before",
        "thee;",
        "he",
        "will",
        "be",
        "with",
        "thee,",
        "he",
        "will",
        "not",
        "fail",
        "thee,",
        "neither",
        "forsake",
        "thee:",
        "fear",
        "not,",
        "neither",
        "be",
        "dismayed."
      ],
      "header": "",
      "footer": ""
    },
    {
      "book_name": "Deuteronomy",
      "chapter": 31,
      "verse": 9,
      "text": [
        "¶",
        "And",
        "Moses",
        "wrote",
        "this",
        "law,",
        "and",
        "delivered",
        "it",
        "unto",
        "the",
        "priests",
        "the",
        "sons",
        "of",
        "Levi,",
        "which",
        "bare",
        "the",
        "ark",
        "of",
        "the",
        "covenant",
        "of",
        "the",
        "Lᴏʀᴅ,",
        "and",
        "unto",
        "all",
        "the",
        "elders",
        "of",
        "Israel."
      ],
      "header": "",
      "footer": ""
    },
    {
      "book_name": "Deuteronomy",
      "chapter": 31,
      "verse": 10,
      "text": [
        "And",
        "Moses",
        "commanded",
        "them,",
        "saying,",
        "At",
        "the",
        "end",
        "of",
        "*every",
        "seven",
        "years,",
        "in",
        "the",
        "solemnity",
        "of",
        "the",
        "year",
        "of",
        "release,",
        "in",
        "the",
        "feast",
        "of",
        "tabernacles,"
      ],
      "header": "",
      "footer": ""
    },
    {
      "book_name": "Deuteronomy",
      "chapter": 31,
      "verse": 11,
      "text": [
        "When",
        "all",
        "Israel",
        "is",
        "come",
        "to",
        "appear",
        "before",
        "the",
        "Lᴏʀᴅ",
        "thy",
        "God",
        "in",
        "the",
        "place",
        "which",
        "he",
        "shall",
        "choose,",
        "thou",
        "shalt",
        "read",
        "this",
        "law",
        "before",
        "all",
        "Israel",
        "in",
        "their",
        "hearing."
      ],
      "header": "",
      "footer": ""
    },
    {
      "book_name": "Deuteronomy",
      "chapter": 31,
      "verse": 12,
      "text": [
        "Gather",
        "the",
        "people",
        "together,",
        "men,",
        "and",
        "women,",
        "and",
        "children,",
        "and",
        "thy",
        "stranger",
        "that",
        "*is",
        "within",
        "thy",
        "gates,",
        "that",
        "they",
        "may",
        "hear,",
        "and",
        "that",
        "they",
        "may",
        "learn,",
        "and",
        "fear",
        "the",
        "Lᴏʀᴅ",
        "your",
        "God,",
        "and",
        "observe",
        "to",
        "do",
        "all",
        "the",
        "words",
        "of",
        "this",
        "law:"
      ],
      "header": "",
      "footer": ""
    },
    {
      "book_name": "Deuteronomy",
      "chapter": 31,
      "verse": 13,
      "text": [
        "And",
        "*that",
        "their",
        "children,",
        "which",
        "have",
        "not",
        "known",
        "*any",
        "*thing,",
        "may",
        "hear,",
        "and",
        "learn",
        "to",
        "fear",
        "the",
        "Lᴏʀᴅ",
        "your",
        "God,",
        "as",
        "long",
        "as",
        "ye",
        "live",
        "in",
        "the",
        "land",
        "whither",
        "ye",
        "go",
        "over",
        "Jordan",
        "to",
        "possess",
        "it."
      ],
      "header": "",
      "footer": ""
    },
    {
      "book_name": "Deuteronomy",
      "chapter": 31,
      "verse": 14,
      "text": [
        "¶",
        "And",
        "the",
        "Lᴏʀᴅ",
        "said",
        "unto",
        "Moses,",
        "Behold,",
        "thy",
        "days",
        "approach",
        "that",
        "thou",
        "must",
        "die:",
        "call",
        "Joshua,",
        "and",
        "present",
        "yourselves",
        "in",
        "the",
        "tabernacle",
        "of",
        "the",
        "congregation,",
        "that",
        "I",
        "may",
        "give",
        "him",
        "a",
        "charge.",
        "And",
        "Moses",
        "and",
        "Joshua",
        "went,",
        "and",
        "presented",
        "themselves",
        "in",
        "the",
        "tabernacle",
        "of",
        "the",
        "congregation."
      ],
      "header": "",
      "footer": ""
    },
    {
      "book_name": "Deuteronomy",
      "chapter": 31,
      "verse": 15,
      "text": [
        "And",
        "the",
        "Lᴏʀᴅ",
        "appeared",
        "in",
        "the",
        "tabernacle",
        "in",
        "a",
        "pillar",
        "of",
        "a",
        "cloud:",
        "and",
        "the",
        "pillar",
        "of",
        "the",
        "cloud",
        "stood",
        "over",
        "the",
        "door",
        "of",
        "the",
        "tabernacle."
      ],
      "header": "",
      "footer": ""
    },
    {
      "book_name": "Deuteronomy",
      "chapter": 31,
      "verse": 16,
      "text": [
        "¶",
        "And",
        "the",
        "Lᴏʀᴅ",
        "said",
        "unto",
        "Moses,",
        "Behold,",
        "thou",
        "shalt",
        "sleep",
        "with",
        "thy",
        "fathers;",
        "and",
        "this",
        "people",
        "will",
        "rise",
        "up,",
        "and",
        "go",
        "a",
        "whoring",
        "after",
        "the",
        "gods",
        "of",
        "the",
        "strangers",
        "of",
        "the",
        "land,",
        "whither",
        "they",
        "go",
        "*to",
        "*be",
        "among",
        "them,",
        "and",
        "will",
        "forsake",
        "me,",
        "and",
        "break",
        "my",
        "covenant",
        "which",
        "I",
        "have",
        "made",
        "with",
        "them."
      ],
      "header": "",
      "footer": ""
    },
    {
      "book_name": "Deuteronomy",
      "chapter": 31,
      "verse": 17,
      "text": [
        "Then",
        "my",
        "anger",
        "shall",
        "be",
        "kindled",
        "against",
        "them",
        "in",
        "that",
        "day,",
        "and",
        "I",
        "will",
        "forsake",
        "them,",
        "and",
        "I",
        "will",
        "hide",
        "my",
        "face",
        "from",
        "them,",
        "and",
        "they",
        "shall",
        "be",
        "devoured,",
        "and",
        "many",
        "evils",
        "and",
        "troubles",
        "shall",
        "befall",
        "them;",
        "so",
        "that",
        "they",
        "will",
        "say",
        "in",
        "that",
        "day,",
        "Are",
        "not",
        "these",
        "evils",
        "come",
        "upon",
        "us,",
        "because",
        "our",
        "God",
        "*is",
        "not",
        "among",
        "us?"
      ],
      "header": "",
      "footer": ""
    },
    {
      "book_name": "Deuteronomy",
      "chapter": 31,
      "verse": 18,
      "text": [
        "And",
        "I",
        "will",
        "surely",
        "hide",
        "my",
        "face",
        "in",
        "that",
        "day",
        "for",
        "all",
        "the",
        "evils",
        "which",
        "they",
        "shall",
        "have",
        "wrought,",
        "in",
        "that",
        "they",
        "are",
        "turned",
        "unto",
        "other",
        "gods."
      ],
      "header": "",
      "footer": ""
    },
    {
      "book_name": "Deuteronomy",
      "chapter": 31,
      "verse": 19,
      "text": [
        "Now",
        "therefore",
        "write",
        "ye",
        "this",
        "song",
        "for",
        "you,",
        "and",
        "teach",
        "it",
        "the",
        "children",
        "of",
        "Israel:",
        "put",
        "it",
        "in",
        "their",
        "mouths,",
        "that",
        "this",
        "song",
        "may",
        "be",
        "a",
        "witness",
        "for",
        "me",
        "against",
        "the",
        "children",
        "of",
        "Israel."
      ],
      "header": "",
      "footer": ""
    },
    {
      "book_name": "Deuteronomy",
      "chapter": 31,
      "verse": 20,
      "text": [
        "For",
        "when",
        "I",
        "shall",
        "have",
        "brought",
        "them",
        "into",
        "the",
        "land",
        "which",
        "I",
        "sware",
        "unto",
        "their",
        "fathers,",
        "that",
        "floweth",
        "with",
        "milk",
        "and",
        "honey;",
        "and",
        "they",
        "shall",
        "have",
        "eaten",
        "and",
        "filled",
        "themselves,",
        "and",
        "waxen",
        "fat;",
        "then",
        "will",
        "they",
        "turn",
        "unto",
        "other",
        "gods,",
        "and",
        "serve",
        "them,",
        "and",
        "provoke",
        "me,",
        "and",
        "break",
        "my",
        "covenant."
      ],
      "header": "",
      "footer": ""
    },
    {
      "book_name": "Deuteronomy",
      "chapter": 31,
      "verse": 21,
      "text": [
        "And",
        "it",
        "shall",
        "come",
        "to",
        "pass,",
        "when",
        "many",
        "evils",
        "and",
        "troubles",
        "are",
        "befallen",
        "them,",
        "that",
        "this",
        "song",
        "shall",
        "testify",
        "against",
        "them",
        "as",
        "a",
        "witness;",
        "for",
        "it",
        "shall",
        "not",
        "be",
        "forgotten",
        "out",
        "of",
        "the",
        "mouths",
        "of",
        "their",
        "seed:",
        "for",
        "I",
        "know",
        "their",
        "imagination",
        "which",
        "they",
        "go",
        "about,",
        "even",
        "now,",
        "before",
        "I",
        "have",
        "brought",
        "them",
        "into",
        "the",
        "land",
        "which",
        "I",
        "sware."
      ],
      "header": "",
      "footer": ""
    },
    {
      "book_name": "Deuteronomy",
      "chapter": 31,
      "verse": 22,
      "text": [
        "¶",
        "Moses",
        "therefore",
        "wrote",
        "this",
        "song",
        "the",
        "same",
        "day,",
        "and",
        "taught",
        "it",
        "the",
        "children",
        "of",
        "Israel."
      ],
      "header": "",
      "footer": ""
    },
    {
      "book_name": "Deuteronomy",
      "chapter": 31,
      "verse": 23,
      "text": [
        "And",
        "he",
        "gave",
        "Joshua",
        "the",
        "son",
        "of",
        "Nun",
        "a",
        "charge,",
        "and",
        "said,",
        "Be",
        "strong",
        "and",
        "of",
        "a",
        "good",
        "courage:",
        "for",
        "thou",
        "shalt",
        "bring",
        "the",
        "children",
        "of",
        "Israel",
        "into",
        "the",
        "land",
        "which",
        "I",
        "sware",
        "unto",
        "them:",
        "and",
        "I",
        "will",
        "be",
        "with",
        "thee."
      ],
      "header": "",
      "footer": ""
    },
    {
      "book_name": "Deuteronomy",
      "chapter": 31,
      "verse": 24,
      "text": [
        "¶",
        "And",
        "it",
        "came",
        "to",
        "pass,",
        "when",
        "Moses",
        "had",
        "made",
        "an",
        "end",
        "of",
        "writing",
        "the",
        "words",
        "of",
        "this",
        "law",
        "in",
        "a",
        "book,",
        "until",
        "they",
        "were",
        "finished,"
      ],
      "header": "",
      "footer": ""
    },
    {
      "book_name": "Deuteronomy",
      "chapter": 31,
      "verse": 25,
      "text": [
        "That",
        "Moses",
        "commanded",
        "the",
        "Levites,",
        "which",
        "bare",
        "the",
        "ark",
        "of",
        "the",
        "covenant",
        "of",
        "the",
        "Lᴏʀᴅ,",
        "saying,"
      ],
      "header": "",
      "footer": ""
    },
    {
      "book_name": "Deuteronomy",
      "chapter": 31,
      "verse": 26,
      "text": [
        "Take",
        "this",
        "book",
        "of",
        "the",
        "law,",
        "and",
        "put",
        "it",
        "in",
        "the",
        "side",
        "of",
        "the",
        "ark",
        "of",
        "the",
        "covenant",
        "of",
        "the",
        "Lᴏʀᴅ",
        "your",
        "God,",
        "that",
        "it",
        "may",
        "be",
        "there",
        "for",
        "a",
        "witness",
        "against",
        "thee."
      ],
      "header": "",
      "footer": ""
    },
    {
      "book_name": "Deuteronomy",
      "chapter": 31,
      "verse": 27,
      "text": [
        "For",
        "I",
        "know",
        "thy",
        "rebellion,",
        "and",
        "thy",
        "stiff",
        "neck:",
        "behold,",
        "while",
        "I",
        "am",
        "yet",
        "alive",
        "with",
        "you",
        "this",
        "day,",
        "ye",
        "have",
        "been",
        "rebellious",
        "against",
        "the",
        "Lᴏʀᴅ;",
        "and",
        "how",
        "much",
        "more",
        "after",
        "my",
        "death?"
      ],
      "header": "",
      "footer": ""
    },
    {
      "book_name": "Deuteronomy",
      "chapter": 31,
      "verse": 28,
      "text": [
        "¶",
        "Gather",
        "unto",
        "me",
        "all",
        "the",
        "elders",
        "of",
        "your",
        "tribes,",
        "and",
        "your",
        "officers,",
        "that",
        "I",
        "may",
        "speak",
        "these",
        "words",
        "in",
        "their",
        "ears,",
        "and",
        "call",
        "heaven",
        "and",
        "earth",
        "to",
        "record",
        "against",
        "them."
      ],
      "header": "",
      "footer": ""
    },
    {
      "book_name": "Deuteronomy",
      "chapter": 31,
      "verse": 29,
      "text": [
        "For",
        "I",
        "know",
        "that",
        "after",
        "my",
        "death",
        "ye",
        "will",
        "utterly",
        "corrupt",
        "*yourselves,",
        "and",
        "turn",
        "aside",
        "from",
        "the",
        "way",
        "which",
        "I",
        "have",
        "commanded",
        "you;",
        "and",
        "evil",
        "will",
        "befall",
        "you",
        "in",
        "the",
        "latter",
        "days;",
        "because",
        "ye",
        "will",
        "do",
        "evil",
        "in",
        "the",
        "sight",
        "of",
        "the",
        "Lᴏʀᴅ,",
        "to",
        "provoke",
        "him",
        "to",
        "anger",
        "through",
        "the",
        "work",
        "of",
        "your",
        "hands."
      ],
      "header": "",
      "footer": ""
    },
    {
      "book_name": "Deuteronomy",
      "chapter": 31,
      "verse": 30,
      "text": [
        "And",
        "Moses",
        "spake",
        "in",
        "the",
        "ears",
        "of",
        "all",
        "the",
        "congregation",
        "of",
        "Israel",
        "the",
        "words",
        "of",
        "this",
        "song,",
        "until",
        "they",
        "were",
        "ended."
      ],
      "header": "",
      "footer": ""
    }
  ]
}