{
  "book_name": "Deuteronomy",
  "chapter": 6,
  "verses": [
    {
      "book_name": "Deuteronomy",
      "chapter": 6,
      "verse": 1,
      "text": [
        "Now",
        "these",
        "*are",
        "the",
        "commandments,",
        "the",
        "statutes,",
        "and",
        "the",
        "judgments,",
        "which",
        "the",
        "Lᴏʀᴅ",
        "your",
        "God",
        "commanded",
        "to",
        "teach",
        "you,",
        "that",
        "ye",
        "might",
        "do",
        "*them",
        "in",
        "the",
        "land",
        "whither",
        "ye",
        "go",
        "to",
        "possess",
        "it:"
      ],
      "header": "",
      "footer": ""
    },
    {
      "book_name": "Deuteronomy",
      "chapter": 6,
      "verse": 2,
      "text": [
        "That",
        "thou",
        "mightest",
        "fear",
        "the",
        "Lᴏʀᴅ",
        "thy",
        "God,",
        "to",
        "keep",
        "all",
        "his",
        "statutes",
        "and",
        "his",
        "commandments,",
        "which",
        "I",
        "command",
        "thee,",
        "thou,",
        "and",
        "thy",
        "son,",
        "and",
        "thy",
        "son's",
        "son,",
        "all",
        "the",
        "days",
        "of",
        "thy",
        "life;",
        "and",
        "that",
        "thy",
        "days",
        "may",
        "be",
        "prolonged."
      ],
      "header": "",
      "footer": ""
    },
    {
      "book_name": "Deuteronomy",
      "chapter": 6,
      "verse": 3,
      "text": [
        "¶",
        "Hear",
        "therefore,",
        "O",
        "Israel,",
        "and",
        "observe",
        "to",
        "do",
        "*it;",
        "that",
        "it",
        "may",
        "be",
        "well",
        "with",
        "thee,",
        "and",
        "that",
        "ye",
        "may",
        "increase",
        "mightily,",
        "as",
        "the",
        "Lᴏʀᴅ",
        "God",
        "of",
        "thy",
        "fathers",
        "hath",
        "promised",
        "thee,",
        "in",
        "the",
        "land",
        "that",
        "floweth",
        "with",
        "milk",
        "and",
        "honey."
      ],
      "header": "",
      "footer": ""
    },
    {
      "book_name": "Deuteronomy",
      "chapter": 6,
      "verse": 4,
      "text": [
        "Hear,",
        "O",
        "Israel:",
        "The",
        "Lᴏʀᴅ",
        "our",
        "God",
        "*is",
        "one",
        "Lᴏʀᴅ:"
      ],
      "header": "",
      "footer": ""
    },
    {
      "book_name": "Deuteronomy",
      "chapter": 6,
      "verse": 5,
      "text": [
        "And",
        "thou",
        "shalt",
        "love",
        "the",
        "Lᴏʀᴅ",
        "thy",
        "God",
        "with",
        "all",
        "thine",
        "heart,",
        "and",
        "with",
        "all",
        "thy",
        "soul,",
        "and",
        "with",
        "all",
        "thy",
        "might."
      ],
      "header": "",
      "footer": ""
    },
    {
      "book_name": "Deuteronomy",
      "chapter": 6,
      "verse": 6,
      "text": [
        "And",
        "these",
        "words,",
        "which",
        "I",
        "command",
        "thee",
        "this",
        "day,",
        "shall",
        "be",
        "in",
        "thine",
        "heart:"
      ],
      "header": "",
      "footer": ""
    },
    {
      "book_name": "Deuteronomy",
      "chapter": 6,
      "verse": 7,
      "text": [
        "And",
        "thou",
        "shalt",
        "teach",
        "them",
        "diligently",
        "unto",
        "thy",
        "children,",
        "and",
        "shalt",
        "talk",
        "of",
        "them",
        "when",
        "thou",
        "sittest",
        "in",
        "thine",
        "house,",
        "and",
        "when",
        "thou",
        "walkest",
        "by",
        "the",
        "way,",
        "and",
        "when",
        "thou",
        "liest",
        "down,",
        "and",
        "when",
        "thou",
        "risest",
        "up."
      ],
      "header": "",
      "footer": ""
    },
    {
      "book_name": "Deuteronomy",
      "chapter": 6,
      "verse": 8,
      "text": [
        "And",
        "thou",
        "shalt",
        "bind",
        "them",
        "for",
        "a",
        "sign",
        "upon",
        "thine",
        "hand,",
        "and",
        "they",
        "shall",
        "be",
        "as",
        "frontlets",
        "between",
        "thine",
        "eyes."
      ],
      "header": "",
      "footer": ""
    },
    {
      "book_name": "Deuteronomy",
      "chapter": 6,
      "verse": 9,
      "text": [
        "And",
        "thou",
        "shalt",
        "write",
        "them",
        "upon",
        "the",
        "posts",
        "of",
        "thy",
        "house,",
        "and",
        "on",
        "thy",
        "gates."
      ],
      "header": "",
      "footer": ""
    },
    {
      "book_name": "Deuteronomy",
      "chapter": 6,
      "verse": 10,
      "text": [
        "And",
        "it",
        "shall",
        "be,",
        "when",
        "the",
        "Lᴏʀᴅ",
        "thy",
        "God",
        "shall",
        "have",
        "brought",
        "thee",
        "into",
        "the",
        "land",
        "which",
        "he",
        "sware",
        "unto",
        "thy",
        "fathers,",
        "to",
        "Abraham,",
        "to",
        "Isaac,",
        "and",
        "to",
        "Jacob,",
        "to",
        "give",
        "thee",
        "great",
        "and",
        "goodly",
        "cities,",
        "which",
        "thou",
        "buildedst",
        "not,"
      ],
      "header": "",
      "footer": ""
    },
    {
      "book_name": "Deuteronomy",
      "chapter": 6,
      "verse": 11,
      "text": [
        "And",
        "houses",
        "full",
        "of",
        "all",
        "good",
        "*things,",
        "which",
        "thou",
        "filledst",
        "not,",
        "and",
        "wells",
        "digged,",
        "which",
        "thou",
        "diggedst",
        "not,",
        "vineyards",
        "and",
        "olive",
        "trees,",
        "which",
        "thou",
        "plantedst",
        "not;",
        "when",
        "thou",
        "shalt",
        "have",
        "eaten",
        "and",
        "be",
        "full;"
      ],
      "header": "",
      "footer": ""
    },
    {
      "book_name": "Deuteronomy",
      "chapter": 6,
      "verse": 12,
      "text": [
        "*Then",
        "beware",
        "lest",
        "thou",
        "forget",
        "the",
        "Lᴏʀᴅ,",
        "which",
        "brought",
        "thee",
        "forth",
        "out",
        "of",
        "the",
        "land",
        "of",
        "Egypt,",
        "from",
        "the",
        "house",
        "of",
        "bondage."
      ],
      "header": "",
      "footer": ""
    },
    {
      "book_name": "Deuteronomy",
      "chapter": 6,
      "verse": 13,
      "text": [
        "Thou",
        "shalt",
        "fear",
        "the",
        "Lᴏʀᴅ",
        "thy",
        "God,",
        "and",
        "serve",
        "him,",
        "and",
        "shalt",
        "swear",
        "by",
        "his",
        "name."
      ],
      "header": "",
      "footer": ""
    },
    {
      "book_name": "Deuteronomy",
      "chapter": 6,
      "verse": 14,
      "text": [
        "Ye",
        "shall",
        "not",
        "go",
        "after",
        "other",
        "gods,",
        "of",
        "the",
        "gods",
        "of",
        "the",
        "people",
        "which",
        "*are",
        "round",
        "about",
        "you;"
      ],
      "header": "",
      "footer": ""
    },
    {
      "book_name": "Deuteronomy",
      "chapter": 6,
      "verse": 15,
      "text": [
        "(For",
        "the",
        "Lᴏʀᴅ",
        "thy",
        "God",
        "*is",
        "a",
        "jealous",
        "God",
        "among",
        "you)",
        "lest",
        "the",
        "anger",
        "of",
        "the",
        "Lᴏʀᴅ",
        "thy",
        "God",
        "be",
        "kindled",
        "against",
        "thee,",
        "and",
        "destroy",
        "thee",
        "from",
        "off",
        "the",
        "face",
        "of",
        "the",
        "earth."
      ],
      "header": "",
      "footer": ""
    },
    {
      "book_name": "Deuteronomy",
      "chapter": 6,
      "verse": 16,
      "text": [
        "¶",
        "Ye",
        "shall",
        "not",
        "tempt",
        "the",
        "Lᴏʀᴅ",
        "your",
        "God,",
        "as",
        "ye",
        "tempted",
        "*him",
        "in",
        "Massah."
      ],
      "header": "",
      "footer": ""
    },
    {
      "book_name": "Deuteronomy",
      "chapter": 6,
      "verse": 17,
      "text": [
        "Ye",
        "shall",
        "diligently",
        "keep",
        "the",
        "commandments",
        "of",
        "the",
        "Lᴏʀᴅ",
        "your",
        "God,",
        "and",
        "his",
        "testimonies,",
        "and",
        "his",
        "statutes,",
        "which",
        "he",
        "hath",
        "commanded",
        "thee."
      ],
      "header": "",
      "footer": ""
    },
    {
      "book_name": "Deuteronomy",
      "chapter": 6,
      "verse": 18,
      "text": [
        "And",
        "thou",
        "shalt",
        "do",
        "*that",
        "*which",
        "*is",
        "right",
        "and",
        "good",
        "in",
        "the",
        "sight",
        "of",
        "the",
        "Lᴏʀᴅ:",
        "that",
        "it",
        "may",
        "be",
        "well",
        "with",
        "thee,",
        "and",
        "that",
        "thou",
        "mayest",
        "go",
        "in",
        "and",
        "possess",
        "the",
        "good",
        "land",
        "which",
        "the",
        "Lᴏʀᴅ",
        "sware",
        "unto",
        "thy",
        "fathers,"
      ],
      "header": "",
      "footer": ""
    },
    {
      "book_name": "Deuteronomy",
      "chapter": 6,
      "verse": 19,
      "text": [
        "To",
        "cast",
        "out",
        "all",
        "thine",
        "enemies",
        "from",
        "before",
        "thee,",
        "as",
        "the",
        "Lᴏʀᴅ",
        "hath",
        "spoken."
      ],
      "header": "",
      "footer": ""
    },
    {
      "book_name": "Deuteronomy",
      "chapter": 6,
      "verse": 20,
      "text": [
        "*And",
        "when",
        "thy",
        "son",
        "asketh",
        "thee",
        "in",
        "time",
        "to",
        "come,",
        "saying,",
        "What",
        "*mean",
        "the",
        "testimonies,",
        "and",
        "the",
        "statutes,",
        "and",
        "the",
        "judgments,",
        "which",
        "the",
        "Lᴏʀᴅ",
        "our",
        "God",
        "hath",
        "commanded",
        "you?"
      ],
      "header": "",
      "footer": ""
    },
    {
      "book_name": "Deuteronomy",
      "chapter": 6,
      "verse": 21,
      "text": [
        "Then",
        "thou",
        "shalt",
        "say",
        "unto",
        "thy",
        "son,",
        "We",
        "were",
        "Pharaoh's",
        "bondmen",
        "in",
        "Egypt;",
        "and",
        "the",
        "Lᴏʀᴅ",
        "brought",
        "us",
        "out",
        "of",
        "Egypt",
        "with",
        "a",
        "mighty",
        "hand:"
      ],
      "header": "",
      "footer": ""
    },
    {
      "book_name": "Deuteronomy",
      "chapter": 6,
      "verse": 22,
      "text": [
        "And",
        "the",
        "Lᴏʀᴅ",
        "shewed",
        "signs",
        "and",
        "wonders,",
        "great",
        "and",
        "sore,",
        "upon",
        "Egypt,",
        "upon",
        "Pharaoh,",
        "and",
        "upon",
        "all",
        "his",
        "household,",
        "before",
        "our",
        "eyes:"
      ],
      "header": "",
      "footer": ""
    },
    {
      "book_name": "Deuteronomy",
      "chapter": 6,
      "verse": 23,
      "text": [
        "And",
        "he",
        "brought",
        "us",
        "out",
        "from",
        "thence,",
        "that",
        "he",
        "might",
        "bring",
        "us",
        "in,",
        "to",
        "give",
        "us",
        "the",
        "land",
        "which",
        "he",
        "sware",
        "unto",
        "our",
        "fathers."
      ],
      "header": "",
      "footer": ""
    },
    {
      "book_name": "Deuteronomy",
      "chapter": 6,
      "verse": 24,
      "text": [
        "And",
        "the",
        "Lᴏʀᴅ",
        "commanded",
        "us",
        "to",
        "do",
        "all",
        "these",
        "statutes,",
        "to",
        "fear",
        "the",
        "Lᴏʀᴅ",
        "our",
        "God,",
        "for",
        "our",
        "good",
        "always,",
        "that",
        "he",
        "might",
        "preserve",
        "us",
        "alive,",
        "as",
        "*it",
        "*is",
        "at",
        "this",
        "day."
      ],
      "header": "",
      "footer": ""
    },
    {
      "book_name": "Deuteronomy",
      "chapter": 6,
      "verse": 25,
      "text": [
        "And",
        "it",
        "shall",
        "be",
        "our",
        "righteousness,",
        "if",
        "we",
        "observe",
        "to",
        "do",
        "all",
        "these",
        "commandments",
        "before",
        "the",
        "Lᴏʀᴅ",
        "our",
        "God,",
        "as",
        "he",
        "hath",
        "commanded",
        "us."
      ],
      "header": "",
      "footer": ""
    }
  ]
}