{
  "book_name": "Deuteronomy",
  "chapter": 8,
  "verses": [
    {
      "book_name": "Deuteronomy",
      "chapter": 8,
      "verse": 1,
      "text": [
        "All",
        "the",
        "commandments",
        "which",
        "I",
        "command",
        "thee",
        "this",
        "day",
        "shall",
        "ye",
        "observe",
        "to",
        "do,",
        "that",
        "ye",
        "may",
        "live,",
        "and",
        "multiply,",
        "and",
        "go",
        "in",
        "and",
        "possess",
        "the",
        "land",
        "which",
        "the",
        "Lᴏʀᴅ",
        "sware",
        "unto",
        "your",
        "fathers."
      ],
      "header": "",
      "footer": ""
    },
    {
      "book_name": "Deuteronomy",
      "chapter": 8,
      "verse": 2,
      "text": [
        "And",
        "thou",
        "shalt",
        "remember",
        "all",
        "the",
        "way",
        "which",
        "the",
        "Lᴏʀᴅ",
        "thy",
        "God",
        "led",
        "thee",
        "these",
        "forty",
        "years",
        "in",
        "the",
        "wilderness,",
        "to",
        "humble",
        "thee,",
        "*and",
        "to",
        "prove",
        "thee,",
        "to",
        "know",
        "what",
        "*was",
        "in",
        "thine",
        "heart,",
        "whether",
        "thou",
        "wouldest",
        "keep",
        "his",
        "commandments,",
        "or",
        "no."
      ],
      "header": "",
      "footer": ""
    },
    {
      "book_name": "Deuteronomy",
      "chapter": 8,
      "verse": 3,
      "text": [
        "And",
        "he",
        "humbled",
        "thee,",
        "and",
        "suffered",
        "thee",
        "to",
        "hunger,",
        "and",
        "fed",
        "thee",
        "with",
        "manna,",
        "which",
        "thou",
        "knewest",
        "not,",
        "neither",
        "did",
        "thy",
        "fathers",
        "know;",
        "that",
        "he",
        "might",
        "make",
        "thee",
        "know",
        "that",
        "man",
        "doth",
        "not",
        "live",
        "by",
        "bread",
        "only,",
        "but",
        "by",
        "every",
        "*word",
        "that",
        "proceedeth",
        "out",
        "of",
        "the",
        "mouth",
        "of",
        "the",
        "Lᴏʀᴅ",
        "doth",
        "man",
        "live."
      ],
      "header": "",
      "footer": ""
    },
    {
      "book_name": "Deuteronomy",
      "chapter": 8,
      "verse": 4,
      "text": [
        "Thy",
        "raiment",
        "waxed",
        "not",
        "old",
        "upon",
        "thee,",
        "neither",
        "did",
        "thy",
        "foot",
        "swell,",
        "these",
        "forty",
        "years."
      ],
      "header": "",
      "footer": ""
    },
    {
      "book_name": "Deuteronomy",
      "chapter": 8,
      "verse": 5,
      "text": [
        "Thou",
        "shalt",
        "also",
        "consider",
        "in",
        "thine",
        "heart,",
        "that,",
        "as",
        "a",
        "man",
        "chasteneth",
        "his",
        "son,",
        "*so",
        "the",
        "Lᴏʀᴅ",
        "thy",
        "God",
        "chasteneth",
        "thee."
      ],
      "header": "",
      "footer": ""
    },
    {
      "book_name": "Deuteronomy",
      "chapter": 8,
      "verse": 6,
      "text": [
        "Therefore",
        "thou",
        "shalt",
        "keep",
        "the",
        "commandments",
        "of",
        "the",
        "Lᴏʀᴅ",
        "thy",
        "God,",
        "to",
        "walk",
        "in",
        "his",
        "ways,",
        "and",
        "to",
        "fear",
        "him."
      ],
      "header": "",
      "footer": ""
    },
    {
      "book_name": "Deuteronomy",
      "chapter": 8,
      "verse": 7,
      "text": [
        "For",
        "the",
        "Lᴏʀᴅ",
        "thy",
        "God",
        "bringeth",
        "thee",
        "into",
        "a",
        "good",
        "land,",
        "a",
        "land",
        "of",
        "brooks",
        "of",
        "water,",
        "of",
        "fountains",
        "and",
        "depths",
        "that",
        "spring",
        "out",
        "of",
        "valleys",
        "and",
        "hills;"
      ],
      "header": "",
      "footer": ""
    },
    {
      "book_name": "Deuteronomy",
      "chapter": 8,
      "verse": 8,
      "text": [
        "A",
        "land",
        "of",
        "wheat,",
        "and",
        "barley,",
        "and",
        "vines,",
        "and",
        "fig",
        "trees,",
        "and",
        "pomegranates;",
        "a",
        "land",
        "of",
        "oil",
        "olive,",
        "and",
        "honey;"
      ],
      "header": "",
      "footer": ""
    },
    {
      "book_name": "Deuteronomy",
      "chapter": 8,
      "verse": 9,
      "text": [
        "A",
        "land",
        "wherein",
        "thou",
        "shalt",
        "eat",
        "bread",
        "without",
        "scarceness,",
        "thou",
        "shalt",
        "not",
        "lack",
        "any",
        "*thing",
        "in",
        "it;",
        "a",
        "land",
        "whose",
        "stones",
        "*are",
        "iron,",
        "and",
        "out",
        "of",
        "whose",
        "hills",
        "thou",
        "mayest",
        "dig",
        "brass."
      ],
      "header": "",
      "footer": ""
    },
    {
      "book_name": "Deuteronomy",
      "chapter": 8,
      "verse": 10,
      "text": [
        "When",
        "thou",
        "hast",
        "eaten",
        "and",
        "art",
        "full,",
        "then",
        "thou",
        "shalt",
        "bless",
        "the",
        "Lᴏʀᴅ",
        "thy",
        "God",
        "for",
        "the",
        "good",
        "land",
        "which",
        "he",
        "hath",
        "given",
        "thee."
      ],
      "header": "",
      "footer": ""
    },
    {
      "book_name": "Deuteronomy",
      "chapter": 8,
      "verse": 11,
      "text": [
        "Beware",
        "that",
        "thou",
        "forget",
        "not",
        "the",
        "Lᴏʀᴅ",
        "thy",
        "God,",
        "in",
        "not",
        "keeping",
        "his",
        "commandments,",
        "and",
        "his",
        "judgments,",
        "and",
        "his",
        "statutes,",
        "which",
        "I",
        "command",
        "thee",
        "this",
        "day:"
      ],
      "header": "",
      "footer": ""
    },
    {
      "book_name": "Deuteronomy",
      "chapter": 8,
      "verse": 12,
      "text": [
        "Lest",
        "*when",
        "thou",
        "hast",
        "eaten",
        "and",
        "art",
        "full,",
        "and",
        "hast",
        "built",
        "goodly",
        "houses,",
        "and",
        "dwelt",
        "*therein;"
      ],
      "header": "",
      "footer": ""
    },
    {
      "book_name": "Deuteronomy",
      "chapter": 8,
      "verse": 13,
      "text": [
        "And",
        "*when",
        "thy",
        "herds",
        "and",
        "thy",
        "flocks",
        "multiply,",
        "and",
        "thy",
        "silver",
        "and",
        "thy",
        "gold",
        "is",
        "multiplied,",
        "and",
        "all",
        "that",
        "thou",
        "hast",
        "is",
        "multiplied;"
      ],
      "header": "",
      "footer": ""
    },
    {
      "book_name": "Deuteronomy",
      "chapter": 8,
      "verse": 14,
      "text": [
        "Then",
        "thine",
        "heart",
        "be",
        "lifted",
        "up,",
        "and",
        "thou",
        "forget",
        "the",
        "Lᴏʀᴅ",
        "thy",
        "God,",
        "which",
        "brought",
        "thee",
        "forth",
        "out",
        "of",
        "the",
        "land",
        "of",
        "Egypt,",
        "from",
        "the",
        "house",
        "of",
        "bondage;"
      ],
      "header": "",
      "footer": ""
    },
    {
      "book_name": "Deuteronomy",
      "chapter": 8,
      "verse": 15,
      "text": [
        "Who",
        "led",
        "thee",
        "through",
        "that",
        "great",
        "and",
        "terrible",
        "wilderness,",
        "*wherein",
        "*were",
        "fiery",
        "serpents,",
        "and",
        "scorpions,",
        "and",
        "drought,",
        "where",
        "*there",
        "*was",
        "no",
        "water;",
        "who",
        "brought",
        "thee",
        "forth",
        "water",
        "out",
        "of",
        "the",
        "rock",
        "of",
        "flint;"
      ],
      "header": "",
      "footer": ""
    },
    {
      "book_name": "Deuteronomy",
      "chapter": 8,
      "verse": 16,
      "text": [
        "Who",
        "fed",
        "thee",
        "in",
        "the",
        "wilderness",
        "with",
        "manna,",
        "which",
        "thy",
        "fathers",
        "knew",
        "not,",
        "that",
        "he",
        "might",
        "humble",
        "thee,",
        "and",
        "that",
        "he",
        "might",
        "prove",
        "thee,",
        "to",
        "do",
        "thee",
        "good",
        "at",
        "thy",
        "latter",
        "end;"
      ],
      "header": "",
      "footer": ""
    },
    {
      "book_name": "Deuteronomy",
      "chapter": 8,
      "verse": 17,
      "text": [
        "And",
        "thou",
        "say",
        "in",
        "thine",
        "heart,",
        "My",
        "power",
        "and",
        "the",
        "might",
        "of",
        "*mine",
        "hand",
        "hath",
        "gotten",
        "me",
        "this",
        "wealth."
      ],
      "header": "",
      "footer": ""
    },
    {
      "book_name": "Deuteronomy",
      "chapter": 8,
      "verse": 18,
      "text": [
        "But",
        "thou",
        "shalt",
        "remember",
        "the",
        "Lᴏʀᴅ",
        "thy",
        "God:",
        "for",
        "*it",
        "*is",
        "he",
        "that",
        "giveth",
        "thee",
        "power",
        "to",
        "get",
        "wealth,",
        "that",
        "he",
        "may",
        "establish",
        "his",
        "covenant",
        "which",
        "he",
        "sware",
        "unto",
        "thy",
        "fathers,",
        "as",
        "*it",
        "*is",
        "this",
        "day."
      ],
      "header": "",
      "footer": ""
    },
    {
      "book_name": "Deuteronomy",
      "chapter": 8,
      "verse": 19,
      "text": [
        "And",
        "it",
        "shall",
        "be,",
        "if",
        "thou",
        "do",
        "at",
        "all",
        "forget",
        "the",
        "Lᴏʀᴅ",
        "thy",
        "God,",
        "and",
        "walk",
        "after",
        "other",
        "gods,",
        "and",
        "serve",
        "them,",
        "and",
        "worship",
        "them,",
        "I",
        "testify",
        "against",
        "you",
        "this",
        "day",
        "that",
        "ye",
        "shall",
        "surely",
        "perish."
      ],
      "header": "",
      "footer": ""
    },
    {
      "book_name": "Deuteronomy",
      "chapter": 8,
      "verse": 20,
      "text": [
        "As",
        "the",
        "nations",
        "which",
        "the",
        "Lᴏʀᴅ",
        "destroyeth",
        "before",
        "your",
        "face,",
        "so",
        "shall",
        "ye",
        "perish;",
        "because",
        "ye",
        "would",
        "not",
        "be",
        "obedient",
        "unto",
        "the",
        "voice",
        "of",
        "the",
        "Lᴏʀᴅ",
        "your",
        "God."
      ],
      "header": "",
      "footer": ""
    }
  ]
}