{
  "book_name": "1 Chronicles",
  "chapter": 11,
  "verses": [
    {
      "book_name": "1 Chronicles",
      "chapter": 11,
      "verse": 1,
      "text": [
        "Then",
        "all",
        "Israel",
        "gathered",
        "themselves",
        "to",
        "David",
        "unto",
        "Hebron,",
        "saying,",
        "Behold,",
        "we",
        "*are",
        "thy",
        "bone",
        "and",
        "thy",
        "flesh."
      ],
      "header": "",
      "footer": ""
    },
    {
      "book_name": "1 Chronicles",
      "chapter": 11,
      "verse": 2,
      "text": [
        "And",
        "moreover",
        "in",
        "time",
        "past,",
        "even",
        "when",
        "Saul",
        "was",
        "king,",
        "thou",
        "*wast",
        "he",
        "that",
        "leddest",
        "out",
        "and",
        "broughtest",
        "in",
        "Israel:",
        "and",
        "the",
        "Lᴏʀᴅ",
        "thy",
        "God",
        "said",
        "unto",
        "thee,",
        "Thou",
        "shalt",
        "feed",
        "my",
        "people",
        "Israel,",
        "and",
        "thou",
        "shalt",
        "be",
        "ruler",
        "over",
        "my",
        "people",
        "Israel."
      ],
      "header": "",
      "footer": ""
    },
    {
      "book_name": "1 Chronicles",
      "chapter": 11,
      "verse": 3,
      "text": [
        "Therefore",
        "came",
        "all",
        "the",
        "elders",
        "of",
        "Israel",
        "to",
        "the",
        "king",
        "to",
        "Hebron;",
        "and",
        "David",
        "made",
        "a",
        "covenant",
        "with",
        "them",
        "in",
        "Hebron",
        "before",
        "the",
        "Lᴏʀᴅ;",
        "and",
        "they",
        "anointed",
        "David",
        "king",
        "over",
        "Israel,",
        "according",
        "to",
        "the",
        "word",
        "of",
        "the",
        "Lᴏʀᴅ",
        "by",
        "Samuel."
      ],
      "header": "",
      "footer": ""
    },
    {
      "book_name": "1 Chronicles",
      "chapter": 11,
      "verse": 4,
      "text": [
        "¶",
        "And",
        "David",
        "and",
        "all",
        "Israel",
        "went",
        "to",
        "Jerusalem,",
        "which",
        "*is",
        "Jebus;",
        "where",
        "the",
        "Jebusites",
        "*were,",
        "the",
        "inhabitants",
        "of",
        "the",
        "land."
      ],
      "header": "",
      "footer": ""
    },
    {
      "book_name": "1 Chronicles",
      "chapter": 11,
      "verse": 5,
      "text": [
        "And",
        "the",
        "inhabitants",
        "of",
        "Jebus",
        "said",
        "to",
        "David,",
        "Thou",
        "shalt",
        "not",
        "come",
        "hither.",
        "Nevertheless",
        "David",
        "took",
        "the",
        "castle",
        "of",
        "Zion,",
        "which",
        "*is",
        "the",
        "city",
        "of",
        "David."
      ],
      "header": "",
      "footer": ""
    },
    {
      "book_name": "1 Chronicles",
      "chapter": 11,
      "verse": 6,
      "text": [
        "And",
        "David",
        "said,",
        "Whosoever",
        "smiteth",
        "the",
        "Jebusites",
        "first",
        "shall",
        "be",
        "chief",
        "and",
        "captain.",
        "So",
        "Joab",
        "the",
        "son",
        "of",
        "Zeruiah",
        "went",
        "first",
        "up,",
        "and",
        "was",
        "chief."
      ],
      "header": "",
      "footer": ""
    },
    {
      "book_name": "1 Chronicles",
      "chapter": 11,
      "verse": 7,
      "text": [
        "And",
        "David",
        "dwelt",
        "in",
        "the",
        "castle;",
        "therefore",
        "they",
        "called",
        "it",
        "the",
        "city",
        "of",
        "David."
      ],
      "header": "",
      "footer": ""
    },
    {
      "book_name": "1 Chronicles",
      "chapter": 11,
      "verse": 8,
      "text": [
        "And",
        "he",
        "built",
        "the",
        "city",
        "round",
        "about,",
        "even",
        "from",
        "Millo",
        "round",
        "about:",
        "and",
        "Joab",
        "repaired",
        "the",
        "rest",
        "of",
        "the",
        "city."
      ],
      "header": "",
      "footer": ""
    },
    {
      "book_name": "1 Chronicles",
      "chapter": 11,
      "verse": 9,
      "text": [
        "So",
        "David",
        "waxed",
        "greater",
        "and",
        "greater:",
        "for",
        "the",
        "Lᴏʀᴅ",
        "of",
        "hosts",
        "*was",
        "with",
        "him."
      ],
      "header": "",
      "footer": ""
    },
    {
      "book_name": "1 Chronicles",
      "chapter": 11,
      "verse": 10,
      "text": [
        "¶",
        "These",
        "also",
        "*are",
        "the",
        "chief",
        "of",
        "the",
        "mighty",
        "men",
        "whom",
        "David",
        "had,",
        "who",
        "strengthened",
        "themselves",
        "with",
        "him",
        "in",
        "his",
        "kingdom,",
        "*and",
        "with",
        "all",
        "Israel,",
        "to",
        "make",
        "him",
        "king,",
        "according",
        "to",
        "the",
        "word",
        "of",
        "the",
        "Lᴏʀᴅ",
        "concerning",
        "Israel."
      ],
      "header": "",
      "footer": ""
    },
    {
      "book_name": "1 Chronicles",
      "chapter": 11,
      "verse": 11,
      "text": [
        "And",
        "this",
        "*is",
        "the",
        "number",
        "of",
        "the",
        "mighty",
        "men",
        "whom",
        "David",
        "had;",
        "Jashobeam,",
        "an",
        "Hachmonite,",
        "the",
        "chief",
        "of",
        "the",
        "captains:",
        "he",
        "lifted",
        "up",
        "his",
        "spear",
        "against",
        "three",
        "hundred",
        "slain",
        "*by",
        "*him",
        "at",
        "one",
        "time."
      ],
      "header": "",
      "footer": ""
    },
    {
      "book_name": "1 Chronicles",
      "chapter": 11,
      "verse": 12,
      "text": [
        "And",
        "after",
        "him",
        "*was",
        "Eleazar",
        "the",
        "son",
        "of",
        "Dodo,",
        "the",
        "Ahohite,",
        "who",
        "*was",
        "*one",
        "of",
        "the",
        "three",
        "mighties."
      ],
      "header": "",
      "footer": ""
    },
    {
      "book_name": "1 Chronicles",
      "chapter": 11,
      "verse": 13,
      "text": [
        "He",
        "was",
        "with",
        "David",
        "at",
        "Pasdammim,",
        "and",
        "there",
        "the",
        "Philistines",
        "were",
        "gathered",
        "together",
        "to",
        "battle,",
        "where",
        "was",
        "a",
        "parcel",
        "of",
        "ground",
        "full",
        "of",
        "barley;",
        "and",
        "the",
        "people",
        "fled",
        "from",
        "before",
        "the",
        "Philistines."
      ],
      "header": "",
      "footer": ""
    },
    {
      "book_name": "1 Chronicles",
      "chapter": 11,
      "verse": 14,
      "text": [
        "And",
        "they",
        "set",
        "themselves",
        "in",
        "the",
        "midst",
        "of",
        "*that",
        "parcel,",
        "and",
        "delivered",
        "it,",
        "and",
        "slew",
        "the",
        "Philistines;",
        "and",
        "the",
        "Lᴏʀᴅ",
        "saved",
        "*them",
        "by",
        "a",
        "great",
        "deliverance."
      ],
      "header": "",
      "footer": ""
    },
    {
      "book_name": "1 Chronicles",
      "chapter": 11,
      "verse": 15,
      "text": [
        "¶",
        "Now",
        "three",
        "of",
        "the",
        "thirty",
        "captains",
        "went",
        "down",
        "to",
        "the",
        "rock",
        "to",
        "David,",
        "into",
        "the",
        "cave",
        "of",
        "Adullam;",
        "and",
        "the",
        "host",
        "of",
        "the",
        "Philistines",
        "encamped",
        "in",
        "the",
        "valley",
        "of",
        "Rephaim."
      ],
      "header": "",
      "footer": ""
    },
    {
      "book_name": "1 Chronicles",
      "chapter": 11,
      "verse": 16,
      "text": [
        "And",
        "David",
        "*was",
        "then",
        "in",
        "the",
        "hold,",
        "and",
        "the",
        "Philistines'",
        "garrison",
        "*was",
        "then",
        "at",
        "Bethlehem."
      ],
      "header": "",
      "footer": ""
    },
    {
      "book_name": "1 Chronicles",
      "chapter": 11,
      "verse": 17,
      "text": [
        "And",
        "David",
        "longed,",
        "and",
        "said,",
        "Oh",
        "that",
        "one",
        "would",
        "give",
        "me",
        "drink",
        "of",
        "the",
        "water",
        "of",
        "the",
        "well",
        "of",
        "Bethlehem,",
        "that",
        "*is",
        "at",
        "the",
        "gate!"
      ],
      "header": "",
      "footer": ""
    },
    {
      "book_name": "1 Chronicles",
      "chapter": 11,
      "verse": 18,
      "text": [
        "And",
        "the",
        "three",
        "brake",
        "through",
        "the",
        "host",
        "of",
        "the",
        "Philistines,",
        "and",
        "drew",
        "water",
        "out",
        "of",
        "the",
        "well",
        "of",
        "Bethlehem,",
        "that",
        "*was",
        "by",
        "the",
        "gate,",
        "and",
        "took",
        "*it,",
        "and",
        "brought",
        "*it",
        "to",
        "David:",
        "but",
        "David",
        "would",
        "not",
        "drink",
        "*of",
        "it,",
        "but",
        "poured",
        "it",
        "out",
        "to",
        "the",
        "Lᴏʀᴅ,"
      ],
      "header": "",
      "footer": ""
    },
    {
      "book_name": "1 Chronicles",
      "chapter": 11,
      "verse": 19,
      "text": [
        "And",
        "said,",
        "My",
        "God",
        "forbid",
        "it",
        "me,",
        "that",
        "I",
        "should",
        "do",
        "this",
        "thing:",
        "shall",
        "I",
        "drink",
        "the",
        "blood",
        "of",
        "these",
        "men",
        "that",
        "have",
        "put",
        "their",
        "lives",
        "in",
        "jeopardy?",
        "for",
        "with",
        "*the",
        "*jeopardy",
        "*of",
        "their",
        "lives",
        "they",
        "brought",
        "it.",
        "Therefore",
        "he",
        "would",
        "not",
        "drink",
        "it.",
        "These",
        "things",
        "did",
        "these",
        "three",
        "mightiest."
      ],
      "header": "",
      "footer": ""
    },
    {
      "book_name": "1 Chronicles",
      "chapter": 11,
      "verse": 20,
      "text": [
        "¶",
        "And",
        "Abishai",
        "the",
        "brother",
        "of",
        "Joab,",
        "he",
        "was",
        "chief",
        "of",
        "the",
        "three:",
        "for",
        "lifting",
        "up",
        "his",
        "spear",
        "against",
        "three",
        "hundred,",
        "he",
        "slew",
        "*them,",
        "and",
        "had",
        "a",
        "name",
        "among",
        "the",
        "three."
      ],
      "header": "",
      "footer": ""
    },
    {
      "book_name": "1 Chronicles",
      "chapter": 11,
      "verse": 21,
      "text": [
        "Of",
        "the",
        "three,",
        "he",
        "was",
        "more",
        "honourable",
        "than",
        "the",
        "two;",
        "for",
        "he",
        "was",
        "their",
        "captain:",
        "howbeit",
        "he",
        "attained",
        "not",
        "to",
        "the",
        "*first",
        "three."
      ],
      "header": "",
      "footer": ""
    },
    {
      "book_name": "1 Chronicles",
      "chapter": 11,
      "verse": 22,
      "text": [
        "Benaiah",
        "the",
        "son",
        "of",
        "Jehoiada,",
        "the",
        "son",
        "of",
        "a",
        "valiant",
        "man",
        "of",
        "Kabzeel,",
        "who",
        "had",
        "done",
        "many",
        "acts;",
        "he",
        "slew",
        "two",
        "lionlike",
        "men",
        "of",
        "Moab:",
        "also",
        "he",
        "went",
        "down",
        "and",
        "slew",
        "a",
        "lion",
        "in",
        "a",
        "pit",
        "in",
        "a",
        "snowy",
        "day."
      ],
      "header": "",
      "footer": ""
    },
    {
      "book_name": "1 Chronicles",
      "chapter": 11,
      "verse": 23,
      "text": [
        "And",
        "he",
        "slew",
        "an",
        "Egyptian,",
        "a",
        "man",
        "of",
        "*great",
        "stature,",
        "five",
        "cubits",
        "high;",
        "and",
        "in",
        "the",
        "Egyptian's",
        "hand",
        "*was",
        "a",
        "spear",
        "like",
        "a",
        "weaver's",
        "beam;",
        "and",
        "he",
        "went",
        "down",
        "to",
        "him",
        "with",
        "a",
        "staff,",
        "and",
        "plucked",
        "the",
        "spear",
        "out",
        "of",
        "the",
        "Egyptian's",
        "hand,",
        "and",
        "slew",
        "him",
        "with",
        "his",
        "own",
        "spear."
      ],
      "header": "",
      "footer": ""
    },
    {
      "book_name": "1 Chronicles",
      "chapter": 11,
      "verse": 24,
      "text": [
        "These",
        "*things",
        "did",
        "Benaiah",
        "the",
        "son",
        "of",
        "Jehoiada,",
        "and",
        "had",
        "the",
        "name",
        "among",
        "the",
        "three",
        "mighties."
      ],
      "header": "",
      "footer": ""
    },
    {
      "book_name": "1 Chronicles",
      "chapter": 11,
      "verse": 25,
      "text": [
        "Behold,",
        "he",
        "was",
        "honourable",
        "among",
        "the",
        "thirty,",
        "but",
        "attained",
        "not",
        "to",
        "the",
        "*first",
        "three:",
        "and",
        "David",
        "set",
        "him",
        "over",
        "his",
        "guard."
      ],
      "header": "",
      "footer": ""
    },
    {
      "book_name": "1 Chronicles",
      "chapter": 11,
      "verse": 26,
      "text": [
        "¶",
        "Also",
        "the",
        "valiant",
        "men",
        "of",
        "the",
        "armies",
        "*were,",
        "Asahel",
        "the",
        "brother",
        "of",
        "Joab,",
        "Elhanan",
        "the",
        "son",
        "of",
        "Dodo",
        "of",
        "Bethlehem,"
      ],
      "header": "",
      "footer": ""
    },
    {
      "book_name": "1 Chronicles",
      "chapter": 11,
      "verse": 27,
      "text": [
        "Shammoth",
        "the",
        "Harorite,",
        "Helez",
        "the",
        "Pelonite,"
      ],
      "header": "",
      "footer": ""
    },
    {
      "book_name": "1 Chronicles",
      "chapter": 11,
      "verse": 28,
      "text": [
        "Ira",
        "the",
        "son",
        "of",
        "Ikkesh",
        "the",
        "Tekoite,",
        "Abiezer",
        "the",
        "Antothite,"
      ],
      "header": "",
      "footer": ""
    },
    {
      "book_name": "1 Chronicles",
      "chapter": 11,
      "verse": 29,
      "text": [
        "Sibbecai",
        "the",
        "Hushathite,",
        "Ilai",
        "the",
        "Ahohite,"
      ],
      "header": "",
      "footer": ""
    },
    {
      "book_name": "1 Chronicles",
      "chapter": 11,
      "verse": 30,
      "text": [
        "Maharai",
        "the",
        "Netophathite,",
        "Heled",
        "the",
        "son",
        "of",
        "Baanah",
        "the",
        "Netophathite,"
      ],
      "header": "",
      "footer": ""
    },
    {
      "book_name": "1 Chronicles",
      "chapter": 11,
      "verse": 31,
      "text": [
        "Ithai",
        "the",
        "son",
        "of",
        "Ribai",
        "of",
        "Gibeah,",
        "*that",
        "*pertained",
        "to",
        "the",
        "children",
        "of",
        "Benjamin,",
        "Benaiah",
        "the",
        "Pirathonite,"
      ],
      "header": "",
      "footer": ""
    },
    {
      "book_name": "1 Chronicles",
      "chapter": 11,
      "verse": 32,
      "text": [
        "Hurai",
        "of",
        "the",
        "brooks",
        "of",
        "Gaash,",
        "Abiel",
        "the",
        "Arbathite,"
      ],
      "header": "",
      "footer": ""
    },
    {
      "book_name": "1 Chronicles",
      "chapter": 11,
      "verse": 33,
      "text": [
        "Azmaveth",
        "the",
        "Baharumite,",
        "Eliahba",
        "the",
        "Shaalbonite,"
      ],
      "header": "",
      "footer": ""
    },
    {
      "book_name": "1 Chronicles",
      "chapter": 11,
      "verse": 34,
      "text": [
        "The",
        "sons",
        "of",
        "Hashem",
        "the",
        "Gizonite,",
        "Jonathan",
        "the",
        "son",
        "of",
        "Shage",
        "the",
        "Hararite,"
      ],
      "header": "",
      "footer": ""
    },
    {
      "book_name": "1 Chronicles",
      "chapter": 11,
      "verse": 35,
      "text": [
        "Ahiam",
        "the",
        "son",
        "of",
        "Sacar",
        "the",
        "Hararite,",
        "Eliphal",
        "the",
        "son",
        "of",
        "Ur,"
      ],
      "header": "",
      "footer": ""
    },
    {
      "book_name": "1 Chronicles",
      "chapter": 11,
      "verse": 36,
      "text": [
        "Hepher",
        "the",
        "Mecherathite,",
        "Ahijah",
        "the",
        "Pelonite,"
      ],
      "header": "",
      "footer": ""
    },
    {
      "book_name": "1 Chronicles",
      "chapter": 11,
      "verse": 37,
      "text": [
        "Hezro",
        "the",
        "Carmelite,",
        "Naarai",
        "the",
        "son",
        "of",
        "Ezbai,"
      ],
      "header": "",
      "footer": ""
    },
    {
      "book_name": "1 Chronicles",
      "chapter": 11,
      "verse": 38,
      "text": [
        "Joel",
        "the",
        "brother",
        "of",
        "Nathan,",
        "Mibhar",
        "the",
        "son",
        "of",
        "Haggeri,"
      ],
      "header": "",
      "footer": ""
    },
    {
      "book_name": "1 Chronicles",
      "chapter": 11,
      "verse": 39,
      "text": [
        "Zelek",
        "the",
        "Ammonite,",
        "Naharai",
        "the",
        "Berothite,",
        "the",
        "armourbearer",
        "of",
        "Joab",
        "the",
        "son",
        "of",
        "Zeruiah,"
      ],
      "header": "",
      "footer": ""
    },
    {
      "book_name": "1 Chronicles",
      "chapter": 11,
      "verse": 40,
      "text": [
        "Ira",
        "the",
        "Ithrite,",
        "Gareb",
        "the",
        "Ithrite,"
      ],
      "header": "",
      "footer": ""
    },
    {
      "book_name": "1 Chronicles",
      "chapter": 11,
      "verse": 41,
      "text": [
        "Uriah",
        "the",
        "Hittite,",
        "Zabad",
        "the",
        "son",
        "of",
        "Ahlai,"
      ],
      "header": "",
      "footer": ""
    },
    {
      "book_name": "1 Chronicles",
      "chapter": 11,
      "verse": 42,
      "text": [
        "Adina",
        "the",
        "son",
        "of",
        "Shiza",
        "the",
        "Reubenite,",
        "a",
        "captain",
        "of",
        "the",
        "Reubenites,",
        "and",
        "thirty",
        "with",
        "him,"
      ],
      "header": "",
      "footer": ""
    },
    {
      "book_name": "1 Chronicles",
      "chapter": 11,
      "verse": 43,
      "text": [
        "Hanan",
        "the",
        "son",
        "of",
        "Maachah,",
        "and",
        "Joshaphat",
        "the",
        "Mithnite,"
      ],
      "header": "",
      "footer": ""
    },
    {
      "book_name": "1 Chronicles",
      "chapter": 11,
      "verse": 44,
      "text": [
        "Uzzia",
        "the",
        "Ashterathite,",
        "Shama",
        "and",
        "Jehiel",
        "the",
        "sons",
        "of",
        "Hothan",
        "the",
        "Aroerite,"
      ],
      "header": "",
      "footer": ""
    },
    {
      "book_name": "1 Chronicles",
      "chapter": 11,
      "verse": 45,
      "text": [
        "Jediael",
        "the",
        "son",
        "of",
        "Shimri,",
        "and",
        "Joha",
        "his",
        "brother,",
        "the",
        "Tizite,"
      ],
      "header": "",
      "footer": ""
    },
    {
      "book_name": "1 Chronicles",
      "chapter": 11,
      "verse": 46,
      "text": [
        "Eliel",
        "the",
        "Mahavite,",
        "and",
        "Jeribai,",
        "and",
        "Joshaviah,",
        "the",
        "sons",
        "of",
        "Elnaam,",
        "and",
        "Ithmah",
        "the",
        "Moabite,"
      ],
      "header": "",
      "footer": ""
    },
    {
      "book_name": "1 Chronicles",
      "chapter": 11,
      "verse": 47,
      "text": [
        "Eliel,",
        "and",
        "Obed,",
        "and",
        "Jasiel",
        "the",
        "Mesobaite."
      ],
      "header": "",
      "footer": ""
    }
  ]
}