{
  "book_name": "1 Chronicles",
  "chapter": 12,
  "verses": [
    {
      "book_name": "1 Chronicles",
      "chapter": 12,
      "verse": 1,
      "text": [
        "Now",
        "these",
        "*are",
        "they",
        "that",
        "came",
        "to",
        "David",
        "to",
        "Ziklag,",
        "while",
        "he",
        "yet",
        "kept",
        "himself",
        "close",
        "because",
        "of",
        "Saul",
        "the",
        "son",
        "of",
        "Kish:",
        "and",
        "they",
        "*were",
        "among",
        "the",
        "mighty",
        "men,",
        "helpers",
        "of",
        "the",
        "war."
      ],
      "header": "",
      "footer": ""
    },
    {
      "book_name": "1 Chronicles",
      "chapter": 12,
      "verse": 2,
      "text": [
        "*They",
        "*were",
        "armed",
        "with",
        "bows,",
        "and",
        "could",
        "use",
        "both",
        "the",
        "right",
        "hand",
        "and",
        "the",
        "left",
        "in",
        "*hurling",
        "stones",
        "and",
        "*shooting",
        "arrows",
        "out",
        "of",
        "a",
        "bow,",
        "*even",
        "of",
        "Saul's",
        "brethren",
        "of",
        "Benjamin."
      ],
      "header": "",
      "footer": ""
    },
    {
      "book_name": "1 Chronicles",
      "chapter": 12,
      "verse": 3,
      "text": [
        "The",
        "chief",
        "*was",
        "Ahiezer,",
        "then",
        "Joash,",
        "the",
        "sons",
        "of",
        "Shemaah",
        "the",
        "Gibeathite;",
        "and",
        "Jeziel,",
        "and",
        "Pelet,",
        "the",
        "sons",
        "of",
        "Azmaveth;",
        "and",
        "Berachah,",
        "and",
        "Jehu",
        "the",
        "Antothite,"
      ],
      "header": "",
      "footer": ""
    },
    {
      "book_name": "1 Chronicles",
      "chapter": 12,
      "verse": 4,
      "text": [
        "And",
        "Ismaiah",
        "the",
        "Gibeonite,",
        "a",
        "mighty",
        "man",
        "among",
        "the",
        "thirty,",
        "and",
        "over",
        "the",
        "thirty;",
        "and",
        "Jeremiah,",
        "and",
        "Jahaziel,",
        "and",
        "Johanan,",
        "and",
        "Josabad",
        "the",
        "Gederathite,"
      ],
      "header": "",
      "footer": ""
    },
    {
      "book_name": "1 Chronicles",
      "chapter": 12,
      "verse": 5,
      "text": [
        "Eluzai,",
        "and",
        "Jerimoth,",
        "and",
        "Bealiah,",
        "and",
        "Shemariah,",
        "and",
        "Shephatiah",
        "the",
        "Haruphite,"
      ],
      "header": "",
      "footer": ""
    },
    {
      "book_name": "1 Chronicles",
      "chapter": 12,
      "verse": 6,
      "text": [
        "Elkanah,",
        "and",
        "Jesiah,",
        "and",
        "Azareel,",
        "and",
        "Joezer,",
        "and",
        "Jashobeam,",
        "the",
        "Korhites,"
      ],
      "header": "",
      "footer": ""
    },
    {
      "book_name": "1 Chronicles",
      "chapter": 12,
      "verse": 7,
      "text": [
        "And",
        "Joelah,",
        "and",
        "Zebadiah,",
        "the",
        "sons",
        "of",
        "Jeroham",
        "of",
        "Gedor."
      ],
      "header": "",
      "footer": ""
    },
    {
      "book_name": "1 Chronicles",
      "chapter": 12,
      "verse": 8,
      "text": [
        "And",
        "of",
        "the",
        "Gadites",
        "there",
        "separated",
        "themselves",
        "unto",
        "David",
        "into",
        "the",
        "hold",
        "to",
        "the",
        "wilderness",
        "men",
        "of",
        "might,",
        "*and",
        "men",
        "of",
        "war",
        "*fit",
        "for",
        "the",
        "battle,",
        "that",
        "could",
        "handle",
        "shield",
        "and",
        "buckler,",
        "whose",
        "faces",
        "*were",
        "*like",
        "the",
        "faces",
        "of",
        "lions,",
        "and",
        "*were",
        "as",
        "swift",
        "as",
        "the",
        "roes",
        "upon",
        "the",
        "mountains;"
      ],
      "header": "",
      "footer": ""
    },
    {
      "book_name": "1 Chronicles",
      "chapter": 12,
      "verse": 9,
      "text": [
        "Ezer",
        "the",
        "first,",
        "Obadiah",
        "the",
        "second,",
        "Eliab",
        "the",
        "third,"
      ],
      "header": "",
      "footer": ""
    },
    {
      "book_name": "1 Chronicles",
      "chapter": 12,
      "verse": 10,
      "text": [
        "Mishmannah",
        "the",
        "fourth,",
        "Jeremiah",
        "the",
        "fifth,"
      ],
      "header": "",
      "footer": ""
    },
    {
      "book_name": "1 Chronicles",
      "chapter": 12,
      "verse": 11,
      "text": [
        "Attai",
        "the",
        "sixth,",
        "Eliel",
        "the",
        "seventh,"
      ],
      "header": "",
      "footer": ""
    },
    {
      "book_name": "1 Chronicles",
      "chapter": 12,
      "verse": 12,
      "text": [
        "Johanan",
        "the",
        "eighth,",
        "Elzabad",
        "the",
        "ninth,"
      ],
      "header": "",
      "footer": ""
    },
    {
      "book_name": "1 Chronicles",
      "chapter": 12,
      "verse": 13,
      "text": [
        "Jeremiah",
        "the",
        "tenth,",
        "Machbanai",
        "the",
        "eleventh."
      ],
      "header": "",
      "footer": ""
    },
    {
      "book_name": "1 Chronicles",
      "chapter": 12,
      "verse": 14,
      "text": [
        "These",
        "*were",
        "of",
        "the",
        "sons",
        "of",
        "Gad,",
        "captains",
        "of",
        "the",
        "host:",
        "one",
        "of",
        "the",
        "least",
        "*was",
        "over",
        "an",
        "hundred,",
        "and",
        "the",
        "greatest",
        "over",
        "a",
        "thousand."
      ],
      "header": "",
      "footer": ""
    },
    {
      "book_name": "1 Chronicles",
      "chapter": 12,
      "verse": 15,
      "text": [
        "These",
        "*are",
        "they",
        "that",
        "went",
        "over",
        "Jordan",
        "in",
        "the",
        "first",
        "month,",
        "when",
        "it",
        "had",
        "overflown",
        "all",
        "his",
        "banks;",
        "and",
        "they",
        "put",
        "to",
        "flight",
        "all",
        "*them",
        "of",
        "the",
        "valleys,",
        "*both",
        "toward",
        "the",
        "east,",
        "and",
        "toward",
        "the",
        "west."
      ],
      "header": "",
      "footer": ""
    },
    {
      "book_name": "1 Chronicles",
      "chapter": 12,
      "verse": 16,
      "text": [
        "And",
        "there",
        "came",
        "of",
        "the",
        "children",
        "of",
        "Benjamin",
        "and",
        "Judah",
        "to",
        "the",
        "hold",
        "unto",
        "David."
      ],
      "header": "",
      "footer": ""
    },
    {
      "book_name": "1 Chronicles",
      "chapter": 12,
      "verse": 17,
      "text": [
        "And",
        "David",
        "went",
        "out",
        "to",
        "meet",
        "them,",
        "and",
        "answered",
        "and",
        "said",
        "unto",
        "them,",
        "If",
        "ye",
        "be",
        "come",
        "peaceably",
        "unto",
        "me",
        "to",
        "help",
        "me,",
        "mine",
        "heart",
        "shall",
        "be",
        "knit",
        "unto",
        "you:",
        "but",
        "if",
        "*ye",
        "*be",
        "*come",
        "to",
        "betray",
        "me",
        "to",
        "mine",
        "enemies,",
        "seeing",
        "*there",
        "*is",
        "no",
        "wrong",
        "in",
        "mine",
        "hands,",
        "the",
        "God",
        "of",
        "our",
        "fathers",
        "look",
        "*thereon,",
        "and",
        "rebuke",
        "*it."
      ],
      "header": "",
      "footer": ""
    },
    {
      "book_name": "1 Chronicles",
      "chapter": 12,
      "verse": 18,
      "text": [
        "Then",
        "the",
        "spirit",
        "came",
        "upon",
        "Amasai,",
        "*who",
        "*was",
        "chief",
        "of",
        "the",
        "captains,",
        "*and",
        "*he",
        "*said,",
        "Thine",
        "*are",
        "*we,",
        "David,",
        "and",
        "on",
        "thy",
        "side,",
        "thou",
        "son",
        "of",
        "Jesse:",
        "peace,",
        "peace",
        "*be",
        "unto",
        "thee,",
        "and",
        "peace",
        "*be",
        "to",
        "thine",
        "helpers;",
        "for",
        "thy",
        "God",
        "helpeth",
        "thee.",
        "Then",
        "David",
        "received",
        "them,",
        "and",
        "made",
        "them",
        "captains",
        "of",
        "the",
        "band."
      ],
      "header": "",
      "footer": ""
    },
    {
      "book_name": "1 Chronicles",
      "chapter": 12,
      "verse": 19,
      "text": [
        "And",
        "there",
        "fell",
        "*some",
        "of",
        "Manasseh",
        "to",
        "David,",
        "when",
        "he",
        "came",
        "with",
        "the",
        "Philistines",
        "against",
        "Saul",
        "to",
        "battle:",
        "but",
        "they",
        "helped",
        "them",
        "not:",
        "for",
        "the",
        "lords",
        "of",
        "the",
        "Philistines",
        "upon",
        "advisement",
        "sent",
        "him",
        "away,",
        "saying,",
        "He",
        "will",
        "fall",
        "to",
        "his",
        "master",
        "Saul",
        "to",
        "*the",
        "*jeopardy",
        "*of",
        "our",
        "heads."
      ],
      "header": "",
      "footer": ""
    },
    {
      "book_name": "1 Chronicles",
      "chapter": 12,
      "verse": 20,
      "text": [
        "As",
        "he",
        "went",
        "to",
        "Ziklag,",
        "there",
        "fell",
        "to",
        "him",
        "of",
        "Manasseh,",
        "Adnah,",
        "and",
        "Jozabad,",
        "and",
        "Jediael,",
        "and",
        "Michael,",
        "and",
        "Jozabad,",
        "and",
        "Elihu,",
        "and",
        "Zilthai,",
        "captains",
        "of",
        "the",
        "thousands",
        "that",
        "*were",
        "of",
        "Manasseh."
      ],
      "header": "",
      "footer": ""
    },
    {
      "book_name": "1 Chronicles",
      "chapter": 12,
      "verse": 21,
      "text": [
        "And",
        "they",
        "helped",
        "David",
        "against",
        "the",
        "band",
        "*of",
        "*the",
        "*rovers:",
        "for",
        "they",
        "*were",
        "all",
        "mighty",
        "men",
        "of",
        "valour,",
        "and",
        "were",
        "captains",
        "in",
        "the",
        "host."
      ],
      "header": "",
      "footer": ""
    },
    {
      "book_name": "1 Chronicles",
      "chapter": 12,
      "verse": 22,
      "text": [
        "For",
        "at",
        "*that",
        "time",
        "day",
        "by",
        "day",
        "there",
        "came",
        "to",
        "David",
        "to",
        "help",
        "him,",
        "until",
        "*it",
        "*was",
        "a",
        "great",
        "host,",
        "like",
        "the",
        "host",
        "of",
        "God."
      ],
      "header": "",
      "footer": ""
    },
    {
      "book_name": "1 Chronicles",
      "chapter": 12,
      "verse": 23,
      "text": [
        "¶",
        "And",
        "these",
        "*are",
        "the",
        "numbers",
        "of",
        "the",
        "bands",
        "*that",
        "*were",
        "ready",
        "armed",
        "to",
        "the",
        "war,",
        "*and",
        "came",
        "to",
        "David",
        "to",
        "Hebron,",
        "to",
        "turn",
        "the",
        "kingdom",
        "of",
        "Saul",
        "to",
        "him,",
        "according",
        "to",
        "the",
        "word",
        "of",
        "the",
        "Lᴏʀᴅ."
      ],
      "header": "",
      "footer": ""
    },
    {
      "book_name": "1 Chronicles",
      "chapter": 12,
      "verse": 24,
      "text": [
        "The",
        "children",
        "of",
        "Judah",
        "that",
        "bare",
        "shield",
        "and",
        "spear",
        "*were",
        "six",
        "thousand",
        "and",
        "eight",
        "hundred,",
        "ready",
        "armed",
        "to",
        "the",
        "war."
      ],
      "header": "",
      "footer": ""
    },
    {
      "book_name": "1 Chronicles",
      "chapter": 12,
      "verse": 25,
      "text": [
        "Of",
        "the",
        "children",
        "of",
        "Simeon,",
        "mighty",
        "men",
        "of",
        "valour",
        "for",
        "the",
        "war,",
        "seven",
        "thousand",
        "and",
        "one",
        "hundred."
      ],
      "header": "",
      "footer": ""
    },
    {
      "book_name": "1 Chronicles",
      "chapter": 12,
      "verse": 26,
      "text": [
        "Of",
        "the",
        "children",
        "of",
        "Levi",
        "four",
        "thousand",
        "and",
        "six",
        "hundred."
      ],
      "header": "",
      "footer": ""
    },
    {
      "book_name": "1 Chronicles",
      "chapter": 12,
      "verse": 27,
      "text": [
        "And",
        "Jehoiada",
        "*was",
        "the",
        "leader",
        "of",
        "the",
        "Aaronites,",
        "and",
        "with",
        "him",
        "*were",
        "three",
        "thousand",
        "and",
        "seven",
        "hundred;"
      ],
      "header": "",
      "footer": ""
    },
    {
      "book_name": "1 Chronicles",
      "chapter": 12,
      "verse": 28,
      "text": [
        "And",
        "Zadok,",
        "a",
        "young",
        "man",
        "mighty",
        "of",
        "valour,",
        "and",
        "of",
        "his",
        "father's",
        "house",
        "twenty",
        "and",
        "two",
        "captains."
      ],
      "header": "",
      "footer": ""
    },
    {
      "book_name": "1 Chronicles",
      "chapter": 12,
      "verse": 29,
      "text": [
        "And",
        "of",
        "the",
        "children",
        "of",
        "Benjamin,",
        "the",
        "kindred",
        "of",
        "Saul,",
        "three",
        "thousand:",
        "for",
        "hitherto",
        "the",
        "greatest",
        "part",
        "of",
        "them",
        "had",
        "kept",
        "the",
        "ward",
        "of",
        "the",
        "house",
        "of",
        "Saul."
      ],
      "header": "",
      "footer": ""
    },
    {
      "book_name": "1 Chronicles",
      "chapter": 12,
      "verse": 30,
      "text": [
        "And",
        "of",
        "the",
        "children",
        "of",
        "Ephraim",
        "twenty",
        "thousand",
        "and",
        "eight",
        "hundred,",
        "mighty",
        "men",
        "of",
        "valour,",
        "famous",
        "throughout",
        "the",
        "house",
        "of",
        "their",
        "fathers."
      ],
      "header": "",
      "footer": ""
    },
    {
      "book_name": "1 Chronicles",
      "chapter": 12,
      "verse": 31,
      "text": [
        "And",
        "of",
        "the",
        "half",
        "tribe",
        "of",
        "Manasseh",
        "eighteen",
        "thousand,",
        "which",
        "were",
        "expressed",
        "by",
        "name,",
        "to",
        "come",
        "and",
        "make",
        "David",
        "king."
      ],
      "header": "",
      "footer": ""
    },
    {
      "book_name": "1 Chronicles",
      "chapter": 12,
      "verse": 32,
      "text": [
        "And",
        "of",
        "the",
        "children",
        "of",
        "Issachar,",
        "*which",
        "*were",
        "*men",
        "that",
        "had",
        "understanding",
        "of",
        "the",
        "times,",
        "to",
        "know",
        "what",
        "Israel",
        "ought",
        "to",
        "do;",
        "the",
        "heads",
        "of",
        "them",
        "*were",
        "two",
        "hundred;",
        "and",
        "all",
        "their",
        "brethren",
        "*were",
        "at",
        "their",
        "commandment."
      ],
      "header": "",
      "footer": ""
    },
    {
      "book_name": "1 Chronicles",
      "chapter": 12,
      "verse": 33,
      "text": [
        "Of",
        "Zebulun,",
        "such",
        "as",
        "went",
        "forth",
        "to",
        "battle,",
        "expert",
        "in",
        "war,",
        "with",
        "all",
        "instruments",
        "of",
        "war,",
        "fifty",
        "thousand,",
        "which",
        "could",
        "keep",
        "rank:",
        "*they",
        "*were",
        "not",
        "of",
        "double",
        "heart."
      ],
      "header": "",
      "footer": ""
    },
    {
      "book_name": "1 Chronicles",
      "chapter": 12,
      "verse": 34,
      "text": [
        "And",
        "of",
        "Naphtali",
        "a",
        "thousand",
        "captains,",
        "and",
        "with",
        "them",
        "with",
        "shield",
        "and",
        "spear",
        "thirty",
        "and",
        "seven",
        "thousand."
      ],
      "header": "",
      "footer": ""
    },
    {
      "book_name": "1 Chronicles",
      "chapter": 12,
      "verse": 35,
      "text": [
        "And",
        "of",
        "the",
        "Danites",
        "expert",
        "in",
        "war",
        "twenty",
        "and",
        "eight",
        "thousand",
        "and",
        "six",
        "hundred."
      ],
      "header": "",
      "footer": ""
    },
    {
      "book_name": "1 Chronicles",
      "chapter": 12,
      "verse": 36,
      "text": [
        "And",
        "of",
        "Asher,",
        "such",
        "as",
        "went",
        "forth",
        "to",
        "battle,",
        "expert",
        "in",
        "war,",
        "forty",
        "thousand."
      ],
      "header": "",
      "footer": ""
    },
    {
      "book_name": "1 Chronicles",
      "chapter": 12,
      "verse": 37,
      "text": [
        "And",
        "on",
        "the",
        "other",
        "side",
        "of",
        "Jordan,",
        "of",
        "the",
        "Reubenites,",
        "and",
        "the",
        "Gadites,",
        "and",
        "of",
        "the",
        "half",
        "tribe",
        "of",
        "Manasseh,",
        "with",
        "all",
        "manner",
        "of",
        "instruments",
        "of",
        "war",
        "for",
        "the",
        "battle,",
        "an",
        "hundred",
        "and",
        "twenty",
        "thousand."
      ],
      "header": "",
      "footer": ""
    },
    {
      "book_name": "1 Chronicles",
      "chapter": 12,
      "verse": 38,
      "text": [
        "All",
        "these",
        "men",
        "of",
        "war,",
        "that",
        "could",
        "keep",
        "rank,",
        "came",
        "with",
        "a",
        "perfect",
        "heart",
        "to",
        "Hebron,",
        "to",
        "make",
        "David",
        "king",
        "over",
        "all",
        "Israel:",
        "and",
        "all",
        "the",
        "rest",
        "also",
        "of",
        "Israel",
        "*were",
        "of",
        "one",
        "heart",
        "to",
        "make",
        "David",
        "king."
      ],
      "header": "",
      "footer": ""
    },
    {
      "book_name": "1 Chronicles",
      "chapter": 12,
      "verse": 39,
      "text": [
        "And",
        "there",
        "they",
        "were",
        "with",
        "David",
        "three",
        "days,",
        "eating",
        "and",
        "drinking:",
        "for",
        "their",
        "brethren",
        "had",
        "prepared",
        "for",
        "them."
      ],
      "header": "",
      "footer": ""
    },
    {
      "book_name": "1 Chronicles",
      "chapter": 12,
      "verse": 40,
      "text": [
        "Moreover",
        "they",
        "that",
        "were",
        "nigh",
        "them,",
        "*even",
        "unto",
        "Issachar",
        "and",
        "Zebulun",
        "and",
        "Naphtali,",
        "brought",
        "bread",
        "on",
        "asses,",
        "and",
        "on",
        "camels,",
        "and",
        "on",
        "mules,",
        "and",
        "on",
        "oxen,",
        "*and",
        "meat,",
        "meal,",
        "cakes",
        "of",
        "figs,",
        "and",
        "bunches",
        "of",
        "raisins,",
        "and",
        "wine,",
        "and",
        "oil,",
        "and",
        "oxen,",
        "and",
        "sheep",
        "abundantly:",
        "for",
        "*there",
        "*was",
        "joy",
        "in",
        "Israel."
      ],
      "header": "",
      "footer": ""
    }
  ]
}