{
  "book_name": "1 Chronicles",
  "chapter": 17,
  "verses": [
    {
      "book_name": "1 Chronicles",
      "chapter": 17,
      "verse": 1,
      "text": [
        "Now",
        "it",
        "came",
        "to",
        "pass,",
        "as",
        "David",
        "sat",
        "in",
        "his",
        "house,",
        "that",
        "David",
        "said",
        "to",
        "Nathan",
        "the",
        "prophet,",
        "Lo,",
        "I",
        "dwell",
        "in",
        "an",
        "house",
        "of",
        "cedars,",
        "but",
        "the",
        "ark",
        "of",
        "the",
        "covenant",
        "of",
        "the",
        "Lᴏʀᴅ",
        "*remaineth",
        "under",
        "curtains."
      ],
      "header": "",
      "footer": ""
    },
    {
      "book_name": "1 Chronicles",
      "chapter": 17,
      "verse": 2,
      "text": [
        "Then",
        "Nathan",
        "said",
        "unto",
        "David,",
        "Do",
        "all",
        "that",
        "*is",
        "in",
        "thine",
        "heart;",
        "for",
        "God",
        "*is",
        "with",
        "thee."
      ],
      "header": "",
      "footer": ""
    },
    {
      "book_name": "1 Chronicles",
      "chapter": 17,
      "verse": 3,
      "text": [
        "¶",
        "And",
        "it",
        "came",
        "to",
        "pass",
        "the",
        "same",
        "night,",
        "that",
        "the",
        "word",
        "of",
        "God",
        "came",
        "to",
        "Nathan,",
        "saying,"
      ],
      "header": "",
      "footer": ""
    },
    {
      "book_name": "1 Chronicles",
      "chapter": 17,
      "verse": 4,
      "text": [
        "Go",
        "and",
        "tell",
        "David",
        "my",
        "servant,",
        "Thus",
        "saith",
        "the",
        "Lᴏʀᴅ,",
        "Thou",
        "shalt",
        "not",
        "build",
        "me",
        "an",
        "house",
        "to",
        "dwell",
        "in:"
      ],
      "header": "",
      "footer": ""
    },
    {
      "book_name": "1 Chronicles",
      "chapter": 17,
      "verse": 5,
      "text": [
        "For",
        "I",
        "have",
        "not",
        "dwelt",
        "in",
        "an",
        "house",
        "since",
        "the",
        "day",
        "that",
        "I",
        "brought",
        "up",
        "Israel",
        "unto",
        "this",
        "day;",
        "but",
        "have",
        "gone",
        "from",
        "tent",
        "to",
        "tent,",
        "and",
        "from",
        "*one",
        "tabernacle",
        "*to",
        "*another."
      ],
      "header": "",
      "footer": ""
    },
    {
      "book_name": "1 Chronicles",
      "chapter": 17,
      "verse": 6,
      "text": [
        "Wheresoever",
        "I",
        "have",
        "walked",
        "with",
        "all",
        "Israel,",
        "spake",
        "I",
        "a",
        "word",
        "to",
        "any",
        "of",
        "the",
        "judges",
        "of",
        "Israel,",
        "whom",
        "I",
        "commanded",
        "to",
        "feed",
        "my",
        "people,",
        "saying,",
        "Why",
        "have",
        "ye",
        "not",
        "built",
        "me",
        "an",
        "house",
        "of",
        "cedars?"
      ],
      "header": "",
      "footer": ""
    },
    {
      "book_name": "1 Chronicles",
      "chapter": 17,
      "verse": 7,
      "text": [
        "Now",
        "therefore",
        "thus",
        "shalt",
        "thou",
        "say",
        "unto",
        "my",
        "servant",
        "David,",
        "Thus",
        "saith",
        "the",
        "Lᴏʀᴅ",
        "of",
        "hosts,",
        "I",
        "took",
        "thee",
        "from",
        "the",
        "sheepcote,",
        "*even",
        "from",
        "following",
        "the",
        "sheep,",
        "that",
        "thou",
        "shouldest",
        "be",
        "ruler",
        "over",
        "my",
        "people",
        "Israel:"
      ],
      "header": "",
      "footer": ""
    },
    {
      "book_name": "1 Chronicles",
      "chapter": 17,
      "verse": 8,
      "text": [
        "And",
        "I",
        "have",
        "been",
        "with",
        "thee",
        "whithersoever",
        "thou",
        "hast",
        "walked,",
        "and",
        "have",
        "cut",
        "off",
        "all",
        "thine",
        "enemies",
        "from",
        "before",
        "thee,",
        "and",
        "have",
        "made",
        "thee",
        "a",
        "name",
        "like",
        "the",
        "name",
        "of",
        "the",
        "great",
        "men",
        "that",
        "*are",
        "in",
        "the",
        "earth."
      ],
      "header": "",
      "footer": ""
    },
    {
      "book_name": "1 Chronicles",
      "chapter": 17,
      "verse": 9,
      "text": [
        "Also",
        "I",
        "will",
        "ordain",
        "a",
        "place",
        "for",
        "my",
        "people",
        "Israel,",
        "and",
        "will",
        "plant",
        "them,",
        "and",
        "they",
        "shall",
        "dwell",
        "in",
        "their",
        "place,",
        "and",
        "shall",
        "be",
        "moved",
        "no",
        "more;",
        "neither",
        "shall",
        "the",
        "children",
        "of",
        "wickedness",
        "waste",
        "them",
        "any",
        "more,",
        "as",
        "at",
        "the",
        "beginning,"
      ],
      "header": "",
      "footer": ""
    },
    {
      "book_name": "1 Chronicles",
      "chapter": 17,
      "verse": 10,
      "text": [
        "And",
        "since",
        "the",
        "time",
        "that",
        "I",
        "commanded",
        "judges",
        "*to",
        "*be",
        "over",
        "my",
        "people",
        "Israel.",
        "Moreover",
        "I",
        "will",
        "subdue",
        "all",
        "thine",
        "enemies.",
        "Furthermore",
        "I",
        "tell",
        "thee",
        "that",
        "the",
        "Lᴏʀᴅ",
        "will",
        "build",
        "thee",
        "an",
        "house."
      ],
      "header": "",
      "footer": ""
    },
    {
      "book_name": "1 Chronicles",
      "chapter": 17,
      "verse": 11,
      "text": [
        "¶",
        "And",
        "it",
        "shall",
        "come",
        "to",
        "pass,",
        "when",
        "thy",
        "days",
        "be",
        "expired",
        "that",
        "thou",
        "must",
        "go",
        "*to",
        "*be",
        "with",
        "thy",
        "fathers,",
        "that",
        "I",
        "will",
        "raise",
        "up",
        "thy",
        "seed",
        "after",
        "thee,",
        "which",
        "shall",
        "be",
        "of",
        "thy",
        "sons;",
        "and",
        "I",
        "will",
        "establish",
        "his",
        "kingdom."
      ],
      "header": "",
      "footer": ""
    },
    {
      "book_name": "1 Chronicles",
      "chapter": 17,
      "verse": 12,
      "text": [
        "He",
        "shall",
        "build",
        "me",
        "an",
        "house,",
        "and",
        "I",
        "will",
        "stablish",
        "his",
        "throne",
        "for",
        "ever."
      ],
      "header": "",
      "footer": ""
    },
    {
      "book_name": "1 Chronicles",
      "chapter": 17,
      "verse": 13,
      "text": [
        "I",
        "will",
        "be",
        "his",
        "father,",
        "and",
        "he",
        "shall",
        "be",
        "my",
        "son:",
        "and",
        "I",
        "will",
        "not",
        "take",
        "my",
        "mercy",
        "away",
        "from",
        "him,",
        "as",
        "I",
        "took",
        "*it",
        "from",
        "*him",
        "that",
        "was",
        "before",
        "thee:"
      ],
      "header": "",
      "footer": ""
    },
    {
      "book_name": "1 Chronicles",
      "chapter": 17,
      "verse": 14,
      "text": [
        "But",
        "I",
        "will",
        "settle",
        "him",
        "in",
        "mine",
        "house",
        "and",
        "in",
        "my",
        "kingdom",
        "for",
        "ever:",
        "and",
        "his",
        "throne",
        "shall",
        "be",
        "established",
        "for",
        "evermore."
      ],
      "header": "",
      "footer": ""
    },
    {
      "book_name": "1 Chronicles",
      "chapter": 17,
      "verse": 15,
      "text": [
        "According",
        "to",
        "all",
        "these",
        "words,",
        "and",
        "according",
        "to",
        "all",
        "this",
        "vision,",
        "so",
        "did",
        "Nathan",
        "speak",
        "unto",
        "David."
      ],
      "header": "",
      "footer": ""
    },
    {
      "book_name": "1 Chronicles",
      "chapter": 17,
      "verse": 16,
      "text": [
        "¶",
        "And",
        "David",
        "the",
        "king",
        "came",
        "and",
        "sat",
        "before",
        "the",
        "Lᴏʀᴅ,",
        "and",
        "said,",
        "Who",
        "*am",
        "I,",
        "O",
        "Lᴏʀᴅ",
        "God,",
        "and",
        "what",
        "*is",
        "mine",
        "house,",
        "that",
        "thou",
        "hast",
        "brought",
        "me",
        "hitherto?"
      ],
      "header": "",
      "footer": ""
    },
    {
      "book_name": "1 Chronicles",
      "chapter": 17,
      "verse": 17,
      "text": [
        "And",
        "*yet",
        "this",
        "was",
        "a",
        "small",
        "thing",
        "in",
        "thine",
        "eyes,",
        "O",
        "God;",
        "for",
        "thou",
        "hast",
        "*also",
        "spoken",
        "of",
        "thy",
        "servant's",
        "house",
        "for",
        "a",
        "great",
        "while",
        "to",
        "come,",
        "and",
        "hast",
        "regarded",
        "me",
        "according",
        "to",
        "the",
        "estate",
        "of",
        "a",
        "man",
        "of",
        "high",
        "degree,",
        "O",
        "Lᴏʀᴅ",
        "God."
      ],
      "header": "",
      "footer": ""
    },
    {
      "book_name": "1 Chronicles",
      "chapter": 17,
      "verse": 18,
      "text": [
        "What",
        "can",
        "David",
        "*speak",
        "more",
        "to",
        "thee",
        "for",
        "the",
        "honour",
        "of",
        "thy",
        "servant?",
        "for",
        "thou",
        "knowest",
        "thy",
        "servant."
      ],
      "header": "",
      "footer": ""
    },
    {
      "book_name": "1 Chronicles",
      "chapter": 17,
      "verse": 19,
      "text": [
        "O",
        "Lᴏʀᴅ,",
        "for",
        "thy",
        "servant's",
        "sake,",
        "and",
        "according",
        "to",
        "thine",
        "own",
        "heart,",
        "hast",
        "thou",
        "done",
        "all",
        "this",
        "greatness,",
        "in",
        "making",
        "known",
        "all",
        "*these",
        "great",
        "things."
      ],
      "header": "",
      "footer": ""
    },
    {
      "book_name": "1 Chronicles",
      "chapter": 17,
      "verse": 20,
      "text": [
        "O",
        "Lᴏʀᴅ,",
        "*there",
        "*is",
        "none",
        "like",
        "thee,",
        "neither",
        "*is",
        "*there",
        "*any",
        "God",
        "beside",
        "thee,",
        "according",
        "to",
        "all",
        "that",
        "we",
        "have",
        "heard",
        "with",
        "our",
        "ears."
      ],
      "header": "",
      "footer": ""
    },
    {
      "book_name": "1 Chronicles",
      "chapter": 17,
      "verse": 21,
      "text": [
        "And",
        "what",
        "one",
        "nation",
        "in",
        "the",
        "earth",
        "*is",
        "like",
        "thy",
        "people",
        "Israel,",
        "whom",
        "God",
        "went",
        "to",
        "redeem",
        "*to",
        "*be",
        "his",
        "own",
        "people,",
        "to",
        "make",
        "thee",
        "a",
        "name",
        "of",
        "greatness",
        "and",
        "terribleness,",
        "by",
        "driving",
        "out",
        "nations",
        "from",
        "before",
        "thy",
        "people,",
        "whom",
        "thou",
        "hast",
        "redeemed",
        "out",
        "of",
        "Egypt?"
      ],
      "header": "",
      "footer": ""
    },
    {
      "book_name": "1 Chronicles",
      "chapter": 17,
      "verse": 22,
      "text": [
        "For",
        "thy",
        "people",
        "Israel",
        "didst",
        "thou",
        "make",
        "thine",
        "own",
        "people",
        "for",
        "ever;",
        "and",
        "thou,",
        "Lᴏʀᴅ,",
        "becamest",
        "their",
        "God."
      ],
      "header": "",
      "footer": ""
    },
    {
      "book_name": "1 Chronicles",
      "chapter": 17,
      "verse": 23,
      "text": [
        "Therefore",
        "now,",
        "Lᴏʀᴅ,",
        "let",
        "the",
        "thing",
        "that",
        "thou",
        "hast",
        "spoken",
        "concerning",
        "thy",
        "servant",
        "and",
        "concerning",
        "his",
        "house",
        "be",
        "established",
        "for",
        "ever,",
        "and",
        "do",
        "as",
        "thou",
        "hast",
        "said."
      ],
      "header": "",
      "footer": ""
    },
    {
      "book_name": "1 Chronicles",
      "chapter": 17,
      "verse": 24,
      "text": [
        "Let",
        "it",
        "even",
        "be",
        "established,",
        "that",
        "thy",
        "name",
        "may",
        "be",
        "magnified",
        "for",
        "ever,",
        "saying,",
        "The",
        "Lᴏʀᴅ",
        "of",
        "hosts",
        "*is",
        "the",
        "God",
        "of",
        "Israel,",
        "*even",
        "a",
        "God",
        "to",
        "Israel:",
        "and",
        "*let",
        "the",
        "house",
        "of",
        "David",
        "thy",
        "servant",
        "*be",
        "established",
        "before",
        "thee."
      ],
      "header": "",
      "footer": ""
    },
    {
      "book_name": "1 Chronicles",
      "chapter": 17,
      "verse": 25,
      "text": [
        "For",
        "thou,",
        "O",
        "my",
        "God,",
        "hast",
        "told",
        "thy",
        "servant",
        "that",
        "thou",
        "wilt",
        "build",
        "him",
        "an",
        "house:",
        "therefore",
        "thy",
        "servant",
        "hath",
        "found",
        "*in",
        "*his",
        "*heart",
        "to",
        "pray",
        "before",
        "thee."
      ],
      "header": "",
      "footer": ""
    },
    {
      "book_name": "1 Chronicles",
      "chapter": 17,
      "verse": 26,
      "text": [
        "And",
        "now,",
        "Lᴏʀᴅ,",
        "thou",
        "art",
        "God,",
        "and",
        "hast",
        "promised",
        "this",
        "goodness",
        "unto",
        "thy",
        "servant:"
      ],
      "header": "",
      "footer": ""
    },
    {
      "book_name": "1 Chronicles",
      "chapter": 17,
      "verse": 27,
      "text": [
        "Now",
        "therefore",
        "let",
        "it",
        "please",
        "thee",
        "to",
        "bless",
        "the",
        "house",
        "of",
        "thy",
        "servant,",
        "that",
        "it",
        "may",
        "be",
        "before",
        "thee",
        "for",
        "ever:",
        "for",
        "thou",
        "blessest,",
        "O",
        "Lᴏʀᴅ,",
        "and",
        "*it",
        "*shall",
        "*be",
        "blessed",
        "for",
        "ever."
      ],
      "header": "",
      "footer": ""
    }
  ]
}