{
  "book_name": "1 Chronicles",
  "chapter": 23,
  "verses": [
    {
      "book_name": "1 Chronicles",
      "chapter": 23,
      "verse": 1,
      "text": [
        "So",
        "when",
        "David",
        "was",
        "old",
        "and",
        "full",
        "of",
        "days,",
        "he",
        "made",
        "Solomon",
        "his",
        "son",
        "king",
        "over",
        "Israel."
      ],
      "header": "",
      "footer": ""
    },
    {
      "book_name": "1 Chronicles",
      "chapter": 23,
      "verse": 2,
      "text": [
        "¶",
        "And",
        "he",
        "gathered",
        "together",
        "all",
        "the",
        "princes",
        "of",
        "Israel,",
        "with",
        "the",
        "priests",
        "and",
        "the",
        "Levites."
      ],
      "header": "",
      "footer": ""
    },
    {
      "book_name": "1 Chronicles",
      "chapter": 23,
      "verse": 3,
      "text": [
        "Now",
        "the",
        "Levites",
        "were",
        "numbered",
        "from",
        "the",
        "age",
        "of",
        "thirty",
        "years",
        "and",
        "upward:",
        "and",
        "their",
        "number",
        "by",
        "their",
        "polls,",
        "man",
        "by",
        "man,",
        "was",
        "thirty",
        "and",
        "eight",
        "thousand."
      ],
      "header": "",
      "footer": ""
    },
    {
      "book_name": "1 Chronicles",
      "chapter": 23,
      "verse": 4,
      "text": [
        "Of",
        "which,",
        "twenty",
        "and",
        "four",
        "thousand",
        "*were",
        "to",
        "set",
        "forward",
        "the",
        "work",
        "of",
        "the",
        "house",
        "of",
        "the",
        "Lᴏʀᴅ;",
        "and",
        "six",
        "thousand",
        "*were",
        "officers",
        "and",
        "judges:"
      ],
      "header": "",
      "footer": ""
    },
    {
      "book_name": "1 Chronicles",
      "chapter": 23,
      "verse": 5,
      "text": [
        "Moreover",
        "four",
        "thousand",
        "*were",
        "porters;",
        "and",
        "four",
        "thousand",
        "praised",
        "the",
        "Lᴏʀᴅ",
        "with",
        "the",
        "instruments",
        "which",
        "I",
        "made,",
        "*said",
        "*David,",
        "to",
        "praise",
        "*therewith."
      ],
      "header": "",
      "footer": ""
    },
    {
      "book_name": "1 Chronicles",
      "chapter": 23,
      "verse": 6,
      "text": [
        "And",
        "David",
        "divided",
        "them",
        "into",
        "courses",
        "among",
        "the",
        "sons",
        "of",
        "Levi,",
        "*namely,",
        "Gershon,",
        "Kohath,",
        "and",
        "Merari."
      ],
      "header": "",
      "footer": ""
    },
    {
      "book_name": "1 Chronicles",
      "chapter": 23,
      "verse": 7,
      "text": [
        "¶",
        "Of",
        "the",
        "Gershonites",
        "*were,",
        "Laadan,",
        "and",
        "Shimei."
      ],
      "header": "",
      "footer": ""
    },
    {
      "book_name": "1 Chronicles",
      "chapter": 23,
      "verse": 8,
      "text": [
        "The",
        "sons",
        "of",
        "Laadan;",
        "the",
        "chief",
        "*was",
        "Jehiel,",
        "and",
        "Zetham,",
        "and",
        "Joel,",
        "three."
      ],
      "header": "",
      "footer": ""
    },
    {
      "book_name": "1 Chronicles",
      "chapter": 23,
      "verse": 9,
      "text": [
        "The",
        "sons",
        "of",
        "Shimei;",
        "Shelomith,",
        "and",
        "Haziel,",
        "and",
        "Haran,",
        "three.",
        "These",
        "*were",
        "the",
        "chief",
        "of",
        "the",
        "fathers",
        "of",
        "Laadan."
      ],
      "header": "",
      "footer": ""
    },
    {
      "book_name": "1 Chronicles",
      "chapter": 23,
      "verse": 10,
      "text": [
        "And",
        "the",
        "sons",
        "of",
        "Shimei",
        "*were,",
        "Jahath,",
        "Zina,",
        "and",
        "Jeush,",
        "and",
        "Beriah.",
        "These",
        "four",
        "*were",
        "the",
        "sons",
        "of",
        "Shimei."
      ],
      "header": "",
      "footer": ""
    },
    {
      "book_name": "1 Chronicles",
      "chapter": 23,
      "verse": 11,
      "text": [
        "And",
        "Jahath",
        "was",
        "the",
        "chief,",
        "and",
        "Zizah",
        "the",
        "second:",
        "but",
        "Jeush",
        "and",
        "Beriah",
        "had",
        "not",
        "many",
        "sons;",
        "therefore",
        "they",
        "were",
        "in",
        "one",
        "reckoning,",
        "according",
        "to",
        "*their",
        "father's",
        "house."
      ],
      "header": "",
      "footer": ""
    },
    {
      "book_name": "1 Chronicles",
      "chapter": 23,
      "verse": 12,
      "text": [
        "¶",
        "The",
        "sons",
        "of",
        "Kohath;",
        "Amram,",
        "Izhar,",
        "Hebron,",
        "and",
        "Uzziel,",
        "four."
      ],
      "header": "",
      "footer": ""
    },
    {
      "book_name": "1 Chronicles",
      "chapter": 23,
      "verse": 13,
      "text": [
        "The",
        "sons",
        "of",
        "Amram;",
        "Aaron",
        "and",
        "Moses:",
        "and",
        "Aaron",
        "was",
        "separated,",
        "that",
        "he",
        "should",
        "sanctify",
        "the",
        "most",
        "holy",
        "things,",
        "he",
        "and",
        "his",
        "sons",
        "for",
        "ever,",
        "to",
        "burn",
        "incense",
        "before",
        "the",
        "Lᴏʀᴅ,",
        "to",
        "minister",
        "unto",
        "him,",
        "and",
        "to",
        "bless",
        "in",
        "his",
        "name",
        "for",
        "ever."
      ],
      "header": "",
      "footer": ""
    },
    {
      "book_name": "1 Chronicles",
      "chapter": 23,
      "verse": 14,
      "text": [
        "Now",
        "*concerning",
        "Moses",
        "the",
        "man",
        "of",
        "God,",
        "his",
        "sons",
        "were",
        "named",
        "of",
        "the",
        "tribe",
        "of",
        "Levi."
      ],
      "header": "",
      "footer": ""
    },
    {
      "book_name": "1 Chronicles",
      "chapter": 23,
      "verse": 15,
      "text": [
        "The",
        "sons",
        "of",
        "Moses",
        "*were,",
        "Gershom,",
        "and",
        "Eliezer."
      ],
      "header": "",
      "footer": ""
    },
    {
      "book_name": "1 Chronicles",
      "chapter": 23,
      "verse": 16,
      "text": [
        "Of",
        "the",
        "sons",
        "of",
        "Gershom,",
        "Shebuel",
        "*was",
        "the",
        "chief."
      ],
      "header": "",
      "footer": ""
    },
    {
      "book_name": "1 Chronicles",
      "chapter": 23,
      "verse": 17,
      "text": [
        "And",
        "the",
        "sons",
        "of",
        "Eliezer",
        "*were,",
        "Rehabiah",
        "the",
        "chief.",
        "And",
        "Eliezer",
        "had",
        "none",
        "other",
        "sons;",
        "but",
        "the",
        "sons",
        "of",
        "Rehabiah",
        "were",
        "very",
        "many."
      ],
      "header": "",
      "footer": ""
    },
    {
      "book_name": "1 Chronicles",
      "chapter": 23,
      "verse": 18,
      "text": [
        "Of",
        "the",
        "sons",
        "of",
        "Izhar;",
        "Shelomith",
        "the",
        "chief."
      ],
      "header": "",
      "footer": ""
    },
    {
      "book_name": "1 Chronicles",
      "chapter": 23,
      "verse": 19,
      "text": [
        "Of",
        "the",
        "sons",
        "of",
        "Hebron;",
        "Jeriah",
        "the",
        "first,",
        "Amariah",
        "the",
        "second,",
        "Jahaziel",
        "the",
        "third,",
        "and",
        "Jekameam",
        "the",
        "fourth."
      ],
      "header": "",
      "footer": ""
    },
    {
      "book_name": "1 Chronicles",
      "chapter": 23,
      "verse": 20,
      "text": [
        "Of",
        "the",
        "sons",
        "of",
        "Uzziel;",
        "Michah",
        "the",
        "first,",
        "and",
        "Jesiah",
        "the",
        "second."
      ],
      "header": "",
      "footer": ""
    },
    {
      "book_name": "1 Chronicles",
      "chapter": 23,
      "verse": 21,
      "text": [
        "¶",
        "The",
        "sons",
        "of",
        "Merari;",
        "Mahli,",
        "and",
        "Mushi.",
        "The",
        "sons",
        "of",
        "Mahli;",
        "Eleazar,",
        "and",
        "Kish."
      ],
      "header": "",
      "footer": ""
    },
    {
      "book_name": "1 Chronicles",
      "chapter": 23,
      "verse": 22,
      "text": [
        "And",
        "Eleazar",
        "died,",
        "and",
        "had",
        "no",
        "sons,",
        "but",
        "daughters:",
        "and",
        "their",
        "brethren",
        "the",
        "sons",
        "of",
        "Kish",
        "took",
        "them."
      ],
      "header": "",
      "footer": ""
    },
    {
      "book_name": "1 Chronicles",
      "chapter": 23,
      "verse": 23,
      "text": [
        "The",
        "sons",
        "of",
        "Mushi;",
        "Mahli,",
        "and",
        "Eder,",
        "and",
        "Jeremoth,",
        "three."
      ],
      "header": "",
      "footer": ""
    },
    {
      "book_name": "1 Chronicles",
      "chapter": 23,
      "verse": 24,
      "text": [
        "¶",
        "These",
        "*were",
        "the",
        "sons",
        "of",
        "Levi",
        "after",
        "the",
        "house",
        "of",
        "their",
        "fathers;",
        "*even",
        "the",
        "chief",
        "of",
        "the",
        "fathers,",
        "as",
        "they",
        "were",
        "counted",
        "by",
        "number",
        "of",
        "names",
        "by",
        "their",
        "polls,",
        "that",
        "did",
        "the",
        "work",
        "for",
        "the",
        "service",
        "of",
        "the",
        "house",
        "of",
        "the",
        "Lᴏʀᴅ,",
        "from",
        "the",
        "age",
        "of",
        "twenty",
        "years",
        "and",
        "upward."
      ],
      "header": "",
      "footer": ""
    },
    {
      "book_name": "1 Chronicles",
      "chapter": 23,
      "verse": 25,
      "text": [
        "For",
        "David",
        "said,",
        "The",
        "Lᴏʀᴅ",
        "God",
        "of",
        "Israel",
        "hath",
        "given",
        "rest",
        "unto",
        "his",
        "people,",
        "that",
        "they",
        "may",
        "dwell",
        "in",
        "Jerusalem",
        "for",
        "ever:"
      ],
      "header": "",
      "footer": ""
    },
    {
      "book_name": "1 Chronicles",
      "chapter": 23,
      "verse": 26,
      "text": [
        "And",
        "also",
        "unto",
        "the",
        "Levites;",
        "they",
        "shall",
        "no",
        "*more",
        "carry",
        "the",
        "tabernacle,",
        "nor",
        "any",
        "vessels",
        "of",
        "it",
        "for",
        "the",
        "service",
        "thereof."
      ],
      "header": "",
      "footer": ""
    },
    {
      "book_name": "1 Chronicles",
      "chapter": 23,
      "verse": 27,
      "text": [
        "For",
        "by",
        "the",
        "last",
        "words",
        "of",
        "David",
        "the",
        "Levites",
        "*were",
        "numbered",
        "from",
        "twenty",
        "years",
        "old",
        "and",
        "above:"
      ],
      "header": "",
      "footer": ""
    },
    {
      "book_name": "1 Chronicles",
      "chapter": 23,
      "verse": 28,
      "text": [
        "Because",
        "their",
        "office",
        "*was",
        "to",
        "wait",
        "on",
        "the",
        "sons",
        "of",
        "Aaron",
        "for",
        "the",
        "service",
        "of",
        "the",
        "house",
        "of",
        "the",
        "Lᴏʀᴅ,",
        "in",
        "the",
        "courts,",
        "and",
        "in",
        "the",
        "chambers,",
        "and",
        "in",
        "the",
        "purifying",
        "of",
        "all",
        "holy",
        "things,",
        "and",
        "the",
        "work",
        "of",
        "the",
        "service",
        "of",
        "the",
        "house",
        "of",
        "God;"
      ],
      "header": "",
      "footer": ""
    },
    {
      "book_name": "1 Chronicles",
      "chapter": 23,
      "verse": 29,
      "text": [
        "Both",
        "for",
        "the",
        "shewbread,",
        "and",
        "for",
        "the",
        "fine",
        "flour",
        "for",
        "meat",
        "offering,",
        "and",
        "for",
        "the",
        "unleavened",
        "cakes,",
        "and",
        "for",
        "*that",
        "*which",
        "*is",
        "*baked",
        "*in",
        "the",
        "pan,",
        "and",
        "for",
        "that",
        "which",
        "is",
        "fried,",
        "and",
        "for",
        "all",
        "manner",
        "of",
        "measure",
        "and",
        "size;"
      ],
      "header": "",
      "footer": ""
    },
    {
      "book_name": "1 Chronicles",
      "chapter": 23,
      "verse": 30,
      "text": [
        "And",
        "to",
        "stand",
        "every",
        "morning",
        "to",
        "thank",
        "and",
        "praise",
        "the",
        "Lᴏʀᴅ,",
        "and",
        "likewise",
        "at",
        "even;"
      ],
      "header": "",
      "footer": ""
    },
    {
      "book_name": "1 Chronicles",
      "chapter": 23,
      "verse": 31,
      "text": [
        "And",
        "to",
        "offer",
        "all",
        "burnt",
        "sacrifices",
        "unto",
        "the",
        "Lᴏʀᴅ",
        "in",
        "the",
        "sabbaths,",
        "in",
        "the",
        "new",
        "moons,",
        "and",
        "on",
        "the",
        "set",
        "feasts,",
        "by",
        "number,",
        "according",
        "to",
        "the",
        "order",
        "commanded",
        "unto",
        "them,",
        "continually",
        "before",
        "the",
        "Lᴏʀᴅ:"
      ],
      "header": "",
      "footer": ""
    },
    {
      "book_name": "1 Chronicles",
      "chapter": 23,
      "verse": 32,
      "text": [
        "And",
        "that",
        "they",
        "should",
        "keep",
        "the",
        "charge",
        "of",
        "the",
        "tabernacle",
        "of",
        "the",
        "congregation,",
        "and",
        "the",
        "charge",
        "of",
        "the",
        "holy",
        "*place,",
        "and",
        "the",
        "charge",
        "of",
        "the",
        "sons",
        "of",
        "Aaron",
        "their",
        "brethren,",
        "in",
        "the",
        "service",
        "of",
        "the",
        "house",
        "of",
        "the",
        "Lᴏʀᴅ."
      ],
      "header": "",
      "footer": ""
    }
  ]
}