{
  "book_name": "1 Chronicles",
  "chapter": 26,
  "verses": [
    {
      "book_name": "1 Chronicles",
      "chapter": 26,
      "verse": 1,
      "text": [
        "Concerning",
        "the",
        "divisions",
        "of",
        "the",
        "porters:",
        "Of",
        "the",
        "Korhites",
        "*was",
        "Meshelemiah",
        "the",
        "son",
        "of",
        "Kore,",
        "of",
        "the",
        "sons",
        "of",
        "Asaph."
      ],
      "header": "",
      "footer": ""
    },
    {
      "book_name": "1 Chronicles",
      "chapter": 26,
      "verse": 2,
      "text": [
        "And",
        "the",
        "sons",
        "of",
        "Meshelemiah",
        "*were,",
        "Zechariah",
        "the",
        "firstborn,",
        "Jediael",
        "the",
        "second,",
        "Zebadiah",
        "the",
        "third,",
        "Jathniel",
        "the",
        "fourth,"
      ],
      "header": "",
      "footer": ""
    },
    {
      "book_name": "1 Chronicles",
      "chapter": 26,
      "verse": 3,
      "text": [
        "Elam",
        "the",
        "fifth,",
        "Jehohanan",
        "the",
        "sixth,",
        "Elioenai",
        "the",
        "seventh."
      ],
      "header": "",
      "footer": ""
    },
    {
      "book_name": "1 Chronicles",
      "chapter": 26,
      "verse": 4,
      "text": [
        "Moreover",
        "the",
        "sons",
        "of",
        "Obededom",
        "*were,",
        "Shemaiah",
        "the",
        "firstborn,",
        "Jehozabad",
        "the",
        "second,",
        "Joah",
        "the",
        "third,",
        "and",
        "Sacar",
        "the",
        "fourth,",
        "and",
        "Nethaneel",
        "the",
        "fifth,"
      ],
      "header": "",
      "footer": ""
    },
    {
      "book_name": "1 Chronicles",
      "chapter": 26,
      "verse": 5,
      "text": [
        "Ammiel",
        "the",
        "sixth,",
        "Issachar",
        "the",
        "seventh,",
        "Peulthai",
        "the",
        "eighth:",
        "for",
        "God",
        "blessed",
        "him."
      ],
      "header": "",
      "footer": ""
    },
    {
      "book_name": "1 Chronicles",
      "chapter": 26,
      "verse": 6,
      "text": [
        "Also",
        "unto",
        "Shemaiah",
        "his",
        "son",
        "were",
        "sons",
        "born,",
        "that",
        "ruled",
        "throughout",
        "the",
        "house",
        "of",
        "their",
        "father:",
        "for",
        "they",
        "*were",
        "mighty",
        "men",
        "of",
        "valour."
      ],
      "header": "",
      "footer": ""
    },
    {
      "book_name": "1 Chronicles",
      "chapter": 26,
      "verse": 7,
      "text": [
        "The",
        "sons",
        "of",
        "Shemaiah;",
        "Othni,",
        "and",
        "Rephael,",
        "and",
        "Obed,",
        "Elzabad,",
        "whose",
        "brethren",
        "*were",
        "strong",
        "men,",
        "Elihu,",
        "and",
        "Semachiah."
      ],
      "header": "",
      "footer": ""
    },
    {
      "book_name": "1 Chronicles",
      "chapter": 26,
      "verse": 8,
      "text": [
        "All",
        "these",
        "of",
        "the",
        "sons",
        "of",
        "Obededom:",
        "they",
        "and",
        "their",
        "sons",
        "and",
        "their",
        "brethren,",
        "able",
        "men",
        "for",
        "strength",
        "for",
        "the",
        "service,",
        "*were",
        "threescore",
        "and",
        "two",
        "of",
        "Obededom."
      ],
      "header": "",
      "footer": ""
    },
    {
      "book_name": "1 Chronicles",
      "chapter": 26,
      "verse": 9,
      "text": [
        "And",
        "Meshelemiah",
        "had",
        "sons",
        "and",
        "brethren,",
        "strong",
        "men,",
        "eighteen."
      ],
      "header": "",
      "footer": ""
    },
    {
      "book_name": "1 Chronicles",
      "chapter": 26,
      "verse": 10,
      "text": [
        "Also",
        "Hosah,",
        "of",
        "the",
        "children",
        "of",
        "Merari,",
        "had",
        "sons;",
        "Simri",
        "the",
        "chief,",
        "(for",
        "*though",
        "he",
        "was",
        "not",
        "the",
        "firstborn,",
        "yet",
        "his",
        "father",
        "made",
        "him",
        "the",
        "chief;)"
      ],
      "header": "",
      "footer": ""
    },
    {
      "book_name": "1 Chronicles",
      "chapter": 26,
      "verse": 11,
      "text": [
        "Hilkiah",
        "the",
        "second,",
        "Tebaliah",
        "the",
        "third,",
        "Zechariah",
        "the",
        "fourth:",
        "all",
        "the",
        "sons",
        "and",
        "brethren",
        "of",
        "Hosah",
        "*were",
        "thirteen."
      ],
      "header": "",
      "footer": ""
    },
    {
      "book_name": "1 Chronicles",
      "chapter": 26,
      "verse": 12,
      "text": [
        "Among",
        "these",
        "*were",
        "the",
        "divisions",
        "of",
        "the",
        "porters,",
        "*even",
        "among",
        "the",
        "chief",
        "men,",
        "*having",
        "wards",
        "one",
        "against",
        "another,",
        "to",
        "minister",
        "in",
        "the",
        "house",
        "of",
        "the",
        "Lᴏʀᴅ."
      ],
      "header": "",
      "footer": ""
    },
    {
      "book_name": "1 Chronicles",
      "chapter": 26,
      "verse": 13,
      "text": [
        "¶",
        "And",
        "they",
        "cast",
        "lots,",
        "as",
        "well",
        "the",
        "small",
        "as",
        "the",
        "great,",
        "according",
        "to",
        "the",
        "house",
        "of",
        "their",
        "fathers,",
        "for",
        "every",
        "gate."
      ],
      "header": "",
      "footer": ""
    },
    {
      "book_name": "1 Chronicles",
      "chapter": 26,
      "verse": 14,
      "text": [
        "And",
        "the",
        "lot",
        "eastward",
        "fell",
        "to",
        "Shelemiah.",
        "Then",
        "for",
        "Zechariah",
        "his",
        "son,",
        "a",
        "wise",
        "counseller,",
        "they",
        "cast",
        "lots;",
        "and",
        "his",
        "lot",
        "came",
        "out",
        "northward."
      ],
      "header": "",
      "footer": ""
    },
    {
      "book_name": "1 Chronicles",
      "chapter": 26,
      "verse": 15,
      "text": [
        "To",
        "Obededom",
        "southward;",
        "and",
        "to",
        "his",
        "sons",
        "the",
        "house",
        "of",
        "Asuppim."
      ],
      "header": "",
      "footer": ""
    },
    {
      "book_name": "1 Chronicles",
      "chapter": 26,
      "verse": 16,
      "text": [
        "To",
        "Shuppim",
        "and",
        "Hosah",
        "*the",
        "*lot",
        "*came",
        "*forth",
        "westward,",
        "with",
        "the",
        "gate",
        "Shallecheth,",
        "by",
        "the",
        "causeway",
        "of",
        "the",
        "going",
        "up,",
        "ward",
        "against",
        "ward."
      ],
      "header": "",
      "footer": ""
    },
    {
      "book_name": "1 Chronicles",
      "chapter": 26,
      "verse": 17,
      "text": [
        "Eastward",
        "*were",
        "six",
        "Levites,",
        "northward",
        "four",
        "a",
        "day,",
        "southward",
        "four",
        "a",
        "day,",
        "and",
        "toward",
        "Asuppim",
        "two",
        "*and",
        "two."
      ],
      "header": "",
      "footer": ""
    },
    {
      "book_name": "1 Chronicles",
      "chapter": 26,
      "verse": 18,
      "text": [
        "At",
        "Parbar",
        "westward,",
        "four",
        "at",
        "the",
        "causeway,",
        "*and",
        "two",
        "at",
        "Parbar."
      ],
      "header": "",
      "footer": ""
    },
    {
      "book_name": "1 Chronicles",
      "chapter": 26,
      "verse": 19,
      "text": [
        "These",
        "*are",
        "the",
        "divisions",
        "of",
        "the",
        "porters",
        "among",
        "the",
        "sons",
        "of",
        "Kore,",
        "and",
        "among",
        "the",
        "sons",
        "of",
        "Merari."
      ],
      "header": "",
      "footer": ""
    },
    {
      "book_name": "1 Chronicles",
      "chapter": 26,
      "verse": 20,
      "text": [
        "¶",
        "And",
        "of",
        "the",
        "Levites,",
        "Ahijah",
        "*was",
        "over",
        "the",
        "treasures",
        "of",
        "the",
        "house",
        "of",
        "God,",
        "and",
        "over",
        "the",
        "treasures",
        "of",
        "the",
        "dedicated",
        "things."
      ],
      "header": "",
      "footer": ""
    },
    {
      "book_name": "1 Chronicles",
      "chapter": 26,
      "verse": 21,
      "text": [
        "*As",
        "*concerning",
        "the",
        "sons",
        "of",
        "Laadan;",
        "the",
        "sons",
        "of",
        "the",
        "Gershonite",
        "Laadan,",
        "chief",
        "fathers,",
        "*even",
        "of",
        "Laadan",
        "the",
        "Gershonite,",
        "*were",
        "Jehieli."
      ],
      "header": "",
      "footer": ""
    },
    {
      "book_name": "1 Chronicles",
      "chapter": 26,
      "verse": 22,
      "text": [
        "The",
        "sons",
        "of",
        "Jehieli;",
        "Zetham,",
        "and",
        "Joel",
        "his",
        "brother,",
        "*which",
        "*were",
        "over",
        "the",
        "treasures",
        "of",
        "the",
        "house",
        "of",
        "the",
        "Lᴏʀᴅ."
      ],
      "header": "",
      "footer": ""
    },
    {
      "book_name": "1 Chronicles",
      "chapter": 26,
      "verse": 23,
      "text": [
        "Of",
        "the",
        "Amramites,",
        "*and",
        "the",
        "Izharites,",
        "the",
        "Hebronites,",
        "*and",
        "the",
        "Uzzielites:"
      ],
      "header": "",
      "footer": ""
    },
    {
      "book_name": "1 Chronicles",
      "chapter": 26,
      "verse": 24,
      "text": [
        "And",
        "Shebuel",
        "the",
        "son",
        "of",
        "Gershom,",
        "the",
        "son",
        "of",
        "Moses,",
        "*was",
        "ruler",
        "of",
        "the",
        "treasures."
      ],
      "header": "",
      "footer": ""
    },
    {
      "book_name": "1 Chronicles",
      "chapter": 26,
      "verse": 25,
      "text": [
        "And",
        "his",
        "brethren",
        "by",
        "Eliezer;",
        "Rehabiah",
        "his",
        "son,",
        "and",
        "Jeshaiah",
        "his",
        "son,",
        "and",
        "Joram",
        "his",
        "son,",
        "and",
        "Zichri",
        "his",
        "son,",
        "and",
        "Shelomith",
        "his",
        "son."
      ],
      "header": "",
      "footer": ""
    },
    {
      "book_name": "1 Chronicles",
      "chapter": 26,
      "verse": 26,
      "text": [
        "Which",
        "Shelomith",
        "and",
        "his",
        "brethren",
        "*were",
        "over",
        "all",
        "the",
        "treasures",
        "of",
        "the",
        "dedicated",
        "things,",
        "which",
        "David",
        "the",
        "king,",
        "and",
        "the",
        "chief",
        "fathers,",
        "the",
        "captains",
        "over",
        "thousands",
        "and",
        "hundreds,",
        "and",
        "the",
        "captains",
        "of",
        "the",
        "host,",
        "had",
        "dedicated."
      ],
      "header": "",
      "footer": ""
    },
    {
      "book_name": "1 Chronicles",
      "chapter": 26,
      "verse": 27,
      "text": [
        "Out",
        "of",
        "the",
        "spoils",
        "won",
        "in",
        "battles",
        "did",
        "they",
        "dedicate",
        "to",
        "maintain",
        "the",
        "house",
        "of",
        "the",
        "Lᴏʀᴅ."
      ],
      "header": "",
      "footer": ""
    },
    {
      "book_name": "1 Chronicles",
      "chapter": 26,
      "verse": 28,
      "text": [
        "And",
        "all",
        "that",
        "Samuel",
        "the",
        "seer,",
        "and",
        "Saul",
        "the",
        "son",
        "of",
        "Kish,",
        "and",
        "Abner",
        "the",
        "son",
        "of",
        "Ner,",
        "and",
        "Joab",
        "the",
        "son",
        "of",
        "Zeruiah,",
        "had",
        "dedicated;",
        "*and",
        "whosoever",
        "had",
        "dedicated",
        "*any",
        "*thing,",
        "*it",
        "*was",
        "under",
        "the",
        "hand",
        "of",
        "Shelomith,",
        "and",
        "of",
        "his",
        "brethren."
      ],
      "header": "",
      "footer": ""
    },
    {
      "book_name": "1 Chronicles",
      "chapter": 26,
      "verse": 29,
      "text": [
        "¶",
        "Of",
        "the",
        "Izharites,",
        "Chenaniah",
        "and",
        "his",
        "sons",
        "*were",
        "for",
        "the",
        "outward",
        "business",
        "over",
        "Israel,",
        "for",
        "officers",
        "and",
        "judges."
      ],
      "header": "",
      "footer": ""
    },
    {
      "book_name": "1 Chronicles",
      "chapter": 26,
      "verse": 30,
      "text": [
        "*And",
        "of",
        "the",
        "Hebronites,",
        "Hashabiah",
        "and",
        "his",
        "brethren,",
        "men",
        "of",
        "valour,",
        "a",
        "thousand",
        "and",
        "seven",
        "hundred,",
        "*were",
        "officers",
        "among",
        "them",
        "of",
        "Israel",
        "on",
        "this",
        "side",
        "Jordan",
        "westward",
        "in",
        "all",
        "the",
        "business",
        "of",
        "the",
        "Lᴏʀᴅ,",
        "and",
        "in",
        "the",
        "service",
        "of",
        "the",
        "king."
      ],
      "header": "",
      "footer": ""
    },
    {
      "book_name": "1 Chronicles",
      "chapter": 26,
      "verse": 31,
      "text": [
        "Among",
        "the",
        "Hebronites",
        "*was",
        "Jerijah",
        "the",
        "chief,",
        "*even",
        "among",
        "the",
        "Hebronites,",
        "according",
        "to",
        "the",
        "generations",
        "of",
        "his",
        "fathers.",
        "In",
        "the",
        "fortieth",
        "year",
        "of",
        "the",
        "reign",
        "of",
        "David",
        "they",
        "were",
        "sought",
        "for,",
        "and",
        "there",
        "were",
        "found",
        "among",
        "them",
        "mighty",
        "men",
        "of",
        "valour",
        "at",
        "Jazer",
        "of",
        "Gilead."
      ],
      "header": "",
      "footer": ""
    },
    {
      "book_name": "1 Chronicles",
      "chapter": 26,
      "verse": 32,
      "text": [
        "And",
        "his",
        "brethren,",
        "men",
        "of",
        "valour,",
        "*were",
        "two",
        "thousand",
        "and",
        "seven",
        "hundred",
        "chief",
        "fathers,",
        "whom",
        "king",
        "David",
        "made",
        "rulers",
        "over",
        "the",
        "Reubenites,",
        "the",
        "Gadites,",
        "and",
        "the",
        "half",
        "tribe",
        "of",
        "Manasseh,",
        "for",
        "every",
        "matter",
        "pertaining",
        "to",
        "God,",
        "and",
        "affairs",
        "of",
        "the",
        "king."
      ],
      "header": "",
      "footer": ""
    }
  ]
}