{
  "book_name": "1 Chronicles",
  "chapter": 4,
  "verses": [
    {
      "book_name": "1 Chronicles",
      "chapter": 4,
      "verse": 1,
      "text": [
        "The",
        "sons",
        "of",
        "Judah;",
        "Pharez,",
        "Hezron,",
        "and",
        "Carmi,",
        "and",
        "Hur,",
        "and",
        "Shobal."
      ],
      "header": "",
      "footer": ""
    },
    {
      "book_name": "1 Chronicles",
      "chapter": 4,
      "verse": 2,
      "text": [
        "And",
        "Reaiah",
        "the",
        "son",
        "of",
        "Shobal",
        "begat",
        "Jahath;",
        "and",
        "Jahath",
        "begat",
        "Ahumai,",
        "and",
        "Lahad.",
        "These",
        "*are",
        "the",
        "families",
        "of",
        "the",
        "Zorathites."
      ],
      "header": "",
      "footer": ""
    },
    {
      "book_name": "1 Chronicles",
      "chapter": 4,
      "verse": 3,
      "text": [
        "And",
        "these",
        "*were",
        "*of",
        "the",
        "father",
        "of",
        "Etam;",
        "Jezreel,",
        "and",
        "Ishma,",
        "and",
        "Idbash:",
        "and",
        "the",
        "name",
        "of",
        "their",
        "sister",
        "*was",
        "Hazelelponi:"
      ],
      "header": "",
      "footer": ""
    },
    {
      "book_name": "1 Chronicles",
      "chapter": 4,
      "verse": 4,
      "text": [
        "And",
        "Penuel",
        "the",
        "father",
        "of",
        "Gedor,",
        "and",
        "Ezer",
        "the",
        "father",
        "of",
        "Hushah.",
        "These",
        "*are",
        "the",
        "sons",
        "of",
        "Hur,",
        "the",
        "firstborn",
        "of",
        "Ephratah,",
        "the",
        "father",
        "of",
        "Bethlehem."
      ],
      "header": "",
      "footer": ""
    },
    {
      "book_name": "1 Chronicles",
      "chapter": 4,
      "verse": 5,
      "text": [
        "¶",
        "And",
        "Ashur",
        "the",
        "father",
        "of",
        "Tekoa",
        "had",
        "two",
        "wives,",
        "Helah",
        "and",
        "Naarah."
      ],
      "header": "",
      "footer": ""
    },
    {
      "book_name": "1 Chronicles",
      "chapter": 4,
      "verse": 6,
      "text": [
        "And",
        "Naarah",
        "bare",
        "him",
        "Ahuzam,",
        "and",
        "Hepher,",
        "and",
        "Temeni,",
        "and",
        "Haahashtari.",
        "These",
        "*were",
        "the",
        "sons",
        "of",
        "Naarah."
      ],
      "header": "",
      "footer": ""
    },
    {
      "book_name": "1 Chronicles",
      "chapter": 4,
      "verse": 7,
      "text": [
        "And",
        "the",
        "sons",
        "of",
        "Helah",
        "*were,",
        "Zereth,",
        "and",
        "Jezoar,",
        "and",
        "Ethnan."
      ],
      "header": "",
      "footer": ""
    },
    {
      "book_name": "1 Chronicles",
      "chapter": 4,
      "verse": 8,
      "text": [
        "And",
        "Coz",
        "begat",
        "Anub,",
        "and",
        "Zobebah,",
        "and",
        "the",
        "families",
        "of",
        "Aharhel",
        "the",
        "son",
        "of",
        "Harum."
      ],
      "header": "",
      "footer": ""
    },
    {
      "book_name": "1 Chronicles",
      "chapter": 4,
      "verse": 9,
      "text": [
        "¶",
        "And",
        "Jabez",
        "was",
        "more",
        "honourable",
        "than",
        "his",
        "brethren:",
        "and",
        "his",
        "mother",
        "called",
        "his",
        "name",
        "Jabez,",
        "saying,",
        "Because",
        "I",
        "bare",
        "him",
        "with",
        "sorrow."
      ],
      "header": "",
      "footer": ""
    },
    {
      "book_name": "1 Chronicles",
      "chapter": 4,
      "verse": 10,
      "text": [
        "And",
        "Jabez",
        "called",
        "on",
        "the",
        "God",
        "of",
        "Israel,",
        "saying,",
        "Oh",
        "that",
        "thou",
        "wouldest",
        "bless",
        "me",
        "indeed,",
        "and",
        "enlarge",
        "my",
        "coast,",
        "and",
        "that",
        "thine",
        "hand",
        "might",
        "be",
        "with",
        "me,",
        "and",
        "that",
        "thou",
        "wouldest",
        "keep",
        "*me",
        "from",
        "evil,",
        "that",
        "it",
        "may",
        "not",
        "grieve",
        "me!",
        "And",
        "God",
        "granted",
        "him",
        "that",
        "which",
        "he",
        "requested."
      ],
      "header": "",
      "footer": ""
    },
    {
      "book_name": "1 Chronicles",
      "chapter": 4,
      "verse": 11,
      "text": [
        "¶",
        "And",
        "Chelub",
        "the",
        "brother",
        "of",
        "Shuah",
        "begat",
        "Mehir,",
        "which",
        "*was",
        "the",
        "father",
        "of",
        "Eshton."
      ],
      "header": "",
      "footer": ""
    },
    {
      "book_name": "1 Chronicles",
      "chapter": 4,
      "verse": 12,
      "text": [
        "And",
        "Eshton",
        "begat",
        "Bethrapha,",
        "and",
        "Paseah,",
        "and",
        "Tehinnah",
        "the",
        "father",
        "of",
        "Irnahash.",
        "These",
        "*are",
        "the",
        "men",
        "of",
        "Rechah."
      ],
      "header": "",
      "footer": ""
    },
    {
      "book_name": "1 Chronicles",
      "chapter": 4,
      "verse": 13,
      "text": [
        "And",
        "the",
        "sons",
        "of",
        "Kenaz;",
        "Othniel,",
        "and",
        "Seraiah:",
        "and",
        "the",
        "sons",
        "of",
        "Othniel;",
        "Hathath."
      ],
      "header": "",
      "footer": ""
    },
    {
      "book_name": "1 Chronicles",
      "chapter": 4,
      "verse": 14,
      "text": [
        "And",
        "Meonothai",
        "begat",
        "Ophrah:",
        "and",
        "Seraiah",
        "begat",
        "Joab,",
        "the",
        "father",
        "of",
        "the",
        "valley",
        "of",
        "Charashim;",
        "for",
        "they",
        "were",
        "craftsmen."
      ],
      "header": "",
      "footer": ""
    },
    {
      "book_name": "1 Chronicles",
      "chapter": 4,
      "verse": 15,
      "text": [
        "And",
        "the",
        "sons",
        "of",
        "Caleb",
        "the",
        "son",
        "of",
        "Jephunneh;",
        "Iru,",
        "Elah,",
        "and",
        "Naam:",
        "and",
        "the",
        "sons",
        "of",
        "Elah,",
        "even",
        "Kenaz."
      ],
      "header": "",
      "footer": ""
    },
    {
      "book_name": "1 Chronicles",
      "chapter": 4,
      "verse": 16,
      "text": [
        "And",
        "the",
        "sons",
        "of",
        "Jehaleleel;",
        "Ziph,",
        "and",
        "Ziphah,",
        "Tiria,",
        "and",
        "Asareel."
      ],
      "header": "",
      "footer": ""
    },
    {
      "book_name": "1 Chronicles",
      "chapter": 4,
      "verse": 17,
      "text": [
        "And",
        "the",
        "sons",
        "of",
        "Ezra",
        "*were,",
        "Jether,",
        "and",
        "Mered,",
        "and",
        "Epher,",
        "and",
        "Jalon:",
        "and",
        "she",
        "bare",
        "Miriam,",
        "and",
        "Shammai,",
        "and",
        "Ishbah",
        "the",
        "father",
        "of",
        "Eshtemoa."
      ],
      "header": "",
      "footer": ""
    },
    {
      "book_name": "1 Chronicles",
      "chapter": 4,
      "verse": 18,
      "text": [
        "And",
        "his",
        "wife",
        "Jehudijah",
        "bare",
        "Jered",
        "the",
        "father",
        "of",
        "Gedor,",
        "and",
        "Heber",
        "the",
        "father",
        "of",
        "Socho,",
        "and",
        "Jekuthiel",
        "the",
        "father",
        "of",
        "Zanoah.",
        "And",
        "these",
        "*are",
        "the",
        "sons",
        "of",
        "Bithiah",
        "the",
        "daughter",
        "of",
        "Pharaoh,",
        "which",
        "Mered",
        "took."
      ],
      "header": "",
      "footer": ""
    },
    {
      "book_name": "1 Chronicles",
      "chapter": 4,
      "verse": 19,
      "text": [
        "And",
        "the",
        "sons",
        "of",
        "*his",
        "wife",
        "Hodiah",
        "the",
        "sister",
        "of",
        "Naham,",
        "the",
        "father",
        "of",
        "Keilah",
        "the",
        "Garmite,",
        "and",
        "Eshtemoa",
        "the",
        "Maachathite."
      ],
      "header": "",
      "footer": ""
    },
    {
      "book_name": "1 Chronicles",
      "chapter": 4,
      "verse": 20,
      "text": [
        "And",
        "the",
        "sons",
        "of",
        "Shimon",
        "*were,",
        "Amnon,",
        "and",
        "Rinnah,",
        "Benhanan,",
        "and",
        "Tilon.",
        "And",
        "the",
        "sons",
        "of",
        "Ishi",
        "*were,",
        "Zoheth,",
        "and",
        "Benzoheth."
      ],
      "header": "",
      "footer": ""
    },
    {
      "book_name": "1 Chronicles",
      "chapter": 4,
      "verse": 21,
      "text": [
        "¶",
        "The",
        "sons",
        "of",
        "Shelah",
        "the",
        "son",
        "of",
        "Judah",
        "*were,",
        "Er",
        "the",
        "father",
        "of",
        "Lecah,",
        "and",
        "Laadah",
        "the",
        "father",
        "of",
        "Mareshah,",
        "and",
        "the",
        "families",
        "of",
        "the",
        "house",
        "of",
        "them",
        "that",
        "wrought",
        "fine",
        "linen,",
        "of",
        "the",
        "house",
        "of",
        "Ashbea,"
      ],
      "header": "",
      "footer": ""
    },
    {
      "book_name": "1 Chronicles",
      "chapter": 4,
      "verse": 22,
      "text": [
        "And",
        "Jokim,",
        "and",
        "the",
        "men",
        "of",
        "Chozeba,",
        "and",
        "Joash,",
        "and",
        "Saraph,",
        "who",
        "had",
        "the",
        "dominion",
        "in",
        "Moab,",
        "and",
        "Jashubilehem.",
        "And",
        "*these",
        "*are",
        "ancient",
        "things."
      ],
      "header": "",
      "footer": ""
    },
    {
      "book_name": "1 Chronicles",
      "chapter": 4,
      "verse": 23,
      "text": [
        "These",
        "*were",
        "the",
        "potters,",
        "and",
        "those",
        "that",
        "dwelt",
        "among",
        "plants",
        "and",
        "hedges:",
        "there",
        "they",
        "dwelt",
        "with",
        "the",
        "king",
        "for",
        "his",
        "work."
      ],
      "header": "",
      "footer": ""
    },
    {
      "book_name": "1 Chronicles",
      "chapter": 4,
      "verse": 24,
      "text": [
        "¶",
        "The",
        "sons",
        "of",
        "Simeon",
        "*were,",
        "Nemuel,",
        "and",
        "Jamin,",
        "Jarib,",
        "Zerah,",
        "*and",
        "Shaul:"
      ],
      "header": "",
      "footer": ""
    },
    {
      "book_name": "1 Chronicles",
      "chapter": 4,
      "verse": 25,
      "text": [
        "Shallum",
        "his",
        "son,",
        "Mibsam",
        "his",
        "son,",
        "Mishma",
        "his",
        "son."
      ],
      "header": "",
      "footer": ""
    },
    {
      "book_name": "1 Chronicles",
      "chapter": 4,
      "verse": 26,
      "text": [
        "And",
        "the",
        "sons",
        "of",
        "Mishma;",
        "Hamuel",
        "his",
        "son,",
        "Zacchur",
        "his",
        "son,",
        "Shimei",
        "his",
        "son."
      ],
      "header": "",
      "footer": ""
    },
    {
      "book_name": "1 Chronicles",
      "chapter": 4,
      "verse": 27,
      "text": [
        "And",
        "Shimei",
        "had",
        "sixteen",
        "sons",
        "and",
        "six",
        "daughters;",
        "but",
        "his",
        "brethren",
        "had",
        "not",
        "many",
        "children,",
        "neither",
        "did",
        "all",
        "their",
        "family",
        "multiply,",
        "like",
        "to",
        "the",
        "children",
        "of",
        "Judah."
      ],
      "header": "",
      "footer": ""
    },
    {
      "book_name": "1 Chronicles",
      "chapter": 4,
      "verse": 28,
      "text": [
        "And",
        "they",
        "dwelt",
        "at",
        "Beersheba,",
        "and",
        "Moladah,",
        "and",
        "Hazarshual,"
      ],
      "header": "",
      "footer": ""
    },
    {
      "book_name": "1 Chronicles",
      "chapter": 4,
      "verse": 29,
      "text": [
        "And",
        "at",
        "Bilhah,",
        "and",
        "at",
        "Ezem,",
        "and",
        "at",
        "Tolad,"
      ],
      "header": "",
      "footer": ""
    },
    {
      "book_name": "1 Chronicles",
      "chapter": 4,
      "verse": 30,
      "text": [
        "And",
        "at",
        "Bethuel,",
        "and",
        "at",
        "Hormah,",
        "and",
        "at",
        "Ziklag,"
      ],
      "header": "",
      "footer": ""
    },
    {
      "book_name": "1 Chronicles",
      "chapter": 4,
      "verse": 31,
      "text": [
        "And",
        "at",
        "Bethmarcaboth,",
        "and",
        "Hazarsusim,",
        "and",
        "at",
        "Bethbirei,",
        "and",
        "at",
        "Shaaraim.",
        "These",
        "*were",
        "their",
        "cities",
        "unto",
        "the",
        "reign",
        "of",
        "David."
      ],
      "header": "",
      "footer": ""
    },
    {
      "book_name": "1 Chronicles",
      "chapter": 4,
      "verse": 32,
      "text": [
        "And",
        "their",
        "villages",
        "*were,",
        "Etam,",
        "and",
        "Ain,",
        "Rimmon,",
        "and",
        "Tochen,",
        "and",
        "Ashan,",
        "five",
        "cities:"
      ],
      "header": "",
      "footer": ""
    },
    {
      "book_name": "1 Chronicles",
      "chapter": 4,
      "verse": 33,
      "text": [
        "And",
        "all",
        "their",
        "villages",
        "that",
        "*were",
        "round",
        "about",
        "the",
        "same",
        "cities,",
        "unto",
        "Baal.",
        "These",
        "*were",
        "their",
        "habitations,",
        "and",
        "their",
        "genealogy."
      ],
      "header": "",
      "footer": ""
    },
    {
      "book_name": "1 Chronicles",
      "chapter": 4,
      "verse": 34,
      "text": [
        "And",
        "Meshobab,",
        "and",
        "Jamlech,",
        "and",
        "Joshah",
        "the",
        "son",
        "of",
        "Amaziah,"
      ],
      "header": "",
      "footer": ""
    },
    {
      "book_name": "1 Chronicles",
      "chapter": 4,
      "verse": 35,
      "text": [
        "And",
        "Joel,",
        "and",
        "Jehu",
        "the",
        "son",
        "of",
        "Josibiah,",
        "the",
        "son",
        "of",
        "Seraiah,",
        "the",
        "son",
        "of",
        "Asiel,"
      ],
      "header": "",
      "footer": ""
    },
    {
      "book_name": "1 Chronicles",
      "chapter": 4,
      "verse": 36,
      "text": [
        "And",
        "Elioenai,",
        "and",
        "Jaakobah,",
        "and",
        "Jeshohaiah,",
        "and",
        "Asaiah,",
        "and",
        "Adiel,",
        "and",
        "Jesimiel,",
        "and",
        "Benaiah,"
      ],
      "header": "",
      "footer": ""
    },
    {
      "book_name": "1 Chronicles",
      "chapter": 4,
      "verse": 37,
      "text": [
        "And",
        "Ziza",
        "the",
        "son",
        "of",
        "Shiphi,",
        "the",
        "son",
        "of",
        "Allon,",
        "the",
        "son",
        "of",
        "Jedaiah,",
        "the",
        "son",
        "of",
        "Shimri,",
        "the",
        "son",
        "of",
        "Shemaiah;"
      ],
      "header": "",
      "footer": ""
    },
    {
      "book_name": "1 Chronicles",
      "chapter": 4,
      "verse": 38,
      "text": [
        "These",
        "mentioned",
        "by",
        "*their",
        "names",
        "*were",
        "princes",
        "in",
        "their",
        "families:",
        "and",
        "the",
        "house",
        "of",
        "their",
        "fathers",
        "increased",
        "greatly."
      ],
      "header": "",
      "footer": ""
    },
    {
      "book_name": "1 Chronicles",
      "chapter": 4,
      "verse": 39,
      "text": [
        "¶",
        "And",
        "they",
        "went",
        "to",
        "the",
        "entrance",
        "of",
        "Gedor,",
        "*even",
        "unto",
        "the",
        "east",
        "side",
        "of",
        "the",
        "valley,",
        "to",
        "seek",
        "pasture",
        "for",
        "their",
        "flocks."
      ],
      "header": "",
      "footer": ""
    },
    {
      "book_name": "1 Chronicles",
      "chapter": 4,
      "verse": 40,
      "text": [
        "And",
        "they",
        "found",
        "fat",
        "pasture",
        "and",
        "good,",
        "and",
        "the",
        "land",
        "*was",
        "wide,",
        "and",
        "quiet,",
        "and",
        "peaceable;",
        "for",
        "*they",
        "of",
        "Ham",
        "had",
        "dwelt",
        "there",
        "of",
        "old."
      ],
      "header": "",
      "footer": ""
    },
    {
      "book_name": "1 Chronicles",
      "chapter": 4,
      "verse": 41,
      "text": [
        "And",
        "these",
        "written",
        "by",
        "name",
        "came",
        "in",
        "the",
        "days",
        "of",
        "Hezekiah",
        "king",
        "of",
        "Judah,",
        "and",
        "smote",
        "their",
        "tents,",
        "and",
        "the",
        "habitations",
        "that",
        "were",
        "found",
        "there,",
        "and",
        "destroyed",
        "them",
        "utterly",
        "unto",
        "this",
        "day,",
        "and",
        "dwelt",
        "in",
        "their",
        "rooms:",
        "because",
        "*there",
        "*was",
        "pasture",
        "there",
        "for",
        "their",
        "flocks."
      ],
      "header": "",
      "footer": ""
    },
    {
      "book_name": "1 Chronicles",
      "chapter": 4,
      "verse": 42,
      "text": [
        "And",
        "*some",
        "of",
        "them,",
        "*even",
        "of",
        "the",
        "sons",
        "of",
        "Simeon,",
        "five",
        "hundred",
        "men,",
        "went",
        "to",
        "mount",
        "Seir,",
        "having",
        "for",
        "their",
        "captains",
        "Pelatiah,",
        "and",
        "Neariah,",
        "and",
        "Rephaiah,",
        "and",
        "Uzziel,",
        "the",
        "sons",
        "of",
        "Ishi."
      ],
      "header": "",
      "footer": ""
    },
    {
      "book_name": "1 Chronicles",
      "chapter": 4,
      "verse": 43,
      "text": [
        "And",
        "they",
        "smote",
        "the",
        "rest",
        "of",
        "the",
        "Amalekites",
        "that",
        "were",
        "escaped,",
        "and",
        "dwelt",
        "there",
        "unto",
        "this",
        "day."
      ],
      "header": "",
      "footer": ""
    }
  ]
}