{
  "book_name": "1 Thessalonians",
  "chapter": 2,
  "verses": [
    {
      "book_name": "1 Thessalonians",
      "chapter": 2,
      "verse": 1,
      "text": [
        "For",
        "yourselves,",
        "brethren,",
        "know",
        "our",
        "entrance",
        "in",
        "unto",
        "you,",
        "that",
        "it",
        "was",
        "not",
        "in",
        "vain:"
      ],
      "header": "",
      "footer": ""
    },
    {
      "book_name": "1 Thessalonians",
      "chapter": 2,
      "verse": 2,
      "text": [
        "But",
        "even",
        "after",
        "that",
        "we",
        "had",
        "suffered",
        "before,",
        "and",
        "were",
        "shamefully",
        "entreated,",
        "as",
        "ye",
        "know,",
        "at",
        "Philippi,",
        "we",
        "were",
        "bold",
        "in",
        "our",
        "God",
        "to",
        "speak",
        "unto",
        "you",
        "the",
        "gospel",
        "of",
        "God",
        "with",
        "much",
        "contention."
      ],
      "header": "",
      "footer": ""
    },
    {
      "book_name": "1 Thessalonians",
      "chapter": 2,
      "verse": 3,
      "text": [
        "For",
        "our",
        "exhortation",
        "*was",
        "not",
        "of",
        "deceit,",
        "nor",
        "of",
        "uncleanness,",
        "nor",
        "in",
        "guile:"
      ],
      "header": "",
      "footer": ""
    },
    {
      "book_name": "1 Thessalonians",
      "chapter": 2,
      "verse": 4,
      "text": [
        "But",
        "as",
        "we",
        "were",
        "allowed",
        "of",
        "God",
        "to",
        "be",
        "put",
        "in",
        "trust",
        "with",
        "the",
        "gospel,",
        "even",
        "so",
        "we",
        "speak;",
        "not",
        "as",
        "pleasing",
        "men,",
        "but",
        "God,",
        "which",
        "trieth",
        "our",
        "hearts."
      ],
      "header": "",
      "footer": ""
    },
    {
      "book_name": "1 Thessalonians",
      "chapter": 2,
      "verse": 5,
      "text": [
        "For",
        "neither",
        "at",
        "any",
        "time",
        "used",
        "we",
        "flattering",
        "words,",
        "as",
        "ye",
        "know,",
        "nor",
        "a",
        "cloke",
        "of",
        "covetousness;",
        "God",
        "*is",
        "witness:"
      ],
      "header": "",
      "footer": ""
    },
    {
      "book_name": "1 Thessalonians",
      "chapter": 2,
      "verse": 6,
      "text": [
        "Nor",
        "of",
        "men",
        "sought",
        "we",
        "glory,",
        "neither",
        "of",
        "you,",
        "nor",
        "*yet",
        "of",
        "others,",
        "when",
        "we",
        "might",
        "have",
        "been",
        "burdensome,",
        "as",
        "the",
        "apostles",
        "of",
        "Christ."
      ],
      "header": "",
      "footer": ""
    },
    {
      "book_name": "1 Thessalonians",
      "chapter": 2,
      "verse": 7,
      "text": [
        "But",
        "we",
        "were",
        "gentle",
        "among",
        "you,",
        "even",
        "as",
        "a",
        "nurse",
        "cherisheth",
        "her",
        "children:"
      ],
      "header": "",
      "footer": ""
    },
    {
      "book_name": "1 Thessalonians",
      "chapter": 2,
      "verse": 8,
      "text": [
        "So",
        "being",
        "affectionately",
        "desirous",
        "of",
        "you,",
        "we",
        "were",
        "willing",
        "to",
        "have",
        "imparted",
        "unto",
        "you,",
        "not",
        "the",
        "gospel",
        "of",
        "God",
        "only,",
        "but",
        "also",
        "our",
        "own",
        "souls,",
        "because",
        "ye",
        "were",
        "dear",
        "unto",
        "us."
      ],
      "header": "",
      "footer": ""
    },
    {
      "book_name": "1 Thessalonians",
      "chapter": 2,
      "verse": 9,
      "text": [
        "For",
        "ye",
        "remember,",
        "brethren,",
        "our",
        "labour",
        "and",
        "travail:",
        "for",
        "labouring",
        "night",
        "and",
        "day,",
        "because",
        "we",
        "would",
        "not",
        "be",
        "chargeable",
        "unto",
        "any",
        "of",
        "you,",
        "we",
        "preached",
        "unto",
        "you",
        "the",
        "gospel",
        "of",
        "God."
      ],
      "header": "",
      "footer": ""
    },
    {
      "book_name": "1 Thessalonians",
      "chapter": 2,
      "verse": 10,
      "text": [
        "Ye",
        "*are",
        "witnesses,",
        "and",
        "God",
        "*also,",
        "how",
        "holily",
        "and",
        "justly",
        "and",
        "unblameably",
        "we",
        "behaved",
        "ourselves",
        "among",
        "you",
        "that",
        "believe:"
      ],
      "header": "",
      "footer": ""
    },
    {
      "book_name": "1 Thessalonians",
      "chapter": 2,
      "verse": 11,
      "text": [
        "As",
        "ye",
        "know",
        "how",
        "we",
        "exhorted",
        "and",
        "comforted",
        "and",
        "charged",
        "every",
        "one",
        "of",
        "you,",
        "as",
        "a",
        "father",
        "*doth",
        "his",
        "children,"
      ],
      "header": "",
      "footer": ""
    },
    {
      "book_name": "1 Thessalonians",
      "chapter": 2,
      "verse": 12,
      "text": [
        "That",
        "ye",
        "would",
        "walk",
        "worthy",
        "of",
        "God,",
        "who",
        "hath",
        "called",
        "you",
        "unto",
        "his",
        "kingdom",
        "and",
        "glory."
      ],
      "header": "",
      "footer": ""
    },
    {
      "book_name": "1 Thessalonians",
      "chapter": 2,
      "verse": 13,
      "text": [
        "For",
        "this",
        "cause",
        "also",
        "thank",
        "we",
        "God",
        "without",
        "ceasing,",
        "because,",
        "when",
        "ye",
        "received",
        "the",
        "word",
        "of",
        "God",
        "which",
        "ye",
        "heard",
        "of",
        "us,",
        "ye",
        "received",
        "*it",
        "not",
        "*as",
        "the",
        "word",
        "of",
        "men,",
        "but",
        "as",
        "it",
        "is",
        "in",
        "truth,",
        "the",
        "word",
        "of",
        "God,",
        "which",
        "effectually",
        "worketh",
        "also",
        "in",
        "you",
        "that",
        "believe."
      ],
      "header": "",
      "footer": ""
    },
    {
      "book_name": "1 Thessalonians",
      "chapter": 2,
      "verse": 14,
      "text": [
        "For",
        "ye,",
        "brethren,",
        "became",
        "followers",
        "of",
        "the",
        "churches",
        "of",
        "God",
        "which",
        "in",
        "Judæa",
        "are",
        "in",
        "Christ",
        "Jesus:",
        "for",
        "ye",
        "also",
        "have",
        "suffered",
        "like",
        "things",
        "of",
        "your",
        "own",
        "countrymen,",
        "even",
        "as",
        "they",
        "*have",
        "of",
        "the",
        "Jews:"
      ],
      "header": "",
      "footer": ""
    },
    {
      "book_name": "1 Thessalonians",
      "chapter": 2,
      "verse": 15,
      "text": [
        "Who",
        "both",
        "killed",
        "the",
        "Lord",
        "Jesus,",
        "and",
        "their",
        "own",
        "prophets,",
        "and",
        "have",
        "persecuted",
        "us;",
        "and",
        "they",
        "please",
        "not",
        "God,",
        "and",
        "are",
        "contrary",
        "to",
        "all",
        "men:"
      ],
      "header": "",
      "footer": ""
    },
    {
      "book_name": "1 Thessalonians",
      "chapter": 2,
      "verse": 16,
      "text": [
        "Forbidding",
        "us",
        "to",
        "speak",
        "to",
        "the",
        "Gentiles",
        "that",
        "they",
        "might",
        "be",
        "saved,",
        "to",
        "fill",
        "up",
        "their",
        "sins",
        "alway:",
        "for",
        "the",
        "wrath",
        "is",
        "come",
        "upon",
        "them",
        "to",
        "the",
        "uttermost."
      ],
      "header": "",
      "footer": ""
    },
    {
      "book_name": "1 Thessalonians",
      "chapter": 2,
      "verse": 17,
      "text": [
        "But",
        "we,",
        "brethren,",
        "being",
        "taken",
        "from",
        "you",
        "for",
        "a",
        "short",
        "time",
        "in",
        "presence,",
        "not",
        "in",
        "heart,",
        "endeavoured",
        "the",
        "more",
        "abundantly",
        "to",
        "see",
        "your",
        "face",
        "with",
        "great",
        "desire."
      ],
      "header": "",
      "footer": ""
    },
    {
      "book_name": "1 Thessalonians",
      "chapter": 2,
      "verse": 18,
      "text": [
        "Wherefore",
        "we",
        "would",
        "have",
        "come",
        "unto",
        "you,",
        "even",
        "I",
        "Paul,",
        "once",
        "and",
        "again;",
        "but",
        "Satan",
        "hindered",
        "us."
      ],
      "header": "",
      "footer": ""
    },
    {
      "book_name": "1 Thessalonians",
      "chapter": 2,
      "verse": 19,
      "text": [
        "For",
        "what",
        "*is",
        "our",
        "hope,",
        "or",
        "joy,",
        "or",
        "crown",
        "of",
        "rejoicing?",
        "*Are",
        "not",
        "even",
        "ye",
        "in",
        "the",
        "presence",
        "of",
        "our",
        "Lord",
        "Jesus",
        "Christ",
        "at",
        "his",
        "coming?"
      ],
      "header": "",
      "footer": ""
    },
    {
      "book_name": "1 Thessalonians",
      "chapter": 2,
      "verse": 20,
      "text": [
        "For",
        "ye",
        "are",
        "our",
        "glory",
        "and",
        "joy."
      ],
      "header": "",
      "footer": ""
    }
  ]
}