{
  "book_name": "1 Thessalonians",
  "chapter": 3,
  "verses": [
    {
      "book_name": "1 Thessalonians",
      "chapter": 3,
      "verse": 1,
      "text": [
        "Wherefore",
        "when",
        "we",
        "could",
        "no",
        "longer",
        "forbear,",
        "we",
        "thought",
        "it",
        "good",
        "to",
        "be",
        "left",
        "at",
        "Athens",
        "alone;"
      ],
      "header": "",
      "footer": ""
    },
    {
      "book_name": "1 Thessalonians",
      "chapter": 3,
      "verse": 2,
      "text": [
        "And",
        "sent",
        "Timotheus,",
        "our",
        "brother,",
        "and",
        "minister",
        "of",
        "God,",
        "and",
        "our",
        "fellowlabourer",
        "in",
        "the",
        "gospel",
        "of",
        "Christ,",
        "to",
        "establish",
        "you,",
        "and",
        "to",
        "comfort",
        "you",
        "concerning",
        "your",
        "faith:"
      ],
      "header": "",
      "footer": ""
    },
    {
      "book_name": "1 Thessalonians",
      "chapter": 3,
      "verse": 3,
      "text": [
        "That",
        "no",
        "man",
        "should",
        "be",
        "moved",
        "by",
        "these",
        "afflictions:",
        "for",
        "yourselves",
        "know",
        "that",
        "we",
        "are",
        "appointed",
        "thereunto."
      ],
      "header": "",
      "footer": ""
    },
    {
      "book_name": "1 Thessalonians",
      "chapter": 3,
      "verse": 4,
      "text": [
        "For",
        "verily,",
        "when",
        "we",
        "were",
        "with",
        "you,",
        "we",
        "told",
        "you",
        "before",
        "that",
        "we",
        "should",
        "suffer",
        "tribulation;",
        "even",
        "as",
        "it",
        "came",
        "to",
        "pass,",
        "and",
        "ye",
        "know."
      ],
      "header": "",
      "footer": ""
    },
    {
      "book_name": "1 Thessalonians",
      "chapter": 3,
      "verse": 5,
      "text": [
        "For",
        "this",
        "cause,",
        "when",
        "I",
        "could",
        "no",
        "longer",
        "forbear,",
        "I",
        "sent",
        "to",
        "know",
        "your",
        "faith,",
        "lest",
        "by",
        "some",
        "means",
        "the",
        "tempter",
        "have",
        "tempted",
        "you,",
        "and",
        "our",
        "labour",
        "be",
        "in",
        "vain."
      ],
      "header": "",
      "footer": ""
    },
    {
      "book_name": "1 Thessalonians",
      "chapter": 3,
      "verse": 6,
      "text": [
        "But",
        "now",
        "when",
        "Timotheus",
        "came",
        "from",
        "you",
        "unto",
        "us,",
        "and",
        "brought",
        "us",
        "good",
        "tidings",
        "of",
        "your",
        "faith",
        "and",
        "charity,",
        "and",
        "that",
        "ye",
        "have",
        "good",
        "remembrance",
        "of",
        "us",
        "always,",
        "desiring",
        "greatly",
        "to",
        "see",
        "us,",
        "as",
        "we",
        "also",
        "*to",
        "*see",
        "you:"
      ],
      "header": "",
      "footer": ""
    },
    {
      "book_name": "1 Thessalonians",
      "chapter": 3,
      "verse": 7,
      "text": [
        "Therefore,",
        "brethren,",
        "we",
        "were",
        "comforted",
        "over",
        "you",
        "in",
        "all",
        "our",
        "affliction",
        "and",
        "distress",
        "by",
        "your",
        "faith:"
      ],
      "header": "",
      "footer": ""
    },
    {
      "book_name": "1 Thessalonians",
      "chapter": 3,
      "verse": 8,
      "text": [
        "For",
        "now",
        "we",
        "live,",
        "if",
        "ye",
        "stand",
        "fast",
        "in",
        "the",
        "Lord."
      ],
      "header": "",
      "footer": ""
    },
    {
      "book_name": "1 Thessalonians",
      "chapter": 3,
      "verse": 9,
      "text": [
        "For",
        "what",
        "thanks",
        "can",
        "we",
        "render",
        "to",
        "God",
        "again",
        "for",
        "you,",
        "for",
        "all",
        "the",
        "joy",
        "wherewith",
        "we",
        "joy",
        "for",
        "your",
        "sakes",
        "before",
        "our",
        "God;"
      ],
      "header": "",
      "footer": ""
    },
    {
      "book_name": "1 Thessalonians",
      "chapter": 3,
      "verse": 10,
      "text": [
        "Night",
        "and",
        "day",
        "praying",
        "exceedingly",
        "that",
        "we",
        "might",
        "see",
        "your",
        "face,",
        "and",
        "might",
        "perfect",
        "that",
        "which",
        "is",
        "lacking",
        "in",
        "your",
        "faith?"
      ],
      "header": "",
      "footer": ""
    },
    {
      "book_name": "1 Thessalonians",
      "chapter": 3,
      "verse": 11,
      "text": [
        "Now",
        "God",
        "himself",
        "and",
        "our",
        "Father,",
        "and",
        "our",
        "Lord",
        "Jesus",
        "Christ,",
        "direct",
        "our",
        "way",
        "unto",
        "you."
      ],
      "header": "",
      "footer": ""
    },
    {
      "book_name": "1 Thessalonians",
      "chapter": 3,
      "verse": 12,
      "text": [
        "And",
        "the",
        "Lord",
        "make",
        "you",
        "to",
        "increase",
        "and",
        "abound",
        "in",
        "love",
        "one",
        "toward",
        "another,",
        "and",
        "toward",
        "all",
        "*men,",
        "even",
        "as",
        "we",
        "*do",
        "toward",
        "you:"
      ],
      "header": "",
      "footer": ""
    },
    {
      "book_name": "1 Thessalonians",
      "chapter": 3,
      "verse": 13,
      "text": [
        "To",
        "the",
        "end",
        "he",
        "may",
        "stablish",
        "your",
        "hearts",
        "unblameable",
        "in",
        "holiness",
        "before",
        "God,",
        "even",
        "our",
        "Father,",
        "at",
        "the",
        "coming",
        "of",
        "our",
        "Lord",
        "Jesus",
        "Christ",
        "with",
        "all",
        "his",
        "saints."
      ],
      "header": "",
      "footer": ""
    }
  ]
}