{
  "book_name": "Ezekiel",
  "chapter": 11,
  "verses": [
    {
      "book_name": "Ezekiel",
      "chapter": 11,
      "verse": 1,
      "text": [
        "Moreover",
        "the",
        "spirit",
        "lifted",
        "me",
        "up,",
        "and",
        "brought",
        "me",
        "unto",
        "the",
        "east",
        "gate",
        "of",
        "the",
        "Lᴏʀᴅ's",
        "house,",
        "which",
        "looketh",
        "eastward:",
        "and",
        "behold",
        "at",
        "the",
        "door",
        "of",
        "the",
        "gate",
        "five",
        "and",
        "twenty",
        "men;",
        "among",
        "whom",
        "I",
        "saw",
        "Jaazaniah",
        "the",
        "son",
        "of",
        "Azur,",
        "and",
        "Pelatiah",
        "the",
        "son",
        "of",
        "Benaiah,",
        "princes",
        "of",
        "the",
        "people."
      ],
      "header": "",
      "footer": ""
    },
    {
      "book_name": "Ezekiel",
      "chapter": 11,
      "verse": 2,
      "text": [
        "Then",
        "said",
        "he",
        "unto",
        "me,",
        "Son",
        "of",
        "man,",
        "these",
        "*are",
        "the",
        "men",
        "that",
        "devise",
        "mischief,",
        "and",
        "give",
        "wicked",
        "counsel",
        "in",
        "this",
        "city:"
      ],
      "header": "",
      "footer": ""
    },
    {
      "book_name": "Ezekiel",
      "chapter": 11,
      "verse": 3,
      "text": [
        "Which",
        "say,",
        "*It",
        "*is",
        "not",
        "near;",
        "let",
        "us",
        "build",
        "houses:",
        "this",
        "*city",
        "*is",
        "the",
        "caldron,",
        "and",
        "we",
        "*be",
        "the",
        "flesh."
      ],
      "header": "",
      "footer": ""
    },
    {
      "book_name": "Ezekiel",
      "chapter": 11,
      "verse": 4,
      "text": [
        "¶",
        "Therefore",
        "prophesy",
        "against",
        "them,",
        "prophesy,",
        "O",
        "son",
        "of",
        "man."
      ],
      "header": "",
      "footer": ""
    },
    {
      "book_name": "Ezekiel",
      "chapter": 11,
      "verse": 5,
      "text": [
        "And",
        "the",
        "Spirit",
        "of",
        "the",
        "Lᴏʀᴅ",
        "fell",
        "upon",
        "me,",
        "and",
        "said",
        "unto",
        "me,",
        "Speak;",
        "Thus",
        "saith",
        "the",
        "Lᴏʀᴅ;",
        "Thus",
        "have",
        "ye",
        "said,",
        "O",
        "house",
        "of",
        "Israel:",
        "for",
        "I",
        "know",
        "the",
        "things",
        "that",
        "come",
        "into",
        "your",
        "mind,",
        "*every",
        "*one",
        "*of",
        "them."
      ],
      "header": "",
      "footer": ""
    },
    {
      "book_name": "Ezekiel",
      "chapter": 11,
      "verse": 6,
      "text": [
        "Ye",
        "have",
        "multiplied",
        "your",
        "slain",
        "in",
        "this",
        "city,",
        "and",
        "ye",
        "have",
        "filled",
        "the",
        "streets",
        "thereof",
        "with",
        "the",
        "slain."
      ],
      "header": "",
      "footer": ""
    },
    {
      "book_name": "Ezekiel",
      "chapter": 11,
      "verse": 7,
      "text": [
        "Therefore",
        "thus",
        "saith",
        "the",
        "Lord",
        "Gᴏᴅ;",
        "Your",
        "slain",
        "whom",
        "ye",
        "have",
        "laid",
        "in",
        "the",
        "midst",
        "of",
        "it,",
        "they",
        "*are",
        "the",
        "flesh,",
        "and",
        "this",
        "*city",
        "*is",
        "the",
        "caldron:",
        "but",
        "I",
        "will",
        "bring",
        "you",
        "forth",
        "out",
        "of",
        "the",
        "midst",
        "of",
        "it."
      ],
      "header": "",
      "footer": ""
    },
    {
      "book_name": "Ezekiel",
      "chapter": 11,
      "verse": 8,
      "text": [
        "Ye",
        "have",
        "feared",
        "the",
        "sword;",
        "and",
        "I",
        "will",
        "bring",
        "a",
        "sword",
        "upon",
        "you,",
        "saith",
        "the",
        "Lord",
        "Gᴏᴅ."
      ],
      "header": "",
      "footer": ""
    },
    {
      "book_name": "Ezekiel",
      "chapter": 11,
      "verse": 9,
      "text": [
        "And",
        "I",
        "will",
        "bring",
        "you",
        "out",
        "of",
        "the",
        "midst",
        "thereof,",
        "and",
        "deliver",
        "you",
        "into",
        "the",
        "hands",
        "of",
        "strangers,",
        "and",
        "will",
        "execute",
        "judgments",
        "among",
        "you."
      ],
      "header": "",
      "footer": ""
    },
    {
      "book_name": "Ezekiel",
      "chapter": 11,
      "verse": 10,
      "text": [
        "Ye",
        "shall",
        "fall",
        "by",
        "the",
        "sword;",
        "I",
        "will",
        "judge",
        "you",
        "in",
        "the",
        "border",
        "of",
        "Israel;",
        "and",
        "ye",
        "shall",
        "know",
        "that",
        "I",
        "*am",
        "the",
        "Lᴏʀᴅ."
      ],
      "header": "",
      "footer": ""
    },
    {
      "book_name": "Ezekiel",
      "chapter": 11,
      "verse": 11,
      "text": [
        "This",
        "*city",
        "shall",
        "not",
        "be",
        "your",
        "caldron,",
        "neither",
        "shall",
        "ye",
        "be",
        "the",
        "flesh",
        "in",
        "the",
        "midst",
        "thereof;",
        "*but",
        "I",
        "will",
        "judge",
        "you",
        "in",
        "the",
        "border",
        "of",
        "Israel:"
      ],
      "header": "",
      "footer": ""
    },
    {
      "book_name": "Ezekiel",
      "chapter": 11,
      "verse": 12,
      "text": [
        "And",
        "ye",
        "shall",
        "know",
        "that",
        "I",
        "*am",
        "the",
        "Lᴏʀᴅ:",
        "for",
        "ye",
        "have",
        "not",
        "walked",
        "in",
        "my",
        "statutes,",
        "neither",
        "executed",
        "my",
        "judgments,",
        "but",
        "have",
        "done",
        "after",
        "the",
        "manners",
        "of",
        "the",
        "heathen",
        "that",
        "*are",
        "round",
        "about",
        "you."
      ],
      "header": "",
      "footer": ""
    },
    {
      "book_name": "Ezekiel",
      "chapter": 11,
      "verse": 13,
      "text": [
        "¶",
        "And",
        "it",
        "came",
        "to",
        "pass,",
        "when",
        "I",
        "prophesied,",
        "that",
        "Pelatiah",
        "the",
        "son",
        "of",
        "Benaiah",
        "died.",
        "Then",
        "fell",
        "I",
        "down",
        "upon",
        "my",
        "face,",
        "and",
        "cried",
        "with",
        "a",
        "loud",
        "voice,",
        "and",
        "said,",
        "Ah",
        "Lord",
        "Gᴏᴅ!",
        "wilt",
        "thou",
        "make",
        "a",
        "full",
        "end",
        "of",
        "the",
        "remnant",
        "of",
        "Israel?"
      ],
      "header": "",
      "footer": ""
    },
    {
      "book_name": "Ezekiel",
      "chapter": 11,
      "verse": 14,
      "text": [
        "Again",
        "the",
        "word",
        "of",
        "the",
        "Lᴏʀᴅ",
        "came",
        "unto",
        "me,",
        "saying,"
      ],
      "header": "",
      "footer": ""
    },
    {
      "book_name": "Ezekiel",
      "chapter": 11,
      "verse": 15,
      "text": [
        "Son",
        "of",
        "man,",
        "thy",
        "brethren,",
        "*even",
        "thy",
        "brethren,",
        "the",
        "men",
        "of",
        "thy",
        "kindred,",
        "and",
        "all",
        "the",
        "house",
        "of",
        "Israel",
        "wholly,",
        "*are",
        "they",
        "unto",
        "whom",
        "the",
        "inhabitants",
        "of",
        "Jerusalem",
        "have",
        "said,",
        "Get",
        "you",
        "far",
        "from",
        "the",
        "Lᴏʀᴅ:",
        "unto",
        "us",
        "is",
        "this",
        "land",
        "given",
        "in",
        "possession."
      ],
      "header": "",
      "footer": ""
    },
    {
      "book_name": "Ezekiel",
      "chapter": 11,
      "verse": 16,
      "text": [
        "Therefore",
        "say,",
        "Thus",
        "saith",
        "the",
        "Lord",
        "Gᴏᴅ;",
        "Although",
        "I",
        "have",
        "cast",
        "them",
        "far",
        "off",
        "among",
        "the",
        "heathen,",
        "and",
        "although",
        "I",
        "have",
        "scattered",
        "them",
        "among",
        "the",
        "countries,",
        "yet",
        "will",
        "I",
        "be",
        "to",
        "them",
        "as",
        "a",
        "little",
        "sanctuary",
        "in",
        "the",
        "countries",
        "where",
        "they",
        "shall",
        "come."
      ],
      "header": "",
      "footer": ""
    },
    {
      "book_name": "Ezekiel",
      "chapter": 11,
      "verse": 17,
      "text": [
        "Therefore",
        "say,",
        "Thus",
        "saith",
        "the",
        "Lord",
        "Gᴏᴅ;",
        "I",
        "will",
        "even",
        "gather",
        "you",
        "from",
        "the",
        "people,",
        "and",
        "assemble",
        "you",
        "out",
        "of",
        "the",
        "countries",
        "where",
        "ye",
        "have",
        "been",
        "scattered,",
        "and",
        "I",
        "will",
        "give",
        "you",
        "the",
        "land",
        "of",
        "Israel."
      ],
      "header": "",
      "footer": ""
    },
    {
      "book_name": "Ezekiel",
      "chapter": 11,
      "verse": 18,
      "text": [
        "And",
        "they",
        "shall",
        "come",
        "thither,",
        "and",
        "they",
        "shall",
        "take",
        "away",
        "all",
        "the",
        "detestable",
        "things",
        "thereof",
        "and",
        "all",
        "the",
        "abominations",
        "thereof",
        "from",
        "thence."
      ],
      "header": "",
      "footer": ""
    },
    {
      "book_name": "Ezekiel",
      "chapter": 11,
      "verse": 19,
      "text": [
        "And",
        "I",
        "will",
        "give",
        "them",
        "one",
        "heart,",
        "and",
        "I",
        "will",
        "put",
        "a",
        "new",
        "spirit",
        "within",
        "you;",
        "and",
        "I",
        "will",
        "take",
        "the",
        "stony",
        "heart",
        "out",
        "of",
        "their",
        "flesh,",
        "and",
        "will",
        "give",
        "them",
        "an",
        "heart",
        "of",
        "flesh:"
      ],
      "header": "",
      "footer": ""
    },
    {
      "book_name": "Ezekiel",
      "chapter": 11,
      "verse": 20,
      "text": [
        "That",
        "they",
        "may",
        "walk",
        "in",
        "my",
        "statutes,",
        "and",
        "keep",
        "mine",
        "ordinances,",
        "and",
        "do",
        "them:",
        "and",
        "they",
        "shall",
        "be",
        "my",
        "people,",
        "and",
        "I",
        "will",
        "be",
        "their",
        "God."
      ],
      "header": "",
      "footer": ""
    },
    {
      "book_name": "Ezekiel",
      "chapter": 11,
      "verse": 21,
      "text": [
        "But",
        "*as",
        "*for",
        "*them",
        "whose",
        "heart",
        "walketh",
        "after",
        "the",
        "heart",
        "of",
        "their",
        "detestable",
        "things",
        "and",
        "their",
        "abominations,",
        "I",
        "will",
        "recompense",
        "their",
        "way",
        "upon",
        "their",
        "own",
        "heads,",
        "saith",
        "the",
        "Lord",
        "Gᴏᴅ."
      ],
      "header": "",
      "footer": ""
    },
    {
      "book_name": "Ezekiel",
      "chapter": 11,
      "verse": 22,
      "text": [
        "¶",
        "Then",
        "did",
        "the",
        "cherubims",
        "lift",
        "up",
        "their",
        "wings,",
        "and",
        "the",
        "wheels",
        "beside",
        "them;",
        "and",
        "the",
        "glory",
        "of",
        "the",
        "God",
        "of",
        "Israel",
        "*was",
        "over",
        "them",
        "above."
      ],
      "header": "",
      "footer": ""
    },
    {
      "book_name": "Ezekiel",
      "chapter": 11,
      "verse": 23,
      "text": [
        "And",
        "the",
        "glory",
        "of",
        "the",
        "Lᴏʀᴅ",
        "went",
        "up",
        "from",
        "the",
        "midst",
        "of",
        "the",
        "city,",
        "and",
        "stood",
        "upon",
        "the",
        "mountain",
        "which",
        "*is",
        "on",
        "the",
        "east",
        "side",
        "of",
        "the",
        "city."
      ],
      "header": "",
      "footer": ""
    },
    {
      "book_name": "Ezekiel",
      "chapter": 11,
      "verse": 24,
      "text": [
        "¶",
        "Afterwards",
        "the",
        "spirit",
        "took",
        "me",
        "up,",
        "and",
        "brought",
        "me",
        "in",
        "a",
        "vision",
        "by",
        "the",
        "Spirit",
        "of",
        "God",
        "into",
        "Chaldea,",
        "to",
        "them",
        "of",
        "the",
        "captivity.",
        "So",
        "the",
        "vision",
        "that",
        "I",
        "had",
        "seen",
        "went",
        "up",
        "from",
        "me."
      ],
      "header": "",
      "footer": ""
    },
    {
      "book_name": "Ezekiel",
      "chapter": 11,
      "verse": 25,
      "text": [
        "Then",
        "I",
        "spake",
        "unto",
        "them",
        "of",
        "the",
        "captivity",
        "all",
        "the",
        "things",
        "that",
        "the",
        "Lᴏʀᴅ",
        "had",
        "shewed",
        "me."
      ],
      "header": "",
      "footer": ""
    }
  ]
}