{
  "book_name": "Ezekiel",
  "chapter": 25,
  "verses": [
    {
      "book_name": "Ezekiel",
      "chapter": 25,
      "verse": 1,
      "text": [
        "The",
        "word",
        "of",
        "the",
        "Lᴏʀᴅ",
        "came",
        "again",
        "unto",
        "me,",
        "saying,"
      ],
      "header": "",
      "footer": ""
    },
    {
      "book_name": "Ezekiel",
      "chapter": 25,
      "verse": 2,
      "text": [
        "Son",
        "of",
        "man,",
        "set",
        "thy",
        "face",
        "against",
        "the",
        "Ammonites,",
        "and",
        "prophesy",
        "against",
        "them;"
      ],
      "header": "",
      "footer": ""
    },
    {
      "book_name": "Ezekiel",
      "chapter": 25,
      "verse": 3,
      "text": [
        "And",
        "say",
        "unto",
        "the",
        "Ammonites,",
        "Hear",
        "the",
        "word",
        "of",
        "the",
        "Lord",
        "Gᴏᴅ;",
        "Thus",
        "saith",
        "the",
        "Lord",
        "Gᴏᴅ;",
        "Because",
        "thou",
        "saidst,",
        "Aha,",
        "against",
        "my",
        "sanctuary,",
        "when",
        "it",
        "was",
        "profaned;",
        "and",
        "against",
        "the",
        "land",
        "of",
        "Israel,",
        "when",
        "it",
        "was",
        "desolate;",
        "and",
        "against",
        "the",
        "house",
        "of",
        "Judah,",
        "when",
        "they",
        "went",
        "into",
        "captivity;"
      ],
      "header": "",
      "footer": ""
    },
    {
      "book_name": "Ezekiel",
      "chapter": 25,
      "verse": 4,
      "text": [
        "Behold,",
        "therefore",
        "I",
        "will",
        "deliver",
        "thee",
        "to",
        "the",
        "men",
        "of",
        "the",
        "east",
        "for",
        "a",
        "possession,",
        "and",
        "they",
        "shall",
        "set",
        "their",
        "palaces",
        "in",
        "thee,",
        "and",
        "make",
        "their",
        "dwellings",
        "in",
        "thee:",
        "they",
        "shall",
        "eat",
        "thy",
        "fruit,",
        "and",
        "they",
        "shall",
        "drink",
        "thy",
        "milk."
      ],
      "header": "",
      "footer": ""
    },
    {
      "book_name": "Ezekiel",
      "chapter": 25,
      "verse": 5,
      "text": [
        "And",
        "I",
        "will",
        "make",
        "Rabbah",
        "a",
        "stable",
        "for",
        "camels,",
        "and",
        "the",
        "Ammonites",
        "a",
        "couchingplace",
        "for",
        "flocks:",
        "and",
        "ye",
        "shall",
        "know",
        "that",
        "I",
        "*am",
        "the",
        "Lᴏʀᴅ."
      ],
      "header": "",
      "footer": ""
    },
    {
      "book_name": "Ezekiel",
      "chapter": 25,
      "verse": 6,
      "text": [
        "For",
        "thus",
        "saith",
        "the",
        "Lord",
        "Gᴏᴅ;",
        "Because",
        "thou",
        "hast",
        "clapped",
        "*thine",
        "hands,",
        "and",
        "stamped",
        "with",
        "the",
        "feet,",
        "and",
        "rejoiced",
        "in",
        "heart",
        "with",
        "all",
        "thy",
        "despite",
        "against",
        "the",
        "land",
        "of",
        "Israel;"
      ],
      "header": "",
      "footer": ""
    },
    {
      "book_name": "Ezekiel",
      "chapter": 25,
      "verse": 7,
      "text": [
        "Behold,",
        "therefore",
        "I",
        "will",
        "stretch",
        "out",
        "mine",
        "hand",
        "upon",
        "thee,",
        "and",
        "will",
        "deliver",
        "thee",
        "for",
        "a",
        "spoil",
        "to",
        "the",
        "heathen;",
        "and",
        "I",
        "will",
        "cut",
        "thee",
        "off",
        "from",
        "the",
        "people,",
        "and",
        "I",
        "will",
        "cause",
        "thee",
        "to",
        "perish",
        "out",
        "of",
        "the",
        "countries:",
        "I",
        "will",
        "destroy",
        "thee;",
        "and",
        "thou",
        "shalt",
        "know",
        "that",
        "I",
        "*am",
        "the",
        "Lᴏʀᴅ."
      ],
      "header": "",
      "footer": ""
    },
    {
      "book_name": "Ezekiel",
      "chapter": 25,
      "verse": 8,
      "text": [
        "¶",
        "Thus",
        "saith",
        "the",
        "Lord",
        "Gᴏᴅ;",
        "Because",
        "that",
        "Moab",
        "and",
        "Seir",
        "do",
        "say,",
        "Behold,",
        "the",
        "house",
        "of",
        "Judah",
        "*is",
        "like",
        "unto",
        "all",
        "the",
        "heathen;"
      ],
      "header": "",
      "footer": ""
    },
    {
      "book_name": "Ezekiel",
      "chapter": 25,
      "verse": 9,
      "text": [
        "Therefore,",
        "behold,",
        "I",
        "will",
        "open",
        "the",
        "side",
        "of",
        "Moab",
        "from",
        "the",
        "cities,",
        "from",
        "his",
        "cities",
        "*which",
        "*are",
        "on",
        "his",
        "frontiers,",
        "the",
        "glory",
        "of",
        "the",
        "country,",
        "Bethjeshimoth,",
        "Baalmeon,",
        "and",
        "Kiriathaim,"
      ],
      "header": "",
      "footer": ""
    },
    {
      "book_name": "Ezekiel",
      "chapter": 25,
      "verse": 10,
      "text": [
        "Unto",
        "the",
        "men",
        "of",
        "the",
        "east",
        "with",
        "the",
        "Ammonites,",
        "and",
        "will",
        "give",
        "them",
        "in",
        "possession,",
        "that",
        "the",
        "Ammonites",
        "may",
        "not",
        "be",
        "remembered",
        "among",
        "the",
        "nations."
      ],
      "header": "",
      "footer": ""
    },
    {
      "book_name": "Ezekiel",
      "chapter": 25,
      "verse": 11,
      "text": [
        "And",
        "I",
        "will",
        "execute",
        "judgments",
        "upon",
        "Moab;",
        "and",
        "they",
        "shall",
        "know",
        "that",
        "I",
        "*am",
        "the",
        "Lᴏʀᴅ."
      ],
      "header": "",
      "footer": ""
    },
    {
      "book_name": "Ezekiel",
      "chapter": 25,
      "verse": 12,
      "text": [
        "¶",
        "Thus",
        "saith",
        "the",
        "Lord",
        "Gᴏᴅ;",
        "Because",
        "that",
        "Edom",
        "hath",
        "dealt",
        "against",
        "the",
        "house",
        "of",
        "Judah",
        "by",
        "taking",
        "vengeance,",
        "and",
        "hath",
        "greatly",
        "offended,",
        "and",
        "revenged",
        "himself",
        "upon",
        "them;"
      ],
      "header": "",
      "footer": ""
    },
    {
      "book_name": "Ezekiel",
      "chapter": 25,
      "verse": 13,
      "text": [
        "Therefore",
        "thus",
        "saith",
        "the",
        "Lord",
        "Gᴏᴅ;",
        "I",
        "will",
        "also",
        "stretch",
        "out",
        "mine",
        "hand",
        "upon",
        "Edom,",
        "and",
        "will",
        "cut",
        "off",
        "man",
        "and",
        "beast",
        "from",
        "it;",
        "and",
        "I",
        "will",
        "make",
        "it",
        "desolate",
        "from",
        "Teman;",
        "and",
        "they",
        "of",
        "Dedan",
        "shall",
        "fall",
        "by",
        "the",
        "sword."
      ],
      "header": "",
      "footer": ""
    },
    {
      "book_name": "Ezekiel",
      "chapter": 25,
      "verse": 14,
      "text": [
        "And",
        "I",
        "will",
        "lay",
        "my",
        "vengeance",
        "upon",
        "Edom",
        "by",
        "the",
        "hand",
        "of",
        "my",
        "people",
        "Israel:",
        "and",
        "they",
        "shall",
        "do",
        "in",
        "Edom",
        "according",
        "to",
        "mine",
        "anger",
        "and",
        "according",
        "to",
        "my",
        "fury;",
        "and",
        "they",
        "shall",
        "know",
        "my",
        "vengeance,",
        "saith",
        "the",
        "Lord",
        "Gᴏᴅ."
      ],
      "header": "",
      "footer": ""
    },
    {
      "book_name": "Ezekiel",
      "chapter": 25,
      "verse": 15,
      "text": [
        "¶",
        "Thus",
        "saith",
        "the",
        "Lord",
        "Gᴏᴅ;",
        "Because",
        "the",
        "Philistines",
        "have",
        "dealt",
        "by",
        "revenge,",
        "and",
        "have",
        "taken",
        "vengeance",
        "with",
        "a",
        "despiteful",
        "heart,",
        "to",
        "destroy",
        "*it",
        "for",
        "the",
        "old",
        "hatred;"
      ],
      "header": "",
      "footer": ""
    },
    {
      "book_name": "Ezekiel",
      "chapter": 25,
      "verse": 16,
      "text": [
        "Therefore",
        "thus",
        "saith",
        "the",
        "Lord",
        "Gᴏᴅ;",
        "Behold,",
        "I",
        "will",
        "stretch",
        "out",
        "mine",
        "hand",
        "upon",
        "the",
        "Philistines,",
        "and",
        "I",
        "will",
        "cut",
        "off",
        "the",
        "Cherethims,",
        "and",
        "destroy",
        "the",
        "remnant",
        "of",
        "the",
        "sea",
        "coast."
      ],
      "header": "",
      "footer": ""
    },
    {
      "book_name": "Ezekiel",
      "chapter": 25,
      "verse": 17,
      "text": [
        "And",
        "I",
        "will",
        "execute",
        "great",
        "vengeance",
        "upon",
        "them",
        "with",
        "furious",
        "rebukes;",
        "and",
        "they",
        "shall",
        "know",
        "that",
        "I",
        "*am",
        "the",
        "Lᴏʀᴅ,",
        "when",
        "I",
        "shall",
        "lay",
        "my",
        "vengeance",
        "upon",
        "them."
      ],
      "header": "",
      "footer": ""
    }
  ]
}