{
  "book_name": "Ezekiel",
  "chapter": 35,
  "verses": [
    {
      "book_name": "Ezekiel",
      "chapter": 35,
      "verse": 1,
      "text": [
        "Moreover",
        "the",
        "word",
        "of",
        "the",
        "Lᴏʀᴅ",
        "came",
        "unto",
        "me,",
        "saying,"
      ],
      "header": "",
      "footer": ""
    },
    {
      "book_name": "Ezekiel",
      "chapter": 35,
      "verse": 2,
      "text": [
        "Son",
        "of",
        "man,",
        "set",
        "thy",
        "face",
        "against",
        "mount",
        "Seir,",
        "and",
        "prophesy",
        "against",
        "it,"
      ],
      "header": "",
      "footer": ""
    },
    {
      "book_name": "Ezekiel",
      "chapter": 35,
      "verse": 3,
      "text": [
        "And",
        "say",
        "unto",
        "it,",
        "Thus",
        "saith",
        "the",
        "Lord",
        "Gᴏᴅ;",
        "Behold,",
        "O",
        "mount",
        "Seir,",
        "I",
        "*am",
        "against",
        "thee,",
        "and",
        "I",
        "will",
        "stretch",
        "out",
        "mine",
        "hand",
        "against",
        "thee,",
        "and",
        "I",
        "will",
        "make",
        "thee",
        "most",
        "desolate."
      ],
      "header": "",
      "footer": ""
    },
    {
      "book_name": "Ezekiel",
      "chapter": 35,
      "verse": 4,
      "text": [
        "I",
        "will",
        "lay",
        "thy",
        "cities",
        "waste,",
        "and",
        "thou",
        "shalt",
        "be",
        "desolate,",
        "and",
        "thou",
        "shalt",
        "know",
        "that",
        "I",
        "*am",
        "the",
        "Lᴏʀᴅ."
      ],
      "header": "",
      "footer": ""
    },
    {
      "book_name": "Ezekiel",
      "chapter": 35,
      "verse": 5,
      "text": [
        "Because",
        "thou",
        "hast",
        "had",
        "a",
        "perpetual",
        "hatred,",
        "and",
        "hast",
        "shed",
        "*the",
        "*blood",
        "*of",
        "the",
        "children",
        "of",
        "Israel",
        "by",
        "the",
        "force",
        "of",
        "the",
        "sword",
        "in",
        "the",
        "time",
        "of",
        "their",
        "calamity,",
        "in",
        "the",
        "time",
        "*that",
        "*their",
        "iniquity",
        "*had",
        "an",
        "end:"
      ],
      "header": "",
      "footer": ""
    },
    {
      "book_name": "Ezekiel",
      "chapter": 35,
      "verse": 6,
      "text": [
        "Therefore,",
        "*as",
        "I",
        "live,",
        "saith",
        "the",
        "Lord",
        "Gᴏᴅ,",
        "I",
        "will",
        "prepare",
        "thee",
        "unto",
        "blood,",
        "and",
        "blood",
        "shall",
        "pursue",
        "thee:",
        "sith",
        "thou",
        "hast",
        "not",
        "hated",
        "blood,",
        "even",
        "blood",
        "shall",
        "pursue",
        "thee."
      ],
      "header": "",
      "footer": ""
    },
    {
      "book_name": "Ezekiel",
      "chapter": 35,
      "verse": 7,
      "text": [
        "Thus",
        "will",
        "I",
        "make",
        "mount",
        "Seir",
        "most",
        "desolate,",
        "and",
        "cut",
        "off",
        "from",
        "it",
        "him",
        "that",
        "passeth",
        "out",
        "and",
        "him",
        "that",
        "returneth."
      ],
      "header": "",
      "footer": ""
    },
    {
      "book_name": "Ezekiel",
      "chapter": 35,
      "verse": 8,
      "text": [
        "And",
        "I",
        "will",
        "fill",
        "his",
        "mountains",
        "with",
        "his",
        "slain",
        "*men:",
        "in",
        "thy",
        "hills,",
        "and",
        "in",
        "thy",
        "valleys,",
        "and",
        "in",
        "all",
        "thy",
        "rivers,",
        "shall",
        "they",
        "fall",
        "that",
        "are",
        "slain",
        "with",
        "the",
        "sword."
      ],
      "header": "",
      "footer": ""
    },
    {
      "book_name": "Ezekiel",
      "chapter": 35,
      "verse": 9,
      "text": [
        "I",
        "will",
        "make",
        "thee",
        "perpetual",
        "desolations,",
        "and",
        "thy",
        "cities",
        "shall",
        "not",
        "return:",
        "and",
        "ye",
        "shall",
        "know",
        "that",
        "I",
        "*am",
        "the",
        "Lᴏʀᴅ."
      ],
      "header": "",
      "footer": ""
    },
    {
      "book_name": "Ezekiel",
      "chapter": 35,
      "verse": 10,
      "text": [
        "Because",
        "thou",
        "hast",
        "said,",
        "These",
        "two",
        "nations",
        "and",
        "these",
        "two",
        "countries",
        "shall",
        "be",
        "mine,",
        "and",
        "we",
        "will",
        "possess",
        "it;",
        "whereas",
        "the",
        "Lᴏʀᴅ",
        "was",
        "there:"
      ],
      "header": "",
      "footer": ""
    },
    {
      "book_name": "Ezekiel",
      "chapter": 35,
      "verse": 11,
      "text": [
        "Therefore,",
        "*as",
        "I",
        "live,",
        "saith",
        "the",
        "Lord",
        "Gᴏᴅ,",
        "I",
        "will",
        "even",
        "do",
        "according",
        "to",
        "thine",
        "anger,",
        "and",
        "according",
        "to",
        "thine",
        "envy",
        "which",
        "thou",
        "hast",
        "used",
        "out",
        "of",
        "thy",
        "hatred",
        "against",
        "them;",
        "and",
        "I",
        "will",
        "make",
        "myself",
        "known",
        "among",
        "them,",
        "when",
        "I",
        "have",
        "judged",
        "thee."
      ],
      "header": "",
      "footer": ""
    },
    {
      "book_name": "Ezekiel",
      "chapter": 35,
      "verse": 12,
      "text": [
        "And",
        "thou",
        "shalt",
        "know",
        "that",
        "I",
        "*am",
        "the",
        "Lᴏʀᴅ,",
        "*and",
        "*that",
        "I",
        "have",
        "heard",
        "all",
        "thy",
        "blasphemies",
        "which",
        "thou",
        "hast",
        "spoken",
        "against",
        "the",
        "mountains",
        "of",
        "Israel,",
        "saying,",
        "They",
        "are",
        "laid",
        "desolate,",
        "they",
        "are",
        "given",
        "us",
        "to",
        "consume."
      ],
      "header": "",
      "footer": ""
    },
    {
      "book_name": "Ezekiel",
      "chapter": 35,
      "verse": 13,
      "text": [
        "Thus",
        "with",
        "your",
        "mouth",
        "ye",
        "have",
        "boasted",
        "against",
        "me,",
        "and",
        "have",
        "multiplied",
        "your",
        "words",
        "against",
        "me:",
        "I",
        "have",
        "heard",
        "*them."
      ],
      "header": "",
      "footer": ""
    },
    {
      "book_name": "Ezekiel",
      "chapter": 35,
      "verse": 14,
      "text": [
        "Thus",
        "saith",
        "the",
        "Lord",
        "Gᴏᴅ;",
        "When",
        "the",
        "whole",
        "earth",
        "rejoiceth,",
        "I",
        "will",
        "make",
        "thee",
        "desolate."
      ],
      "header": "",
      "footer": ""
    },
    {
      "book_name": "Ezekiel",
      "chapter": 35,
      "verse": 15,
      "text": [
        "As",
        "thou",
        "didst",
        "rejoice",
        "at",
        "the",
        "inheritance",
        "of",
        "the",
        "house",
        "of",
        "Israel,",
        "because",
        "it",
        "was",
        "desolate,",
        "so",
        "will",
        "I",
        "do",
        "unto",
        "thee:",
        "thou",
        "shalt",
        "be",
        "desolate,",
        "O",
        "mount",
        "Seir,",
        "and",
        "all",
        "Idumea,",
        "*even",
        "all",
        "of",
        "it:",
        "and",
        "they",
        "shall",
        "know",
        "that",
        "I",
        "*am",
        "the",
        "Lᴏʀᴅ."
      ],
      "header": "",
      "footer": ""
    }
  ]
}