{
  "book_name": "Ezekiel",
  "chapter": 42,
  "verses": [
    {
      "book_name": "Ezekiel",
      "chapter": 42,
      "verse": 1,
      "text": [
        "Then",
        "he",
        "brought",
        "me",
        "forth",
        "into",
        "the",
        "utter",
        "court,",
        "the",
        "way",
        "toward",
        "the",
        "north:",
        "and",
        "he",
        "brought",
        "me",
        "into",
        "the",
        "chamber",
        "that",
        "*was",
        "over",
        "against",
        "the",
        "separate",
        "place,",
        "and",
        "which",
        "*was",
        "before",
        "the",
        "building",
        "toward",
        "the",
        "north."
      ],
      "header": "",
      "footer": ""
    },
    {
      "book_name": "Ezekiel",
      "chapter": 42,
      "verse": 2,
      "text": [
        "Before",
        "the",
        "length",
        "of",
        "an",
        "hundred",
        "cubits",
        "*was",
        "the",
        "north",
        "door,",
        "and",
        "the",
        "breadth",
        "*was",
        "fifty",
        "cubits."
      ],
      "header": "",
      "footer": ""
    },
    {
      "book_name": "Ezekiel",
      "chapter": 42,
      "verse": 3,
      "text": [
        "Over",
        "against",
        "the",
        "twenty",
        "*cubits",
        "which",
        "*were",
        "for",
        "the",
        "inner",
        "court,",
        "and",
        "over",
        "against",
        "the",
        "pavement",
        "which",
        "*was",
        "for",
        "the",
        "utter",
        "court,",
        "*was",
        "gallery",
        "against",
        "gallery",
        "in",
        "three",
        "*stories."
      ],
      "header": "",
      "footer": ""
    },
    {
      "book_name": "Ezekiel",
      "chapter": 42,
      "verse": 4,
      "text": [
        "And",
        "before",
        "the",
        "chambers",
        "*was",
        "a",
        "walk",
        "of",
        "ten",
        "cubits",
        "breadth",
        "inward,",
        "a",
        "way",
        "of",
        "one",
        "cubit;",
        "and",
        "their",
        "doors",
        "toward",
        "the",
        "north."
      ],
      "header": "",
      "footer": ""
    },
    {
      "book_name": "Ezekiel",
      "chapter": 42,
      "verse": 5,
      "text": [
        "Now",
        "the",
        "upper",
        "chambers",
        "*were",
        "shorter:",
        "for",
        "the",
        "galleries",
        "were",
        "higher",
        "than",
        "these,",
        "than",
        "the",
        "lower,",
        "and",
        "than",
        "the",
        "middlemost",
        "of",
        "the",
        "building."
      ],
      "header": "",
      "footer": ""
    },
    {
      "book_name": "Ezekiel",
      "chapter": 42,
      "verse": 6,
      "text": [
        "For",
        "they",
        "*were",
        "in",
        "three",
        "*stories,",
        "but",
        "had",
        "not",
        "pillars",
        "as",
        "the",
        "pillars",
        "of",
        "the",
        "courts:",
        "therefore",
        "*the",
        "*building",
        "was",
        "straitened",
        "more",
        "than",
        "the",
        "lowest",
        "and",
        "the",
        "middlemost",
        "from",
        "the",
        "ground."
      ],
      "header": "",
      "footer": ""
    },
    {
      "book_name": "Ezekiel",
      "chapter": 42,
      "verse": 7,
      "text": [
        "And",
        "the",
        "wall",
        "that",
        "*was",
        "without",
        "over",
        "against",
        "the",
        "chambers,",
        "toward",
        "the",
        "utter",
        "court",
        "on",
        "the",
        "forepart",
        "of",
        "the",
        "chambers,",
        "the",
        "length",
        "thereof",
        "*was",
        "fifty",
        "cubits."
      ],
      "header": "",
      "footer": ""
    },
    {
      "book_name": "Ezekiel",
      "chapter": 42,
      "verse": 8,
      "text": [
        "For",
        "the",
        "length",
        "of",
        "the",
        "chambers",
        "that",
        "*were",
        "in",
        "the",
        "utter",
        "court",
        "*was",
        "fifty",
        "cubits:",
        "and,",
        "lo,",
        "before",
        "the",
        "temple",
        "*were",
        "an",
        "hundred",
        "cubits."
      ],
      "header": "",
      "footer": ""
    },
    {
      "book_name": "Ezekiel",
      "chapter": 42,
      "verse": 9,
      "text": [
        "And",
        "from",
        "under",
        "these",
        "chambers",
        "*was",
        "the",
        "entry",
        "on",
        "the",
        "east",
        "side,",
        "as",
        "one",
        "goeth",
        "into",
        "them",
        "from",
        "the",
        "utter",
        "court."
      ],
      "header": "",
      "footer": ""
    },
    {
      "book_name": "Ezekiel",
      "chapter": 42,
      "verse": 10,
      "text": [
        "The",
        "chambers",
        "*were",
        "in",
        "the",
        "thickness",
        "of",
        "the",
        "wall",
        "of",
        "the",
        "court",
        "toward",
        "the",
        "east,",
        "over",
        "against",
        "the",
        "separate",
        "place,",
        "and",
        "over",
        "against",
        "the",
        "building."
      ],
      "header": "",
      "footer": ""
    },
    {
      "book_name": "Ezekiel",
      "chapter": 42,
      "verse": 11,
      "text": [
        "And",
        "the",
        "way",
        "before",
        "them",
        "*was",
        "like",
        "the",
        "appearance",
        "of",
        "the",
        "chambers",
        "which",
        "*were",
        "toward",
        "the",
        "north,",
        "as",
        "long",
        "as",
        "they,",
        "*and",
        "as",
        "broad",
        "as",
        "they:",
        "and",
        "all",
        "their",
        "goings",
        "out",
        "*were",
        "both",
        "according",
        "to",
        "their",
        "fashions,",
        "and",
        "according",
        "to",
        "their",
        "doors."
      ],
      "header": "",
      "footer": ""
    },
    {
      "book_name": "Ezekiel",
      "chapter": 42,
      "verse": 12,
      "text": [
        "And",
        "according",
        "to",
        "the",
        "doors",
        "of",
        "the",
        "chambers",
        "that",
        "*were",
        "toward",
        "the",
        "south",
        "*was",
        "a",
        "door",
        "in",
        "the",
        "head",
        "of",
        "the",
        "way,",
        "*even",
        "the",
        "way",
        "directly",
        "before",
        "the",
        "wall",
        "toward",
        "the",
        "east,",
        "as",
        "one",
        "entereth",
        "into",
        "them."
      ],
      "header": "",
      "footer": ""
    },
    {
      "book_name": "Ezekiel",
      "chapter": 42,
      "verse": 13,
      "text": [
        "¶",
        "Then",
        "said",
        "he",
        "unto",
        "me,",
        "The",
        "north",
        "chambers",
        "*and",
        "the",
        "south",
        "chambers,",
        "which",
        "*are",
        "before",
        "the",
        "separate",
        "place,",
        "they",
        "*be",
        "holy",
        "chambers,",
        "where",
        "the",
        "priests",
        "that",
        "approach",
        "unto",
        "the",
        "Lᴏʀᴅ",
        "shall",
        "eat",
        "the",
        "most",
        "holy",
        "things:",
        "there",
        "shall",
        "they",
        "lay",
        "the",
        "most",
        "holy",
        "things,",
        "and",
        "the",
        "meat",
        "offering,",
        "and",
        "the",
        "sin",
        "offering,",
        "and",
        "the",
        "trespass",
        "offering;",
        "for",
        "the",
        "place",
        "*is",
        "holy."
      ],
      "header": "",
      "footer": ""
    },
    {
      "book_name": "Ezekiel",
      "chapter": 42,
      "verse": 14,
      "text": [
        "When",
        "the",
        "priests",
        "enter",
        "therein,",
        "then",
        "shall",
        "they",
        "not",
        "go",
        "out",
        "of",
        "the",
        "holy",
        "*place",
        "into",
        "the",
        "utter",
        "court,",
        "but",
        "there",
        "they",
        "shall",
        "lay",
        "their",
        "garments",
        "wherein",
        "they",
        "minister;",
        "for",
        "they",
        "*are",
        "holy;",
        "and",
        "shall",
        "put",
        "on",
        "other",
        "garments,",
        "and",
        "shall",
        "approach",
        "to",
        "*those",
        "*things",
        "which",
        "*are",
        "for",
        "the",
        "people."
      ],
      "header": "",
      "footer": ""
    },
    {
      "book_name": "Ezekiel",
      "chapter": 42,
      "verse": 15,
      "text": [
        "Now",
        "when",
        "he",
        "had",
        "made",
        "an",
        "end",
        "of",
        "measuring",
        "the",
        "inner",
        "house,",
        "he",
        "brought",
        "me",
        "forth",
        "toward",
        "the",
        "gate",
        "whose",
        "prospect",
        "*is",
        "toward",
        "the",
        "east,",
        "and",
        "measured",
        "it",
        "round",
        "about."
      ],
      "header": "",
      "footer": ""
    },
    {
      "book_name": "Ezekiel",
      "chapter": 42,
      "verse": 16,
      "text": [
        "He",
        "measured",
        "the",
        "east",
        "side",
        "with",
        "the",
        "measuring",
        "reed,",
        "five",
        "hundred",
        "reeds,",
        "with",
        "the",
        "measuring",
        "reed",
        "round",
        "about."
      ],
      "header": "",
      "footer": ""
    },
    {
      "book_name": "Ezekiel",
      "chapter": 42,
      "verse": 17,
      "text": [
        "He",
        "measured",
        "the",
        "north",
        "side,",
        "five",
        "hundred",
        "reeds,",
        "with",
        "the",
        "measuring",
        "reed",
        "round",
        "about."
      ],
      "header": "",
      "footer": ""
    },
    {
      "book_name": "Ezekiel",
      "chapter": 42,
      "verse": 18,
      "text": [
        "He",
        "measured",
        "the",
        "south",
        "side,",
        "five",
        "hundred",
        "reeds,",
        "with",
        "the",
        "measuring",
        "reed."
      ],
      "header": "",
      "footer": ""
    },
    {
      "book_name": "Ezekiel",
      "chapter": 42,
      "verse": 19,
      "text": [
        "¶",
        "He",
        "turned",
        "about",
        "to",
        "the",
        "west",
        "side,",
        "*and",
        "measured",
        "five",
        "hundred",
        "reeds",
        "with",
        "the",
        "measuring",
        "reed."
      ],
      "header": "",
      "footer": ""
    },
    {
      "book_name": "Ezekiel",
      "chapter": 42,
      "verse": 20,
      "text": [
        "He",
        "measured",
        "it",
        "by",
        "the",
        "four",
        "sides:",
        "it",
        "had",
        "a",
        "wall",
        "round",
        "about,",
        "five",
        "hundred",
        "*reeds",
        "long,",
        "and",
        "five",
        "hundred",
        "broad,",
        "to",
        "make",
        "a",
        "separation",
        "between",
        "the",
        "sanctuary",
        "and",
        "the",
        "profane",
        "place."
      ],
      "header": "",
      "footer": ""
    }
  ]
}