{
  "book_name": "Ezekiel",
  "chapter": 46,
  "verses": [
    {
      "book_name": "Ezekiel",
      "chapter": 46,
      "verse": 1,
      "text": [
        "Thus",
        "saith",
        "the",
        "Lord",
        "Gᴏᴅ;",
        "The",
        "gate",
        "of",
        "the",
        "inner",
        "court",
        "that",
        "looketh",
        "toward",
        "the",
        "east",
        "shall",
        "be",
        "shut",
        "the",
        "six",
        "working",
        "days;",
        "but",
        "on",
        "the",
        "sabbath",
        "it",
        "shall",
        "be",
        "opened,",
        "and",
        "in",
        "the",
        "day",
        "of",
        "the",
        "new",
        "moon",
        "it",
        "shall",
        "be",
        "opened."
      ],
      "header": "",
      "footer": ""
    },
    {
      "book_name": "Ezekiel",
      "chapter": 46,
      "verse": 2,
      "text": [
        "And",
        "the",
        "prince",
        "shall",
        "enter",
        "by",
        "the",
        "way",
        "of",
        "the",
        "porch",
        "of",
        "*that",
        "gate",
        "without,",
        "and",
        "shall",
        "stand",
        "by",
        "the",
        "post",
        "of",
        "the",
        "gate,",
        "and",
        "the",
        "priests",
        "shall",
        "prepare",
        "his",
        "burnt",
        "offering",
        "and",
        "his",
        "peace",
        "offerings,",
        "and",
        "he",
        "shall",
        "worship",
        "at",
        "the",
        "threshold",
        "of",
        "the",
        "gate:",
        "then",
        "he",
        "shall",
        "go",
        "forth;",
        "but",
        "the",
        "gate",
        "shall",
        "not",
        "be",
        "shut",
        "until",
        "the",
        "evening."
      ],
      "header": "",
      "footer": ""
    },
    {
      "book_name": "Ezekiel",
      "chapter": 46,
      "verse": 3,
      "text": [
        "Likewise",
        "the",
        "people",
        "of",
        "the",
        "land",
        "shall",
        "worship",
        "at",
        "the",
        "door",
        "of",
        "this",
        "gate",
        "before",
        "the",
        "Lᴏʀᴅ",
        "in",
        "the",
        "sabbaths",
        "and",
        "in",
        "the",
        "new",
        "moons."
      ],
      "header": "",
      "footer": ""
    },
    {
      "book_name": "Ezekiel",
      "chapter": 46,
      "verse": 4,
      "text": [
        "And",
        "the",
        "burnt",
        "offering",
        "that",
        "the",
        "prince",
        "shall",
        "offer",
        "unto",
        "the",
        "Lᴏʀᴅ",
        "in",
        "the",
        "sabbath",
        "day",
        "*shall",
        "*be",
        "six",
        "lambs",
        "without",
        "blemish,",
        "and",
        "a",
        "ram",
        "without",
        "blemish."
      ],
      "header": "",
      "footer": ""
    },
    {
      "book_name": "Ezekiel",
      "chapter": 46,
      "verse": 5,
      "text": [
        "And",
        "the",
        "meat",
        "offering",
        "*shall",
        "*be",
        "an",
        "ephah",
        "for",
        "a",
        "ram,",
        "and",
        "the",
        "meat",
        "offering",
        "for",
        "the",
        "lambs",
        "as",
        "he",
        "shall",
        "be",
        "able",
        "to",
        "give,",
        "and",
        "an",
        "hin",
        "of",
        "oil",
        "to",
        "an",
        "ephah."
      ],
      "header": "",
      "footer": ""
    },
    {
      "book_name": "Ezekiel",
      "chapter": 46,
      "verse": 6,
      "text": [
        "And",
        "in",
        "the",
        "day",
        "of",
        "the",
        "new",
        "moon",
        "*it",
        "*shall",
        "*be",
        "a",
        "young",
        "bullock",
        "without",
        "blemish,",
        "and",
        "six",
        "lambs,",
        "and",
        "a",
        "ram:",
        "they",
        "shall",
        "be",
        "without",
        "blemish."
      ],
      "header": "",
      "footer": ""
    },
    {
      "book_name": "Ezekiel",
      "chapter": 46,
      "verse": 7,
      "text": [
        "And",
        "he",
        "shall",
        "prepare",
        "a",
        "meat",
        "offering,",
        "an",
        "ephah",
        "for",
        "a",
        "bullock,",
        "and",
        "an",
        "ephah",
        "for",
        "a",
        "ram,",
        "and",
        "for",
        "the",
        "lambs",
        "according",
        "as",
        "his",
        "hand",
        "shall",
        "attain",
        "unto,",
        "and",
        "an",
        "hin",
        "of",
        "oil",
        "to",
        "an",
        "ephah."
      ],
      "header": "",
      "footer": ""
    },
    {
      "book_name": "Ezekiel",
      "chapter": 46,
      "verse": 8,
      "text": [
        "And",
        "when",
        "the",
        "prince",
        "shall",
        "enter,",
        "he",
        "shall",
        "go",
        "in",
        "by",
        "the",
        "way",
        "of",
        "the",
        "porch",
        "of",
        "*that",
        "gate,",
        "and",
        "he",
        "shall",
        "go",
        "forth",
        "by",
        "the",
        "way",
        "thereof."
      ],
      "header": "",
      "footer": ""
    },
    {
      "book_name": "Ezekiel",
      "chapter": 46,
      "verse": 9,
      "text": [
        "¶",
        "But",
        "when",
        "the",
        "people",
        "of",
        "the",
        "land",
        "shall",
        "come",
        "before",
        "the",
        "Lᴏʀᴅ",
        "in",
        "the",
        "solemn",
        "feasts,",
        "he",
        "that",
        "entereth",
        "in",
        "by",
        "the",
        "way",
        "of",
        "the",
        "north",
        "gate",
        "to",
        "worship",
        "shall",
        "go",
        "out",
        "by",
        "the",
        "way",
        "of",
        "the",
        "south",
        "gate;",
        "and",
        "he",
        "that",
        "entereth",
        "by",
        "the",
        "way",
        "of",
        "the",
        "south",
        "gate",
        "shall",
        "go",
        "forth",
        "by",
        "the",
        "way",
        "of",
        "the",
        "north",
        "gate:",
        "he",
        "shall",
        "not",
        "return",
        "by",
        "the",
        "way",
        "of",
        "the",
        "gate",
        "whereby",
        "he",
        "came",
        "in,",
        "but",
        "shall",
        "go",
        "forth",
        "over",
        "against",
        "it."
      ],
      "header": "",
      "footer": ""
    },
    {
      "book_name": "Ezekiel",
      "chapter": 46,
      "verse": 10,
      "text": [
        "And",
        "the",
        "prince",
        "in",
        "the",
        "midst",
        "of",
        "them,",
        "when",
        "they",
        "go",
        "in,",
        "shall",
        "go",
        "in;",
        "and",
        "when",
        "they",
        "go",
        "forth,",
        "shall",
        "go",
        "forth."
      ],
      "header": "",
      "footer": ""
    },
    {
      "book_name": "Ezekiel",
      "chapter": 46,
      "verse": 11,
      "text": [
        "And",
        "in",
        "the",
        "feasts",
        "and",
        "in",
        "the",
        "solemnities",
        "the",
        "meat",
        "offering",
        "shall",
        "be",
        "an",
        "ephah",
        "to",
        "a",
        "bullock,",
        "and",
        "an",
        "ephah",
        "to",
        "a",
        "ram,",
        "and",
        "to",
        "the",
        "lambs",
        "as",
        "he",
        "is",
        "able",
        "to",
        "give,",
        "and",
        "an",
        "hin",
        "of",
        "oil",
        "to",
        "an",
        "ephah."
      ],
      "header": "",
      "footer": ""
    },
    {
      "book_name": "Ezekiel",
      "chapter": 46,
      "verse": 12,
      "text": [
        "Now",
        "when",
        "the",
        "prince",
        "shall",
        "prepare",
        "a",
        "voluntary",
        "burnt",
        "offering",
        "or",
        "peace",
        "offerings",
        "voluntarily",
        "unto",
        "the",
        "Lᴏʀᴅ,",
        "*one",
        "shall",
        "then",
        "open",
        "him",
        "the",
        "gate",
        "that",
        "looketh",
        "toward",
        "the",
        "east,",
        "and",
        "he",
        "shall",
        "prepare",
        "his",
        "burnt",
        "offering",
        "and",
        "his",
        "peace",
        "offerings,",
        "as",
        "he",
        "did",
        "on",
        "the",
        "sabbath",
        "day:",
        "then",
        "he",
        "shall",
        "go",
        "forth;",
        "and",
        "after",
        "his",
        "going",
        "forth",
        "*one",
        "shall",
        "shut",
        "the",
        "gate."
      ],
      "header": "",
      "footer": ""
    },
    {
      "book_name": "Ezekiel",
      "chapter": 46,
      "verse": 13,
      "text": [
        "Thou",
        "shalt",
        "daily",
        "prepare",
        "a",
        "burnt",
        "offering",
        "unto",
        "the",
        "Lᴏʀᴅ",
        "*of",
        "a",
        "lamb",
        "of",
        "the",
        "first",
        "year",
        "without",
        "blemish:",
        "thou",
        "shalt",
        "prepare",
        "it",
        "every",
        "morning."
      ],
      "header": "",
      "footer": ""
    },
    {
      "book_name": "Ezekiel",
      "chapter": 46,
      "verse": 14,
      "text": [
        "And",
        "thou",
        "shalt",
        "prepare",
        "a",
        "meat",
        "offering",
        "for",
        "it",
        "every",
        "morning,",
        "the",
        "sixth",
        "part",
        "of",
        "an",
        "ephah,",
        "and",
        "the",
        "third",
        "part",
        "of",
        "an",
        "hin",
        "of",
        "oil,",
        "to",
        "temper",
        "with",
        "the",
        "fine",
        "flour;",
        "a",
        "meat",
        "offering",
        "continually",
        "by",
        "a",
        "perpetual",
        "ordinance",
        "unto",
        "the",
        "Lᴏʀᴅ."
      ],
      "header": "",
      "footer": ""
    },
    {
      "book_name": "Ezekiel",
      "chapter": 46,
      "verse": 15,
      "text": [
        "Thus",
        "shall",
        "they",
        "prepare",
        "the",
        "lamb,",
        "and",
        "the",
        "meat",
        "offering,",
        "and",
        "the",
        "oil,",
        "every",
        "morning",
        "*for",
        "a",
        "continual",
        "burnt",
        "offering."
      ],
      "header": "",
      "footer": ""
    },
    {
      "book_name": "Ezekiel",
      "chapter": 46,
      "verse": 16,
      "text": [
        "¶",
        "Thus",
        "saith",
        "the",
        "Lord",
        "Gᴏᴅ;",
        "If",
        "the",
        "prince",
        "give",
        "a",
        "gift",
        "unto",
        "any",
        "of",
        "his",
        "sons,",
        "the",
        "inheritance",
        "thereof",
        "shall",
        "be",
        "his",
        "sons';",
        "it",
        "*shall",
        "*be",
        "their",
        "possession",
        "by",
        "inheritance."
      ],
      "header": "",
      "footer": ""
    },
    {
      "book_name": "Ezekiel",
      "chapter": 46,
      "verse": 17,
      "text": [
        "But",
        "if",
        "he",
        "give",
        "a",
        "gift",
        "of",
        "his",
        "inheritance",
        "to",
        "one",
        "of",
        "his",
        "servants,",
        "then",
        "it",
        "shall",
        "be",
        "his",
        "to",
        "the",
        "year",
        "of",
        "liberty;",
        "after",
        "it",
        "shall",
        "return",
        "to",
        "the",
        "prince:",
        "but",
        "his",
        "inheritance",
        "shall",
        "be",
        "his",
        "sons'",
        "for",
        "them."
      ],
      "header": "",
      "footer": ""
    },
    {
      "book_name": "Ezekiel",
      "chapter": 46,
      "verse": 18,
      "text": [
        "Moreover",
        "the",
        "prince",
        "shall",
        "not",
        "take",
        "of",
        "the",
        "people's",
        "inheritance",
        "by",
        "oppression,",
        "to",
        "thrust",
        "them",
        "out",
        "of",
        "their",
        "possession;",
        "*but",
        "he",
        "shall",
        "give",
        "his",
        "sons",
        "inheritance",
        "out",
        "of",
        "his",
        "own",
        "possession:",
        "that",
        "my",
        "people",
        "be",
        "not",
        "scattered",
        "every",
        "man",
        "from",
        "his",
        "possession."
      ],
      "header": "",
      "footer": ""
    },
    {
      "book_name": "Ezekiel",
      "chapter": 46,
      "verse": 19,
      "text": [
        "¶",
        "After",
        "he",
        "brought",
        "me",
        "through",
        "the",
        "entry,",
        "which",
        "*was",
        "at",
        "the",
        "side",
        "of",
        "the",
        "gate,",
        "into",
        "the",
        "holy",
        "chambers",
        "of",
        "the",
        "priests,",
        "which",
        "looked",
        "toward",
        "the",
        "north:",
        "and,",
        "behold,",
        "there",
        "*was",
        "a",
        "place",
        "on",
        "the",
        "two",
        "sides",
        "westward."
      ],
      "header": "",
      "footer": ""
    },
    {
      "book_name": "Ezekiel",
      "chapter": 46,
      "verse": 20,
      "text": [
        "Then",
        "said",
        "he",
        "unto",
        "me,",
        "This",
        "*is",
        "the",
        "place",
        "where",
        "the",
        "priests",
        "shall",
        "boil",
        "the",
        "trespass",
        "offering",
        "and",
        "the",
        "sin",
        "offering,",
        "where",
        "they",
        "shall",
        "bake",
        "the",
        "meat",
        "offering;",
        "that",
        "they",
        "bear",
        "*them",
        "not",
        "out",
        "into",
        "the",
        "utter",
        "court,",
        "to",
        "sanctify",
        "the",
        "people."
      ],
      "header": "",
      "footer": ""
    },
    {
      "book_name": "Ezekiel",
      "chapter": 46,
      "verse": 21,
      "text": [
        "Then",
        "he",
        "brought",
        "me",
        "forth",
        "into",
        "the",
        "utter",
        "court,",
        "and",
        "caused",
        "me",
        "to",
        "pass",
        "by",
        "the",
        "four",
        "corners",
        "of",
        "the",
        "court;",
        "and,",
        "behold,",
        "in",
        "every",
        "corner",
        "of",
        "the",
        "court",
        "*there",
        "*was",
        "a",
        "court."
      ],
      "header": "",
      "footer": ""
    },
    {
      "book_name": "Ezekiel",
      "chapter": 46,
      "verse": 22,
      "text": [
        "In",
        "the",
        "four",
        "corners",
        "of",
        "the",
        "court",
        "*there",
        "*were",
        "courts",
        "joined",
        "of",
        "forty",
        "*cubits",
        "long",
        "and",
        "thirty",
        "broad:",
        "these",
        "four",
        "corners",
        "*were",
        "of",
        "one",
        "measure."
      ],
      "header": "",
      "footer": ""
    },
    {
      "book_name": "Ezekiel",
      "chapter": 46,
      "verse": 23,
      "text": [
        "And",
        "*there",
        "*was",
        "a",
        "row",
        "*of",
        "*building",
        "round",
        "about",
        "in",
        "them,",
        "round",
        "about",
        "them",
        "four,",
        "and",
        "*it",
        "*was",
        "made",
        "with",
        "boiling",
        "places",
        "under",
        "the",
        "rows",
        "round",
        "about."
      ],
      "header": "",
      "footer": ""
    },
    {
      "book_name": "Ezekiel",
      "chapter": 46,
      "verse": 24,
      "text": [
        "Then",
        "said",
        "he",
        "unto",
        "me,",
        "These",
        "*are",
        "the",
        "places",
        "of",
        "them",
        "that",
        "boil,",
        "where",
        "the",
        "ministers",
        "of",
        "the",
        "house",
        "shall",
        "boil",
        "the",
        "sacrifice",
        "of",
        "the",
        "people."
      ],
      "header": "",
      "footer": ""
    }
  ]
}