{
  "book_name": "1 Samuel",
  "chapter": 1,
  "verses": [
    {
      "book_name": "1 Samuel",
      "chapter": 1,
      "verse": 1,
      "text": [
        "Now",
        "there",
        "was",
        "a",
        "certain",
        "man",
        "of",
        "Ramathaimzophim,",
        "of",
        "mount",
        "Ephraim,",
        "and",
        "his",
        "name",
        "*was",
        "Elkanah,",
        "the",
        "son",
        "of",
        "Jeroham,",
        "the",
        "son",
        "of",
        "Elihu,",
        "the",
        "son",
        "of",
        "Tohu,",
        "the",
        "son",
        "of",
        "Zuph,",
        "an",
        "Ephrathite:"
      ],
      "header": "",
      "footer": ""
    },
    {
      "book_name": "1 Samuel",
      "chapter": 1,
      "verse": 2,
      "text": [
        "And",
        "he",
        "had",
        "two",
        "wives;",
        "the",
        "name",
        "of",
        "the",
        "one",
        "*was",
        "Hannah,",
        "and",
        "the",
        "name",
        "of",
        "the",
        "other",
        "Peninnah:",
        "and",
        "Peninnah",
        "had",
        "children,",
        "but",
        "Hannah",
        "had",
        "no",
        "children."
      ],
      "header": "",
      "footer": ""
    },
    {
      "book_name": "1 Samuel",
      "chapter": 1,
      "verse": 3,
      "text": [
        "And",
        "this",
        "man",
        "went",
        "up",
        "out",
        "of",
        "his",
        "city",
        "yearly",
        "to",
        "worship",
        "and",
        "to",
        "sacrifice",
        "unto",
        "the",
        "Lᴏʀᴅ",
        "of",
        "hosts",
        "in",
        "Shiloh.",
        "And",
        "the",
        "two",
        "sons",
        "of",
        "Eli,",
        "Hophni",
        "and",
        "Phinehas,",
        "the",
        "priests",
        "of",
        "the",
        "Lᴏʀᴅ,",
        "*were",
        "there."
      ],
      "header": "",
      "footer": ""
    },
    {
      "book_name": "1 Samuel",
      "chapter": 1,
      "verse": 4,
      "text": [
        "¶",
        "And",
        "when",
        "the",
        "time",
        "was",
        "that",
        "Elkanah",
        "offered,",
        "he",
        "gave",
        "to",
        "Peninnah",
        "his",
        "wife,",
        "and",
        "to",
        "all",
        "her",
        "sons",
        "and",
        "her",
        "daughters,",
        "portions:"
      ],
      "header": "",
      "footer": ""
    },
    {
      "book_name": "1 Samuel",
      "chapter": 1,
      "verse": 5,
      "text": [
        "But",
        "unto",
        "Hannah",
        "he",
        "gave",
        "a",
        "worthy",
        "portion;",
        "for",
        "he",
        "loved",
        "Hannah:",
        "but",
        "the",
        "Lᴏʀᴅ",
        "had",
        "shut",
        "up",
        "her",
        "womb."
      ],
      "header": "",
      "footer": ""
    },
    {
      "book_name": "1 Samuel",
      "chapter": 1,
      "verse": 6,
      "text": [
        "And",
        "her",
        "adversary",
        "also",
        "provoked",
        "her",
        "sore,",
        "for",
        "to",
        "make",
        "her",
        "fret,",
        "because",
        "the",
        "Lᴏʀᴅ",
        "had",
        "shut",
        "up",
        "her",
        "womb."
      ],
      "header": "",
      "footer": ""
    },
    {
      "book_name": "1 Samuel",
      "chapter": 1,
      "verse": 7,
      "text": [
        "And",
        "*as",
        "he",
        "did",
        "so",
        "year",
        "by",
        "year,",
        "when",
        "she",
        "went",
        "up",
        "to",
        "the",
        "house",
        "of",
        "the",
        "Lᴏʀᴅ,",
        "so",
        "she",
        "provoked",
        "her;",
        "therefore",
        "she",
        "wept,",
        "and",
        "did",
        "not",
        "eat."
      ],
      "header": "",
      "footer": ""
    },
    {
      "book_name": "1 Samuel",
      "chapter": 1,
      "verse": 8,
      "text": [
        "Then",
        "said",
        "Elkanah",
        "her",
        "husband",
        "to",
        "her,",
        "Hannah,",
        "why",
        "weepest",
        "thou?",
        "and",
        "why",
        "eatest",
        "thou",
        "not?",
        "and",
        "why",
        "is",
        "thy",
        "heart",
        "grieved?",
        "*am",
        "not",
        "I",
        "better",
        "to",
        "thee",
        "than",
        "ten",
        "sons?"
      ],
      "header": "",
      "footer": ""
    },
    {
      "book_name": "1 Samuel",
      "chapter": 1,
      "verse": 9,
      "text": [
        "¶",
        "So",
        "Hannah",
        "rose",
        "up",
        "after",
        "they",
        "had",
        "eaten",
        "in",
        "Shiloh,",
        "and",
        "after",
        "they",
        "had",
        "drunk.",
        "Now",
        "Eli",
        "the",
        "priest",
        "sat",
        "upon",
        "a",
        "seat",
        "by",
        "a",
        "post",
        "of",
        "the",
        "temple",
        "of",
        "the",
        "Lᴏʀᴅ."
      ],
      "header": "",
      "footer": ""
    },
    {
      "book_name": "1 Samuel",
      "chapter": 1,
      "verse": 10,
      "text": [
        "And",
        "she",
        "*was",
        "in",
        "bitterness",
        "of",
        "soul,",
        "and",
        "prayed",
        "unto",
        "the",
        "Lᴏʀᴅ,",
        "and",
        "wept",
        "sore."
      ],
      "header": "",
      "footer": ""
    },
    {
      "book_name": "1 Samuel",
      "chapter": 1,
      "verse": 11,
      "text": [
        "And",
        "she",
        "vowed",
        "a",
        "vow,",
        "and",
        "said,",
        "O",
        "Lᴏʀᴅ",
        "of",
        "hosts,",
        "if",
        "thou",
        "wilt",
        "indeed",
        "look",
        "on",
        "the",
        "affliction",
        "of",
        "thine",
        "handmaid,",
        "and",
        "remember",
        "me,",
        "and",
        "not",
        "forget",
        "thine",
        "handmaid,",
        "but",
        "wilt",
        "give",
        "unto",
        "thine",
        "handmaid",
        "a",
        "man",
        "child,",
        "then",
        "I",
        "will",
        "give",
        "him",
        "unto",
        "the",
        "Lᴏʀᴅ",
        "all",
        "the",
        "days",
        "of",
        "his",
        "life,",
        "and",
        "there",
        "shall",
        "no",
        "rasor",
        "come",
        "upon",
        "his",
        "head."
      ],
      "header": "",
      "footer": ""
    },
    {
      "book_name": "1 Samuel",
      "chapter": 1,
      "verse": 12,
      "text": [
        "And",
        "it",
        "came",
        "to",
        "pass,",
        "as",
        "she",
        "continued",
        "praying",
        "before",
        "the",
        "Lᴏʀᴅ,",
        "that",
        "Eli",
        "marked",
        "her",
        "mouth."
      ],
      "header": "",
      "footer": ""
    },
    {
      "book_name": "1 Samuel",
      "chapter": 1,
      "verse": 13,
      "text": [
        "Now",
        "Hannah,",
        "she",
        "spake",
        "in",
        "her",
        "heart;",
        "only",
        "her",
        "lips",
        "moved,",
        "but",
        "her",
        "voice",
        "was",
        "not",
        "heard:",
        "therefore",
        "Eli",
        "thought",
        "she",
        "had",
        "been",
        "drunken."
      ],
      "header": "",
      "footer": ""
    },
    {
      "book_name": "1 Samuel",
      "chapter": 1,
      "verse": 14,
      "text": [
        "And",
        "Eli",
        "said",
        "unto",
        "her,",
        "How",
        "long",
        "wilt",
        "thou",
        "be",
        "drunken?",
        "put",
        "away",
        "thy",
        "wine",
        "from",
        "thee."
      ],
      "header": "",
      "footer": ""
    },
    {
      "book_name": "1 Samuel",
      "chapter": 1,
      "verse": 15,
      "text": [
        "And",
        "Hannah",
        "answered",
        "and",
        "said,",
        "No,",
        "my",
        "lord,",
        "I",
        "*am",
        "a",
        "woman",
        "of",
        "a",
        "sorrowful",
        "spirit:",
        "I",
        "have",
        "drunk",
        "neither",
        "wine",
        "nor",
        "strong",
        "drink,",
        "but",
        "have",
        "poured",
        "out",
        "my",
        "soul",
        "before",
        "the",
        "Lᴏʀᴅ."
      ],
      "header": "",
      "footer": ""
    },
    {
      "book_name": "1 Samuel",
      "chapter": 1,
      "verse": 16,
      "text": [
        "Count",
        "not",
        "thine",
        "handmaid",
        "for",
        "a",
        "daughter",
        "of",
        "Belial:",
        "for",
        "out",
        "of",
        "the",
        "abundance",
        "of",
        "my",
        "complaint",
        "and",
        "grief",
        "have",
        "I",
        "spoken",
        "hitherto."
      ],
      "header": "",
      "footer": ""
    },
    {
      "book_name": "1 Samuel",
      "chapter": 1,
      "verse": 17,
      "text": [
        "Then",
        "Eli",
        "answered",
        "and",
        "said,",
        "Go",
        "in",
        "peace:",
        "and",
        "the",
        "God",
        "of",
        "Israel",
        "grant",
        "*thee",
        "thy",
        "petition",
        "that",
        "thou",
        "hast",
        "asked",
        "of",
        "him."
      ],
      "header": "",
      "footer": ""
    },
    {
      "book_name": "1 Samuel",
      "chapter": 1,
      "verse": 18,
      "text": [
        "And",
        "she",
        "said,",
        "Let",
        "thine",
        "handmaid",
        "find",
        "grace",
        "in",
        "thy",
        "sight.",
        "So",
        "the",
        "woman",
        "went",
        "her",
        "way,",
        "and",
        "did",
        "eat,",
        "and",
        "her",
        "countenance",
        "was",
        "no",
        "more",
        "*sad."
      ],
      "header": "",
      "footer": ""
    },
    {
      "book_name": "1 Samuel",
      "chapter": 1,
      "verse": 19,
      "text": [
        "¶",
        "And",
        "they",
        "rose",
        "up",
        "in",
        "the",
        "morning",
        "early,",
        "and",
        "worshipped",
        "before",
        "the",
        "Lᴏʀᴅ,",
        "and",
        "returned,",
        "and",
        "came",
        "to",
        "their",
        "house",
        "to",
        "Ramah:",
        "and",
        "Elkanah",
        "knew",
        "Hannah",
        "his",
        "wife;",
        "and",
        "the",
        "Lᴏʀᴅ",
        "remembered",
        "her."
      ],
      "header": "",
      "footer": ""
    },
    {
      "book_name": "1 Samuel",
      "chapter": 1,
      "verse": 20,
      "text": [
        "Wherefore",
        "it",
        "came",
        "to",
        "pass,",
        "when",
        "the",
        "time",
        "was",
        "come",
        "about",
        "after",
        "Hannah",
        "had",
        "conceived,",
        "that",
        "she",
        "bare",
        "a",
        "son,",
        "and",
        "called",
        "his",
        "name",
        "Samuel,",
        "*saying,",
        "Because",
        "I",
        "have",
        "asked",
        "him",
        "of",
        "the",
        "Lᴏʀᴅ."
      ],
      "header": "",
      "footer": ""
    },
    {
      "book_name": "1 Samuel",
      "chapter": 1,
      "verse": 21,
      "text": [
        "And",
        "the",
        "man",
        "Elkanah,",
        "and",
        "all",
        "his",
        "house,",
        "went",
        "up",
        "to",
        "offer",
        "unto",
        "the",
        "Lᴏʀᴅ",
        "the",
        "yearly",
        "sacrifice,",
        "and",
        "his",
        "vow."
      ],
      "header": "",
      "footer": ""
    },
    {
      "book_name": "1 Samuel",
      "chapter": 1,
      "verse": 22,
      "text": [
        "But",
        "Hannah",
        "went",
        "not",
        "up;",
        "for",
        "she",
        "said",
        "unto",
        "her",
        "husband,",
        "*I",
        "*will",
        "*not",
        "*go",
        "*up",
        "until",
        "the",
        "child",
        "be",
        "weaned,",
        "and",
        "*then",
        "I",
        "will",
        "bring",
        "him,",
        "that",
        "he",
        "may",
        "appear",
        "before",
        "the",
        "Lᴏʀᴅ,",
        "and",
        "there",
        "abide",
        "for",
        "ever."
      ],
      "header": "",
      "footer": ""
    },
    {
      "book_name": "1 Samuel",
      "chapter": 1,
      "verse": 23,
      "text": [
        "And",
        "Elkanah",
        "her",
        "husband",
        "said",
        "unto",
        "her,",
        "Do",
        "what",
        "seemeth",
        "thee",
        "good;",
        "tarry",
        "until",
        "thou",
        "have",
        "weaned",
        "him;",
        "only",
        "the",
        "Lᴏʀᴅ",
        "establish",
        "his",
        "word.",
        "So",
        "the",
        "woman",
        "abode,",
        "and",
        "gave",
        "her",
        "son",
        "suck",
        "until",
        "she",
        "weaned",
        "him."
      ],
      "header": "",
      "footer": ""
    },
    {
      "book_name": "1 Samuel",
      "chapter": 1,
      "verse": 24,
      "text": [
        "¶",
        "And",
        "when",
        "she",
        "had",
        "weaned",
        "him,",
        "she",
        "took",
        "him",
        "up",
        "with",
        "her,",
        "with",
        "three",
        "bullocks,",
        "and",
        "one",
        "ephah",
        "of",
        "flour,",
        "and",
        "a",
        "bottle",
        "of",
        "wine,",
        "and",
        "brought",
        "him",
        "unto",
        "the",
        "house",
        "of",
        "the",
        "Lᴏʀᴅ",
        "in",
        "Shiloh:",
        "and",
        "the",
        "child",
        "*was",
        "young."
      ],
      "header": "",
      "footer": ""
    },
    {
      "book_name": "1 Samuel",
      "chapter": 1,
      "verse": 25,
      "text": [
        "And",
        "they",
        "slew",
        "a",
        "bullock,",
        "and",
        "brought",
        "the",
        "child",
        "to",
        "Eli."
      ],
      "header": "",
      "footer": ""
    },
    {
      "book_name": "1 Samuel",
      "chapter": 1,
      "verse": 26,
      "text": [
        "And",
        "she",
        "said,",
        "Oh",
        "my",
        "lord,",
        "*as",
        "thy",
        "soul",
        "liveth,",
        "my",
        "lord,",
        "I",
        "*am",
        "the",
        "woman",
        "that",
        "stood",
        "by",
        "thee",
        "here,",
        "praying",
        "unto",
        "the",
        "Lᴏʀᴅ."
      ],
      "header": "",
      "footer": ""
    },
    {
      "book_name": "1 Samuel",
      "chapter": 1,
      "verse": 27,
      "text": [
        "For",
        "this",
        "child",
        "I",
        "prayed;",
        "and",
        "the",
        "Lᴏʀᴅ",
        "hath",
        "given",
        "me",
        "my",
        "petition",
        "which",
        "I",
        "asked",
        "of",
        "him:"
      ],
      "header": "",
      "footer": ""
    },
    {
      "book_name": "1 Samuel",
      "chapter": 1,
      "verse": 28,
      "text": [
        "Therefore",
        "also",
        "I",
        "have",
        "lent",
        "him",
        "to",
        "the",
        "Lᴏʀᴅ;",
        "as",
        "long",
        "as",
        "he",
        "liveth",
        "he",
        "shall",
        "be",
        "lent",
        "to",
        "the",
        "Lᴏʀᴅ.",
        "And",
        "he",
        "worshipped",
        "the",
        "Lᴏʀᴅ",
        "there."
      ],
      "header": "",
      "footer": ""
    }
  ]
}