{
  "book_name": "1 Samuel",
  "chapter": 12,
  "verses": [
    {
      "book_name": "1 Samuel",
      "chapter": 12,
      "verse": 1,
      "text": [
        "And",
        "Samuel",
        "said",
        "unto",
        "all",
        "Israel,",
        "Behold,",
        "I",
        "have",
        "hearkened",
        "unto",
        "your",
        "voice",
        "in",
        "all",
        "that",
        "ye",
        "said",
        "unto",
        "me,",
        "and",
        "have",
        "made",
        "a",
        "king",
        "over",
        "you."
      ],
      "header": "",
      "footer": ""
    },
    {
      "book_name": "1 Samuel",
      "chapter": 12,
      "verse": 2,
      "text": [
        "And",
        "now,",
        "behold,",
        "the",
        "king",
        "walketh",
        "before",
        "you:",
        "and",
        "I",
        "am",
        "old",
        "and",
        "grayheaded;",
        "and,",
        "behold,",
        "my",
        "sons",
        "*are",
        "with",
        "you:",
        "and",
        "I",
        "have",
        "walked",
        "before",
        "you",
        "from",
        "my",
        "childhood",
        "unto",
        "this",
        "day."
      ],
      "header": "",
      "footer": ""
    },
    {
      "book_name": "1 Samuel",
      "chapter": 12,
      "verse": 3,
      "text": [
        "Behold,",
        "here",
        "I",
        "*am:",
        "witness",
        "against",
        "me",
        "before",
        "the",
        "Lᴏʀᴅ,",
        "and",
        "before",
        "his",
        "anointed:",
        "whose",
        "ox",
        "have",
        "I",
        "taken?",
        "or",
        "whose",
        "ass",
        "have",
        "I",
        "taken?",
        "or",
        "whom",
        "have",
        "I",
        "defrauded?",
        "whom",
        "have",
        "I",
        "oppressed?",
        "or",
        "of",
        "whose",
        "hand",
        "have",
        "I",
        "received",
        "*any",
        "bribe",
        "to",
        "blind",
        "mine",
        "eyes",
        "therewith?",
        "and",
        "I",
        "will",
        "restore",
        "it",
        "you."
      ],
      "header": "",
      "footer": ""
    },
    {
      "book_name": "1 Samuel",
      "chapter": 12,
      "verse": 4,
      "text": [
        "And",
        "they",
        "said,",
        "Thou",
        "hast",
        "not",
        "defrauded",
        "us,",
        "nor",
        "oppressed",
        "us,",
        "neither",
        "hast",
        "thou",
        "taken",
        "ought",
        "of",
        "any",
        "man's",
        "hand."
      ],
      "header": "",
      "footer": ""
    },
    {
      "book_name": "1 Samuel",
      "chapter": 12,
      "verse": 5,
      "text": [
        "And",
        "he",
        "said",
        "unto",
        "them,",
        "The",
        "Lᴏʀᴅ",
        "*is",
        "witness",
        "against",
        "you,",
        "and",
        "his",
        "anointed",
        "*is",
        "witness",
        "this",
        "day,",
        "that",
        "ye",
        "have",
        "not",
        "found",
        "ought",
        "in",
        "my",
        "hand.",
        "And",
        "they",
        "answered,",
        "*He",
        "*is",
        "witness."
      ],
      "header": "",
      "footer": ""
    },
    {
      "book_name": "1 Samuel",
      "chapter": 12,
      "verse": 6,
      "text": [
        "¶",
        "And",
        "Samuel",
        "said",
        "unto",
        "the",
        "people,",
        "*It",
        "*is",
        "the",
        "Lᴏʀᴅ",
        "that",
        "advanced",
        "Moses",
        "and",
        "Aaron,",
        "and",
        "that",
        "brought",
        "your",
        "fathers",
        "up",
        "out",
        "of",
        "the",
        "land",
        "of",
        "Egypt."
      ],
      "header": "",
      "footer": ""
    },
    {
      "book_name": "1 Samuel",
      "chapter": 12,
      "verse": 7,
      "text": [
        "Now",
        "therefore",
        "stand",
        "still,",
        "that",
        "I",
        "may",
        "reason",
        "with",
        "you",
        "before",
        "the",
        "Lᴏʀᴅ",
        "of",
        "all",
        "the",
        "righteous",
        "acts",
        "of",
        "the",
        "Lᴏʀᴅ,",
        "which",
        "he",
        "did",
        "to",
        "you",
        "and",
        "to",
        "your",
        "fathers."
      ],
      "header": "",
      "footer": ""
    },
    {
      "book_name": "1 Samuel",
      "chapter": 12,
      "verse": 8,
      "text": [
        "When",
        "Jacob",
        "was",
        "come",
        "into",
        "Egypt,",
        "and",
        "your",
        "fathers",
        "cried",
        "unto",
        "the",
        "Lᴏʀᴅ,",
        "then",
        "the",
        "Lᴏʀᴅ",
        "sent",
        "Moses",
        "and",
        "Aaron,",
        "which",
        "brought",
        "forth",
        "your",
        "fathers",
        "out",
        "of",
        "Egypt,",
        "and",
        "made",
        "them",
        "dwell",
        "in",
        "this",
        "place."
      ],
      "header": "",
      "footer": ""
    },
    {
      "book_name": "1 Samuel",
      "chapter": 12,
      "verse": 9,
      "text": [
        "And",
        "when",
        "they",
        "forgat",
        "the",
        "Lᴏʀᴅ",
        "their",
        "God,",
        "he",
        "sold",
        "them",
        "into",
        "the",
        "hand",
        "of",
        "Sisera,",
        "captain",
        "of",
        "the",
        "host",
        "of",
        "Hazor,",
        "and",
        "into",
        "the",
        "hand",
        "of",
        "the",
        "Philistines,",
        "and",
        "into",
        "the",
        "hand",
        "of",
        "the",
        "king",
        "of",
        "Moab,",
        "and",
        "they",
        "fought",
        "against",
        "them."
      ],
      "header": "",
      "footer": ""
    },
    {
      "book_name": "1 Samuel",
      "chapter": 12,
      "verse": 10,
      "text": [
        "And",
        "they",
        "cried",
        "unto",
        "the",
        "Lᴏʀᴅ,",
        "and",
        "said,",
        "We",
        "have",
        "sinned,",
        "because",
        "we",
        "have",
        "forsaken",
        "the",
        "Lᴏʀᴅ,",
        "and",
        "have",
        "served",
        "Baalim",
        "and",
        "Ashtaroth:",
        "but",
        "now",
        "deliver",
        "us",
        "out",
        "of",
        "the",
        "hand",
        "of",
        "our",
        "enemies,",
        "and",
        "we",
        "will",
        "serve",
        "thee."
      ],
      "header": "",
      "footer": ""
    },
    {
      "book_name": "1 Samuel",
      "chapter": 12,
      "verse": 11,
      "text": [
        "And",
        "the",
        "Lᴏʀᴅ",
        "sent",
        "Jerubbaal,",
        "and",
        "Bedan,",
        "and",
        "Jephthah,",
        "and",
        "Samuel,",
        "and",
        "delivered",
        "you",
        "out",
        "of",
        "the",
        "hand",
        "of",
        "your",
        "enemies",
        "on",
        "every",
        "side,",
        "and",
        "ye",
        "dwelled",
        "safe."
      ],
      "header": "",
      "footer": ""
    },
    {
      "book_name": "1 Samuel",
      "chapter": 12,
      "verse": 12,
      "text": [
        "And",
        "when",
        "ye",
        "saw",
        "that",
        "Nahash",
        "the",
        "king",
        "of",
        "the",
        "children",
        "of",
        "Ammon",
        "came",
        "against",
        "you,",
        "ye",
        "said",
        "unto",
        "me,",
        "Nay;",
        "but",
        "a",
        "king",
        "shall",
        "reign",
        "over",
        "us:",
        "when",
        "the",
        "Lᴏʀᴅ",
        "your",
        "God",
        "*was",
        "your",
        "king."
      ],
      "header": "",
      "footer": ""
    },
    {
      "book_name": "1 Samuel",
      "chapter": 12,
      "verse": 13,
      "text": [
        "Now",
        "therefore",
        "behold",
        "the",
        "king",
        "whom",
        "ye",
        "have",
        "chosen,",
        "*and",
        "whom",
        "ye",
        "have",
        "desired!",
        "and,",
        "behold,",
        "the",
        "Lᴏʀᴅ",
        "hath",
        "set",
        "a",
        "king",
        "over",
        "you."
      ],
      "header": "",
      "footer": ""
    },
    {
      "book_name": "1 Samuel",
      "chapter": 12,
      "verse": 14,
      "text": [
        "If",
        "ye",
        "will",
        "fear",
        "the",
        "Lᴏʀᴅ,",
        "and",
        "serve",
        "him,",
        "and",
        "obey",
        "his",
        "voice,",
        "and",
        "not",
        "rebel",
        "against",
        "the",
        "commandment",
        "of",
        "the",
        "Lᴏʀᴅ,",
        "then",
        "shall",
        "both",
        "ye",
        "and",
        "also",
        "the",
        "king",
        "that",
        "reigneth",
        "over",
        "you",
        "continue",
        "following",
        "the",
        "Lᴏʀᴅ",
        "your",
        "God:"
      ],
      "header": "",
      "footer": ""
    },
    {
      "book_name": "1 Samuel",
      "chapter": 12,
      "verse": 15,
      "text": [
        "But",
        "if",
        "ye",
        "will",
        "not",
        "obey",
        "the",
        "voice",
        "of",
        "the",
        "Lᴏʀᴅ,",
        "but",
        "rebel",
        "against",
        "the",
        "commandment",
        "of",
        "the",
        "Lᴏʀᴅ,",
        "then",
        "shall",
        "the",
        "hand",
        "of",
        "the",
        "Lᴏʀᴅ",
        "be",
        "against",
        "you,",
        "as",
        "*it",
        "*was",
        "against",
        "your",
        "fathers."
      ],
      "header": "",
      "footer": ""
    },
    {
      "book_name": "1 Samuel",
      "chapter": 12,
      "verse": 16,
      "text": [
        "¶",
        "Now",
        "therefore",
        "stand",
        "and",
        "see",
        "this",
        "great",
        "thing,",
        "which",
        "the",
        "Lᴏʀᴅ",
        "will",
        "do",
        "before",
        "your",
        "eyes."
      ],
      "header": "",
      "footer": ""
    },
    {
      "book_name": "1 Samuel",
      "chapter": 12,
      "verse": 17,
      "text": [
        "*Is",
        "*it",
        "not",
        "wheat",
        "harvest",
        "to",
        "day?",
        "I",
        "will",
        "call",
        "unto",
        "the",
        "Lᴏʀᴅ,",
        "and",
        "he",
        "shall",
        "send",
        "thunder",
        "and",
        "rain;",
        "that",
        "ye",
        "may",
        "perceive",
        "and",
        "see",
        "that",
        "your",
        "wickedness",
        "*is",
        "great,",
        "which",
        "ye",
        "have",
        "done",
        "in",
        "the",
        "sight",
        "of",
        "the",
        "Lᴏʀᴅ,",
        "in",
        "asking",
        "you",
        "a",
        "king."
      ],
      "header": "",
      "footer": ""
    },
    {
      "book_name": "1 Samuel",
      "chapter": 12,
      "verse": 18,
      "text": [
        "So",
        "Samuel",
        "called",
        "unto",
        "the",
        "Lᴏʀᴅ;",
        "and",
        "the",
        "Lᴏʀᴅ",
        "sent",
        "thunder",
        "and",
        "rain",
        "that",
        "day:",
        "and",
        "all",
        "the",
        "people",
        "greatly",
        "feared",
        "the",
        "Lᴏʀᴅ",
        "and",
        "Samuel."
      ],
      "header": "",
      "footer": ""
    },
    {
      "book_name": "1 Samuel",
      "chapter": 12,
      "verse": 19,
      "text": [
        "And",
        "all",
        "the",
        "people",
        "said",
        "unto",
        "Samuel,",
        "Pray",
        "for",
        "thy",
        "servants",
        "unto",
        "the",
        "Lᴏʀᴅ",
        "thy",
        "God,",
        "that",
        "we",
        "die",
        "not:",
        "for",
        "we",
        "have",
        "added",
        "unto",
        "all",
        "our",
        "sins",
        "*this",
        "evil,",
        "to",
        "ask",
        "us",
        "a",
        "king."
      ],
      "header": "",
      "footer": ""
    },
    {
      "book_name": "1 Samuel",
      "chapter": 12,
      "verse": 20,
      "text": [
        "¶",
        "And",
        "Samuel",
        "said",
        "unto",
        "the",
        "people,",
        "Fear",
        "not:",
        "ye",
        "have",
        "done",
        "all",
        "this",
        "wickedness:",
        "yet",
        "turn",
        "not",
        "aside",
        "from",
        "following",
        "the",
        "Lᴏʀᴅ,",
        "but",
        "serve",
        "the",
        "Lᴏʀᴅ",
        "with",
        "all",
        "your",
        "heart;"
      ],
      "header": "",
      "footer": ""
    },
    {
      "book_name": "1 Samuel",
      "chapter": 12,
      "verse": 21,
      "text": [
        "And",
        "turn",
        "ye",
        "not",
        "aside:",
        "for",
        "*then",
        "*should",
        "*ye",
        "*go",
        "after",
        "vain",
        "*things,",
        "which",
        "cannot",
        "profit",
        "nor",
        "deliver;",
        "for",
        "they",
        "*are",
        "vain."
      ],
      "header": "",
      "footer": ""
    },
    {
      "book_name": "1 Samuel",
      "chapter": 12,
      "verse": 22,
      "text": [
        "For",
        "the",
        "Lᴏʀᴅ",
        "will",
        "not",
        "forsake",
        "his",
        "people",
        "for",
        "his",
        "great",
        "name's",
        "sake:",
        "because",
        "it",
        "hath",
        "pleased",
        "the",
        "Lᴏʀᴅ",
        "to",
        "make",
        "you",
        "his",
        "people."
      ],
      "header": "",
      "footer": ""
    },
    {
      "book_name": "1 Samuel",
      "chapter": 12,
      "verse": 23,
      "text": [
        "Moreover",
        "as",
        "for",
        "me,",
        "God",
        "forbid",
        "that",
        "I",
        "should",
        "sin",
        "against",
        "the",
        "Lᴏʀᴅ",
        "in",
        "ceasing",
        "to",
        "pray",
        "for",
        "you:",
        "but",
        "I",
        "will",
        "teach",
        "you",
        "the",
        "good",
        "and",
        "the",
        "right",
        "way:"
      ],
      "header": "",
      "footer": ""
    },
    {
      "book_name": "1 Samuel",
      "chapter": 12,
      "verse": 24,
      "text": [
        "Only",
        "fear",
        "the",
        "Lᴏʀᴅ,",
        "and",
        "serve",
        "him",
        "in",
        "truth",
        "with",
        "all",
        "your",
        "heart:",
        "for",
        "consider",
        "how",
        "great",
        "*things",
        "he",
        "hath",
        "done",
        "for",
        "you."
      ],
      "header": "",
      "footer": ""
    },
    {
      "book_name": "1 Samuel",
      "chapter": 12,
      "verse": 25,
      "text": [
        "But",
        "if",
        "ye",
        "shall",
        "still",
        "do",
        "wickedly,",
        "ye",
        "shall",
        "be",
        "consumed,",
        "both",
        "ye",
        "and",
        "your",
        "king."
      ],
      "header": "",
      "footer": ""
    }
  ]
}