{
  "book_name": "1 Samuel",
  "chapter": 24,
  "verses": [
    {
      "book_name": "1 Samuel",
      "chapter": 24,
      "verse": 1,
      "text": [
        "And",
        "it",
        "came",
        "to",
        "pass,",
        "when",
        "Saul",
        "was",
        "returned",
        "from",
        "following",
        "the",
        "Philistines,",
        "that",
        "it",
        "was",
        "told",
        "him,",
        "saying,",
        "Behold,",
        "David",
        "*is",
        "in",
        "the",
        "wilderness",
        "of",
        "Engedi."
      ],
      "header": "",
      "footer": ""
    },
    {
      "book_name": "1 Samuel",
      "chapter": 24,
      "verse": 2,
      "text": [
        "Then",
        "Saul",
        "took",
        "three",
        "thousand",
        "chosen",
        "men",
        "out",
        "of",
        "all",
        "Israel,",
        "and",
        "went",
        "to",
        "seek",
        "David",
        "and",
        "his",
        "men",
        "upon",
        "the",
        "rocks",
        "of",
        "the",
        "wild",
        "goats."
      ],
      "header": "",
      "footer": ""
    },
    {
      "book_name": "1 Samuel",
      "chapter": 24,
      "verse": 3,
      "text": [
        "And",
        "he",
        "came",
        "to",
        "the",
        "sheepcotes",
        "by",
        "the",
        "way,",
        "where",
        "*was",
        "a",
        "cave;",
        "and",
        "Saul",
        "went",
        "in",
        "to",
        "cover",
        "his",
        "feet:",
        "and",
        "David",
        "and",
        "his",
        "men",
        "remained",
        "in",
        "the",
        "sides",
        "of",
        "the",
        "cave."
      ],
      "header": "",
      "footer": ""
    },
    {
      "book_name": "1 Samuel",
      "chapter": 24,
      "verse": 4,
      "text": [
        "And",
        "the",
        "men",
        "of",
        "David",
        "said",
        "unto",
        "him,",
        "Behold",
        "the",
        "day",
        "of",
        "which",
        "the",
        "Lᴏʀᴅ",
        "said",
        "unto",
        "thee,",
        "Behold,",
        "I",
        "will",
        "deliver",
        "thine",
        "enemy",
        "into",
        "thine",
        "hand,",
        "that",
        "thou",
        "mayest",
        "do",
        "to",
        "him",
        "as",
        "it",
        "shall",
        "seem",
        "good",
        "unto",
        "thee.",
        "Then",
        "David",
        "arose,",
        "and",
        "cut",
        "off",
        "the",
        "skirt",
        "of",
        "Saul's",
        "robe",
        "privily."
      ],
      "header": "",
      "footer": ""
    },
    {
      "book_name": "1 Samuel",
      "chapter": 24,
      "verse": 5,
      "text": [
        "And",
        "it",
        "came",
        "to",
        "pass",
        "afterward,",
        "that",
        "David's",
        "heart",
        "smote",
        "him,",
        "because",
        "he",
        "had",
        "cut",
        "off",
        "Saul's",
        "skirt."
      ],
      "header": "",
      "footer": ""
    },
    {
      "book_name": "1 Samuel",
      "chapter": 24,
      "verse": 6,
      "text": [
        "And",
        "he",
        "said",
        "unto",
        "his",
        "men,",
        "The",
        "Lᴏʀᴅ",
        "forbid",
        "that",
        "I",
        "should",
        "do",
        "this",
        "thing",
        "unto",
        "my",
        "master,",
        "the",
        "Lᴏʀᴅ's",
        "anointed,",
        "to",
        "stretch",
        "forth",
        "mine",
        "hand",
        "against",
        "him,",
        "seeing",
        "he",
        "*is",
        "the",
        "anointed",
        "of",
        "the",
        "Lᴏʀᴅ."
      ],
      "header": "",
      "footer": ""
    },
    {
      "book_name": "1 Samuel",
      "chapter": 24,
      "verse": 7,
      "text": [
        "So",
        "David",
        "stayed",
        "his",
        "servants",
        "with",
        "these",
        "words,",
        "and",
        "suffered",
        "them",
        "not",
        "to",
        "rise",
        "against",
        "Saul.",
        "But",
        "Saul",
        "rose",
        "up",
        "out",
        "of",
        "the",
        "cave,",
        "and",
        "went",
        "on",
        "*his",
        "way."
      ],
      "header": "",
      "footer": ""
    },
    {
      "book_name": "1 Samuel",
      "chapter": 24,
      "verse": 8,
      "text": [
        "David",
        "also",
        "arose",
        "afterward,",
        "and",
        "went",
        "out",
        "of",
        "the",
        "cave,",
        "and",
        "cried",
        "after",
        "Saul,",
        "saying,",
        "My",
        "lord",
        "the",
        "king.",
        "And",
        "when",
        "Saul",
        "looked",
        "behind",
        "him,",
        "David",
        "stooped",
        "with",
        "his",
        "face",
        "to",
        "the",
        "earth,",
        "and",
        "bowed",
        "himself."
      ],
      "header": "",
      "footer": ""
    },
    {
      "book_name": "1 Samuel",
      "chapter": 24,
      "verse": 9,
      "text": [
        "¶",
        "And",
        "David",
        "said",
        "to",
        "Saul,",
        "Wherefore",
        "hearest",
        "thou",
        "men's",
        "words,",
        "saying,",
        "Behold,",
        "David",
        "seeketh",
        "thy",
        "hurt?"
      ],
      "header": "",
      "footer": ""
    },
    {
      "book_name": "1 Samuel",
      "chapter": 24,
      "verse": 10,
      "text": [
        "Behold,",
        "this",
        "day",
        "thine",
        "eyes",
        "have",
        "seen",
        "how",
        "that",
        "the",
        "Lᴏʀᴅ",
        "had",
        "delivered",
        "thee",
        "to",
        "day",
        "into",
        "mine",
        "hand",
        "in",
        "the",
        "cave:",
        "and",
        "*some",
        "bade",
        "*me",
        "kill",
        "thee:",
        "but",
        "*mine",
        "*eye",
        "spared",
        "thee;",
        "and",
        "I",
        "said,",
        "I",
        "will",
        "not",
        "put",
        "forth",
        "mine",
        "hand",
        "against",
        "my",
        "lord;",
        "for",
        "he",
        "*is",
        "the",
        "Lᴏʀᴅ's",
        "anointed."
      ],
      "header": "",
      "footer": ""
    },
    {
      "book_name": "1 Samuel",
      "chapter": 24,
      "verse": 11,
      "text": [
        "Moreover,",
        "my",
        "father,",
        "see,",
        "yea,",
        "see",
        "the",
        "skirt",
        "of",
        "thy",
        "robe",
        "in",
        "my",
        "hand:",
        "for",
        "in",
        "that",
        "I",
        "cut",
        "off",
        "the",
        "skirt",
        "of",
        "thy",
        "robe,",
        "and",
        "killed",
        "thee",
        "not,",
        "know",
        "thou",
        "and",
        "see",
        "that",
        "*there",
        "*is",
        "neither",
        "evil",
        "nor",
        "transgression",
        "in",
        "mine",
        "hand,",
        "and",
        "I",
        "have",
        "not",
        "sinned",
        "against",
        "thee;",
        "yet",
        "thou",
        "huntest",
        "my",
        "soul",
        "to",
        "take",
        "it."
      ],
      "header": "",
      "footer": ""
    },
    {
      "book_name": "1 Samuel",
      "chapter": 24,
      "verse": 12,
      "text": [
        "The",
        "Lᴏʀᴅ",
        "judge",
        "between",
        "me",
        "and",
        "thee,",
        "and",
        "the",
        "Lᴏʀᴅ",
        "avenge",
        "me",
        "of",
        "thee:",
        "but",
        "mine",
        "hand",
        "shall",
        "not",
        "be",
        "upon",
        "thee."
      ],
      "header": "",
      "footer": ""
    },
    {
      "book_name": "1 Samuel",
      "chapter": 24,
      "verse": 13,
      "text": [
        "As",
        "saith",
        "the",
        "proverb",
        "of",
        "the",
        "ancients,",
        "Wickedness",
        "proceedeth",
        "from",
        "the",
        "wicked:",
        "but",
        "mine",
        "hand",
        "shall",
        "not",
        "be",
        "upon",
        "thee."
      ],
      "header": "",
      "footer": ""
    },
    {
      "book_name": "1 Samuel",
      "chapter": 24,
      "verse": 14,
      "text": [
        "After",
        "whom",
        "is",
        "the",
        "king",
        "of",
        "Israel",
        "come",
        "out?",
        "after",
        "whom",
        "dost",
        "thou",
        "pursue?",
        "after",
        "a",
        "dead",
        "dog,",
        "after",
        "a",
        "flea."
      ],
      "header": "",
      "footer": ""
    },
    {
      "book_name": "1 Samuel",
      "chapter": 24,
      "verse": 15,
      "text": [
        "The",
        "Lᴏʀᴅ",
        "therefore",
        "be",
        "judge,",
        "and",
        "judge",
        "between",
        "me",
        "and",
        "thee,",
        "and",
        "see,",
        "and",
        "plead",
        "my",
        "cause,",
        "and",
        "deliver",
        "me",
        "out",
        "of",
        "thine",
        "hand."
      ],
      "header": "",
      "footer": ""
    },
    {
      "book_name": "1 Samuel",
      "chapter": 24,
      "verse": 16,
      "text": [
        "¶",
        "And",
        "it",
        "came",
        "to",
        "pass,",
        "when",
        "David",
        "had",
        "made",
        "an",
        "end",
        "of",
        "speaking",
        "these",
        "words",
        "unto",
        "Saul,",
        "that",
        "Saul",
        "said,",
        "*Is",
        "this",
        "thy",
        "voice,",
        "my",
        "son",
        "David?",
        "And",
        "Saul",
        "lifted",
        "up",
        "his",
        "voice,",
        "and",
        "wept."
      ],
      "header": "",
      "footer": ""
    },
    {
      "book_name": "1 Samuel",
      "chapter": 24,
      "verse": 17,
      "text": [
        "And",
        "he",
        "said",
        "to",
        "David,",
        "Thou",
        "*art",
        "more",
        "righteous",
        "than",
        "I:",
        "for",
        "thou",
        "hast",
        "rewarded",
        "me",
        "good,",
        "whereas",
        "I",
        "have",
        "rewarded",
        "thee",
        "evil."
      ],
      "header": "",
      "footer": ""
    },
    {
      "book_name": "1 Samuel",
      "chapter": 24,
      "verse": 18,
      "text": [
        "And",
        "thou",
        "hast",
        "shewed",
        "this",
        "day",
        "how",
        "that",
        "thou",
        "hast",
        "dealt",
        "well",
        "with",
        "me:",
        "forasmuch",
        "as",
        "when",
        "the",
        "Lᴏʀᴅ",
        "had",
        "delivered",
        "me",
        "into",
        "thine",
        "hand,",
        "thou",
        "killedst",
        "me",
        "not."
      ],
      "header": "",
      "footer": ""
    },
    {
      "book_name": "1 Samuel",
      "chapter": 24,
      "verse": 19,
      "text": [
        "For",
        "if",
        "a",
        "man",
        "find",
        "his",
        "enemy,",
        "will",
        "he",
        "let",
        "him",
        "go",
        "well",
        "away?",
        "wherefore",
        "the",
        "Lᴏʀᴅ",
        "reward",
        "thee",
        "good",
        "for",
        "that",
        "thou",
        "hast",
        "done",
        "unto",
        "me",
        "this",
        "day."
      ],
      "header": "",
      "footer": ""
    },
    {
      "book_name": "1 Samuel",
      "chapter": 24,
      "verse": 20,
      "text": [
        "And",
        "now,",
        "behold,",
        "I",
        "know",
        "well",
        "that",
        "thou",
        "shalt",
        "surely",
        "be",
        "king,",
        "and",
        "that",
        "the",
        "kingdom",
        "of",
        "Israel",
        "shall",
        "be",
        "established",
        "in",
        "thine",
        "hand."
      ],
      "header": "",
      "footer": ""
    },
    {
      "book_name": "1 Samuel",
      "chapter": 24,
      "verse": 21,
      "text": [
        "Swear",
        "now",
        "therefore",
        "unto",
        "me",
        "by",
        "the",
        "Lᴏʀᴅ,",
        "that",
        "thou",
        "wilt",
        "not",
        "cut",
        "off",
        "my",
        "seed",
        "after",
        "me,",
        "and",
        "that",
        "thou",
        "wilt",
        "not",
        "destroy",
        "my",
        "name",
        "out",
        "of",
        "my",
        "father's",
        "house."
      ],
      "header": "",
      "footer": ""
    },
    {
      "book_name": "1 Samuel",
      "chapter": 24,
      "verse": 22,
      "text": [
        "And",
        "David",
        "sware",
        "unto",
        "Saul.",
        "And",
        "Saul",
        "went",
        "home;",
        "but",
        "David",
        "and",
        "his",
        "men",
        "gat",
        "them",
        "up",
        "unto",
        "the",
        "hold."
      ],
      "header": "",
      "footer": ""
    }
  ]
}