{
  "book_name": "1 Samuel",
  "chapter": 26,
  "verses": [
    {
      "book_name": "1 Samuel",
      "chapter": 26,
      "verse": 1,
      "text": [
        "And",
        "the",
        "Ziphites",
        "came",
        "unto",
        "Saul",
        "to",
        "Gibeah,",
        "saying,",
        "Doth",
        "not",
        "David",
        "hide",
        "himself",
        "in",
        "the",
        "hill",
        "of",
        "Hachilah,",
        "*which",
        "*is",
        "before",
        "Jeshimon?"
      ],
      "header": "",
      "footer": ""
    },
    {
      "book_name": "1 Samuel",
      "chapter": 26,
      "verse": 2,
      "text": [
        "Then",
        "Saul",
        "arose,",
        "and",
        "went",
        "down",
        "to",
        "the",
        "wilderness",
        "of",
        "Ziph,",
        "having",
        "three",
        "thousand",
        "chosen",
        "men",
        "of",
        "Israel",
        "with",
        "him,",
        "to",
        "seek",
        "David",
        "in",
        "the",
        "wilderness",
        "of",
        "Ziph."
      ],
      "header": "",
      "footer": ""
    },
    {
      "book_name": "1 Samuel",
      "chapter": 26,
      "verse": 3,
      "text": [
        "And",
        "Saul",
        "pitched",
        "in",
        "the",
        "hill",
        "of",
        "Hachilah,",
        "which",
        "*is",
        "before",
        "Jeshimon,",
        "by",
        "the",
        "way.",
        "But",
        "David",
        "abode",
        "in",
        "the",
        "wilderness,",
        "and",
        "he",
        "saw",
        "that",
        "Saul",
        "came",
        "after",
        "him",
        "into",
        "the",
        "wilderness."
      ],
      "header": "",
      "footer": ""
    },
    {
      "book_name": "1 Samuel",
      "chapter": 26,
      "verse": 4,
      "text": [
        "David",
        "therefore",
        "sent",
        "out",
        "spies,",
        "and",
        "understood",
        "that",
        "Saul",
        "was",
        "come",
        "in",
        "very",
        "deed."
      ],
      "header": "",
      "footer": ""
    },
    {
      "book_name": "1 Samuel",
      "chapter": 26,
      "verse": 5,
      "text": [
        "¶",
        "And",
        "David",
        "arose,",
        "and",
        "came",
        "to",
        "the",
        "place",
        "where",
        "Saul",
        "had",
        "pitched:",
        "and",
        "David",
        "beheld",
        "the",
        "place",
        "where",
        "Saul",
        "lay,",
        "and",
        "Abner",
        "the",
        "son",
        "of",
        "Ner,",
        "the",
        "captain",
        "of",
        "his",
        "host:",
        "and",
        "Saul",
        "lay",
        "in",
        "the",
        "trench,",
        "and",
        "the",
        "people",
        "pitched",
        "round",
        "about",
        "him."
      ],
      "header": "",
      "footer": ""
    },
    {
      "book_name": "1 Samuel",
      "chapter": 26,
      "verse": 6,
      "text": [
        "Then",
        "answered",
        "David",
        "and",
        "said",
        "to",
        "Ahimelech",
        "the",
        "Hittite,",
        "and",
        "to",
        "Abishai",
        "the",
        "son",
        "of",
        "Zeruiah,",
        "brother",
        "to",
        "Joab,",
        "saying,",
        "Who",
        "will",
        "go",
        "down",
        "with",
        "me",
        "to",
        "Saul",
        "to",
        "the",
        "camp?",
        "And",
        "Abishai",
        "said,",
        "I",
        "will",
        "go",
        "down",
        "with",
        "thee."
      ],
      "header": "",
      "footer": ""
    },
    {
      "book_name": "1 Samuel",
      "chapter": 26,
      "verse": 7,
      "text": [
        "So",
        "David",
        "and",
        "Abishai",
        "came",
        "to",
        "the",
        "people",
        "by",
        "night:",
        "and,",
        "behold,",
        "Saul",
        "lay",
        "sleeping",
        "within",
        "the",
        "trench,",
        "and",
        "his",
        "spear",
        "stuck",
        "in",
        "the",
        "ground",
        "at",
        "his",
        "bolster:",
        "but",
        "Abner",
        "and",
        "the",
        "people",
        "lay",
        "round",
        "about",
        "him."
      ],
      "header": "",
      "footer": ""
    },
    {
      "book_name": "1 Samuel",
      "chapter": 26,
      "verse": 8,
      "text": [
        "Then",
        "said",
        "Abishai",
        "to",
        "David,",
        "God",
        "hath",
        "delivered",
        "thine",
        "enemy",
        "into",
        "thine",
        "hand",
        "this",
        "day:",
        "now",
        "therefore",
        "let",
        "me",
        "smite",
        "him,",
        "I",
        "pray",
        "thee,",
        "with",
        "the",
        "spear",
        "even",
        "to",
        "the",
        "earth",
        "at",
        "once,",
        "and",
        "I",
        "will",
        "not",
        "*smite",
        "him",
        "the",
        "second",
        "time."
      ],
      "header": "",
      "footer": ""
    },
    {
      "book_name": "1 Samuel",
      "chapter": 26,
      "verse": 9,
      "text": [
        "And",
        "David",
        "said",
        "to",
        "Abishai,",
        "Destroy",
        "him",
        "not:",
        "for",
        "who",
        "can",
        "stretch",
        "forth",
        "his",
        "hand",
        "against",
        "the",
        "Lᴏʀᴅ's",
        "anointed,",
        "and",
        "be",
        "guiltless?"
      ],
      "header": "",
      "footer": ""
    },
    {
      "book_name": "1 Samuel",
      "chapter": 26,
      "verse": 10,
      "text": [
        "David",
        "said",
        "furthermore,",
        "*As",
        "the",
        "Lᴏʀᴅ",
        "liveth,",
        "the",
        "Lᴏʀᴅ",
        "shall",
        "smite",
        "him;",
        "or",
        "his",
        "day",
        "shall",
        "come",
        "to",
        "die;",
        "or",
        "he",
        "shall",
        "descend",
        "into",
        "battle,",
        "and",
        "perish."
      ],
      "header": "",
      "footer": ""
    },
    {
      "book_name": "1 Samuel",
      "chapter": 26,
      "verse": 11,
      "text": [
        "The",
        "Lᴏʀᴅ",
        "forbid",
        "that",
        "I",
        "should",
        "stretch",
        "forth",
        "mine",
        "hand",
        "against",
        "the",
        "Lᴏʀᴅ's",
        "anointed:",
        "but,",
        "I",
        "pray",
        "thee,",
        "take",
        "thou",
        "now",
        "the",
        "spear",
        "that",
        "*is",
        "at",
        "his",
        "bolster,",
        "and",
        "the",
        "cruse",
        "of",
        "water,",
        "and",
        "let",
        "us",
        "go."
      ],
      "header": "",
      "footer": ""
    },
    {
      "book_name": "1 Samuel",
      "chapter": 26,
      "verse": 12,
      "text": [
        "So",
        "David",
        "took",
        "the",
        "spear",
        "and",
        "the",
        "cruse",
        "of",
        "water",
        "from",
        "Saul's",
        "bolster;",
        "and",
        "they",
        "gat",
        "them",
        "away,",
        "and",
        "no",
        "man",
        "saw",
        "*it,",
        "nor",
        "knew",
        "*it,",
        "neither",
        "awaked:",
        "for",
        "they",
        "*were",
        "all",
        "asleep;",
        "because",
        "a",
        "deep",
        "sleep",
        "from",
        "the",
        "Lᴏʀᴅ",
        "was",
        "fallen",
        "upon",
        "them."
      ],
      "header": "",
      "footer": ""
    },
    {
      "book_name": "1 Samuel",
      "chapter": 26,
      "verse": 13,
      "text": [
        "¶",
        "Then",
        "David",
        "went",
        "over",
        "to",
        "the",
        "other",
        "side,",
        "and",
        "stood",
        "on",
        "the",
        "top",
        "of",
        "an",
        "hill",
        "afar",
        "off;",
        "a",
        "great",
        "space",
        "*being",
        "between",
        "them:"
      ],
      "header": "",
      "footer": ""
    },
    {
      "book_name": "1 Samuel",
      "chapter": 26,
      "verse": 14,
      "text": [
        "And",
        "David",
        "cried",
        "to",
        "the",
        "people,",
        "and",
        "to",
        "Abner",
        "the",
        "son",
        "of",
        "Ner,",
        "saying,",
        "Answerest",
        "thou",
        "not,",
        "Abner?",
        "Then",
        "Abner",
        "answered",
        "and",
        "said,",
        "Who",
        "*art",
        "thou",
        "*that",
        "criest",
        "to",
        "the",
        "king?"
      ],
      "header": "",
      "footer": ""
    },
    {
      "book_name": "1 Samuel",
      "chapter": 26,
      "verse": 15,
      "text": [
        "And",
        "David",
        "said",
        "to",
        "Abner,",
        "*Art",
        "not",
        "thou",
        "a",
        "*valiant",
        "man?",
        "and",
        "who",
        "*is",
        "like",
        "to",
        "thee",
        "in",
        "Israel?",
        "wherefore",
        "then",
        "hast",
        "thou",
        "not",
        "kept",
        "thy",
        "lord",
        "the",
        "king?",
        "for",
        "there",
        "came",
        "one",
        "of",
        "the",
        "people",
        "in",
        "to",
        "destroy",
        "the",
        "king",
        "thy",
        "lord."
      ],
      "header": "",
      "footer": ""
    },
    {
      "book_name": "1 Samuel",
      "chapter": 26,
      "verse": 16,
      "text": [
        "This",
        "thing",
        "*is",
        "not",
        "good",
        "that",
        "thou",
        "hast",
        "done.",
        "*As",
        "the",
        "Lᴏʀᴅ",
        "liveth,",
        "ye",
        "*are",
        "worthy",
        "to",
        "die,",
        "because",
        "ye",
        "have",
        "not",
        "kept",
        "your",
        "master,",
        "the",
        "Lᴏʀᴅ's",
        "anointed.",
        "And",
        "now",
        "see",
        "where",
        "the",
        "king's",
        "spear",
        "*is,",
        "and",
        "the",
        "cruse",
        "of",
        "water",
        "that",
        "*was",
        "at",
        "his",
        "bolster."
      ],
      "header": "",
      "footer": ""
    },
    {
      "book_name": "1 Samuel",
      "chapter": 26,
      "verse": 17,
      "text": [
        "And",
        "Saul",
        "knew",
        "David's",
        "voice,",
        "and",
        "said,",
        "*Is",
        "this",
        "thy",
        "voice,",
        "my",
        "son",
        "David?",
        "And",
        "David",
        "said,",
        "*It",
        "*is",
        "my",
        "voice,",
        "my",
        "lord,",
        "O",
        "king."
      ],
      "header": "",
      "footer": ""
    },
    {
      "book_name": "1 Samuel",
      "chapter": 26,
      "verse": 18,
      "text": [
        "And",
        "he",
        "said,",
        "Wherefore",
        "doth",
        "my",
        "lord",
        "thus",
        "pursue",
        "after",
        "his",
        "servant?",
        "for",
        "what",
        "have",
        "I",
        "done?",
        "or",
        "what",
        "evil",
        "*is",
        "in",
        "mine",
        "hand?"
      ],
      "header": "",
      "footer": ""
    },
    {
      "book_name": "1 Samuel",
      "chapter": 26,
      "verse": 19,
      "text": [
        "Now",
        "therefore,",
        "I",
        "pray",
        "thee,",
        "let",
        "my",
        "lord",
        "the",
        "king",
        "hear",
        "the",
        "words",
        "of",
        "his",
        "servant.",
        "If",
        "the",
        "Lᴏʀᴅ",
        "have",
        "stirred",
        "thee",
        "up",
        "against",
        "me,",
        "let",
        "him",
        "accept",
        "an",
        "offering:",
        "but",
        "if",
        "*they",
        "*be",
        "the",
        "children",
        "of",
        "men,",
        "cursed",
        "*be",
        "they",
        "before",
        "the",
        "Lᴏʀᴅ;",
        "for",
        "they",
        "have",
        "driven",
        "me",
        "out",
        "this",
        "day",
        "from",
        "abiding",
        "in",
        "the",
        "inheritance",
        "of",
        "the",
        "Lᴏʀᴅ,",
        "saying,",
        "Go,",
        "serve",
        "other",
        "gods."
      ],
      "header": "",
      "footer": ""
    },
    {
      "book_name": "1 Samuel",
      "chapter": 26,
      "verse": 20,
      "text": [
        "Now",
        "therefore,",
        "let",
        "not",
        "my",
        "blood",
        "fall",
        "to",
        "the",
        "earth",
        "before",
        "the",
        "face",
        "of",
        "the",
        "Lᴏʀᴅ:",
        "for",
        "the",
        "king",
        "of",
        "Israel",
        "is",
        "come",
        "out",
        "to",
        "seek",
        "a",
        "flea,",
        "as",
        "when",
        "one",
        "doth",
        "hunt",
        "a",
        "partridge",
        "in",
        "the",
        "mountains."
      ],
      "header": "",
      "footer": ""
    },
    {
      "book_name": "1 Samuel",
      "chapter": 26,
      "verse": 21,
      "text": [
        "¶",
        "Then",
        "said",
        "Saul,",
        "I",
        "have",
        "sinned:",
        "return,",
        "my",
        "son",
        "David:",
        "for",
        "I",
        "will",
        "no",
        "more",
        "do",
        "thee",
        "harm,",
        "because",
        "my",
        "soul",
        "was",
        "precious",
        "in",
        "thine",
        "eyes",
        "this",
        "day:",
        "behold,",
        "I",
        "have",
        "played",
        "the",
        "fool,",
        "and",
        "have",
        "erred",
        "exceedingly."
      ],
      "header": "",
      "footer": ""
    },
    {
      "book_name": "1 Samuel",
      "chapter": 26,
      "verse": 22,
      "text": [
        "And",
        "David",
        "answered",
        "and",
        "said,",
        "Behold",
        "the",
        "king's",
        "spear!",
        "and",
        "let",
        "one",
        "of",
        "the",
        "young",
        "men",
        "come",
        "over",
        "and",
        "fetch",
        "it."
      ],
      "header": "",
      "footer": ""
    },
    {
      "book_name": "1 Samuel",
      "chapter": 26,
      "verse": 23,
      "text": [
        "The",
        "Lᴏʀᴅ",
        "render",
        "to",
        "every",
        "man",
        "his",
        "righteousness",
        "and",
        "his",
        "faithfulness:",
        "for",
        "the",
        "Lᴏʀᴅ",
        "delivered",
        "thee",
        "into",
        "*my",
        "hand",
        "to",
        "day,",
        "but",
        "I",
        "would",
        "not",
        "stretch",
        "forth",
        "mine",
        "hand",
        "against",
        "the",
        "Lᴏʀᴅ's",
        "anointed."
      ],
      "header": "",
      "footer": ""
    },
    {
      "book_name": "1 Samuel",
      "chapter": 26,
      "verse": 24,
      "text": [
        "And,",
        "behold,",
        "as",
        "thy",
        "life",
        "was",
        "much",
        "set",
        "by",
        "this",
        "day",
        "in",
        "mine",
        "eyes,",
        "so",
        "let",
        "my",
        "life",
        "be",
        "much",
        "set",
        "by",
        "in",
        "the",
        "eyes",
        "of",
        "the",
        "Lᴏʀᴅ,",
        "and",
        "let",
        "him",
        "deliver",
        "me",
        "out",
        "of",
        "all",
        "tribulation."
      ],
      "header": "",
      "footer": ""
    },
    {
      "book_name": "1 Samuel",
      "chapter": 26,
      "verse": 25,
      "text": [
        "Then",
        "Saul",
        "said",
        "to",
        "David,",
        "Blessed",
        "*be",
        "thou,",
        "my",
        "son",
        "David:",
        "thou",
        "shalt",
        "both",
        "do",
        "great",
        "*things,",
        "and",
        "also",
        "shalt",
        "still",
        "prevail.",
        "So",
        "David",
        "went",
        "on",
        "his",
        "way,",
        "and",
        "Saul",
        "returned",
        "to",
        "his",
        "place."
      ],
      "header": "",
      "footer": ""
    }
  ]
}