{
  "book_name": "2 Timothy",
  "chapter": 3,
  "verses": [
    {
      "book_name": "2 Timothy",
      "chapter": 3,
      "verse": 1,
      "text": [
        "This",
        "know",
        "also,",
        "that",
        "in",
        "the",
        "last",
        "days",
        "perilous",
        "times",
        "shall",
        "come."
      ],
      "header": "",
      "footer": ""
    },
    {
      "book_name": "2 Timothy",
      "chapter": 3,
      "verse": 2,
      "text": [
        "For",
        "men",
        "shall",
        "be",
        "lovers",
        "of",
        "their",
        "own",
        "selves,",
        "covetous,",
        "boasters,",
        "proud,",
        "blasphemers,",
        "disobedient",
        "to",
        "parents,",
        "unthankful,",
        "unholy,"
      ],
      "header": "",
      "footer": ""
    },
    {
      "book_name": "2 Timothy",
      "chapter": 3,
      "verse": 3,
      "text": [
        "Without",
        "natural",
        "affection,",
        "trucebreakers,",
        "false",
        "accusers,",
        "incontinent,",
        "fierce,",
        "despisers",
        "of",
        "those",
        "that",
        "are",
        "good,"
      ],
      "header": "",
      "footer": ""
    },
    {
      "book_name": "2 Timothy",
      "chapter": 3,
      "verse": 4,
      "text": [
        "Traitors,",
        "heady,",
        "highminded,",
        "lovers",
        "of",
        "pleasures",
        "more",
        "than",
        "lovers",
        "of",
        "God;"
      ],
      "header": "",
      "footer": ""
    },
    {
      "book_name": "2 Timothy",
      "chapter": 3,
      "verse": 5,
      "text": [
        "Having",
        "a",
        "form",
        "of",
        "godliness,",
        "but",
        "denying",
        "the",
        "power",
        "thereof:",
        "from",
        "such",
        "turn",
        "away."
      ],
      "header": "",
      "footer": ""
    },
    {
      "book_name": "2 Timothy",
      "chapter": 3,
      "verse": 6,
      "text": [
        "For",
        "of",
        "this",
        "sort",
        "are",
        "they",
        "which",
        "creep",
        "into",
        "houses,",
        "and",
        "lead",
        "captive",
        "silly",
        "women",
        "laden",
        "with",
        "sins,",
        "led",
        "away",
        "with",
        "divers",
        "lusts,"
      ],
      "header": "",
      "footer": ""
    },
    {
      "book_name": "2 Timothy",
      "chapter": 3,
      "verse": 7,
      "text": [
        "Ever",
        "learning,",
        "and",
        "never",
        "able",
        "to",
        "come",
        "to",
        "the",
        "knowledge",
        "of",
        "the",
        "truth."
      ],
      "header": "",
      "footer": ""
    },
    {
      "book_name": "2 Timothy",
      "chapter": 3,
      "verse": 8,
      "text": [
        "Now",
        "as",
        "Jannes",
        "and",
        "Jambres",
        "withstood",
        "Moses,",
        "so",
        "do",
        "these",
        "also",
        "resist",
        "the",
        "truth:",
        "men",
        "of",
        "corrupt",
        "minds,",
        "reprobate",
        "concerning",
        "the",
        "faith."
      ],
      "header": "",
      "footer": ""
    },
    {
      "book_name": "2 Timothy",
      "chapter": 3,
      "verse": 9,
      "text": [
        "But",
        "they",
        "shall",
        "proceed",
        "no",
        "further:",
        "for",
        "their",
        "folly",
        "shall",
        "be",
        "manifest",
        "unto",
        "all",
        "*men,",
        "as",
        "theirs",
        "also",
        "was."
      ],
      "header": "",
      "footer": ""
    },
    {
      "book_name": "2 Timothy",
      "chapter": 3,
      "verse": 10,
      "text": [
        "But",
        "thou",
        "hast",
        "fully",
        "known",
        "my",
        "doctrine,",
        "manner",
        "of",
        "life,",
        "purpose,",
        "faith,",
        "longsuffering,",
        "charity,",
        "patience,"
      ],
      "header": "",
      "footer": ""
    },
    {
      "book_name": "2 Timothy",
      "chapter": 3,
      "verse": 11,
      "text": [
        "Persecutions,",
        "afflictions,",
        "which",
        "came",
        "unto",
        "me",
        "at",
        "Antioch,",
        "at",
        "Iconium,",
        "at",
        "Lystra;",
        "what",
        "persecutions",
        "I",
        "endured:",
        "but",
        "out",
        "of",
        "*them",
        "all",
        "the",
        "Lord",
        "delivered",
        "me."
      ],
      "header": "",
      "footer": ""
    },
    {
      "book_name": "2 Timothy",
      "chapter": 3,
      "verse": 12,
      "text": [
        "Yea,",
        "and",
        "all",
        "that",
        "will",
        "live",
        "godly",
        "in",
        "Christ",
        "Jesus",
        "shall",
        "suffer",
        "persecution."
      ],
      "header": "",
      "footer": ""
    },
    {
      "book_name": "2 Timothy",
      "chapter": 3,
      "verse": 13,
      "text": [
        "But",
        "evil",
        "men",
        "and",
        "seducers",
        "shall",
        "wax",
        "worse",
        "and",
        "worse,",
        "deceiving,",
        "and",
        "being",
        "deceived."
      ],
      "header": "",
      "footer": ""
    },
    {
      "book_name": "2 Timothy",
      "chapter": 3,
      "verse": 14,
      "text": [
        "But",
        "continue",
        "thou",
        "in",
        "the",
        "things",
        "which",
        "thou",
        "hast",
        "learned",
        "and",
        "hast",
        "been",
        "assured",
        "of,",
        "knowing",
        "of",
        "whom",
        "thou",
        "hast",
        "learned",
        "*them;"
      ],
      "header": "",
      "footer": ""
    },
    {
      "book_name": "2 Timothy",
      "chapter": 3,
      "verse": 15,
      "text": [
        "And",
        "that",
        "from",
        "a",
        "child",
        "thou",
        "hast",
        "known",
        "the",
        "holy",
        "scriptures,",
        "which",
        "are",
        "able",
        "to",
        "make",
        "thee",
        "wise",
        "unto",
        "salvation",
        "through",
        "faith",
        "which",
        "is",
        "in",
        "Christ",
        "Jesus."
      ],
      "header": "",
      "footer": ""
    },
    {
      "book_name": "2 Timothy",
      "chapter": 3,
      "verse": 16,
      "text": [
        "All",
        "scripture",
        "*is",
        "given",
        "by",
        "inspiration",
        "of",
        "God,",
        "and",
        "*is",
        "profitable",
        "for",
        "doctrine,",
        "for",
        "reproof,",
        "for",
        "correction,",
        "for",
        "instruction",
        "in",
        "righteousness:"
      ],
      "header": "",
      "footer": ""
    },
    {
      "book_name": "2 Timothy",
      "chapter": 3,
      "verse": 17,
      "text": [
        "That",
        "the",
        "man",
        "of",
        "God",
        "may",
        "be",
        "perfect,",
        "throughly",
        "furnished",
        "unto",
        "all",
        "good",
        "works."
      ],
      "header": "",
      "footer": ""
    }
  ]
}