{
  "book_name": "Philippians",
  "chapter": 3,
  "verses": [
    {
      "book_name": "Philippians",
      "chapter": 3,
      "verse": 1,
      "text": [
        "Finally,",
        "my",
        "brethren,",
        "rejoice",
        "in",
        "the",
        "Lord.",
        "To",
        "write",
        "the",
        "same",
        "things",
        "to",
        "you,",
        "to",
        "me",
        "indeed",
        "*is",
        "not",
        "grievous,",
        "but",
        "for",
        "you",
        "*it",
        "*is",
        "safe."
      ],
      "header": "",
      "footer": ""
    },
    {
      "book_name": "Philippians",
      "chapter": 3,
      "verse": 2,
      "text": [
        "Beware",
        "of",
        "dogs,",
        "beware",
        "of",
        "evil",
        "workers,",
        "beware",
        "of",
        "the",
        "concision."
      ],
      "header": "",
      "footer": ""
    },
    {
      "book_name": "Philippians",
      "chapter": 3,
      "verse": 3,
      "text": [
        "For",
        "we",
        "are",
        "the",
        "circumcision,",
        "which",
        "worship",
        "God",
        "in",
        "the",
        "spirit,",
        "and",
        "rejoice",
        "in",
        "Christ",
        "Jesus,",
        "and",
        "have",
        "no",
        "confidence",
        "in",
        "the",
        "flesh."
      ],
      "header": "",
      "footer": ""
    },
    {
      "book_name": "Philippians",
      "chapter": 3,
      "verse": 4,
      "text": [
        "Though",
        "I",
        "might",
        "also",
        "have",
        "confidence",
        "in",
        "the",
        "flesh.",
        "If",
        "any",
        "other",
        "man",
        "thinketh",
        "that",
        "he",
        "hath",
        "whereof",
        "he",
        "might",
        "trust",
        "in",
        "the",
        "flesh,",
        "I",
        "more:"
      ],
      "header": "",
      "footer": ""
    },
    {
      "book_name": "Philippians",
      "chapter": 3,
      "verse": 5,
      "text": [
        "Circumcised",
        "the",
        "eighth",
        "day,",
        "of",
        "the",
        "stock",
        "of",
        "Israel,",
        "*of",
        "the",
        "tribe",
        "of",
        "Benjamin,",
        "an",
        "Hebrew",
        "of",
        "the",
        "Hebrews;",
        "as",
        "touching",
        "the",
        "law,",
        "a",
        "Pharisee;"
      ],
      "header": "",
      "footer": ""
    },
    {
      "book_name": "Philippians",
      "chapter": 3,
      "verse": 6,
      "text": [
        "Concerning",
        "zeal,",
        "persecuting",
        "the",
        "church;",
        "touching",
        "the",
        "righteousness",
        "which",
        "is",
        "in",
        "the",
        "law,",
        "blameless."
      ],
      "header": "",
      "footer": ""
    },
    {
      "book_name": "Philippians",
      "chapter": 3,
      "verse": 7,
      "text": [
        "But",
        "what",
        "things",
        "were",
        "gain",
        "to",
        "me,",
        "those",
        "I",
        "counted",
        "loss",
        "for",
        "Christ."
      ],
      "header": "",
      "footer": ""
    },
    {
      "book_name": "Philippians",
      "chapter": 3,
      "verse": 8,
      "text": [
        "Yea",
        "doubtless,",
        "and",
        "I",
        "count",
        "all",
        "things",
        "*but",
        "loss",
        "for",
        "the",
        "excellency",
        "of",
        "the",
        "knowledge",
        "of",
        "Christ",
        "Jesus",
        "my",
        "Lord:",
        "for",
        "whom",
        "I",
        "have",
        "suffered",
        "the",
        "loss",
        "of",
        "all",
        "things,",
        "and",
        "do",
        "count",
        "them",
        "*but",
        "dung,",
        "that",
        "I",
        "may",
        "win",
        "Christ,"
      ],
      "header": "",
      "footer": ""
    },
    {
      "book_name": "Philippians",
      "chapter": 3,
      "verse": 9,
      "text": [
        "And",
        "be",
        "found",
        "in",
        "him,",
        "not",
        "having",
        "mine",
        "own",
        "righteousness,",
        "which",
        "is",
        "of",
        "the",
        "law,",
        "but",
        "that",
        "which",
        "is",
        "through",
        "the",
        "faith",
        "of",
        "Christ,",
        "the",
        "righteousness",
        "which",
        "is",
        "of",
        "God",
        "by",
        "faith:"
      ],
      "header": "",
      "footer": ""
    },
    {
      "book_name": "Philippians",
      "chapter": 3,
      "verse": 10,
      "text": [
        "That",
        "I",
        "may",
        "know",
        "him,",
        "and",
        "the",
        "power",
        "of",
        "his",
        "resurrection,",
        "and",
        "the",
        "fellowship",
        "of",
        "his",
        "sufferings,",
        "being",
        "made",
        "conformable",
        "unto",
        "his",
        "death;"
      ],
      "header": "",
      "footer": ""
    },
    {
      "book_name": "Philippians",
      "chapter": 3,
      "verse": 11,
      "text": [
        "If",
        "by",
        "any",
        "means",
        "I",
        "might",
        "attain",
        "unto",
        "the",
        "resurrection",
        "of",
        "the",
        "dead."
      ],
      "header": "",
      "footer": ""
    },
    {
      "book_name": "Philippians",
      "chapter": 3,
      "verse": 12,
      "text": [
        "Not",
        "as",
        "though",
        "I",
        "had",
        "already",
        "attained,",
        "either",
        "were",
        "already",
        "perfect:",
        "but",
        "I",
        "follow",
        "after,",
        "if",
        "that",
        "I",
        "may",
        "apprehend",
        "that",
        "for",
        "which",
        "also",
        "I",
        "am",
        "apprehended",
        "of",
        "Christ",
        "Jesus."
      ],
      "header": "",
      "footer": ""
    },
    {
      "book_name": "Philippians",
      "chapter": 3,
      "verse": 13,
      "text": [
        "Brethren,",
        "I",
        "count",
        "not",
        "myself",
        "to",
        "have",
        "apprehended:",
        "but",
        "*this",
        "one",
        "thing",
        "*I",
        "*do,",
        "forgetting",
        "those",
        "things",
        "which",
        "are",
        "behind,",
        "and",
        "reaching",
        "forth",
        "unto",
        "those",
        "things",
        "which",
        "are",
        "before,"
      ],
      "header": "",
      "footer": ""
    },
    {
      "book_name": "Philippians",
      "chapter": 3,
      "verse": 14,
      "text": [
        "I",
        "press",
        "toward",
        "the",
        "mark",
        "for",
        "the",
        "prize",
        "of",
        "the",
        "high",
        "calling",
        "of",
        "God",
        "in",
        "Christ",
        "Jesus."
      ],
      "header": "",
      "footer": ""
    },
    {
      "book_name": "Philippians",
      "chapter": 3,
      "verse": 15,
      "text": [
        "Let",
        "us",
        "therefore,",
        "as",
        "many",
        "as",
        "be",
        "perfect,",
        "be",
        "thus",
        "minded:",
        "and",
        "if",
        "in",
        "any",
        "thing",
        "ye",
        "be",
        "otherwise",
        "minded,",
        "God",
        "shall",
        "reveal",
        "even",
        "this",
        "unto",
        "you."
      ],
      "header": "",
      "footer": ""
    },
    {
      "book_name": "Philippians",
      "chapter": 3,
      "verse": 16,
      "text": [
        "Nevertheless,",
        "whereto",
        "we",
        "have",
        "already",
        "attained,",
        "let",
        "us",
        "walk",
        "by",
        "the",
        "same",
        "rule,",
        "let",
        "us",
        "mind",
        "the",
        "same",
        "thing."
      ],
      "header": "",
      "footer": ""
    },
    {
      "book_name": "Philippians",
      "chapter": 3,
      "verse": 17,
      "text": [
        "Brethren,",
        "be",
        "followers",
        "together",
        "of",
        "me,",
        "and",
        "mark",
        "them",
        "which",
        "walk",
        "so",
        "as",
        "ye",
        "have",
        "us",
        "for",
        "an",
        "ensample."
      ],
      "header": "",
      "footer": ""
    },
    {
      "book_name": "Philippians",
      "chapter": 3,
      "verse": 18,
      "text": [
        "(For",
        "many",
        "walk,",
        "of",
        "whom",
        "I",
        "have",
        "told",
        "you",
        "often,",
        "and",
        "now",
        "tell",
        "you",
        "even",
        "weeping,",
        "*that",
        "*they",
        "*are",
        "the",
        "enemies",
        "of",
        "the",
        "cross",
        "of",
        "Christ:"
      ],
      "header": "",
      "footer": ""
    },
    {
      "book_name": "Philippians",
      "chapter": 3,
      "verse": 19,
      "text": [
        "Whose",
        "end",
        "*is",
        "destruction,",
        "whose",
        "God",
        "*is",
        "*their",
        "belly,",
        "and",
        "*whose",
        "glory",
        "*is",
        "in",
        "their",
        "shame,",
        "who",
        "mind",
        "earthly",
        "things.)"
      ],
      "header": "",
      "footer": ""
    },
    {
      "book_name": "Philippians",
      "chapter": 3,
      "verse": 20,
      "text": [
        "For",
        "our",
        "conversation",
        "is",
        "in",
        "heaven;",
        "from",
        "whence",
        "also",
        "we",
        "look",
        "for",
        "the",
        "Saviour,",
        "the",
        "Lord",
        "Jesus",
        "Christ:"
      ],
      "header": "",
      "footer": ""
    },
    {
      "book_name": "Philippians",
      "chapter": 3,
      "verse": 21,
      "text": [
        "Who",
        "shall",
        "change",
        "our",
        "vile",
        "body,",
        "that",
        "it",
        "may",
        "be",
        "fashioned",
        "like",
        "unto",
        "his",
        "glorious",
        "body,",
        "according",
        "to",
        "the",
        "working",
        "whereby",
        "he",
        "is",
        "able",
        "even",
        "to",
        "subdue",
        "all",
        "things",
        "unto",
        "himself."
      ],
      "header": "",
      "footer": ""
    }
  ]
}