{
  "book_name": "Habakkuk",
  "chapter": 3,
  "verses": [
    {
      "book_name": "Habakkuk",
      "chapter": 3,
      "verse": 1,
      "text": [
        "A",
        "prayer",
        "of",
        "Habakkuk",
        "the",
        "prophet",
        "upon",
        "Shigionoth."
      ],
      "header": "",
      "footer": ""
    },
    {
      "book_name": "Habakkuk",
      "chapter": 3,
      "verse": 2,
      "text": [
        "O",
        "Lᴏʀᴅ,",
        "I",
        "have",
        "heard",
        "thy",
        "speech,",
        "*and",
        "was",
        "afraid:",
        "O",
        "Lᴏʀᴅ,",
        "revive",
        "thy",
        "work",
        "in",
        "the",
        "midst",
        "of",
        "the",
        "years,",
        "in",
        "the",
        "midst",
        "of",
        "the",
        "years",
        "make",
        "known;",
        "in",
        "wrath",
        "remember",
        "mercy."
      ],
      "header": "",
      "footer": ""
    },
    {
      "book_name": "Habakkuk",
      "chapter": 3,
      "verse": 3,
      "text": [
        "God",
        "came",
        "from",
        "Teman,",
        "and",
        "the",
        "Holy",
        "One",
        "from",
        "mount",
        "Paran.",
        "Selah.",
        "His",
        "glory",
        "covered",
        "the",
        "heavens,",
        "and",
        "the",
        "earth",
        "was",
        "full",
        "of",
        "his",
        "praise."
      ],
      "header": "",
      "footer": ""
    },
    {
      "book_name": "Habakkuk",
      "chapter": 3,
      "verse": 4,
      "text": [
        "And",
        "*his",
        "brightness",
        "was",
        "as",
        "the",
        "light;",
        "he",
        "had",
        "horns",
        "*coming",
        "out",
        "of",
        "his",
        "hand:",
        "and",
        "there",
        "*was",
        "the",
        "hiding",
        "of",
        "his",
        "power."
      ],
      "header": "",
      "footer": ""
    },
    {
      "book_name": "Habakkuk",
      "chapter": 3,
      "verse": 5,
      "text": [
        "Before",
        "him",
        "went",
        "the",
        "pestilence,",
        "and",
        "burning",
        "coals",
        "went",
        "forth",
        "at",
        "his",
        "feet."
      ],
      "header": "",
      "footer": ""
    },
    {
      "book_name": "Habakkuk",
      "chapter": 3,
      "verse": 6,
      "text": [
        "He",
        "stood,",
        "and",
        "measured",
        "the",
        "earth:",
        "he",
        "beheld,",
        "and",
        "drove",
        "asunder",
        "the",
        "nations;",
        "and",
        "the",
        "everlasting",
        "mountains",
        "were",
        "scattered,",
        "the",
        "perpetual",
        "hills",
        "did",
        "bow:",
        "his",
        "ways",
        "*are",
        "everlasting."
      ],
      "header": "",
      "footer": ""
    },
    {
      "book_name": "Habakkuk",
      "chapter": 3,
      "verse": 7,
      "text": [
        "I",
        "saw",
        "the",
        "tents",
        "of",
        "Cushan",
        "in",
        "affliction:",
        "*and",
        "the",
        "curtains",
        "of",
        "the",
        "land",
        "of",
        "Midian",
        "did",
        "tremble."
      ],
      "header": "",
      "footer": ""
    },
    {
      "book_name": "Habakkuk",
      "chapter": 3,
      "verse": 8,
      "text": [
        "Was",
        "the",
        "Lᴏʀᴅ",
        "displeased",
        "against",
        "the",
        "rivers?",
        "*was",
        "thine",
        "anger",
        "against",
        "the",
        "rivers?",
        "*was",
        "thy",
        "wrath",
        "against",
        "the",
        "sea,",
        "that",
        "thou",
        "didst",
        "ride",
        "upon",
        "thine",
        "horses",
        "*and",
        "thy",
        "chariots",
        "of",
        "salvation?"
      ],
      "header": "",
      "footer": ""
    },
    {
      "book_name": "Habakkuk",
      "chapter": 3,
      "verse": 9,
      "text": [
        "Thy",
        "bow",
        "was",
        "made",
        "quite",
        "naked,",
        "*according",
        "to",
        "the",
        "oaths",
        "of",
        "the",
        "tribes,",
        "*even",
        "*thy",
        "word.",
        "Selah.",
        "Thou",
        "didst",
        "cleave",
        "the",
        "earth",
        "with",
        "rivers."
      ],
      "header": "",
      "footer": ""
    },
    {
      "book_name": "Habakkuk",
      "chapter": 3,
      "verse": 10,
      "text": [
        "The",
        "mountains",
        "saw",
        "thee,",
        "*and",
        "they",
        "trembled:",
        "the",
        "overflowing",
        "of",
        "the",
        "water",
        "passed",
        "by:",
        "the",
        "deep",
        "uttered",
        "his",
        "voice,",
        "*and",
        "lifted",
        "up",
        "his",
        "hands",
        "on",
        "high."
      ],
      "header": "",
      "footer": ""
    },
    {
      "book_name": "Habakkuk",
      "chapter": 3,
      "verse": 11,
      "text": [
        "The",
        "sun",
        "*and",
        "moon",
        "stood",
        "still",
        "in",
        "their",
        "habitation:",
        "at",
        "the",
        "light",
        "of",
        "thine",
        "arrows",
        "they",
        "went,",
        "*and",
        "at",
        "the",
        "shining",
        "of",
        "thy",
        "glittering",
        "spear."
      ],
      "header": "",
      "footer": ""
    },
    {
      "book_name": "Habakkuk",
      "chapter": 3,
      "verse": 12,
      "text": [
        "Thou",
        "didst",
        "march",
        "through",
        "the",
        "land",
        "in",
        "indignation,",
        "thou",
        "didst",
        "thresh",
        "the",
        "heathen",
        "in",
        "anger."
      ],
      "header": "",
      "footer": ""
    },
    {
      "book_name": "Habakkuk",
      "chapter": 3,
      "verse": 13,
      "text": [
        "Thou",
        "wentest",
        "forth",
        "for",
        "the",
        "salvation",
        "of",
        "thy",
        "people,",
        "*even",
        "for",
        "salvation",
        "with",
        "thine",
        "anointed;",
        "thou",
        "woundedst",
        "the",
        "head",
        "out",
        "of",
        "the",
        "house",
        "of",
        "the",
        "wicked,",
        "by",
        "discovering",
        "the",
        "foundation",
        "unto",
        "the",
        "neck.",
        "Selah."
      ],
      "header": "",
      "footer": ""
    },
    {
      "book_name": "Habakkuk",
      "chapter": 3,
      "verse": 14,
      "text": [
        "Thou",
        "didst",
        "strike",
        "through",
        "with",
        "his",
        "staves",
        "the",
        "head",
        "of",
        "his",
        "villages:",
        "they",
        "came",
        "out",
        "as",
        "a",
        "whirlwind",
        "to",
        "scatter",
        "me:",
        "their",
        "rejoicing",
        "*was",
        "as",
        "to",
        "devour",
        "the",
        "poor",
        "secretly."
      ],
      "header": "",
      "footer": ""
    },
    {
      "book_name": "Habakkuk",
      "chapter": 3,
      "verse": 15,
      "text": [
        "Thou",
        "didst",
        "walk",
        "through",
        "the",
        "sea",
        "with",
        "thine",
        "horses,",
        "*through",
        "the",
        "heap",
        "of",
        "great",
        "waters."
      ],
      "header": "",
      "footer": ""
    },
    {
      "book_name": "Habakkuk",
      "chapter": 3,
      "verse": 16,
      "text": [
        "When",
        "I",
        "heard,",
        "my",
        "belly",
        "trembled;",
        "my",
        "lips",
        "quivered",
        "at",
        "the",
        "voice:",
        "rottenness",
        "entered",
        "into",
        "my",
        "bones,",
        "and",
        "I",
        "trembled",
        "in",
        "myself,",
        "that",
        "I",
        "might",
        "rest",
        "in",
        "the",
        "day",
        "of",
        "trouble:",
        "when",
        "he",
        "cometh",
        "up",
        "unto",
        "the",
        "people,",
        "he",
        "will",
        "invade",
        "them",
        "with",
        "his",
        "troops."
      ],
      "header": "",
      "footer": ""
    },
    {
      "book_name": "Habakkuk",
      "chapter": 3,
      "verse": 17,
      "text": [
        "¶",
        "Although",
        "the",
        "fig",
        "tree",
        "shall",
        "not",
        "blossom,",
        "neither",
        "*shall",
        "fruit",
        "*be",
        "in",
        "the",
        "vines;",
        "the",
        "labour",
        "of",
        "the",
        "olive",
        "shall",
        "fail,",
        "and",
        "the",
        "fields",
        "shall",
        "yield",
        "no",
        "meat;",
        "the",
        "flock",
        "shall",
        "be",
        "cut",
        "off",
        "from",
        "the",
        "fold,",
        "and",
        "*there",
        "*shall",
        "*be",
        "no",
        "herd",
        "in",
        "the",
        "stalls:"
      ],
      "header": "",
      "footer": ""
    },
    {
      "book_name": "Habakkuk",
      "chapter": 3,
      "verse": 18,
      "text": [
        "Yet",
        "I",
        "will",
        "rejoice",
        "in",
        "the",
        "Lᴏʀᴅ,",
        "I",
        "will",
        "joy",
        "in",
        "the",
        "God",
        "of",
        "my",
        "salvation."
      ],
      "header": "",
      "footer": ""
    },
    {
      "book_name": "Habakkuk",
      "chapter": 3,
      "verse": 19,
      "text": [
        "The",
        "Lᴏʀᴅ",
        "God",
        "*is",
        "my",
        "strength,",
        "and",
        "he",
        "will",
        "make",
        "my",
        "feet",
        "like",
        "hinds'",
        "*feet,",
        "and",
        "he",
        "will",
        "make",
        "me",
        "to",
        "walk",
        "upon",
        "mine",
        "high",
        "places.",
        "To",
        "the",
        "chief",
        "singer",
        "on",
        "my",
        "stringed",
        "instruments."
      ],
      "header": "",
      "footer": ""
    }
  ]
}