{
  "book_name": "Acts",
  "chapter": 14,
  "verses": [
    {
      "book_name": "Acts",
      "chapter": 14,
      "verse": 1,
      "text": [
        "And",
        "it",
        "came",
        "to",
        "pass",
        "in",
        "Iconium,",
        "that",
        "they",
        "went",
        "both",
        "together",
        "into",
        "the",
        "synagogue",
        "of",
        "the",
        "Jews,",
        "and",
        "so",
        "spake,",
        "that",
        "a",
        "great",
        "multitude",
        "both",
        "of",
        "the",
        "Jews",
        "and",
        "also",
        "of",
        "the",
        "Greeks",
        "believed."
      ],
      "header": "",
      "footer": ""
    },
    {
      "book_name": "Acts",
      "chapter": 14,
      "verse": 2,
      "text": [
        "But",
        "the",
        "unbelieving",
        "Jews",
        "stirred",
        "up",
        "the",
        "Gentiles,",
        "and",
        "made",
        "their",
        "minds",
        "evil",
        "affected",
        "against",
        "the",
        "brethren."
      ],
      "header": "",
      "footer": ""
    },
    {
      "book_name": "Acts",
      "chapter": 14,
      "verse": 3,
      "text": [
        "Long",
        "time",
        "therefore",
        "abode",
        "they",
        "speaking",
        "boldly",
        "in",
        "the",
        "Lord,",
        "which",
        "gave",
        "testimony",
        "unto",
        "the",
        "word",
        "of",
        "his",
        "grace,",
        "and",
        "granted",
        "signs",
        "and",
        "wonders",
        "to",
        "be",
        "done",
        "by",
        "their",
        "hands."
      ],
      "header": "",
      "footer": ""
    },
    {
      "book_name": "Acts",
      "chapter": 14,
      "verse": 4,
      "text": [
        "But",
        "the",
        "multitude",
        "of",
        "the",
        "city",
        "was",
        "divided:",
        "and",
        "part",
        "held",
        "with",
        "the",
        "Jews,",
        "and",
        "part",
        "with",
        "the",
        "apostles."
      ],
      "header": "",
      "footer": ""
    },
    {
      "book_name": "Acts",
      "chapter": 14,
      "verse": 5,
      "text": [
        "And",
        "when",
        "there",
        "was",
        "an",
        "assault",
        "made",
        "both",
        "of",
        "the",
        "Gentiles,",
        "and",
        "also",
        "of",
        "the",
        "Jews",
        "with",
        "their",
        "rulers,",
        "to",
        "use",
        "*them",
        "despitefully,",
        "and",
        "to",
        "stone",
        "them,"
      ],
      "header": "",
      "footer": ""
    },
    {
      "book_name": "Acts",
      "chapter": 14,
      "verse": 6,
      "text": [
        "They",
        "were",
        "ware",
        "of",
        "*it,",
        "and",
        "fled",
        "unto",
        "Lystra",
        "and",
        "Derbe,",
        "cities",
        "of",
        "Lycaonia,",
        "and",
        "unto",
        "the",
        "region",
        "that",
        "lieth",
        "round",
        "about:"
      ],
      "header": "",
      "footer": ""
    },
    {
      "book_name": "Acts",
      "chapter": 14,
      "verse": 7,
      "text": [
        "And",
        "there",
        "they",
        "preached",
        "the",
        "gospel."
      ],
      "header": "",
      "footer": ""
    },
    {
      "book_name": "Acts",
      "chapter": 14,
      "verse": 8,
      "text": [
        "¶",
        "And",
        "there",
        "sat",
        "a",
        "certain",
        "man",
        "at",
        "Lystra,",
        "impotent",
        "in",
        "his",
        "feet,",
        "being",
        "a",
        "cripple",
        "from",
        "his",
        "mother's",
        "womb,",
        "who",
        "never",
        "had",
        "walked:"
      ],
      "header": "",
      "footer": ""
    },
    {
      "book_name": "Acts",
      "chapter": 14,
      "verse": 9,
      "text": [
        "The",
        "same",
        "heard",
        "Paul",
        "speak:",
        "who",
        "stedfastly",
        "beholding",
        "him,",
        "and",
        "perceiving",
        "that",
        "he",
        "had",
        "faith",
        "to",
        "be",
        "healed,"
      ],
      "header": "",
      "footer": ""
    },
    {
      "book_name": "Acts",
      "chapter": 14,
      "verse": 10,
      "text": [
        "Said",
        "with",
        "a",
        "loud",
        "voice,",
        "Stand",
        "upright",
        "on",
        "thy",
        "feet.",
        "And",
        "he",
        "leaped",
        "and",
        "walked."
      ],
      "header": "",
      "footer": ""
    },
    {
      "book_name": "Acts",
      "chapter": 14,
      "verse": 11,
      "text": [
        "And",
        "when",
        "the",
        "people",
        "saw",
        "what",
        "Paul",
        "had",
        "done,",
        "they",
        "lifted",
        "up",
        "their",
        "voices,",
        "saying",
        "in",
        "the",
        "speech",
        "of",
        "Lycaonia,",
        "The",
        "gods",
        "are",
        "come",
        "down",
        "to",
        "us",
        "in",
        "the",
        "likeness",
        "of",
        "men."
      ],
      "header": "",
      "footer": ""
    },
    {
      "book_name": "Acts",
      "chapter": 14,
      "verse": 12,
      "text": [
        "And",
        "they",
        "called",
        "Barnabas,",
        "Jupiter;",
        "and",
        "Paul,",
        "Mercurius,",
        "because",
        "he",
        "was",
        "the",
        "chief",
        "speaker."
      ],
      "header": "",
      "footer": ""
    },
    {
      "book_name": "Acts",
      "chapter": 14,
      "verse": 13,
      "text": [
        "Then",
        "the",
        "priest",
        "of",
        "Jupiter,",
        "which",
        "was",
        "before",
        "their",
        "city,",
        "brought",
        "oxen",
        "and",
        "garlands",
        "unto",
        "the",
        "gates,",
        "and",
        "would",
        "have",
        "done",
        "sacrifice",
        "with",
        "the",
        "people."
      ],
      "header": "",
      "footer": ""
    },
    {
      "book_name": "Acts",
      "chapter": 14,
      "verse": 14,
      "text": [
        "*Which",
        "when",
        "the",
        "apostles,",
        "Barnabas",
        "and",
        "Paul,",
        "heard",
        "*of,",
        "they",
        "rent",
        "their",
        "clothes,",
        "and",
        "ran",
        "in",
        "among",
        "the",
        "people,",
        "crying",
        "out,"
      ],
      "header": "",
      "footer": ""
    },
    {
      "book_name": "Acts",
      "chapter": 14,
      "verse": 15,
      "text": [
        "And",
        "saying,",
        "Sirs,",
        "why",
        "do",
        "ye",
        "these",
        "things?",
        "We",
        "also",
        "are",
        "men",
        "of",
        "like",
        "passions",
        "with",
        "you,",
        "and",
        "preach",
        "unto",
        "you",
        "that",
        "ye",
        "should",
        "turn",
        "from",
        "these",
        "vanities",
        "unto",
        "the",
        "living",
        "God,",
        "which",
        "made",
        "heaven,",
        "and",
        "earth,",
        "and",
        "the",
        "sea,",
        "and",
        "all",
        "things",
        "that",
        "are",
        "therein:"
      ],
      "header": "",
      "footer": ""
    },
    {
      "book_name": "Acts",
      "chapter": 14,
      "verse": 16,
      "text": [
        "Who",
        "in",
        "times",
        "past",
        "suffered",
        "all",
        "nations",
        "to",
        "walk",
        "in",
        "their",
        "own",
        "ways."
      ],
      "header": "",
      "footer": ""
    },
    {
      "book_name": "Acts",
      "chapter": 14,
      "verse": 17,
      "text": [
        "Nevertheless",
        "he",
        "left",
        "not",
        "himself",
        "without",
        "witness,",
        "in",
        "that",
        "he",
        "did",
        "good,",
        "and",
        "gave",
        "us",
        "rain",
        "from",
        "heaven,",
        "and",
        "fruitful",
        "seasons,",
        "filling",
        "our",
        "hearts",
        "with",
        "food",
        "and",
        "gladness."
      ],
      "header": "",
      "footer": ""
    },
    {
      "book_name": "Acts",
      "chapter": 14,
      "verse": 18,
      "text": [
        "And",
        "with",
        "these",
        "sayings",
        "scarce",
        "restrained",
        "they",
        "the",
        "people,",
        "that",
        "they",
        "had",
        "not",
        "done",
        "sacrifice",
        "unto",
        "them."
      ],
      "header": "",
      "footer": ""
    },
    {
      "book_name": "Acts",
      "chapter": 14,
      "verse": 19,
      "text": [
        "¶",
        "And",
        "there",
        "came",
        "thither",
        "*certain",
        "Jews",
        "from",
        "Antioch",
        "and",
        "Iconium,",
        "who",
        "persuaded",
        "the",
        "people,",
        "and,",
        "having",
        "stoned",
        "Paul,",
        "drew",
        "*him",
        "out",
        "of",
        "the",
        "city,",
        "supposing",
        "he",
        "had",
        "been",
        "dead."
      ],
      "header": "",
      "footer": ""
    },
    {
      "book_name": "Acts",
      "chapter": 14,
      "verse": 20,
      "text": [
        "Howbeit,",
        "as",
        "the",
        "disciples",
        "stood",
        "round",
        "about",
        "him,",
        "he",
        "rose",
        "up,",
        "and",
        "came",
        "into",
        "the",
        "city:",
        "and",
        "the",
        "next",
        "day",
        "he",
        "departed",
        "with",
        "Barnabas",
        "to",
        "Derbe."
      ],
      "header": "",
      "footer": ""
    },
    {
      "book_name": "Acts",
      "chapter": 14,
      "verse": 21,
      "text": [
        "And",
        "when",
        "they",
        "had",
        "preached",
        "the",
        "gospel",
        "to",
        "that",
        "city,",
        "and",
        "had",
        "taught",
        "many,",
        "they",
        "returned",
        "again",
        "to",
        "Lystra,",
        "and",
        "*to",
        "Iconium,",
        "and",
        "Antioch,"
      ],
      "header": "",
      "footer": ""
    },
    {
      "book_name": "Acts",
      "chapter": 14,
      "verse": 22,
      "text": [
        "Confirming",
        "the",
        "souls",
        "of",
        "the",
        "disciples,",
        "*and",
        "exhorting",
        "them",
        "to",
        "continue",
        "in",
        "the",
        "faith,",
        "and",
        "that",
        "we",
        "must",
        "through",
        "much",
        "tribulation",
        "enter",
        "into",
        "the",
        "kingdom",
        "of",
        "God."
      ],
      "header": "",
      "footer": ""
    },
    {
      "book_name": "Acts",
      "chapter": 14,
      "verse": 23,
      "text": [
        "And",
        "when",
        "they",
        "had",
        "ordained",
        "them",
        "elders",
        "in",
        "every",
        "church,",
        "and",
        "had",
        "prayed",
        "with",
        "fasting,",
        "they",
        "commended",
        "them",
        "to",
        "the",
        "Lord,",
        "on",
        "whom",
        "they",
        "believed."
      ],
      "header": "",
      "footer": ""
    },
    {
      "book_name": "Acts",
      "chapter": 14,
      "verse": 24,
      "text": [
        "And",
        "after",
        "they",
        "had",
        "passed",
        "throughout",
        "Pisidia,",
        "they",
        "came",
        "to",
        "Pamphylia."
      ],
      "header": "",
      "footer": ""
    },
    {
      "book_name": "Acts",
      "chapter": 14,
      "verse": 25,
      "text": [
        "And",
        "when",
        "they",
        "had",
        "preached",
        "the",
        "word",
        "in",
        "Perga,",
        "they",
        "went",
        "down",
        "into",
        "Attalia:"
      ],
      "header": "",
      "footer": ""
    },
    {
      "book_name": "Acts",
      "chapter": 14,
      "verse": 26,
      "text": [
        "And",
        "thence",
        "sailed",
        "to",
        "Antioch,",
        "from",
        "whence",
        "they",
        "had",
        "been",
        "recommended",
        "to",
        "the",
        "grace",
        "of",
        "God",
        "for",
        "the",
        "work",
        "which",
        "they",
        "fulfilled."
      ],
      "header": "",
      "footer": ""
    },
    {
      "book_name": "Acts",
      "chapter": 14,
      "verse": 27,
      "text": [
        "And",
        "when",
        "they",
        "were",
        "come,",
        "and",
        "had",
        "gathered",
        "the",
        "church",
        "together,",
        "they",
        "rehearsed",
        "all",
        "that",
        "God",
        "had",
        "done",
        "with",
        "them,",
        "and",
        "how",
        "he",
        "had",
        "opened",
        "the",
        "door",
        "of",
        "faith",
        "unto",
        "the",
        "Gentiles."
      ],
      "header": "",
      "footer": ""
    },
    {
      "book_name": "Acts",
      "chapter": 14,
      "verse": 28,
      "text": [
        "And",
        "there",
        "they",
        "abode",
        "long",
        "time",
        "with",
        "the",
        "disciples."
      ],
      "header": "",
      "footer": ""
    }
  ]
}