{
  "book_name": "Acts",
  "chapter": 15,
  "verses": [
    {
      "book_name": "Acts",
      "chapter": 15,
      "verse": 1,
      "text": [
        "And",
        "certain",
        "men",
        "which",
        "came",
        "down",
        "from",
        "Judæa",
        "taught",
        "the",
        "brethren,",
        "*and",
        "*said,",
        "Except",
        "ye",
        "be",
        "circumcised",
        "after",
        "the",
        "manner",
        "of",
        "Moses,",
        "ye",
        "cannot",
        "be",
        "saved."
      ],
      "header": "",
      "footer": ""
    },
    {
      "book_name": "Acts",
      "chapter": 15,
      "verse": 2,
      "text": [
        "When",
        "therefore",
        "Paul",
        "and",
        "Barnabas",
        "had",
        "no",
        "small",
        "dissension",
        "and",
        "disputation",
        "with",
        "them,",
        "they",
        "determined",
        "that",
        "Paul",
        "and",
        "Barnabas,",
        "and",
        "certain",
        "other",
        "of",
        "them,",
        "should",
        "go",
        "up",
        "to",
        "Jerusalem",
        "unto",
        "the",
        "apostles",
        "and",
        "elders",
        "about",
        "this",
        "question."
      ],
      "header": "",
      "footer": ""
    },
    {
      "book_name": "Acts",
      "chapter": 15,
      "verse": 3,
      "text": [
        "And",
        "being",
        "brought",
        "on",
        "their",
        "way",
        "by",
        "the",
        "church,",
        "they",
        "passed",
        "through",
        "Phenice",
        "and",
        "Samaria,",
        "declaring",
        "the",
        "conversion",
        "of",
        "the",
        "Gentiles:",
        "and",
        "they",
        "caused",
        "great",
        "joy",
        "unto",
        "all",
        "the",
        "brethren."
      ],
      "header": "",
      "footer": ""
    },
    {
      "book_name": "Acts",
      "chapter": 15,
      "verse": 4,
      "text": [
        "And",
        "when",
        "they",
        "were",
        "come",
        "to",
        "Jerusalem,",
        "they",
        "were",
        "received",
        "of",
        "the",
        "church,",
        "and",
        "*of",
        "the",
        "apostles",
        "and",
        "elders,",
        "and",
        "they",
        "declared",
        "all",
        "things",
        "that",
        "God",
        "had",
        "done",
        "with",
        "them."
      ],
      "header": "",
      "footer": ""
    },
    {
      "book_name": "Acts",
      "chapter": 15,
      "verse": 5,
      "text": [
        "But",
        "there",
        "rose",
        "up",
        "certain",
        "of",
        "the",
        "sect",
        "of",
        "the",
        "Pharisees",
        "which",
        "believed,",
        "saying,",
        "That",
        "it",
        "was",
        "needful",
        "to",
        "circumcise",
        "them,",
        "and",
        "to",
        "command",
        "*them",
        "to",
        "keep",
        "the",
        "law",
        "of",
        "Moses."
      ],
      "header": "",
      "footer": ""
    },
    {
      "book_name": "Acts",
      "chapter": 15,
      "verse": 6,
      "text": [
        "¶",
        "And",
        "the",
        "apostles",
        "and",
        "elders",
        "came",
        "together",
        "for",
        "to",
        "consider",
        "of",
        "this",
        "matter."
      ],
      "header": "",
      "footer": ""
    },
    {
      "book_name": "Acts",
      "chapter": 15,
      "verse": 7,
      "text": [
        "And",
        "when",
        "there",
        "had",
        "been",
        "much",
        "disputing,",
        "Peter",
        "rose",
        "up,",
        "and",
        "said",
        "unto",
        "them,",
        "Men",
        "*and",
        "brethren,",
        "ye",
        "know",
        "how",
        "that",
        "a",
        "good",
        "while",
        "ago",
        "God",
        "made",
        "choice",
        "among",
        "us,",
        "that",
        "the",
        "Gentiles",
        "by",
        "my",
        "mouth",
        "should",
        "hear",
        "the",
        "word",
        "of",
        "the",
        "gospel,",
        "and",
        "believe."
      ],
      "header": "",
      "footer": ""
    },
    {
      "book_name": "Acts",
      "chapter": 15,
      "verse": 8,
      "text": [
        "And",
        "God,",
        "which",
        "knoweth",
        "the",
        "hearts,",
        "bare",
        "them",
        "witness,",
        "giving",
        "them",
        "the",
        "Holy",
        "Ghost,",
        "even",
        "as",
        "*he",
        "*did",
        "unto",
        "us;"
      ],
      "header": "",
      "footer": ""
    },
    {
      "book_name": "Acts",
      "chapter": 15,
      "verse": 9,
      "text": [
        "And",
        "put",
        "no",
        "difference",
        "between",
        "us",
        "and",
        "them,",
        "purifying",
        "their",
        "hearts",
        "by",
        "faith."
      ],
      "header": "",
      "footer": ""
    },
    {
      "book_name": "Acts",
      "chapter": 15,
      "verse": 10,
      "text": [
        "Now",
        "therefore",
        "why",
        "tempt",
        "ye",
        "God,",
        "to",
        "put",
        "a",
        "yoke",
        "upon",
        "the",
        "neck",
        "of",
        "the",
        "disciples,",
        "which",
        "neither",
        "our",
        "fathers",
        "nor",
        "we",
        "were",
        "able",
        "to",
        "bear?"
      ],
      "header": "",
      "footer": ""
    },
    {
      "book_name": "Acts",
      "chapter": 15,
      "verse": 11,
      "text": [
        "But",
        "we",
        "believe",
        "that",
        "through",
        "the",
        "grace",
        "of",
        "the",
        "Lord",
        "Jesus",
        "Christ",
        "we",
        "shall",
        "be",
        "saved,",
        "even",
        "as",
        "they."
      ],
      "header": "",
      "footer": ""
    },
    {
      "book_name": "Acts",
      "chapter": 15,
      "verse": 12,
      "text": [
        "¶",
        "Then",
        "all",
        "the",
        "multitude",
        "kept",
        "silence,",
        "and",
        "gave",
        "audience",
        "to",
        "Barnabas",
        "and",
        "Paul,",
        "declaring",
        "what",
        "miracles",
        "and",
        "wonders",
        "God",
        "had",
        "wrought",
        "among",
        "the",
        "Gentiles",
        "by",
        "them."
      ],
      "header": "",
      "footer": ""
    },
    {
      "book_name": "Acts",
      "chapter": 15,
      "verse": 13,
      "text": [
        "¶",
        "And",
        "after",
        "they",
        "had",
        "held",
        "their",
        "peace,",
        "James",
        "answered,",
        "saying,",
        "Men",
        "*and",
        "brethren,",
        "hearken",
        "unto",
        "me:"
      ],
      "header": "",
      "footer": ""
    },
    {
      "book_name": "Acts",
      "chapter": 15,
      "verse": 14,
      "text": [
        "Simeon",
        "hath",
        "declared",
        "how",
        "God",
        "at",
        "the",
        "first",
        "did",
        "visit",
        "the",
        "Gentiles,",
        "to",
        "take",
        "out",
        "of",
        "them",
        "a",
        "people",
        "for",
        "his",
        "name."
      ],
      "header": "",
      "footer": ""
    },
    {
      "book_name": "Acts",
      "chapter": 15,
      "verse": 15,
      "text": [
        "And",
        "to",
        "this",
        "agree",
        "the",
        "words",
        "of",
        "the",
        "prophets;",
        "as",
        "it",
        "is",
        "written,"
      ],
      "header": "",
      "footer": ""
    },
    {
      "book_name": "Acts",
      "chapter": 15,
      "verse": 16,
      "text": [
        "After",
        "this",
        "I",
        "will",
        "return,",
        "and",
        "will",
        "build",
        "again",
        "the",
        "tabernacle",
        "of",
        "David,",
        "which",
        "is",
        "fallen",
        "down;",
        "and",
        "I",
        "will",
        "build",
        "again",
        "the",
        "ruins",
        "thereof,",
        "and",
        "I",
        "will",
        "set",
        "it",
        "up:"
      ],
      "header": "",
      "footer": ""
    },
    {
      "book_name": "Acts",
      "chapter": 15,
      "verse": 17,
      "text": [
        "That",
        "the",
        "residue",
        "of",
        "men",
        "might",
        "seek",
        "after",
        "the",
        "Lord,",
        "and",
        "all",
        "the",
        "Gentiles,",
        "upon",
        "whom",
        "my",
        "name",
        "is",
        "called,",
        "saith",
        "the",
        "Lord,",
        "who",
        "doeth",
        "all",
        "these",
        "things."
      ],
      "header": "",
      "footer": ""
    },
    {
      "book_name": "Acts",
      "chapter": 15,
      "verse": 18,
      "text": [
        "Known",
        "unto",
        "God",
        "are",
        "all",
        "his",
        "works",
        "from",
        "the",
        "beginning",
        "of",
        "the",
        "world."
      ],
      "header": "",
      "footer": ""
    },
    {
      "book_name": "Acts",
      "chapter": 15,
      "verse": 19,
      "text": [
        "Wherefore",
        "my",
        "sentence",
        "is,",
        "that",
        "we",
        "trouble",
        "not",
        "them,",
        "which",
        "from",
        "among",
        "the",
        "Gentiles",
        "are",
        "turned",
        "to",
        "God:"
      ],
      "header": "",
      "footer": ""
    },
    {
      "book_name": "Acts",
      "chapter": 15,
      "verse": 20,
      "text": [
        "But",
        "that",
        "we",
        "write",
        "unto",
        "them,",
        "that",
        "they",
        "abstain",
        "from",
        "pollutions",
        "of",
        "idols,",
        "and",
        "*from",
        "fornication,",
        "and",
        "*from",
        "things",
        "strangled,",
        "and",
        "*from",
        "blood."
      ],
      "header": "",
      "footer": ""
    },
    {
      "book_name": "Acts",
      "chapter": 15,
      "verse": 21,
      "text": [
        "For",
        "Moses",
        "of",
        "old",
        "time",
        "hath",
        "in",
        "every",
        "city",
        "them",
        "that",
        "preach",
        "him,",
        "being",
        "read",
        "in",
        "the",
        "synagogues",
        "every",
        "sabbath",
        "day."
      ],
      "header": "",
      "footer": ""
    },
    {
      "book_name": "Acts",
      "chapter": 15,
      "verse": 22,
      "text": [
        "Then",
        "pleased",
        "it",
        "the",
        "apostles",
        "and",
        "elders,",
        "with",
        "the",
        "whole",
        "church,",
        "to",
        "send",
        "chosen",
        "men",
        "of",
        "their",
        "own",
        "company",
        "to",
        "Antioch",
        "with",
        "Paul",
        "and",
        "Barnabas;",
        "*namely,",
        "Judas",
        "surnamed",
        "Barsabas,",
        "and",
        "Silas,",
        "chief",
        "men",
        "among",
        "the",
        "brethren:"
      ],
      "header": "",
      "footer": ""
    },
    {
      "book_name": "Acts",
      "chapter": 15,
      "verse": 23,
      "text": [
        "And",
        "they",
        "wrote",
        "*letters",
        "by",
        "them",
        "after",
        "this",
        "manner;",
        "The",
        "apostles",
        "and",
        "elders",
        "and",
        "brethren",
        "*send",
        "greeting",
        "unto",
        "the",
        "brethren",
        "which",
        "are",
        "of",
        "the",
        "Gentiles",
        "in",
        "Antioch",
        "and",
        "Syria",
        "and",
        "Cilicia:"
      ],
      "header": "",
      "footer": ""
    },
    {
      "book_name": "Acts",
      "chapter": 15,
      "verse": 24,
      "text": [
        "Forasmuch",
        "as",
        "we",
        "have",
        "heard,",
        "that",
        "certain",
        "which",
        "went",
        "out",
        "from",
        "us",
        "have",
        "troubled",
        "you",
        "with",
        "words,",
        "subverting",
        "your",
        "souls,",
        "saying,",
        "*Ye",
        "*must",
        "be",
        "circumcised,",
        "and",
        "keep",
        "the",
        "law:",
        "to",
        "whom",
        "we",
        "gave",
        "no",
        "*such",
        "commandment:"
      ],
      "header": "",
      "footer": ""
    },
    {
      "book_name": "Acts",
      "chapter": 15,
      "verse": 25,
      "text": [
        "It",
        "seemed",
        "good",
        "unto",
        "us,",
        "being",
        "assembled",
        "with",
        "one",
        "accord,",
        "to",
        "send",
        "chosen",
        "men",
        "unto",
        "you",
        "with",
        "our",
        "beloved",
        "Barnabas",
        "and",
        "Paul,"
      ],
      "header": "",
      "footer": ""
    },
    {
      "book_name": "Acts",
      "chapter": 15,
      "verse": 26,
      "text": [
        "Men",
        "that",
        "have",
        "hazarded",
        "their",
        "lives",
        "for",
        "the",
        "name",
        "of",
        "our",
        "Lord",
        "Jesus",
        "Christ."
      ],
      "header": "",
      "footer": ""
    },
    {
      "book_name": "Acts",
      "chapter": 15,
      "verse": 27,
      "text": [
        "We",
        "have",
        "sent",
        "therefore",
        "Judas",
        "and",
        "Silas,",
        "who",
        "shall",
        "also",
        "tell",
        "*you",
        "the",
        "same",
        "things",
        "by",
        "mouth."
      ],
      "header": "",
      "footer": ""
    },
    {
      "book_name": "Acts",
      "chapter": 15,
      "verse": 28,
      "text": [
        "For",
        "it",
        "seemed",
        "good",
        "to",
        "the",
        "Holy",
        "Ghost,",
        "and",
        "to",
        "us,",
        "to",
        "lay",
        "upon",
        "you",
        "no",
        "greater",
        "burden",
        "than",
        "these",
        "necessary",
        "things;"
      ],
      "header": "",
      "footer": ""
    },
    {
      "book_name": "Acts",
      "chapter": 15,
      "verse": 29,
      "text": [
        "That",
        "ye",
        "abstain",
        "from",
        "meats",
        "offered",
        "to",
        "idols,",
        "and",
        "from",
        "blood,",
        "and",
        "from",
        "things",
        "strangled,",
        "and",
        "from",
        "fornication:",
        "from",
        "which",
        "if",
        "ye",
        "keep",
        "yourselves,",
        "ye",
        "shall",
        "do",
        "well.",
        "Fare",
        "ye",
        "well."
      ],
      "header": "",
      "footer": ""
    },
    {
      "book_name": "Acts",
      "chapter": 15,
      "verse": 30,
      "text": [
        "So",
        "when",
        "they",
        "were",
        "dismissed,",
        "they",
        "came",
        "to",
        "Antioch:",
        "and",
        "when",
        "they",
        "had",
        "gathered",
        "the",
        "multitude",
        "together,",
        "they",
        "delivered",
        "the",
        "epistle:"
      ],
      "header": "",
      "footer": ""
    },
    {
      "book_name": "Acts",
      "chapter": 15,
      "verse": 31,
      "text": [
        "*Which",
        "when",
        "they",
        "had",
        "read,",
        "they",
        "rejoiced",
        "for",
        "the",
        "consolation."
      ],
      "header": "",
      "footer": ""
    },
    {
      "book_name": "Acts",
      "chapter": 15,
      "verse": 32,
      "text": [
        "And",
        "Judas",
        "and",
        "Silas,",
        "being",
        "prophets",
        "also",
        "themselves,",
        "exhorted",
        "the",
        "brethren",
        "with",
        "many",
        "words,",
        "and",
        "confirmed",
        "*them."
      ],
      "header": "",
      "footer": ""
    },
    {
      "book_name": "Acts",
      "chapter": 15,
      "verse": 33,
      "text": [
        "And",
        "after",
        "they",
        "had",
        "tarried",
        "*there",
        "a",
        "space,",
        "they",
        "were",
        "let",
        "go",
        "in",
        "peace",
        "from",
        "the",
        "brethren",
        "unto",
        "the",
        "apostles."
      ],
      "header": "",
      "footer": ""
    },
    {
      "book_name": "Acts",
      "chapter": 15,
      "verse": 34,
      "text": [
        "Notwithstanding",
        "it",
        "pleased",
        "Silas",
        "to",
        "abide",
        "there",
        "still."
      ],
      "header": "",
      "footer": ""
    },
    {
      "book_name": "Acts",
      "chapter": 15,
      "verse": 35,
      "text": [
        "Paul",
        "also",
        "and",
        "Barnabas",
        "continued",
        "in",
        "Antioch,",
        "teaching",
        "and",
        "preaching",
        "the",
        "word",
        "of",
        "the",
        "Lord,",
        "with",
        "many",
        "others",
        "also."
      ],
      "header": "",
      "footer": ""
    },
    {
      "book_name": "Acts",
      "chapter": 15,
      "verse": 36,
      "text": [
        "¶",
        "And",
        "some",
        "days",
        "after",
        "Paul",
        "said",
        "unto",
        "Barnabas,",
        "Let",
        "us",
        "go",
        "again",
        "and",
        "visit",
        "our",
        "brethren",
        "in",
        "every",
        "city",
        "where",
        "we",
        "have",
        "preached",
        "the",
        "word",
        "of",
        "the",
        "Lord,",
        "*and",
        "*see",
        "how",
        "they",
        "do."
      ],
      "header": "",
      "footer": ""
    },
    {
      "book_name": "Acts",
      "chapter": 15,
      "verse": 37,
      "text": [
        "And",
        "Barnabas",
        "determined",
        "to",
        "take",
        "with",
        "them",
        "John,",
        "whose",
        "surname",
        "was",
        "Mark."
      ],
      "header": "",
      "footer": ""
    },
    {
      "book_name": "Acts",
      "chapter": 15,
      "verse": 38,
      "text": [
        "But",
        "Paul",
        "thought",
        "not",
        "good",
        "to",
        "take",
        "him",
        "with",
        "them,",
        "who",
        "departed",
        "from",
        "them",
        "from",
        "Pamphylia,",
        "and",
        "went",
        "not",
        "with",
        "them",
        "to",
        "the",
        "work."
      ],
      "header": "",
      "footer": ""
    },
    {
      "book_name": "Acts",
      "chapter": 15,
      "verse": 39,
      "text": [
        "And",
        "the",
        "contention",
        "was",
        "so",
        "sharp",
        "between",
        "them,",
        "that",
        "they",
        "departed",
        "asunder",
        "one",
        "from",
        "the",
        "other:",
        "and",
        "so",
        "Barnabas",
        "took",
        "Mark,",
        "and",
        "sailed",
        "unto",
        "Cyprus;"
      ],
      "header": "",
      "footer": ""
    },
    {
      "book_name": "Acts",
      "chapter": 15,
      "verse": 40,
      "text": [
        "And",
        "Paul",
        "chose",
        "Silas,",
        "and",
        "departed,",
        "being",
        "recommended",
        "by",
        "the",
        "brethren",
        "unto",
        "the",
        "grace",
        "of",
        "God."
      ],
      "header": "",
      "footer": ""
    },
    {
      "book_name": "Acts",
      "chapter": 15,
      "verse": 41,
      "text": [
        "And",
        "he",
        "went",
        "through",
        "Syria",
        "and",
        "Cilicia,",
        "confirming",
        "the",
        "churches."
      ],
      "header": "",
      "footer": ""
    }
  ]
}