{
  "book_name": "Acts",
  "chapter": 2,
  "verses": [
    {
      "book_name": "Acts",
      "chapter": 2,
      "verse": 1,
      "text": [
        "And",
        "when",
        "the",
        "day",
        "of",
        "Pentecost",
        "was",
        "fully",
        "come,",
        "they",
        "were",
        "all",
        "with",
        "one",
        "accord",
        "in",
        "one",
        "place."
      ],
      "header": "",
      "footer": ""
    },
    {
      "book_name": "Acts",
      "chapter": 2,
      "verse": 2,
      "text": [
        "And",
        "suddenly",
        "there",
        "came",
        "a",
        "sound",
        "from",
        "heaven",
        "as",
        "of",
        "a",
        "rushing",
        "mighty",
        "wind,",
        "and",
        "it",
        "filled",
        "all",
        "the",
        "house",
        "where",
        "they",
        "were",
        "sitting."
      ],
      "header": "",
      "footer": ""
    },
    {
      "book_name": "Acts",
      "chapter": 2,
      "verse": 3,
      "text": [
        "And",
        "there",
        "appeared",
        "unto",
        "them",
        "cloven",
        "tongues",
        "like",
        "as",
        "of",
        "fire,",
        "and",
        "it",
        "sat",
        "upon",
        "each",
        "of",
        "them."
      ],
      "header": "",
      "footer": ""
    },
    {
      "book_name": "Acts",
      "chapter": 2,
      "verse": 4,
      "text": [
        "And",
        "they",
        "were",
        "all",
        "filled",
        "with",
        "the",
        "Holy",
        "Ghost,",
        "and",
        "began",
        "to",
        "speak",
        "with",
        "other",
        "tongues,",
        "as",
        "the",
        "Spirit",
        "gave",
        "them",
        "utterance."
      ],
      "header": "",
      "footer": ""
    },
    {
      "book_name": "Acts",
      "chapter": 2,
      "verse": 5,
      "text": [
        "And",
        "there",
        "were",
        "dwelling",
        "at",
        "Jerusalem",
        "Jews,",
        "devout",
        "men,",
        "out",
        "of",
        "every",
        "nation",
        "under",
        "heaven."
      ],
      "header": "",
      "footer": ""
    },
    {
      "book_name": "Acts",
      "chapter": 2,
      "verse": 6,
      "text": [
        "Now",
        "when",
        "this",
        "was",
        "noised",
        "abroad,",
        "the",
        "multitude",
        "came",
        "together,",
        "and",
        "were",
        "confounded,",
        "because",
        "that",
        "every",
        "man",
        "heard",
        "them",
        "speak",
        "in",
        "his",
        "own",
        "language."
      ],
      "header": "",
      "footer": ""
    },
    {
      "book_name": "Acts",
      "chapter": 2,
      "verse": 7,
      "text": [
        "And",
        "they",
        "were",
        "all",
        "amazed",
        "and",
        "marvelled,",
        "saying",
        "one",
        "to",
        "another,",
        "Behold,",
        "are",
        "not",
        "all",
        "these",
        "which",
        "speak",
        "Galilaeans?"
      ],
      "header": "",
      "footer": ""
    },
    {
      "book_name": "Acts",
      "chapter": 2,
      "verse": 8,
      "text": [
        "And",
        "how",
        "hear",
        "we",
        "every",
        "man",
        "in",
        "our",
        "own",
        "tongue,",
        "wherein",
        "we",
        "were",
        "born?"
      ],
      "header": "",
      "footer": ""
    },
    {
      "book_name": "Acts",
      "chapter": 2,
      "verse": 9,
      "text": [
        "Parthians,",
        "and",
        "Medes,",
        "and",
        "Elamites,",
        "and",
        "the",
        "dwellers",
        "in",
        "Mesopotamia,",
        "and",
        "in",
        "Judæa,",
        "and",
        "Cappadocia,",
        "in",
        "Pontus,",
        "and",
        "Asia,"
      ],
      "header": "",
      "footer": ""
    },
    {
      "book_name": "Acts",
      "chapter": 2,
      "verse": 10,
      "text": [
        "Phrygia,",
        "and",
        "Pamphylia,",
        "in",
        "Egypt,",
        "and",
        "in",
        "the",
        "parts",
        "of",
        "Libya",
        "about",
        "Cyrene,",
        "and",
        "strangers",
        "of",
        "Rome,",
        "Jews",
        "and",
        "proselytes,"
      ],
      "header": "",
      "footer": ""
    },
    {
      "book_name": "Acts",
      "chapter": 2,
      "verse": 11,
      "text": [
        "Cretes",
        "and",
        "Arabians,",
        "we",
        "do",
        "hear",
        "them",
        "speak",
        "in",
        "our",
        "tongues",
        "the",
        "wonderful",
        "works",
        "of",
        "God."
      ],
      "header": "",
      "footer": ""
    },
    {
      "book_name": "Acts",
      "chapter": 2,
      "verse": 12,
      "text": [
        "And",
        "they",
        "were",
        "all",
        "amazed,",
        "and",
        "were",
        "in",
        "doubt,",
        "saying",
        "one",
        "to",
        "another,",
        "What",
        "meaneth",
        "this?"
      ],
      "header": "",
      "footer": ""
    },
    {
      "book_name": "Acts",
      "chapter": 2,
      "verse": 13,
      "text": [
        "Others",
        "mocking",
        "said,",
        "These",
        "men",
        "are",
        "full",
        "of",
        "new",
        "wine."
      ],
      "header": "",
      "footer": ""
    },
    {
      "book_name": "Acts",
      "chapter": 2,
      "verse": 14,
      "text": [
        "¶",
        "But",
        "Peter,",
        "standing",
        "up",
        "with",
        "the",
        "eleven,",
        "lifted",
        "up",
        "his",
        "voice,",
        "and",
        "said",
        "unto",
        "them,",
        "Ye",
        "men",
        "of",
        "Judæa,",
        "and",
        "all",
        "*ye",
        "that",
        "dwell",
        "at",
        "Jerusalem,",
        "be",
        "this",
        "known",
        "unto",
        "you,",
        "and",
        "hearken",
        "to",
        "my",
        "words:"
      ],
      "header": "",
      "footer": ""
    },
    {
      "book_name": "Acts",
      "chapter": 2,
      "verse": 15,
      "text": [
        "For",
        "these",
        "are",
        "not",
        "drunken,",
        "as",
        "ye",
        "suppose,",
        "seeing",
        "it",
        "is",
        "*but",
        "the",
        "third",
        "hour",
        "of",
        "the",
        "day."
      ],
      "header": "",
      "footer": ""
    },
    {
      "book_name": "Acts",
      "chapter": 2,
      "verse": 16,
      "text": [
        "But",
        "this",
        "is",
        "that",
        "which",
        "was",
        "spoken",
        "by",
        "the",
        "prophet",
        "Joel;"
      ],
      "header": "",
      "footer": ""
    },
    {
      "book_name": "Acts",
      "chapter": 2,
      "verse": 17,
      "text": [
        "And",
        "it",
        "shall",
        "come",
        "to",
        "pass",
        "in",
        "the",
        "last",
        "days,",
        "saith",
        "God,",
        "I",
        "will",
        "pour",
        "out",
        "of",
        "my",
        "Spirit",
        "upon",
        "all",
        "flesh:",
        "and",
        "your",
        "sons",
        "and",
        "your",
        "daughters",
        "shall",
        "prophesy,",
        "and",
        "your",
        "young",
        "men",
        "shall",
        "see",
        "visions,",
        "and",
        "your",
        "old",
        "men",
        "shall",
        "dream",
        "dreams:"
      ],
      "header": "",
      "footer": ""
    },
    {
      "book_name": "Acts",
      "chapter": 2,
      "verse": 18,
      "text": [
        "And",
        "on",
        "my",
        "servants",
        "and",
        "on",
        "my",
        "handmaidens",
        "I",
        "will",
        "pour",
        "out",
        "in",
        "those",
        "days",
        "of",
        "my",
        "Spirit;",
        "and",
        "they",
        "shall",
        "prophesy:"
      ],
      "header": "",
      "footer": ""
    },
    {
      "book_name": "Acts",
      "chapter": 2,
      "verse": 19,
      "text": [
        "And",
        "I",
        "will",
        "shew",
        "wonders",
        "in",
        "heaven",
        "above,",
        "and",
        "signs",
        "in",
        "the",
        "earth",
        "beneath;",
        "blood,",
        "and",
        "fire,",
        "and",
        "vapour",
        "of",
        "smoke:"
      ],
      "header": "",
      "footer": ""
    },
    {
      "book_name": "Acts",
      "chapter": 2,
      "verse": 20,
      "text": [
        "The",
        "sun",
        "shall",
        "be",
        "turned",
        "into",
        "darkness,",
        "and",
        "the",
        "moon",
        "into",
        "blood,",
        "before",
        "that",
        "great",
        "and",
        "notable",
        "day",
        "of",
        "the",
        "Lord",
        "come:"
      ],
      "header": "",
      "footer": ""
    },
    {
      "book_name": "Acts",
      "chapter": 2,
      "verse": 21,
      "text": [
        "And",
        "it",
        "shall",
        "come",
        "to",
        "pass,",
        "*that",
        "whosoever",
        "shall",
        "call",
        "on",
        "the",
        "name",
        "of",
        "the",
        "Lord",
        "shall",
        "be",
        "saved."
      ],
      "header": "",
      "footer": ""
    },
    {
      "book_name": "Acts",
      "chapter": 2,
      "verse": 22,
      "text": [
        "Ye",
        "men",
        "of",
        "Israel,",
        "hear",
        "these",
        "words;",
        "Jesus",
        "of",
        "Nazareth,",
        "a",
        "man",
        "approved",
        "of",
        "God",
        "among",
        "you",
        "by",
        "miracles",
        "and",
        "wonders",
        "and",
        "signs,",
        "which",
        "God",
        "did",
        "by",
        "him",
        "in",
        "the",
        "midst",
        "of",
        "you,",
        "as",
        "ye",
        "yourselves",
        "also",
        "know:"
      ],
      "header": "",
      "footer": ""
    },
    {
      "book_name": "Acts",
      "chapter": 2,
      "verse": 23,
      "text": [
        "Him,",
        "being",
        "delivered",
        "by",
        "the",
        "determinate",
        "counsel",
        "and",
        "foreknowledge",
        "of",
        "God,",
        "ye",
        "have",
        "taken,",
        "and",
        "by",
        "wicked",
        "hands",
        "have",
        "crucified",
        "and",
        "slain:"
      ],
      "header": "",
      "footer": ""
    },
    {
      "book_name": "Acts",
      "chapter": 2,
      "verse": 24,
      "text": [
        "Whom",
        "God",
        "hath",
        "raised",
        "up,",
        "having",
        "loosed",
        "the",
        "pains",
        "of",
        "death:",
        "because",
        "it",
        "was",
        "not",
        "possible",
        "that",
        "he",
        "should",
        "be",
        "holden",
        "of",
        "it."
      ],
      "header": "",
      "footer": ""
    },
    {
      "book_name": "Acts",
      "chapter": 2,
      "verse": 25,
      "text": [
        "For",
        "David",
        "speaketh",
        "concerning",
        "him,",
        "I",
        "foresaw",
        "the",
        "Lord",
        "always",
        "before",
        "my",
        "face,",
        "for",
        "he",
        "is",
        "on",
        "my",
        "right",
        "hand,",
        "that",
        "I",
        "should",
        "not",
        "be",
        "moved:"
      ],
      "header": "",
      "footer": ""
    },
    {
      "book_name": "Acts",
      "chapter": 2,
      "verse": 26,
      "text": [
        "Therefore",
        "did",
        "my",
        "heart",
        "rejoice,",
        "and",
        "my",
        "tongue",
        "was",
        "glad;",
        "moreover",
        "also",
        "my",
        "flesh",
        "shall",
        "rest",
        "in",
        "hope:"
      ],
      "header": "",
      "footer": ""
    },
    {
      "book_name": "Acts",
      "chapter": 2,
      "verse": 27,
      "text": [
        "Because",
        "thou",
        "wilt",
        "not",
        "leave",
        "my",
        "soul",
        "in",
        "hell,",
        "neither",
        "wilt",
        "thou",
        "suffer",
        "thine",
        "Holy",
        "One",
        "to",
        "see",
        "corruption."
      ],
      "header": "",
      "footer": ""
    },
    {
      "book_name": "Acts",
      "chapter": 2,
      "verse": 28,
      "text": [
        "Thou",
        "hast",
        "made",
        "known",
        "to",
        "me",
        "the",
        "ways",
        "of",
        "life;",
        "thou",
        "shalt",
        "make",
        "me",
        "full",
        "of",
        "joy",
        "with",
        "thy",
        "countenance."
      ],
      "header": "",
      "footer": ""
    },
    {
      "book_name": "Acts",
      "chapter": 2,
      "verse": 29,
      "text": [
        "Men",
        "*and",
        "brethren,",
        "let",
        "me",
        "freely",
        "speak",
        "unto",
        "you",
        "of",
        "the",
        "patriarch",
        "David,",
        "that",
        "he",
        "is",
        "both",
        "dead",
        "and",
        "buried,",
        "and",
        "his",
        "sepulchre",
        "is",
        "with",
        "us",
        "unto",
        "this",
        "day."
      ],
      "header": "",
      "footer": ""
    },
    {
      "book_name": "Acts",
      "chapter": 2,
      "verse": 30,
      "text": [
        "Therefore",
        "being",
        "a",
        "prophet,",
        "and",
        "knowing",
        "that",
        "God",
        "had",
        "sworn",
        "with",
        "an",
        "oath",
        "to",
        "him,",
        "that",
        "of",
        "the",
        "fruit",
        "of",
        "his",
        "loins,",
        "according",
        "to",
        "the",
        "flesh,",
        "he",
        "would",
        "raise",
        "up",
        "Christ",
        "to",
        "sit",
        "on",
        "his",
        "throne;"
      ],
      "header": "",
      "footer": ""
    },
    {
      "book_name": "Acts",
      "chapter": 2,
      "verse": 31,
      "text": [
        "He",
        "seeing",
        "this",
        "before",
        "spake",
        "of",
        "the",
        "resurrection",
        "of",
        "Christ,",
        "that",
        "his",
        "soul",
        "was",
        "not",
        "left",
        "in",
        "hell,",
        "neither",
        "his",
        "flesh",
        "did",
        "see",
        "corruption."
      ],
      "header": "",
      "footer": ""
    },
    {
      "book_name": "Acts",
      "chapter": 2,
      "verse": 32,
      "text": [
        "This",
        "Jesus",
        "hath",
        "God",
        "raised",
        "up,",
        "whereof",
        "we",
        "all",
        "are",
        "witnesses."
      ],
      "header": "",
      "footer": ""
    },
    {
      "book_name": "Acts",
      "chapter": 2,
      "verse": 33,
      "text": [
        "Therefore",
        "being",
        "by",
        "the",
        "right",
        "hand",
        "of",
        "God",
        "exalted,",
        "and",
        "having",
        "received",
        "of",
        "the",
        "Father",
        "the",
        "promise",
        "of",
        "the",
        "Holy",
        "Ghost,",
        "he",
        "hath",
        "shed",
        "forth",
        "this,",
        "which",
        "ye",
        "now",
        "see",
        "and",
        "hear."
      ],
      "header": "",
      "footer": ""
    },
    {
      "book_name": "Acts",
      "chapter": 2,
      "verse": 34,
      "text": [
        "For",
        "David",
        "is",
        "not",
        "ascended",
        "into",
        "the",
        "heavens:",
        "but",
        "he",
        "saith",
        "himself,",
        "The",
        "Lᴏʀᴅ",
        "said",
        "unto",
        "my",
        "Lord,",
        "Sit",
        "thou",
        "on",
        "my",
        "right",
        "hand,"
      ],
      "header": "",
      "footer": ""
    },
    {
      "book_name": "Acts",
      "chapter": 2,
      "verse": 35,
      "text": [
        "Until",
        "I",
        "make",
        "thy",
        "foes",
        "thy",
        "footstool."
      ],
      "header": "",
      "footer": ""
    },
    {
      "book_name": "Acts",
      "chapter": 2,
      "verse": 36,
      "text": [
        "Therefore",
        "let",
        "all",
        "the",
        "house",
        "of",
        "Israel",
        "know",
        "assuredly,",
        "that",
        "God",
        "hath",
        "made",
        "that",
        "same",
        "Jesus,",
        "whom",
        "ye",
        "have",
        "crucified,",
        "both",
        "Lord",
        "and",
        "Christ."
      ],
      "header": "",
      "footer": ""
    },
    {
      "book_name": "Acts",
      "chapter": 2,
      "verse": 37,
      "text": [
        "¶",
        "Now",
        "when",
        "they",
        "heard",
        "*this,",
        "they",
        "were",
        "pricked",
        "in",
        "their",
        "heart,",
        "and",
        "said",
        "unto",
        "Peter",
        "and",
        "to",
        "the",
        "rest",
        "of",
        "the",
        "apostles,",
        "Men",
        "*and",
        "brethren,",
        "what",
        "shall",
        "we",
        "do?"
      ],
      "header": "",
      "footer": ""
    },
    {
      "book_name": "Acts",
      "chapter": 2,
      "verse": 38,
      "text": [
        "Then",
        "Peter",
        "said",
        "unto",
        "them,",
        "Repent,",
        "and",
        "be",
        "baptized",
        "every",
        "one",
        "of",
        "you",
        "in",
        "the",
        "name",
        "of",
        "Jesus",
        "Christ",
        "for",
        "the",
        "remission",
        "of",
        "sins,",
        "and",
        "ye",
        "shall",
        "receive",
        "the",
        "gift",
        "of",
        "the",
        "Holy",
        "Ghost."
      ],
      "header": "",
      "footer": ""
    },
    {
      "book_name": "Acts",
      "chapter": 2,
      "verse": 39,
      "text": [
        "For",
        "the",
        "promise",
        "is",
        "unto",
        "you,",
        "and",
        "to",
        "your",
        "children,",
        "and",
        "to",
        "all",
        "that",
        "are",
        "afar",
        "off,",
        "*even",
        "as",
        "many",
        "as",
        "the",
        "Lord",
        "our",
        "God",
        "shall",
        "call."
      ],
      "header": "",
      "footer": ""
    },
    {
      "book_name": "Acts",
      "chapter": 2,
      "verse": 40,
      "text": [
        "And",
        "with",
        "many",
        "other",
        "words",
        "did",
        "he",
        "testify",
        "and",
        "exhort,",
        "saying,",
        "Save",
        "yourselves",
        "from",
        "this",
        "untoward",
        "generation."
      ],
      "header": "",
      "footer": ""
    },
    {
      "book_name": "Acts",
      "chapter": 2,
      "verse": 41,
      "text": [
        "¶",
        "Then",
        "they",
        "that",
        "gladly",
        "received",
        "his",
        "word",
        "were",
        "baptized:",
        "and",
        "the",
        "same",
        "day",
        "there",
        "were",
        "added",
        "*unto",
        "*them",
        "about",
        "three",
        "thousand",
        "souls."
      ],
      "header": "",
      "footer": ""
    },
    {
      "book_name": "Acts",
      "chapter": 2,
      "verse": 42,
      "text": [
        "And",
        "they",
        "continued",
        "stedfastly",
        "in",
        "the",
        "apostles'",
        "doctrine",
        "and",
        "fellowship,",
        "and",
        "in",
        "breaking",
        "of",
        "bread,",
        "and",
        "in",
        "prayers."
      ],
      "header": "",
      "footer": ""
    },
    {
      "book_name": "Acts",
      "chapter": 2,
      "verse": 43,
      "text": [
        "And",
        "fear",
        "came",
        "upon",
        "every",
        "soul:",
        "and",
        "many",
        "wonders",
        "and",
        "signs",
        "were",
        "done",
        "by",
        "the",
        "apostles."
      ],
      "header": "",
      "footer": ""
    },
    {
      "book_name": "Acts",
      "chapter": 2,
      "verse": 44,
      "text": [
        "And",
        "all",
        "that",
        "believed",
        "were",
        "together,",
        "and",
        "had",
        "all",
        "things",
        "common;"
      ],
      "header": "",
      "footer": ""
    },
    {
      "book_name": "Acts",
      "chapter": 2,
      "verse": 45,
      "text": [
        "And",
        "sold",
        "their",
        "possessions",
        "and",
        "goods,",
        "and",
        "parted",
        "them",
        "to",
        "all",
        "*men,",
        "as",
        "every",
        "man",
        "had",
        "need."
      ],
      "header": "",
      "footer": ""
    },
    {
      "book_name": "Acts",
      "chapter": 2,
      "verse": 46,
      "text": [
        "And",
        "they,",
        "continuing",
        "daily",
        "with",
        "one",
        "accord",
        "in",
        "the",
        "temple,",
        "and",
        "breaking",
        "bread",
        "from",
        "house",
        "to",
        "house,",
        "did",
        "eat",
        "their",
        "meat",
        "with",
        "gladness",
        "and",
        "singleness",
        "of",
        "heart,"
      ],
      "header": "",
      "footer": ""
    },
    {
      "book_name": "Acts",
      "chapter": 2,
      "verse": 47,
      "text": [
        "Praising",
        "God,",
        "and",
        "having",
        "favour",
        "with",
        "all",
        "the",
        "people.",
        "And",
        "the",
        "Lord",
        "added",
        "to",
        "the",
        "church",
        "daily",
        "such",
        "as",
        "should",
        "be",
        "saved."
      ],
      "header": "",
      "footer": ""
    }
  ]
}