{
  "book_name": "Acts",
  "chapter": 3,
  "verses": [
    {
      "book_name": "Acts",
      "chapter": 3,
      "verse": 1,
      "text": [
        "Now",
        "Peter",
        "and",
        "John",
        "went",
        "up",
        "together",
        "into",
        "the",
        "temple",
        "at",
        "the",
        "hour",
        "of",
        "prayer,",
        "*being",
        "the",
        "ninth",
        "*hour."
      ],
      "header": "",
      "footer": ""
    },
    {
      "book_name": "Acts",
      "chapter": 3,
      "verse": 2,
      "text": [
        "And",
        "a",
        "certain",
        "man",
        "lame",
        "from",
        "his",
        "mother's",
        "womb",
        "was",
        "carried,",
        "whom",
        "they",
        "laid",
        "daily",
        "at",
        "the",
        "gate",
        "of",
        "the",
        "temple",
        "which",
        "is",
        "called",
        "Beautiful,",
        "to",
        "ask",
        "alms",
        "of",
        "them",
        "that",
        "entered",
        "into",
        "the",
        "temple;"
      ],
      "header": "",
      "footer": ""
    },
    {
      "book_name": "Acts",
      "chapter": 3,
      "verse": 3,
      "text": [
        "Who",
        "seeing",
        "Peter",
        "and",
        "John",
        "about",
        "to",
        "go",
        "into",
        "the",
        "temple",
        "asked",
        "an",
        "alms."
      ],
      "header": "",
      "footer": ""
    },
    {
      "book_name": "Acts",
      "chapter": 3,
      "verse": 4,
      "text": [
        "And",
        "Peter,",
        "fastening",
        "his",
        "eyes",
        "upon",
        "him",
        "with",
        "John,",
        "said,",
        "Look",
        "on",
        "us."
      ],
      "header": "",
      "footer": ""
    },
    {
      "book_name": "Acts",
      "chapter": 3,
      "verse": 5,
      "text": [
        "And",
        "he",
        "gave",
        "heed",
        "unto",
        "them,",
        "expecting",
        "to",
        "receive",
        "something",
        "of",
        "them."
      ],
      "header": "",
      "footer": ""
    },
    {
      "book_name": "Acts",
      "chapter": 3,
      "verse": 6,
      "text": [
        "Then",
        "Peter",
        "said,",
        "Silver",
        "and",
        "gold",
        "have",
        "I",
        "none;",
        "but",
        "such",
        "as",
        "I",
        "have",
        "give",
        "I",
        "thee:",
        "In",
        "the",
        "name",
        "of",
        "Jesus",
        "Christ",
        "of",
        "Nazareth",
        "rise",
        "up",
        "and",
        "walk."
      ],
      "header": "",
      "footer": ""
    },
    {
      "book_name": "Acts",
      "chapter": 3,
      "verse": 7,
      "text": [
        "And",
        "he",
        "took",
        "him",
        "by",
        "the",
        "right",
        "hand,",
        "and",
        "lifted",
        "*him",
        "up:",
        "and",
        "immediately",
        "his",
        "feet",
        "and",
        "ancle",
        "bones",
        "received",
        "strength."
      ],
      "header": "",
      "footer": ""
    },
    {
      "book_name": "Acts",
      "chapter": 3,
      "verse": 8,
      "text": [
        "And",
        "he",
        "leaping",
        "up",
        "stood,",
        "and",
        "walked,",
        "and",
        "entered",
        "with",
        "them",
        "into",
        "the",
        "temple,",
        "walking,",
        "and",
        "leaping,",
        "and",
        "praising",
        "God."
      ],
      "header": "",
      "footer": ""
    },
    {
      "book_name": "Acts",
      "chapter": 3,
      "verse": 9,
      "text": [
        "And",
        "all",
        "the",
        "people",
        "saw",
        "him",
        "walking",
        "and",
        "praising",
        "God:"
      ],
      "header": "",
      "footer": ""
    },
    {
      "book_name": "Acts",
      "chapter": 3,
      "verse": 10,
      "text": [
        "And",
        "they",
        "knew",
        "that",
        "it",
        "was",
        "he",
        "which",
        "sat",
        "for",
        "alms",
        "at",
        "the",
        "Beautiful",
        "gate",
        "of",
        "the",
        "temple:",
        "and",
        "they",
        "were",
        "filled",
        "with",
        "wonder",
        "and",
        "amazement",
        "at",
        "that",
        "which",
        "had",
        "happened",
        "unto",
        "him."
      ],
      "header": "",
      "footer": ""
    },
    {
      "book_name": "Acts",
      "chapter": 3,
      "verse": 11,
      "text": [
        "And",
        "as",
        "the",
        "lame",
        "man",
        "which",
        "was",
        "healed",
        "held",
        "Peter",
        "and",
        "John,",
        "all",
        "the",
        "people",
        "ran",
        "together",
        "unto",
        "them",
        "in",
        "the",
        "porch",
        "that",
        "is",
        "called",
        "Solomon's,",
        "greatly",
        "wondering."
      ],
      "header": "",
      "footer": ""
    },
    {
      "book_name": "Acts",
      "chapter": 3,
      "verse": 12,
      "text": [
        "¶",
        "And",
        "when",
        "Peter",
        "saw",
        "*it,",
        "he",
        "answered",
        "unto",
        "the",
        "people,",
        "Ye",
        "men",
        "of",
        "Israel,",
        "why",
        "marvel",
        "ye",
        "at",
        "this?",
        "or",
        "why",
        "look",
        "ye",
        "so",
        "earnestly",
        "on",
        "us,",
        "as",
        "though",
        "by",
        "our",
        "own",
        "power",
        "or",
        "holiness",
        "we",
        "had",
        "made",
        "this",
        "man",
        "to",
        "walk?"
      ],
      "header": "",
      "footer": ""
    },
    {
      "book_name": "Acts",
      "chapter": 3,
      "verse": 13,
      "text": [
        "The",
        "God",
        "of",
        "Abraham,",
        "and",
        "of",
        "Isaac,",
        "and",
        "of",
        "Jacob,",
        "the",
        "God",
        "of",
        "our",
        "fathers,",
        "hath",
        "glorified",
        "his",
        "Son",
        "Jesus;",
        "whom",
        "ye",
        "delivered",
        "up,",
        "and",
        "denied",
        "him",
        "in",
        "the",
        "presence",
        "of",
        "Pilate,",
        "when",
        "he",
        "was",
        "determined",
        "to",
        "let",
        "*him",
        "go."
      ],
      "header": "",
      "footer": ""
    },
    {
      "book_name": "Acts",
      "chapter": 3,
      "verse": 14,
      "text": [
        "But",
        "ye",
        "denied",
        "the",
        "Holy",
        "One",
        "and",
        "the",
        "Just,",
        "and",
        "desired",
        "a",
        "murderer",
        "to",
        "be",
        "granted",
        "unto",
        "you;"
      ],
      "header": "",
      "footer": ""
    },
    {
      "book_name": "Acts",
      "chapter": 3,
      "verse": 15,
      "text": [
        "And",
        "killed",
        "the",
        "Prince",
        "of",
        "life,",
        "whom",
        "God",
        "hath",
        "raised",
        "from",
        "the",
        "dead;",
        "whereof",
        "we",
        "are",
        "witnesses."
      ],
      "header": "",
      "footer": ""
    },
    {
      "book_name": "Acts",
      "chapter": 3,
      "verse": 16,
      "text": [
        "And",
        "his",
        "name",
        "through",
        "faith",
        "in",
        "his",
        "name",
        "hath",
        "made",
        "this",
        "man",
        "strong,",
        "whom",
        "ye",
        "see",
        "and",
        "know:",
        "yea,",
        "the",
        "faith",
        "which",
        "is",
        "by",
        "him",
        "hath",
        "given",
        "him",
        "this",
        "perfect",
        "soundness",
        "in",
        "the",
        "presence",
        "of",
        "you",
        "all."
      ],
      "header": "",
      "footer": ""
    },
    {
      "book_name": "Acts",
      "chapter": 3,
      "verse": 17,
      "text": [
        "And",
        "now,",
        "brethren,",
        "I",
        "wot",
        "that",
        "through",
        "ignorance",
        "ye",
        "did",
        "*it,",
        "as",
        "*did",
        "also",
        "your",
        "rulers."
      ],
      "header": "",
      "footer": ""
    },
    {
      "book_name": "Acts",
      "chapter": 3,
      "verse": 18,
      "text": [
        "But",
        "those",
        "things,",
        "which",
        "God",
        "before",
        "had",
        "shewed",
        "by",
        "the",
        "mouth",
        "of",
        "all",
        "his",
        "prophets,",
        "that",
        "Christ",
        "should",
        "suffer,",
        "he",
        "hath",
        "so",
        "fulfilled."
      ],
      "header": "",
      "footer": ""
    },
    {
      "book_name": "Acts",
      "chapter": 3,
      "verse": 19,
      "text": [
        "¶",
        "Repent",
        "ye",
        "therefore,",
        "and",
        "be",
        "converted,",
        "that",
        "your",
        "sins",
        "may",
        "be",
        "blotted",
        "out,",
        "when",
        "the",
        "times",
        "of",
        "refreshing",
        "shall",
        "come",
        "from",
        "the",
        "presence",
        "of",
        "the",
        "Lord;"
      ],
      "header": "",
      "footer": ""
    },
    {
      "book_name": "Acts",
      "chapter": 3,
      "verse": 20,
      "text": [
        "And",
        "he",
        "shall",
        "send",
        "Jesus",
        "Christ,",
        "which",
        "before",
        "was",
        "preached",
        "unto",
        "you:"
      ],
      "header": "",
      "footer": ""
    },
    {
      "book_name": "Acts",
      "chapter": 3,
      "verse": 21,
      "text": [
        "Whom",
        "the",
        "heaven",
        "must",
        "receive",
        "until",
        "the",
        "times",
        "of",
        "restitution",
        "of",
        "all",
        "things,",
        "which",
        "God",
        "hath",
        "spoken",
        "by",
        "the",
        "mouth",
        "of",
        "all",
        "his",
        "holy",
        "prophets",
        "since",
        "the",
        "world",
        "began."
      ],
      "header": "",
      "footer": ""
    },
    {
      "book_name": "Acts",
      "chapter": 3,
      "verse": 22,
      "text": [
        "For",
        "Moses",
        "truly",
        "said",
        "unto",
        "the",
        "fathers,",
        "A",
        "prophet",
        "shall",
        "the",
        "Lord",
        "your",
        "God",
        "raise",
        "up",
        "unto",
        "you",
        "of",
        "your",
        "brethren,",
        "like",
        "unto",
        "me;",
        "him",
        "shall",
        "ye",
        "hear",
        "in",
        "all",
        "things",
        "whatsoever",
        "he",
        "shall",
        "say",
        "unto",
        "you."
      ],
      "header": "",
      "footer": ""
    },
    {
      "book_name": "Acts",
      "chapter": 3,
      "verse": 23,
      "text": [
        "And",
        "it",
        "shall",
        "come",
        "to",
        "pass,",
        "*that",
        "every",
        "soul,",
        "which",
        "will",
        "not",
        "hear",
        "that",
        "prophet,",
        "shall",
        "be",
        "destroyed",
        "from",
        "among",
        "the",
        "people."
      ],
      "header": "",
      "footer": ""
    },
    {
      "book_name": "Acts",
      "chapter": 3,
      "verse": 24,
      "text": [
        "Yea,",
        "and",
        "all",
        "the",
        "prophets",
        "from",
        "Samuel",
        "and",
        "those",
        "that",
        "follow",
        "after,",
        "as",
        "many",
        "as",
        "have",
        "spoken,",
        "have",
        "likewise",
        "foretold",
        "of",
        "these",
        "days."
      ],
      "header": "",
      "footer": ""
    },
    {
      "book_name": "Acts",
      "chapter": 3,
      "verse": 25,
      "text": [
        "Ye",
        "are",
        "the",
        "children",
        "of",
        "the",
        "prophets,",
        "and",
        "of",
        "the",
        "covenant",
        "which",
        "God",
        "made",
        "with",
        "our",
        "fathers,",
        "saying",
        "unto",
        "Abraham,",
        "And",
        "in",
        "thy",
        "seed",
        "shall",
        "all",
        "the",
        "kindreds",
        "of",
        "the",
        "earth",
        "be",
        "blessed."
      ],
      "header": "",
      "footer": ""
    },
    {
      "book_name": "Acts",
      "chapter": 3,
      "verse": 26,
      "text": [
        "Unto",
        "you",
        "first",
        "God,",
        "having",
        "raised",
        "up",
        "his",
        "Son",
        "Jesus,",
        "sent",
        "him",
        "to",
        "bless",
        "you,",
        "in",
        "turning",
        "away",
        "every",
        "one",
        "of",
        "you",
        "from",
        "his",
        "iniquities."
      ],
      "header": "",
      "footer": ""
    }
  ]
}