{
  "book_name": "James",
  "chapter": 1,
  "verses": [
    {
      "book_name": "James",
      "chapter": 1,
      "verse": 1,
      "text": [
        "James,",
        "a",
        "servant",
        "of",
        "God",
        "and",
        "of",
        "the",
        "Lord",
        "Jesus",
        "Christ,",
        "to",
        "the",
        "twelve",
        "tribes",
        "which",
        "are",
        "scattered",
        "abroad,",
        "greeting."
      ],
      "header": "",
      "footer": ""
    },
    {
      "book_name": "James",
      "chapter": 1,
      "verse": 2,
      "text": [
        "My",
        "brethren,",
        "count",
        "it",
        "all",
        "joy",
        "when",
        "ye",
        "fall",
        "into",
        "divers",
        "temptations;"
      ],
      "header": "",
      "footer": ""
    },
    {
      "book_name": "James",
      "chapter": 1,
      "verse": 3,
      "text": [
        "Knowing",
        "*this,",
        "that",
        "the",
        "trying",
        "of",
        "your",
        "faith",
        "worketh",
        "patience."
      ],
      "header": "",
      "footer": ""
    },
    {
      "book_name": "James",
      "chapter": 1,
      "verse": 4,
      "text": [
        "But",
        "let",
        "patience",
        "have",
        "*her",
        "perfect",
        "work,",
        "that",
        "ye",
        "may",
        "be",
        "perfect",
        "and",
        "entire,",
        "wanting",
        "nothing."
      ],
      "header": "",
      "footer": ""
    },
    {
      "book_name": "James",
      "chapter": 1,
      "verse": 5,
      "text": [
        "If",
        "any",
        "of",
        "you",
        "lack",
        "wisdom,",
        "let",
        "him",
        "ask",
        "of",
        "God,",
        "that",
        "giveth",
        "to",
        "all",
        "*men",
        "liberally,",
        "and",
        "upbraideth",
        "not;",
        "and",
        "it",
        "shall",
        "be",
        "given",
        "him."
      ],
      "header": "",
      "footer": ""
    },
    {
      "book_name": "James",
      "chapter": 1,
      "verse": 6,
      "text": [
        "But",
        "let",
        "him",
        "ask",
        "in",
        "faith,",
        "nothing",
        "wavering.",
        "For",
        "he",
        "that",
        "wavereth",
        "is",
        "like",
        "a",
        "wave",
        "of",
        "the",
        "sea",
        "driven",
        "with",
        "the",
        "wind",
        "and",
        "tossed."
      ],
      "header": "",
      "footer": ""
    },
    {
      "book_name": "James",
      "chapter": 1,
      "verse": 7,
      "text": [
        "For",
        "let",
        "not",
        "that",
        "man",
        "think",
        "that",
        "he",
        "shall",
        "receive",
        "any",
        "thing",
        "of",
        "the",
        "Lord."
      ],
      "header": "",
      "footer": ""
    },
    {
      "book_name": "James",
      "chapter": 1,
      "verse": 8,
      "text": [
        "A",
        "double",
        "minded",
        "man",
        "*is",
        "unstable",
        "in",
        "all",
        "his",
        "ways."
      ],
      "header": "",
      "footer": ""
    },
    {
      "book_name": "James",
      "chapter": 1,
      "verse": 9,
      "text": [
        "Let",
        "the",
        "brother",
        "of",
        "low",
        "degree",
        "rejoice",
        "in",
        "that",
        "he",
        "is",
        "exalted:"
      ],
      "header": "",
      "footer": ""
    },
    {
      "book_name": "James",
      "chapter": 1,
      "verse": 10,
      "text": [
        "But",
        "the",
        "rich,",
        "in",
        "that",
        "he",
        "is",
        "made",
        "low:",
        "because",
        "as",
        "the",
        "flower",
        "of",
        "the",
        "grass",
        "he",
        "shall",
        "pass",
        "away."
      ],
      "header": "",
      "footer": ""
    },
    {
      "book_name": "James",
      "chapter": 1,
      "verse": 11,
      "text": [
        "For",
        "the",
        "sun",
        "is",
        "no",
        "sooner",
        "risen",
        "with",
        "a",
        "burning",
        "heat,",
        "but",
        "it",
        "withereth",
        "the",
        "grass,",
        "and",
        "the",
        "flower",
        "thereof",
        "falleth,",
        "and",
        "the",
        "grace",
        "of",
        "the",
        "fashion",
        "of",
        "it",
        "perisheth:",
        "so",
        "also",
        "shall",
        "the",
        "rich",
        "man",
        "fade",
        "away",
        "in",
        "his",
        "ways."
      ],
      "header": "",
      "footer": ""
    },
    {
      "book_name": "James",
      "chapter": 1,
      "verse": 12,
      "text": [
        "Blessed",
        "*is",
        "the",
        "man",
        "that",
        "endureth",
        "temptation:",
        "for",
        "when",
        "he",
        "is",
        "tried,",
        "he",
        "shall",
        "receive",
        "the",
        "crown",
        "of",
        "life,",
        "which",
        "the",
        "Lord",
        "hath",
        "promised",
        "to",
        "them",
        "that",
        "love",
        "him."
      ],
      "header": "",
      "footer": ""
    },
    {
      "book_name": "James",
      "chapter": 1,
      "verse": 13,
      "text": [
        "Let",
        "no",
        "man",
        "say",
        "when",
        "he",
        "is",
        "tempted,",
        "I",
        "am",
        "tempted",
        "of",
        "God:",
        "for",
        "God",
        "cannot",
        "be",
        "tempted",
        "with",
        "evil,",
        "neither",
        "tempteth",
        "he",
        "any",
        "man:"
      ],
      "header": "",
      "footer": ""
    },
    {
      "book_name": "James",
      "chapter": 1,
      "verse": 14,
      "text": [
        "But",
        "every",
        "man",
        "is",
        "tempted,",
        "when",
        "he",
        "is",
        "drawn",
        "away",
        "of",
        "his",
        "own",
        "lust,",
        "and",
        "enticed."
      ],
      "header": "",
      "footer": ""
    },
    {
      "book_name": "James",
      "chapter": 1,
      "verse": 15,
      "text": [
        "Then",
        "when",
        "lust",
        "hath",
        "conceived,",
        "it",
        "bringeth",
        "forth",
        "sin:",
        "and",
        "sin,",
        "when",
        "it",
        "is",
        "finished,",
        "bringeth",
        "forth",
        "death."
      ],
      "header": "",
      "footer": ""
    },
    {
      "book_name": "James",
      "chapter": 1,
      "verse": 16,
      "text": [
        "Do",
        "not",
        "err,",
        "my",
        "beloved",
        "brethren."
      ],
      "header": "",
      "footer": ""
    },
    {
      "book_name": "James",
      "chapter": 1,
      "verse": 17,
      "text": [
        "Every",
        "good",
        "gift",
        "and",
        "every",
        "perfect",
        "gift",
        "is",
        "from",
        "above,",
        "and",
        "cometh",
        "down",
        "from",
        "the",
        "Father",
        "of",
        "lights,",
        "with",
        "whom",
        "is",
        "no",
        "variableness,",
        "neither",
        "shadow",
        "of",
        "turning."
      ],
      "header": "",
      "footer": ""
    },
    {
      "book_name": "James",
      "chapter": 1,
      "verse": 18,
      "text": [
        "Of",
        "his",
        "own",
        "will",
        "begat",
        "he",
        "us",
        "with",
        "the",
        "word",
        "of",
        "truth,",
        "that",
        "we",
        "should",
        "be",
        "a",
        "kind",
        "of",
        "firstfruits",
        "of",
        "his",
        "creatures."
      ],
      "header": "",
      "footer": ""
    },
    {
      "book_name": "James",
      "chapter": 1,
      "verse": 19,
      "text": [
        "Wherefore,",
        "my",
        "beloved",
        "brethren,",
        "let",
        "every",
        "man",
        "be",
        "swift",
        "to",
        "hear,",
        "slow",
        "to",
        "speak,",
        "slow",
        "to",
        "wrath:"
      ],
      "header": "",
      "footer": ""
    },
    {
      "book_name": "James",
      "chapter": 1,
      "verse": 20,
      "text": [
        "For",
        "the",
        "wrath",
        "of",
        "man",
        "worketh",
        "not",
        "the",
        "righteousness",
        "of",
        "God."
      ],
      "header": "",
      "footer": ""
    },
    {
      "book_name": "James",
      "chapter": 1,
      "verse": 21,
      "text": [
        "Wherefore",
        "lay",
        "apart",
        "all",
        "filthiness",
        "and",
        "superfluity",
        "of",
        "naughtiness,",
        "and",
        "receive",
        "with",
        "meekness",
        "the",
        "engrafted",
        "word,",
        "which",
        "is",
        "able",
        "to",
        "save",
        "your",
        "souls."
      ],
      "header": "",
      "footer": ""
    },
    {
      "book_name": "James",
      "chapter": 1,
      "verse": 22,
      "text": [
        "But",
        "be",
        "ye",
        "doers",
        "of",
        "the",
        "word,",
        "and",
        "not",
        "hearers",
        "only,",
        "deceiving",
        "your",
        "own",
        "selves."
      ],
      "header": "",
      "footer": ""
    },
    {
      "book_name": "James",
      "chapter": 1,
      "verse": 23,
      "text": [
        "For",
        "if",
        "any",
        "be",
        "a",
        "hearer",
        "of",
        "the",
        "word,",
        "and",
        "not",
        "a",
        "doer,",
        "he",
        "is",
        "like",
        "unto",
        "a",
        "man",
        "beholding",
        "his",
        "natural",
        "face",
        "in",
        "a",
        "glass:"
      ],
      "header": "",
      "footer": ""
    },
    {
      "book_name": "James",
      "chapter": 1,
      "verse": 24,
      "text": [
        "For",
        "he",
        "beholdeth",
        "himself,",
        "and",
        "goeth",
        "his",
        "way,",
        "and",
        "straightway",
        "forgetteth",
        "what",
        "manner",
        "of",
        "man",
        "he",
        "was."
      ],
      "header": "",
      "footer": ""
    },
    {
      "book_name": "James",
      "chapter": 1,
      "verse": 25,
      "text": [
        "But",
        "whoso",
        "looketh",
        "into",
        "the",
        "perfect",
        "law",
        "of",
        "liberty,",
        "and",
        "continueth",
        "*therein,",
        "he",
        "being",
        "not",
        "a",
        "forgetful",
        "hearer,",
        "but",
        "a",
        "doer",
        "of",
        "the",
        "work,",
        "this",
        "man",
        "shall",
        "be",
        "blessed",
        "in",
        "his",
        "deed."
      ],
      "header": "",
      "footer": ""
    },
    {
      "book_name": "James",
      "chapter": 1,
      "verse": 26,
      "text": [
        "If",
        "any",
        "man",
        "among",
        "you",
        "seem",
        "to",
        "be",
        "religious,",
        "and",
        "bridleth",
        "not",
        "his",
        "tongue,",
        "but",
        "deceiveth",
        "his",
        "own",
        "heart,",
        "this",
        "man's",
        "religion",
        "*is",
        "vain."
      ],
      "header": "",
      "footer": ""
    },
    {
      "book_name": "James",
      "chapter": 1,
      "verse": 27,
      "text": [
        "Pure",
        "religion",
        "and",
        "undefiled",
        "before",
        "God",
        "and",
        "the",
        "Father",
        "is",
        "this,",
        "To",
        "visit",
        "the",
        "fatherless",
        "and",
        "widows",
        "in",
        "their",
        "affliction,",
        "*and",
        "to",
        "keep",
        "himself",
        "unspotted",
        "from",
        "the",
        "world."
      ],
      "header": "",
      "footer": ""
    }
  ]
}