{
  "book_name": "James",
  "chapter": 2,
  "verses": [
    {
      "book_name": "James",
      "chapter": 2,
      "verse": 1,
      "text": [
        "My",
        "brethren,",
        "have",
        "not",
        "the",
        "faith",
        "of",
        "our",
        "Lord",
        "Jesus",
        "Christ,",
        "*the",
        "*Lord",
        "of",
        "glory,",
        "with",
        "respect",
        "of",
        "persons."
      ],
      "header": "",
      "footer": ""
    },
    {
      "book_name": "James",
      "chapter": 2,
      "verse": 2,
      "text": [
        "For",
        "if",
        "there",
        "come",
        "unto",
        "your",
        "assembly",
        "a",
        "man",
        "with",
        "a",
        "gold",
        "ring,",
        "in",
        "goodly",
        "apparel,",
        "and",
        "there",
        "come",
        "in",
        "also",
        "a",
        "poor",
        "man",
        "in",
        "vile",
        "raiment;"
      ],
      "header": "",
      "footer": ""
    },
    {
      "book_name": "James",
      "chapter": 2,
      "verse": 3,
      "text": [
        "And",
        "ye",
        "have",
        "respect",
        "to",
        "him",
        "that",
        "weareth",
        "the",
        "gay",
        "clothing,",
        "and",
        "say",
        "unto",
        "him,",
        "Sit",
        "thou",
        "here",
        "in",
        "a",
        "good",
        "place;",
        "and",
        "say",
        "to",
        "the",
        "poor,",
        "Stand",
        "thou",
        "there,",
        "or",
        "sit",
        "here",
        "under",
        "my",
        "footstool:"
      ],
      "header": "",
      "footer": ""
    },
    {
      "book_name": "James",
      "chapter": 2,
      "verse": 4,
      "text": [
        "Are",
        "ye",
        "not",
        "then",
        "partial",
        "in",
        "yourselves,",
        "and",
        "are",
        "become",
        "judges",
        "of",
        "evil",
        "thoughts?"
      ],
      "header": "",
      "footer": ""
    },
    {
      "book_name": "James",
      "chapter": 2,
      "verse": 5,
      "text": [
        "Hearken,",
        "my",
        "beloved",
        "brethren,",
        "Hath",
        "not",
        "God",
        "chosen",
        "the",
        "poor",
        "of",
        "this",
        "world",
        "rich",
        "in",
        "faith,",
        "and",
        "heirs",
        "of",
        "the",
        "kingdom",
        "which",
        "he",
        "hath",
        "promised",
        "to",
        "them",
        "that",
        "love",
        "him?"
      ],
      "header": "",
      "footer": ""
    },
    {
      "book_name": "James",
      "chapter": 2,
      "verse": 6,
      "text": [
        "But",
        "ye",
        "have",
        "despised",
        "the",
        "poor.",
        "Do",
        "not",
        "rich",
        "men",
        "oppress",
        "you,",
        "and",
        "draw",
        "you",
        "before",
        "the",
        "judgment",
        "seats?"
      ],
      "header": "",
      "footer": ""
    },
    {
      "book_name": "James",
      "chapter": 2,
      "verse": 7,
      "text": [
        "Do",
        "not",
        "they",
        "blaspheme",
        "that",
        "worthy",
        "name",
        "by",
        "the",
        "which",
        "ye",
        "are",
        "called?"
      ],
      "header": "",
      "footer": ""
    },
    {
      "book_name": "James",
      "chapter": 2,
      "verse": 8,
      "text": [
        "If",
        "ye",
        "fulfil",
        "the",
        "royal",
        "law",
        "according",
        "to",
        "the",
        "scripture,",
        "Thou",
        "shalt",
        "love",
        "thy",
        "neighbour",
        "as",
        "thyself,",
        "ye",
        "do",
        "well:"
      ],
      "header": "",
      "footer": ""
    },
    {
      "book_name": "James",
      "chapter": 2,
      "verse": 9,
      "text": [
        "But",
        "if",
        "ye",
        "have",
        "respect",
        "to",
        "persons,",
        "ye",
        "commit",
        "sin,",
        "and",
        "are",
        "convinced",
        "of",
        "the",
        "law",
        "as",
        "transgressors."
      ],
      "header": "",
      "footer": ""
    },
    {
      "book_name": "James",
      "chapter": 2,
      "verse": 10,
      "text": [
        "For",
        "whosoever",
        "shall",
        "keep",
        "the",
        "whole",
        "law,",
        "and",
        "yet",
        "offend",
        "in",
        "one",
        "*point,",
        "he",
        "is",
        "guilty",
        "of",
        "all."
      ],
      "header": "",
      "footer": ""
    },
    {
      "book_name": "James",
      "chapter": 2,
      "verse": 11,
      "text": [
        "For",
        "he",
        "that",
        "said,",
        "Do",
        "not",
        "commit",
        "adultery,",
        "said",
        "also,",
        "Do",
        "not",
        "kill.",
        "Now",
        "if",
        "thou",
        "commit",
        "no",
        "adultery,",
        "yet",
        "if",
        "thou",
        "kill,",
        "thou",
        "art",
        "become",
        "a",
        "transgressor",
        "of",
        "the",
        "law."
      ],
      "header": "",
      "footer": ""
    },
    {
      "book_name": "James",
      "chapter": 2,
      "verse": 12,
      "text": [
        "So",
        "speak",
        "ye,",
        "and",
        "so",
        "do,",
        "as",
        "they",
        "that",
        "shall",
        "be",
        "judged",
        "by",
        "the",
        "law",
        "of",
        "liberty."
      ],
      "header": "",
      "footer": ""
    },
    {
      "book_name": "James",
      "chapter": 2,
      "verse": 13,
      "text": [
        "For",
        "he",
        "shall",
        "have",
        "judgment",
        "without",
        "mercy,",
        "that",
        "hath",
        "shewed",
        "no",
        "mercy;",
        "and",
        "mercy",
        "rejoiceth",
        "against",
        "judgment."
      ],
      "header": "",
      "footer": ""
    },
    {
      "book_name": "James",
      "chapter": 2,
      "verse": 14,
      "text": [
        "What",
        "*doth",
        "*it",
        "profit,",
        "my",
        "brethren,",
        "though",
        "a",
        "man",
        "say",
        "he",
        "hath",
        "faith,",
        "and",
        "have",
        "not",
        "works?",
        "can",
        "faith",
        "save",
        "him?"
      ],
      "header": "",
      "footer": ""
    },
    {
      "book_name": "James",
      "chapter": 2,
      "verse": 15,
      "text": [
        "If",
        "a",
        "brother",
        "or",
        "sister",
        "be",
        "naked,",
        "and",
        "destitute",
        "of",
        "daily",
        "food,"
      ],
      "header": "",
      "footer": ""
    },
    {
      "book_name": "James",
      "chapter": 2,
      "verse": 16,
      "text": [
        "And",
        "one",
        "of",
        "you",
        "say",
        "unto",
        "them,",
        "Depart",
        "in",
        "peace,",
        "be",
        "*ye",
        "warmed",
        "and",
        "filled;",
        "notwithstanding",
        "ye",
        "give",
        "them",
        "not",
        "those",
        "things",
        "which",
        "are",
        "needful",
        "to",
        "the",
        "body;",
        "what",
        "*doth",
        "*it",
        "profit?"
      ],
      "header": "",
      "footer": ""
    },
    {
      "book_name": "James",
      "chapter": 2,
      "verse": 17,
      "text": [
        "Even",
        "so",
        "faith,",
        "if",
        "it",
        "hath",
        "not",
        "works,",
        "is",
        "dead,",
        "being",
        "alone."
      ],
      "header": "",
      "footer": ""
    },
    {
      "book_name": "James",
      "chapter": 2,
      "verse": 18,
      "text": [
        "Yea,",
        "a",
        "man",
        "may",
        "say,",
        "Thou",
        "hast",
        "faith,",
        "and",
        "I",
        "have",
        "works:",
        "shew",
        "me",
        "thy",
        "faith",
        "without",
        "thy",
        "works,",
        "and",
        "I",
        "will",
        "shew",
        "thee",
        "my",
        "faith",
        "by",
        "my",
        "works."
      ],
      "header": "",
      "footer": ""
    },
    {
      "book_name": "James",
      "chapter": 2,
      "verse": 19,
      "text": [
        "Thou",
        "believest",
        "that",
        "there",
        "is",
        "one",
        "God;",
        "thou",
        "doest",
        "well:",
        "the",
        "devils",
        "also",
        "believe,",
        "and",
        "tremble."
      ],
      "header": "",
      "footer": ""
    },
    {
      "book_name": "James",
      "chapter": 2,
      "verse": 20,
      "text": [
        "But",
        "wilt",
        "thou",
        "know,",
        "O",
        "vain",
        "man,",
        "that",
        "faith",
        "without",
        "works",
        "is",
        "dead?"
      ],
      "header": "",
      "footer": ""
    },
    {
      "book_name": "James",
      "chapter": 2,
      "verse": 21,
      "text": [
        "Was",
        "not",
        "Abraham",
        "our",
        "father",
        "justified",
        "by",
        "works,",
        "when",
        "he",
        "had",
        "offered",
        "Isaac",
        "his",
        "son",
        "upon",
        "the",
        "altar?"
      ],
      "header": "",
      "footer": ""
    },
    {
      "book_name": "James",
      "chapter": 2,
      "verse": 22,
      "text": [
        "Seest",
        "thou",
        "how",
        "faith",
        "wrought",
        "with",
        "his",
        "works,",
        "and",
        "by",
        "works",
        "was",
        "faith",
        "made",
        "perfect?"
      ],
      "header": "",
      "footer": ""
    },
    {
      "book_name": "James",
      "chapter": 2,
      "verse": 23,
      "text": [
        "And",
        "the",
        "scripture",
        "was",
        "fulfilled",
        "which",
        "saith,",
        "Abraham",
        "believed",
        "God,",
        "and",
        "it",
        "was",
        "imputed",
        "unto",
        "him",
        "for",
        "righteousness:",
        "and",
        "he",
        "was",
        "called",
        "the",
        "Friend",
        "of",
        "God."
      ],
      "header": "",
      "footer": ""
    },
    {
      "book_name": "James",
      "chapter": 2,
      "verse": 24,
      "text": [
        "Ye",
        "see",
        "then",
        "how",
        "that",
        "by",
        "works",
        "a",
        "man",
        "is",
        "justified,",
        "and",
        "not",
        "by",
        "faith",
        "only."
      ],
      "header": "",
      "footer": ""
    },
    {
      "book_name": "James",
      "chapter": 2,
      "verse": 25,
      "text": [
        "Likewise",
        "also",
        "was",
        "not",
        "Rahab",
        "the",
        "harlot",
        "justified",
        "by",
        "works,",
        "when",
        "she",
        "had",
        "received",
        "the",
        "messengers,",
        "and",
        "had",
        "sent",
        "*them",
        "out",
        "another",
        "way?"
      ],
      "header": "",
      "footer": ""
    },
    {
      "book_name": "James",
      "chapter": 2,
      "verse": 26,
      "text": [
        "For",
        "as",
        "the",
        "body",
        "without",
        "the",
        "spirit",
        "is",
        "dead,",
        "so",
        "faith",
        "without",
        "works",
        "is",
        "dead",
        "also."
      ],
      "header": "",
      "footer": ""
    }
  ]
}