{
  "book_name": "James",
  "chapter": 3,
  "verses": [
    {
      "book_name": "James",
      "chapter": 3,
      "verse": 1,
      "text": [
        "My",
        "brethren,",
        "be",
        "not",
        "many",
        "masters,",
        "knowing",
        "that",
        "we",
        "shall",
        "receive",
        "the",
        "greater",
        "condemnation."
      ],
      "header": "",
      "footer": ""
    },
    {
      "book_name": "James",
      "chapter": 3,
      "verse": 2,
      "text": [
        "For",
        "in",
        "many",
        "things",
        "we",
        "offend",
        "all.",
        "If",
        "any",
        "man",
        "offend",
        "not",
        "in",
        "word,",
        "the",
        "same",
        "*is",
        "a",
        "perfect",
        "man,",
        "*and",
        "able",
        "also",
        "to",
        "bridle",
        "the",
        "whole",
        "body."
      ],
      "header": "",
      "footer": ""
    },
    {
      "book_name": "James",
      "chapter": 3,
      "verse": 3,
      "text": [
        "Behold,",
        "we",
        "put",
        "bits",
        "in",
        "the",
        "horses'",
        "mouths,",
        "that",
        "they",
        "may",
        "obey",
        "us;",
        "and",
        "we",
        "turn",
        "about",
        "their",
        "whole",
        "body."
      ],
      "header": "",
      "footer": ""
    },
    {
      "book_name": "James",
      "chapter": 3,
      "verse": 4,
      "text": [
        "Behold",
        "also",
        "the",
        "ships,",
        "which",
        "though",
        "*they",
        "*be",
        "so",
        "great,",
        "and",
        "*are",
        "driven",
        "of",
        "fierce",
        "winds,",
        "yet",
        "are",
        "they",
        "turned",
        "about",
        "with",
        "a",
        "very",
        "small",
        "helm,",
        "whithersoever",
        "the",
        "governor",
        "listeth."
      ],
      "header": "",
      "footer": ""
    },
    {
      "book_name": "James",
      "chapter": 3,
      "verse": 5,
      "text": [
        "Even",
        "so",
        "the",
        "tongue",
        "is",
        "a",
        "little",
        "member,",
        "and",
        "boasteth",
        "great",
        "things.",
        "Behold,",
        "how",
        "great",
        "a",
        "matter",
        "a",
        "little",
        "fire",
        "kindleth!"
      ],
      "header": "",
      "footer": ""
    },
    {
      "book_name": "James",
      "chapter": 3,
      "verse": 6,
      "text": [
        "And",
        "the",
        "tongue",
        "*is",
        "a",
        "fire,",
        "a",
        "world",
        "of",
        "iniquity:",
        "so",
        "is",
        "the",
        "tongue",
        "among",
        "our",
        "members,",
        "that",
        "it",
        "defileth",
        "the",
        "whole",
        "body,",
        "and",
        "setteth",
        "on",
        "fire",
        "the",
        "course",
        "of",
        "nature;",
        "and",
        "it",
        "is",
        "set",
        "on",
        "fire",
        "of",
        "hell."
      ],
      "header": "",
      "footer": ""
    },
    {
      "book_name": "James",
      "chapter": 3,
      "verse": 7,
      "text": [
        "For",
        "every",
        "kind",
        "of",
        "beasts,",
        "and",
        "of",
        "birds,",
        "and",
        "of",
        "serpents,",
        "and",
        "of",
        "things",
        "in",
        "the",
        "sea,",
        "is",
        "tamed,",
        "and",
        "hath",
        "been",
        "tamed",
        "of",
        "mankind:"
      ],
      "header": "",
      "footer": ""
    },
    {
      "book_name": "James",
      "chapter": 3,
      "verse": 8,
      "text": [
        "But",
        "the",
        "tongue",
        "can",
        "no",
        "man",
        "tame;",
        "*it",
        "*is",
        "an",
        "unruly",
        "evil,",
        "full",
        "of",
        "deadly",
        "poison."
      ],
      "header": "",
      "footer": ""
    },
    {
      "book_name": "James",
      "chapter": 3,
      "verse": 9,
      "text": [
        "Therewith",
        "bless",
        "we",
        "God,",
        "even",
        "the",
        "Father;",
        "and",
        "therewith",
        "curse",
        "we",
        "men,",
        "which",
        "are",
        "made",
        "after",
        "the",
        "similitude",
        "of",
        "God."
      ],
      "header": "",
      "footer": ""
    },
    {
      "book_name": "James",
      "chapter": 3,
      "verse": 10,
      "text": [
        "Out",
        "of",
        "the",
        "same",
        "mouth",
        "proceedeth",
        "blessing",
        "and",
        "cursing.",
        "My",
        "brethren,",
        "these",
        "things",
        "ought",
        "not",
        "so",
        "to",
        "be."
      ],
      "header": "",
      "footer": ""
    },
    {
      "book_name": "James",
      "chapter": 3,
      "verse": 11,
      "text": [
        "Doth",
        "a",
        "fountain",
        "send",
        "forth",
        "at",
        "the",
        "same",
        "place",
        "sweet",
        "*water",
        "and",
        "bitter?"
      ],
      "header": "",
      "footer": ""
    },
    {
      "book_name": "James",
      "chapter": 3,
      "verse": 12,
      "text": [
        "Can",
        "the",
        "fig",
        "tree,",
        "my",
        "brethren,",
        "bear",
        "olive",
        "berries?",
        "either",
        "a",
        "vine,",
        "figs?",
        "so",
        "*can",
        "no",
        "fountain",
        "both",
        "yield",
        "salt",
        "water",
        "and",
        "fresh."
      ],
      "header": "",
      "footer": ""
    },
    {
      "book_name": "James",
      "chapter": 3,
      "verse": 13,
      "text": [
        "Who",
        "*is",
        "a",
        "wise",
        "man",
        "and",
        "endued",
        "with",
        "knowledge",
        "among",
        "you?",
        "let",
        "him",
        "shew",
        "out",
        "of",
        "a",
        "good",
        "conversation",
        "his",
        "works",
        "with",
        "meekness",
        "of",
        "wisdom."
      ],
      "header": "",
      "footer": ""
    },
    {
      "book_name": "James",
      "chapter": 3,
      "verse": 14,
      "text": [
        "But",
        "if",
        "ye",
        "have",
        "bitter",
        "envying",
        "and",
        "strife",
        "in",
        "your",
        "hearts,",
        "glory",
        "not,",
        "and",
        "lie",
        "not",
        "against",
        "the",
        "truth."
      ],
      "header": "",
      "footer": ""
    },
    {
      "book_name": "James",
      "chapter": 3,
      "verse": 15,
      "text": [
        "This",
        "wisdom",
        "descendeth",
        "not",
        "from",
        "above,",
        "but",
        "*is",
        "earthly,",
        "sensual,",
        "devilish."
      ],
      "header": "",
      "footer": ""
    },
    {
      "book_name": "James",
      "chapter": 3,
      "verse": 16,
      "text": [
        "For",
        "where",
        "envying",
        "and",
        "strife",
        "*is,",
        "there",
        "*is",
        "confusion",
        "and",
        "every",
        "evil",
        "work."
      ],
      "header": "",
      "footer": ""
    },
    {
      "book_name": "James",
      "chapter": 3,
      "verse": 17,
      "text": [
        "But",
        "the",
        "wisdom",
        "that",
        "is",
        "from",
        "above",
        "is",
        "first",
        "pure,",
        "then",
        "peaceable,",
        "gentle,",
        "*and",
        "easy",
        "to",
        "be",
        "intreated,",
        "full",
        "of",
        "mercy",
        "and",
        "good",
        "fruits,",
        "without",
        "partiality,",
        "and",
        "without",
        "hypocrisy."
      ],
      "header": "",
      "footer": ""
    },
    {
      "book_name": "James",
      "chapter": 3,
      "verse": 18,
      "text": [
        "And",
        "the",
        "fruit",
        "of",
        "righteousness",
        "is",
        "sown",
        "in",
        "peace",
        "of",
        "them",
        "that",
        "make",
        "peace."
      ],
      "header": "",
      "footer": ""
    }
  ]
}