{
  "book_name": "Nehemiah",
  "chapter": 10,
  "verses": [
    {
      "book_name": "Nehemiah",
      "chapter": 10,
      "verse": 1,
      "text": [
        "Now",
        "those",
        "that",
        "sealed",
        "*were,",
        "Nehemiah,",
        "the",
        "Tirshatha,",
        "the",
        "son",
        "of",
        "Hachaliah,",
        "and",
        "Zidkijah,"
      ],
      "header": "",
      "footer": ""
    },
    {
      "book_name": "Nehemiah",
      "chapter": 10,
      "verse": 2,
      "text": [
        "Seraiah,",
        "Azariah,",
        "Jeremiah,"
      ],
      "header": "",
      "footer": ""
    },
    {
      "book_name": "Nehemiah",
      "chapter": 10,
      "verse": 3,
      "text": [
        "Pashur,",
        "Amariah,",
        "Malchijah,"
      ],
      "header": "",
      "footer": ""
    },
    {
      "book_name": "Nehemiah",
      "chapter": 10,
      "verse": 4,
      "text": [
        "Hattush,",
        "Shebaniah,",
        "Malluch,"
      ],
      "header": "",
      "footer": ""
    },
    {
      "book_name": "Nehemiah",
      "chapter": 10,
      "verse": 5,
      "text": [
        "Harim,",
        "Meremoth,",
        "Obadiah,"
      ],
      "header": "",
      "footer": ""
    },
    {
      "book_name": "Nehemiah",
      "chapter": 10,
      "verse": 6,
      "text": [
        "Daniel,",
        "Ginnethon,",
        "Baruch,"
      ],
      "header": "",
      "footer": ""
    },
    {
      "book_name": "Nehemiah",
      "chapter": 10,
      "verse": 7,
      "text": [
        "Meshullam,",
        "Abijah,",
        "Mijamin,"
      ],
      "header": "",
      "footer": ""
    },
    {
      "book_name": "Nehemiah",
      "chapter": 10,
      "verse": 8,
      "text": [
        "Maaziah,",
        "Bilgai,",
        "Shemaiah:",
        "these",
        "*were",
        "the",
        "priests."
      ],
      "header": "",
      "footer": ""
    },
    {
      "book_name": "Nehemiah",
      "chapter": 10,
      "verse": 9,
      "text": [
        "And",
        "the",
        "Levites:",
        "both",
        "Jeshua",
        "the",
        "son",
        "of",
        "Azaniah,",
        "Binnui",
        "of",
        "the",
        "sons",
        "of",
        "Henadad,",
        "Kadmiel;"
      ],
      "header": "",
      "footer": ""
    },
    {
      "book_name": "Nehemiah",
      "chapter": 10,
      "verse": 10,
      "text": [
        "And",
        "their",
        "brethren,",
        "Shebaniah,",
        "Hodijah,",
        "Kelita,",
        "Pelaiah,",
        "Hanan,"
      ],
      "header": "",
      "footer": ""
    },
    {
      "book_name": "Nehemiah",
      "chapter": 10,
      "verse": 11,
      "text": [
        "Micha,",
        "Rehob,",
        "Hashabiah,"
      ],
      "header": "",
      "footer": ""
    },
    {
      "book_name": "Nehemiah",
      "chapter": 10,
      "verse": 12,
      "text": [
        "Zaccur,",
        "Sherebiah,",
        "Shebaniah,"
      ],
      "header": "",
      "footer": ""
    },
    {
      "book_name": "Nehemiah",
      "chapter": 10,
      "verse": 13,
      "text": [
        "Hodijah,",
        "Bani,",
        "Beninu."
      ],
      "header": "",
      "footer": ""
    },
    {
      "book_name": "Nehemiah",
      "chapter": 10,
      "verse": 14,
      "text": [
        "The",
        "chief",
        "of",
        "the",
        "people;",
        "Parosh,",
        "Pahathmoab,",
        "Elam,",
        "Zatthu,",
        "Bani,"
      ],
      "header": "",
      "footer": ""
    },
    {
      "book_name": "Nehemiah",
      "chapter": 10,
      "verse": 15,
      "text": [
        "Bunni,",
        "Azgad,",
        "Bebai,"
      ],
      "header": "",
      "footer": ""
    },
    {
      "book_name": "Nehemiah",
      "chapter": 10,
      "verse": 16,
      "text": [
        "Adonijah,",
        "Bigvai,",
        "Adin,"
      ],
      "header": "",
      "footer": ""
    },
    {
      "book_name": "Nehemiah",
      "chapter": 10,
      "verse": 17,
      "text": [
        "Ater,",
        "Hizkijah,",
        "Azzur,"
      ],
      "header": "",
      "footer": ""
    },
    {
      "book_name": "Nehemiah",
      "chapter": 10,
      "verse": 18,
      "text": [
        "Hodijah,",
        "Hashum,",
        "Bezai,"
      ],
      "header": "",
      "footer": ""
    },
    {
      "book_name": "Nehemiah",
      "chapter": 10,
      "verse": 19,
      "text": [
        "Hariph,",
        "Anathoth,",
        "Nebai,"
      ],
      "header": "",
      "footer": ""
    },
    {
      "book_name": "Nehemiah",
      "chapter": 10,
      "verse": 20,
      "text": [
        "Magpiash,",
        "Meshullam,",
        "Hezir,"
      ],
      "header": "",
      "footer": ""
    },
    {
      "book_name": "Nehemiah",
      "chapter": 10,
      "verse": 21,
      "text": [
        "Meshezabeel,",
        "Zadok,",
        "Jaddua,"
      ],
      "header": "",
      "footer": ""
    },
    {
      "book_name": "Nehemiah",
      "chapter": 10,
      "verse": 22,
      "text": [
        "Pelatiah,",
        "Hanan,",
        "Anaiah,"
      ],
      "header": "",
      "footer": ""
    },
    {
      "book_name": "Nehemiah",
      "chapter": 10,
      "verse": 23,
      "text": [
        "Hoshea,",
        "Hananiah,",
        "Hashub,"
      ],
      "header": "",
      "footer": ""
    },
    {
      "book_name": "Nehemiah",
      "chapter": 10,
      "verse": 24,
      "text": [
        "Hallohesh,",
        "Pileha,",
        "Shobek,"
      ],
      "header": "",
      "footer": ""
    },
    {
      "book_name": "Nehemiah",
      "chapter": 10,
      "verse": 25,
      "text": [
        "Rehum,",
        "Hashabnah,",
        "Maaseiah,"
      ],
      "header": "",
      "footer": ""
    },
    {
      "book_name": "Nehemiah",
      "chapter": 10,
      "verse": 26,
      "text": [
        "And",
        "Ahijah,",
        "Hanan,",
        "Anan,"
      ],
      "header": "",
      "footer": ""
    },
    {
      "book_name": "Nehemiah",
      "chapter": 10,
      "verse": 27,
      "text": [
        "Malluch,",
        "Harim,",
        "Baanah."
      ],
      "header": "",
      "footer": ""
    },
    {
      "book_name": "Nehemiah",
      "chapter": 10,
      "verse": 28,
      "text": [
        "¶",
        "And",
        "the",
        "rest",
        "of",
        "the",
        "people,",
        "the",
        "priests,",
        "the",
        "Levites,",
        "the",
        "porters,",
        "the",
        "singers,",
        "the",
        "Nethinims,",
        "and",
        "all",
        "they",
        "that",
        "had",
        "separated",
        "themselves",
        "from",
        "the",
        "people",
        "of",
        "the",
        "lands",
        "unto",
        "the",
        "law",
        "of",
        "God,",
        "their",
        "wives,",
        "their",
        "sons,",
        "and",
        "their",
        "daughters,",
        "every",
        "one",
        "having",
        "knowledge,",
        "and",
        "having",
        "understanding;"
      ],
      "header": "",
      "footer": ""
    },
    {
      "book_name": "Nehemiah",
      "chapter": 10,
      "verse": 29,
      "text": [
        "They",
        "clave",
        "to",
        "their",
        "brethren,",
        "their",
        "nobles,",
        "and",
        "entered",
        "into",
        "a",
        "curse,",
        "and",
        "into",
        "an",
        "oath,",
        "to",
        "walk",
        "in",
        "God's",
        "law,",
        "which",
        "was",
        "given",
        "by",
        "Moses",
        "the",
        "servant",
        "of",
        "God,",
        "and",
        "to",
        "observe",
        "and",
        "do",
        "all",
        "the",
        "commandments",
        "of",
        "the",
        "Lᴏʀᴅ",
        "our",
        "Lord,",
        "and",
        "his",
        "judgments",
        "and",
        "his",
        "statutes;"
      ],
      "header": "",
      "footer": ""
    },
    {
      "book_name": "Nehemiah",
      "chapter": 10,
      "verse": 30,
      "text": [
        "And",
        "that",
        "we",
        "would",
        "not",
        "give",
        "our",
        "daughters",
        "unto",
        "the",
        "people",
        "of",
        "the",
        "land,",
        "nor",
        "take",
        "their",
        "daughters",
        "for",
        "our",
        "sons:"
      ],
      "header": "",
      "footer": ""
    },
    {
      "book_name": "Nehemiah",
      "chapter": 10,
      "verse": 31,
      "text": [
        "And",
        "*if",
        "the",
        "people",
        "of",
        "the",
        "land",
        "bring",
        "ware",
        "or",
        "any",
        "victuals",
        "on",
        "the",
        "sabbath",
        "day",
        "to",
        "sell,",
        "*that",
        "we",
        "would",
        "not",
        "buy",
        "it",
        "of",
        "them",
        "on",
        "the",
        "sabbath,",
        "or",
        "on",
        "the",
        "holy",
        "day:",
        "and",
        "*that",
        "we",
        "would",
        "leave",
        "the",
        "seventh",
        "year,",
        "and",
        "the",
        "exaction",
        "of",
        "every",
        "debt."
      ],
      "header": "",
      "footer": ""
    },
    {
      "book_name": "Nehemiah",
      "chapter": 10,
      "verse": 32,
      "text": [
        "Also",
        "we",
        "made",
        "ordinances",
        "for",
        "us,",
        "to",
        "charge",
        "ourselves",
        "yearly",
        "with",
        "the",
        "third",
        "part",
        "of",
        "a",
        "shekel",
        "for",
        "the",
        "service",
        "of",
        "the",
        "house",
        "of",
        "our",
        "God;"
      ],
      "header": "",
      "footer": ""
    },
    {
      "book_name": "Nehemiah",
      "chapter": 10,
      "verse": 33,
      "text": [
        "For",
        "the",
        "shewbread,",
        "and",
        "for",
        "the",
        "continual",
        "meat",
        "offering,",
        "and",
        "for",
        "the",
        "continual",
        "burnt",
        "offering,",
        "of",
        "the",
        "sabbaths,",
        "of",
        "the",
        "new",
        "moons,",
        "for",
        "the",
        "set",
        "feasts,",
        "and",
        "for",
        "the",
        "holy",
        "*things,",
        "and",
        "for",
        "the",
        "sin",
        "offerings",
        "to",
        "make",
        "an",
        "atonement",
        "for",
        "Israel,",
        "and",
        "*for",
        "all",
        "the",
        "work",
        "of",
        "the",
        "house",
        "of",
        "our",
        "God."
      ],
      "header": "",
      "footer": ""
    },
    {
      "book_name": "Nehemiah",
      "chapter": 10,
      "verse": 34,
      "text": [
        "And",
        "we",
        "cast",
        "the",
        "lots",
        "among",
        "the",
        "priests,",
        "the",
        "Levites,",
        "and",
        "the",
        "people,",
        "for",
        "the",
        "wood",
        "offering,",
        "to",
        "bring",
        "*it",
        "into",
        "the",
        "house",
        "of",
        "our",
        "God,",
        "after",
        "the",
        "houses",
        "of",
        "our",
        "fathers,",
        "at",
        "times",
        "appointed",
        "year",
        "by",
        "year,",
        "to",
        "burn",
        "upon",
        "the",
        "altar",
        "of",
        "the",
        "Lᴏʀᴅ",
        "our",
        "God,",
        "as",
        "*it",
        "*is",
        "written",
        "in",
        "the",
        "law:"
      ],
      "header": "",
      "footer": ""
    },
    {
      "book_name": "Nehemiah",
      "chapter": 10,
      "verse": 35,
      "text": [
        "And",
        "to",
        "bring",
        "the",
        "firstfruits",
        "of",
        "our",
        "ground,",
        "and",
        "the",
        "firstfruits",
        "of",
        "all",
        "fruit",
        "of",
        "all",
        "trees,",
        "year",
        "by",
        "year,",
        "unto",
        "the",
        "house",
        "of",
        "the",
        "Lᴏʀᴅ:"
      ],
      "header": "",
      "footer": ""
    },
    {
      "book_name": "Nehemiah",
      "chapter": 10,
      "verse": 36,
      "text": [
        "Also",
        "the",
        "firstborn",
        "of",
        "our",
        "sons,",
        "and",
        "of",
        "our",
        "cattle,",
        "as",
        "*it",
        "*is",
        "written",
        "in",
        "the",
        "law,",
        "and",
        "the",
        "firstlings",
        "of",
        "our",
        "herds",
        "and",
        "of",
        "our",
        "flocks,",
        "to",
        "bring",
        "to",
        "the",
        "house",
        "of",
        "our",
        "God,",
        "unto",
        "the",
        "priests",
        "that",
        "minister",
        "in",
        "the",
        "house",
        "of",
        "our",
        "God:"
      ],
      "header": "",
      "footer": ""
    },
    {
      "book_name": "Nehemiah",
      "chapter": 10,
      "verse": 37,
      "text": [
        "And",
        "*that",
        "we",
        "should",
        "bring",
        "the",
        "firstfruits",
        "of",
        "our",
        "dough,",
        "and",
        "our",
        "offerings,",
        "and",
        "the",
        "fruit",
        "of",
        "all",
        "manner",
        "of",
        "trees,",
        "of",
        "wine",
        "and",
        "of",
        "oil,",
        "unto",
        "the",
        "priests,",
        "to",
        "the",
        "chambers",
        "of",
        "the",
        "house",
        "of",
        "our",
        "God;",
        "and",
        "the",
        "tithes",
        "of",
        "our",
        "ground",
        "unto",
        "the",
        "Levites,",
        "that",
        "the",
        "same",
        "Levites",
        "might",
        "have",
        "the",
        "tithes",
        "in",
        "all",
        "the",
        "cities",
        "of",
        "our",
        "tillage."
      ],
      "header": "",
      "footer": ""
    },
    {
      "book_name": "Nehemiah",
      "chapter": 10,
      "verse": 38,
      "text": [
        "And",
        "the",
        "priest",
        "the",
        "son",
        "of",
        "Aaron",
        "shall",
        "be",
        "with",
        "the",
        "Levites,",
        "when",
        "the",
        "Levites",
        "take",
        "tithes:",
        "and",
        "the",
        "Levites",
        "shall",
        "bring",
        "up",
        "the",
        "tithe",
        "of",
        "the",
        "tithes",
        "unto",
        "the",
        "house",
        "of",
        "our",
        "God,",
        "to",
        "the",
        "chambers,",
        "into",
        "the",
        "treasure",
        "house."
      ],
      "header": "",
      "footer": ""
    },
    {
      "book_name": "Nehemiah",
      "chapter": 10,
      "verse": 39,
      "text": [
        "For",
        "the",
        "children",
        "of",
        "Israel",
        "and",
        "the",
        "children",
        "of",
        "Levi",
        "shall",
        "bring",
        "the",
        "offering",
        "of",
        "the",
        "corn,",
        "of",
        "the",
        "new",
        "wine,",
        "and",
        "the",
        "oil,",
        "unto",
        "the",
        "chambers,",
        "where",
        "*are",
        "the",
        "vessels",
        "of",
        "the",
        "sanctuary,",
        "and",
        "the",
        "priests",
        "that",
        "minister,",
        "and",
        "the",
        "porters,",
        "and",
        "the",
        "singers:",
        "and",
        "we",
        "will",
        "not",
        "forsake",
        "the",
        "house",
        "of",
        "our",
        "God."
      ],
      "header": "",
      "footer": ""
    }
  ]
}