{
  "book_name": "Nehemiah",
  "chapter": 3,
  "verses": [
    {
      "book_name": "Nehemiah",
      "chapter": 3,
      "verse": 1,
      "text": [
        "Then",
        "Eliashib",
        "the",
        "high",
        "priest",
        "rose",
        "up",
        "with",
        "his",
        "brethren",
        "the",
        "priests,",
        "and",
        "they",
        "builded",
        "the",
        "sheep",
        "gate;",
        "they",
        "sanctified",
        "it,",
        "and",
        "set",
        "up",
        "the",
        "doors",
        "of",
        "it;",
        "even",
        "unto",
        "the",
        "tower",
        "of",
        "Meah",
        "they",
        "sanctified",
        "it,",
        "unto",
        "the",
        "tower",
        "of",
        "Hananeel."
      ],
      "header": "",
      "footer": ""
    },
    {
      "book_name": "Nehemiah",
      "chapter": 3,
      "verse": 2,
      "text": [
        "And",
        "next",
        "unto",
        "him",
        "builded",
        "the",
        "men",
        "of",
        "Jericho.",
        "And",
        "next",
        "to",
        "them",
        "builded",
        "Zaccur",
        "the",
        "son",
        "of",
        "Imri."
      ],
      "header": "",
      "footer": ""
    },
    {
      "book_name": "Nehemiah",
      "chapter": 3,
      "verse": 3,
      "text": [
        "But",
        "the",
        "fish",
        "gate",
        "did",
        "the",
        "sons",
        "of",
        "Hassenaah",
        "build,",
        "who",
        "*also",
        "laid",
        "the",
        "beams",
        "thereof,",
        "and",
        "set",
        "up",
        "the",
        "doors",
        "thereof,",
        "the",
        "locks",
        "thereof,",
        "and",
        "the",
        "bars",
        "thereof."
      ],
      "header": "",
      "footer": ""
    },
    {
      "book_name": "Nehemiah",
      "chapter": 3,
      "verse": 4,
      "text": [
        "And",
        "next",
        "unto",
        "them",
        "repaired",
        "Meremoth",
        "the",
        "son",
        "of",
        "Urijah,",
        "the",
        "son",
        "of",
        "Koz.",
        "And",
        "next",
        "unto",
        "them",
        "repaired",
        "Meshullam",
        "the",
        "son",
        "of",
        "Berechiah,",
        "the",
        "son",
        "of",
        "Meshezabeel.",
        "And",
        "next",
        "unto",
        "them",
        "repaired",
        "Zadok",
        "the",
        "son",
        "of",
        "Baana."
      ],
      "header": "",
      "footer": ""
    },
    {
      "book_name": "Nehemiah",
      "chapter": 3,
      "verse": 5,
      "text": [
        "And",
        "next",
        "unto",
        "them",
        "the",
        "Tekoites",
        "repaired;",
        "but",
        "their",
        "nobles",
        "put",
        "not",
        "their",
        "necks",
        "to",
        "the",
        "work",
        "of",
        "their",
        "Lord."
      ],
      "header": "",
      "footer": ""
    },
    {
      "book_name": "Nehemiah",
      "chapter": 3,
      "verse": 6,
      "text": [
        "Moreover",
        "the",
        "old",
        "gate",
        "repaired",
        "Jehoiada",
        "the",
        "son",
        "of",
        "Paseah,",
        "and",
        "Meshullam",
        "the",
        "son",
        "of",
        "Besodeiah;",
        "they",
        "laid",
        "the",
        "beams",
        "thereof,",
        "and",
        "set",
        "up",
        "the",
        "doors",
        "thereof,",
        "and",
        "the",
        "locks",
        "thereof,",
        "and",
        "the",
        "bars",
        "thereof."
      ],
      "header": "",
      "footer": ""
    },
    {
      "book_name": "Nehemiah",
      "chapter": 3,
      "verse": 7,
      "text": [
        "And",
        "next",
        "unto",
        "them",
        "repaired",
        "Melatiah",
        "the",
        "Gibeonite,",
        "and",
        "Jadon",
        "the",
        "Meronothite,",
        "the",
        "men",
        "of",
        "Gibeon,",
        "and",
        "of",
        "Mizpah,",
        "unto",
        "the",
        "throne",
        "of",
        "the",
        "governor",
        "on",
        "this",
        "side",
        "the",
        "river."
      ],
      "header": "",
      "footer": ""
    },
    {
      "book_name": "Nehemiah",
      "chapter": 3,
      "verse": 8,
      "text": [
        "Next",
        "unto",
        "him",
        "repaired",
        "Uzziel",
        "the",
        "son",
        "of",
        "Harhaiah,",
        "of",
        "the",
        "goldsmiths.",
        "Next",
        "unto",
        "him",
        "also",
        "repaired",
        "Hananiah",
        "the",
        "son",
        "of",
        "*one",
        "*of",
        "the",
        "apothecaries,",
        "and",
        "they",
        "fortified",
        "Jerusalem",
        "unto",
        "the",
        "broad",
        "wall."
      ],
      "header": "",
      "footer": ""
    },
    {
      "book_name": "Nehemiah",
      "chapter": 3,
      "verse": 9,
      "text": [
        "And",
        "next",
        "unto",
        "them",
        "repaired",
        "Rephaiah",
        "the",
        "son",
        "of",
        "Hur,",
        "the",
        "ruler",
        "of",
        "the",
        "half",
        "part",
        "of",
        "Jerusalem."
      ],
      "header": "",
      "footer": ""
    },
    {
      "book_name": "Nehemiah",
      "chapter": 3,
      "verse": 10,
      "text": [
        "And",
        "next",
        "unto",
        "them",
        "repaired",
        "Jedaiah",
        "the",
        "son",
        "of",
        "Harumaph,",
        "even",
        "over",
        "against",
        "his",
        "house.",
        "And",
        "next",
        "unto",
        "him",
        "repaired",
        "Hattush",
        "the",
        "son",
        "of",
        "Hashabniah."
      ],
      "header": "",
      "footer": ""
    },
    {
      "book_name": "Nehemiah",
      "chapter": 3,
      "verse": 11,
      "text": [
        "Malchijah",
        "the",
        "son",
        "of",
        "Harim,",
        "and",
        "Hashub",
        "the",
        "son",
        "of",
        "Pahathmoab,",
        "repaired",
        "the",
        "other",
        "piece,",
        "and",
        "the",
        "tower",
        "of",
        "the",
        "furnaces."
      ],
      "header": "",
      "footer": ""
    },
    {
      "book_name": "Nehemiah",
      "chapter": 3,
      "verse": 12,
      "text": [
        "And",
        "next",
        "unto",
        "him",
        "repaired",
        "Shallum",
        "the",
        "son",
        "of",
        "Halohesh,",
        "the",
        "ruler",
        "of",
        "the",
        "half",
        "part",
        "of",
        "Jerusalem,",
        "he",
        "and",
        "his",
        "daughters."
      ],
      "header": "",
      "footer": ""
    },
    {
      "book_name": "Nehemiah",
      "chapter": 3,
      "verse": 13,
      "text": [
        "The",
        "valley",
        "gate",
        "repaired",
        "Hanun,",
        "and",
        "the",
        "inhabitants",
        "of",
        "Zanoah;",
        "they",
        "built",
        "it,",
        "and",
        "set",
        "up",
        "the",
        "doors",
        "thereof,",
        "the",
        "locks",
        "thereof,",
        "and",
        "the",
        "bars",
        "thereof,",
        "and",
        "a",
        "thousand",
        "cubits",
        "on",
        "the",
        "wall",
        "unto",
        "the",
        "dung",
        "gate."
      ],
      "header": "",
      "footer": ""
    },
    {
      "book_name": "Nehemiah",
      "chapter": 3,
      "verse": 14,
      "text": [
        "But",
        "the",
        "dung",
        "gate",
        "repaired",
        "Malchiah",
        "the",
        "son",
        "of",
        "Rechab,",
        "the",
        "ruler",
        "of",
        "part",
        "of",
        "Bethhaccerem;",
        "he",
        "built",
        "it,",
        "and",
        "set",
        "up",
        "the",
        "doors",
        "thereof,",
        "the",
        "locks",
        "thereof,",
        "and",
        "the",
        "bars",
        "thereof."
      ],
      "header": "",
      "footer": ""
    },
    {
      "book_name": "Nehemiah",
      "chapter": 3,
      "verse": 15,
      "text": [
        "But",
        "the",
        "gate",
        "of",
        "the",
        "fountain",
        "repaired",
        "Shallun",
        "the",
        "son",
        "of",
        "Colhozeh,",
        "the",
        "ruler",
        "of",
        "part",
        "of",
        "Mizpah;",
        "he",
        "built",
        "it,",
        "and",
        "covered",
        "it,",
        "and",
        "set",
        "up",
        "the",
        "doors",
        "thereof,",
        "the",
        "locks",
        "thereof,",
        "and",
        "the",
        "bars",
        "thereof,",
        "and",
        "the",
        "wall",
        "of",
        "the",
        "pool",
        "of",
        "Siloah",
        "by",
        "the",
        "king's",
        "garden,",
        "and",
        "unto",
        "the",
        "stairs",
        "that",
        "go",
        "down",
        "from",
        "the",
        "city",
        "of",
        "David."
      ],
      "header": "",
      "footer": ""
    },
    {
      "book_name": "Nehemiah",
      "chapter": 3,
      "verse": 16,
      "text": [
        "After",
        "him",
        "repaired",
        "Nehemiah",
        "the",
        "son",
        "of",
        "Azbuk,",
        "the",
        "ruler",
        "of",
        "the",
        "half",
        "part",
        "of",
        "Bethzur,",
        "unto",
        "*the",
        "*place",
        "over",
        "against",
        "the",
        "sepulchres",
        "of",
        "David,",
        "and",
        "to",
        "the",
        "pool",
        "that",
        "was",
        "made,",
        "and",
        "unto",
        "the",
        "house",
        "of",
        "the",
        "mighty."
      ],
      "header": "",
      "footer": ""
    },
    {
      "book_name": "Nehemiah",
      "chapter": 3,
      "verse": 17,
      "text": [
        "After",
        "him",
        "repaired",
        "the",
        "Levites,",
        "Rehum",
        "the",
        "son",
        "of",
        "Bani.",
        "Next",
        "unto",
        "him",
        "repaired",
        "Hashabiah,",
        "the",
        "ruler",
        "of",
        "the",
        "half",
        "part",
        "of",
        "Keilah,",
        "in",
        "his",
        "part."
      ],
      "header": "",
      "footer": ""
    },
    {
      "book_name": "Nehemiah",
      "chapter": 3,
      "verse": 18,
      "text": [
        "After",
        "him",
        "repaired",
        "their",
        "brethren,",
        "Bavai",
        "the",
        "son",
        "of",
        "Henadad,",
        "the",
        "ruler",
        "of",
        "the",
        "half",
        "part",
        "of",
        "Keilah."
      ],
      "header": "",
      "footer": ""
    },
    {
      "book_name": "Nehemiah",
      "chapter": 3,
      "verse": 19,
      "text": [
        "And",
        "next",
        "to",
        "him",
        "repaired",
        "Ezer",
        "the",
        "son",
        "of",
        "Jeshua,",
        "the",
        "ruler",
        "of",
        "Mizpah,",
        "another",
        "piece",
        "over",
        "against",
        "the",
        "going",
        "up",
        "to",
        "the",
        "armoury",
        "at",
        "the",
        "turning",
        "*of",
        "*the",
        "*wall."
      ],
      "header": "",
      "footer": ""
    },
    {
      "book_name": "Nehemiah",
      "chapter": 3,
      "verse": 20,
      "text": [
        "After",
        "him",
        "Baruch",
        "the",
        "son",
        "of",
        "Zabbai",
        "earnestly",
        "repaired",
        "the",
        "other",
        "piece,",
        "from",
        "the",
        "turning",
        "*of",
        "*the",
        "*wall",
        "unto",
        "the",
        "door",
        "of",
        "the",
        "house",
        "of",
        "Eliashib",
        "the",
        "high",
        "priest."
      ],
      "header": "",
      "footer": ""
    },
    {
      "book_name": "Nehemiah",
      "chapter": 3,
      "verse": 21,
      "text": [
        "After",
        "him",
        "repaired",
        "Meremoth",
        "the",
        "son",
        "of",
        "Urijah",
        "the",
        "son",
        "of",
        "Koz",
        "another",
        "piece,",
        "from",
        "the",
        "door",
        "of",
        "the",
        "house",
        "of",
        "Eliashib",
        "even",
        "to",
        "the",
        "end",
        "of",
        "the",
        "house",
        "of",
        "Eliashib."
      ],
      "header": "",
      "footer": ""
    },
    {
      "book_name": "Nehemiah",
      "chapter": 3,
      "verse": 22,
      "text": [
        "And",
        "after",
        "him",
        "repaired",
        "the",
        "priests,",
        "the",
        "men",
        "of",
        "the",
        "plain."
      ],
      "header": "",
      "footer": ""
    },
    {
      "book_name": "Nehemiah",
      "chapter": 3,
      "verse": 23,
      "text": [
        "After",
        "him",
        "repaired",
        "Benjamin",
        "and",
        "Hashub",
        "over",
        "against",
        "their",
        "house.",
        "After",
        "him",
        "repaired",
        "Azariah",
        "the",
        "son",
        "of",
        "Maaseiah",
        "the",
        "son",
        "of",
        "Ananiah",
        "by",
        "his",
        "house."
      ],
      "header": "",
      "footer": ""
    },
    {
      "book_name": "Nehemiah",
      "chapter": 3,
      "verse": 24,
      "text": [
        "After",
        "him",
        "repaired",
        "Binnui",
        "the",
        "son",
        "of",
        "Henadad",
        "another",
        "piece,",
        "from",
        "the",
        "house",
        "of",
        "Azariah",
        "unto",
        "the",
        "turning",
        "*of",
        "*the",
        "*wall,",
        "even",
        "unto",
        "the",
        "corner."
      ],
      "header": "",
      "footer": ""
    },
    {
      "book_name": "Nehemiah",
      "chapter": 3,
      "verse": 25,
      "text": [
        "Palal",
        "the",
        "son",
        "of",
        "Uzai,",
        "over",
        "against",
        "the",
        "turning",
        "*of",
        "*the",
        "*wall,",
        "and",
        "the",
        "tower",
        "which",
        "lieth",
        "out",
        "from",
        "the",
        "king's",
        "high",
        "house,",
        "that",
        "*was",
        "by",
        "the",
        "court",
        "of",
        "the",
        "prison.",
        "After",
        "him",
        "Pedaiah",
        "the",
        "son",
        "of",
        "Parosh."
      ],
      "header": "",
      "footer": ""
    },
    {
      "book_name": "Nehemiah",
      "chapter": 3,
      "verse": 26,
      "text": [
        "Moreover",
        "the",
        "Nethinims",
        "dwelt",
        "in",
        "Ophel,",
        "unto",
        "*the",
        "*place",
        "over",
        "against",
        "the",
        "water",
        "gate",
        "toward",
        "the",
        "east,",
        "and",
        "the",
        "tower",
        "that",
        "lieth",
        "out."
      ],
      "header": "",
      "footer": ""
    },
    {
      "book_name": "Nehemiah",
      "chapter": 3,
      "verse": 27,
      "text": [
        "After",
        "them",
        "the",
        "Tekoites",
        "repaired",
        "another",
        "piece,",
        "over",
        "against",
        "the",
        "great",
        "tower",
        "that",
        "lieth",
        "out,",
        "even",
        "unto",
        "the",
        "wall",
        "of",
        "Ophel."
      ],
      "header": "",
      "footer": ""
    },
    {
      "book_name": "Nehemiah",
      "chapter": 3,
      "verse": 28,
      "text": [
        "From",
        "above",
        "the",
        "horse",
        "gate",
        "repaired",
        "the",
        "priests,",
        "every",
        "one",
        "over",
        "against",
        "his",
        "house."
      ],
      "header": "",
      "footer": ""
    },
    {
      "book_name": "Nehemiah",
      "chapter": 3,
      "verse": 29,
      "text": [
        "After",
        "them",
        "repaired",
        "Zadok",
        "the",
        "son",
        "of",
        "Immer",
        "over",
        "against",
        "his",
        "house.",
        "After",
        "him",
        "repaired",
        "also",
        "Shemaiah",
        "the",
        "son",
        "of",
        "Shechaniah,",
        "the",
        "keeper",
        "of",
        "the",
        "east",
        "gate."
      ],
      "header": "",
      "footer": ""
    },
    {
      "book_name": "Nehemiah",
      "chapter": 3,
      "verse": 30,
      "text": [
        "After",
        "him",
        "repaired",
        "Hananiah",
        "the",
        "son",
        "of",
        "Shelemiah,",
        "and",
        "Hanun",
        "the",
        "sixth",
        "son",
        "of",
        "Zalaph,",
        "another",
        "piece.",
        "After",
        "him",
        "repaired",
        "Meshullam",
        "the",
        "son",
        "of",
        "Berechiah",
        "over",
        "against",
        "his",
        "chamber."
      ],
      "header": "",
      "footer": ""
    },
    {
      "book_name": "Nehemiah",
      "chapter": 3,
      "verse": 31,
      "text": [
        "After",
        "him",
        "repaired",
        "Malchiah",
        "the",
        "goldsmith's",
        "son",
        "unto",
        "the",
        "place",
        "of",
        "the",
        "Nethinims,",
        "and",
        "of",
        "the",
        "merchants,",
        "over",
        "against",
        "the",
        "gate",
        "Miphkad,",
        "and",
        "to",
        "the",
        "going",
        "up",
        "of",
        "the",
        "corner."
      ],
      "header": "",
      "footer": ""
    },
    {
      "book_name": "Nehemiah",
      "chapter": 3,
      "verse": 32,
      "text": [
        "And",
        "between",
        "the",
        "going",
        "up",
        "of",
        "the",
        "corner",
        "unto",
        "the",
        "sheep",
        "gate",
        "repaired",
        "the",
        "goldsmiths",
        "and",
        "the",
        "merchants."
      ],
      "header": "",
      "footer": ""
    }
  ]
}