{
  "book_name": "Nehemiah",
  "chapter": 7,
  "verses": [
    {
      "book_name": "Nehemiah",
      "chapter": 7,
      "verse": 1,
      "text": [
        "Now",
        "it",
        "came",
        "to",
        "pass,",
        "when",
        "the",
        "wall",
        "was",
        "built,",
        "and",
        "I",
        "had",
        "set",
        "up",
        "the",
        "doors,",
        "and",
        "the",
        "porters",
        "and",
        "the",
        "singers",
        "and",
        "the",
        "Levites",
        "were",
        "appointed,"
      ],
      "header": "",
      "footer": ""
    },
    {
      "book_name": "Nehemiah",
      "chapter": 7,
      "verse": 2,
      "text": [
        "That",
        "I",
        "gave",
        "my",
        "brother",
        "Hanani,",
        "and",
        "Hananiah",
        "the",
        "ruler",
        "of",
        "the",
        "palace,",
        "charge",
        "over",
        "Jerusalem:",
        "for",
        "he",
        "*was",
        "a",
        "faithful",
        "man,",
        "and",
        "feared",
        "God",
        "above",
        "many."
      ],
      "header": "",
      "footer": ""
    },
    {
      "book_name": "Nehemiah",
      "chapter": 7,
      "verse": 3,
      "text": [
        "And",
        "I",
        "said",
        "unto",
        "them,",
        "Let",
        "not",
        "the",
        "gates",
        "of",
        "Jerusalem",
        "be",
        "opened",
        "until",
        "the",
        "sun",
        "be",
        "hot;",
        "and",
        "while",
        "they",
        "stand",
        "by,",
        "let",
        "them",
        "shut",
        "the",
        "doors,",
        "and",
        "bar",
        "*them:",
        "and",
        "appoint",
        "watches",
        "of",
        "the",
        "inhabitants",
        "of",
        "Jerusalem,",
        "every",
        "one",
        "in",
        "his",
        "watch,",
        "and",
        "every",
        "one",
        "*to",
        "*be",
        "over",
        "against",
        "his",
        "house."
      ],
      "header": "",
      "footer": ""
    },
    {
      "book_name": "Nehemiah",
      "chapter": 7,
      "verse": 4,
      "text": [
        "Now",
        "the",
        "city",
        "*was",
        "large",
        "and",
        "great:",
        "but",
        "the",
        "people",
        "*were",
        "few",
        "therein,",
        "and",
        "the",
        "houses",
        "*were",
        "not",
        "builded."
      ],
      "header": "",
      "footer": ""
    },
    {
      "book_name": "Nehemiah",
      "chapter": 7,
      "verse": 5,
      "text": [
        "¶",
        "And",
        "my",
        "God",
        "put",
        "into",
        "mine",
        "heart",
        "to",
        "gather",
        "together",
        "the",
        "nobles,",
        "and",
        "the",
        "rulers,",
        "and",
        "the",
        "people,",
        "that",
        "they",
        "might",
        "be",
        "reckoned",
        "by",
        "genealogy.",
        "And",
        "I",
        "found",
        "a",
        "register",
        "of",
        "the",
        "genealogy",
        "of",
        "them",
        "which",
        "came",
        "up",
        "at",
        "the",
        "first,",
        "and",
        "found",
        "written",
        "therein,"
      ],
      "header": "",
      "footer": ""
    },
    {
      "book_name": "Nehemiah",
      "chapter": 7,
      "verse": 6,
      "text": [
        "These",
        "*are",
        "the",
        "children",
        "of",
        "the",
        "province,",
        "that",
        "went",
        "up",
        "out",
        "of",
        "the",
        "captivity,",
        "of",
        "those",
        "that",
        "had",
        "been",
        "carried",
        "away,",
        "whom",
        "Nebuchadnezzar",
        "the",
        "king",
        "of",
        "Babylon",
        "had",
        "carried",
        "away,",
        "and",
        "came",
        "again",
        "to",
        "Jerusalem",
        "and",
        "to",
        "Judah,",
        "every",
        "one",
        "unto",
        "his",
        "city;"
      ],
      "header": "",
      "footer": ""
    },
    {
      "book_name": "Nehemiah",
      "chapter": 7,
      "verse": 7,
      "text": [
        "Who",
        "came",
        "with",
        "Zerubbabel,",
        "Jeshua,",
        "Nehemiah,",
        "Azariah,",
        "Raamiah,",
        "Nahamani,",
        "Mordecai,",
        "Bilshan,",
        "Mispereth,",
        "Bigvai,",
        "Nehum,",
        "Baanah.",
        "The",
        "number,",
        "*I",
        "*say,",
        "of",
        "the",
        "men",
        "of",
        "the",
        "people",
        "of",
        "Israel",
        "*was",
        "*this;"
      ],
      "header": "",
      "footer": ""
    },
    {
      "book_name": "Nehemiah",
      "chapter": 7,
      "verse": 8,
      "text": [
        "The",
        "children",
        "of",
        "Parosh,",
        "two",
        "thousand",
        "an",
        "hundred",
        "seventy",
        "and",
        "two."
      ],
      "header": "",
      "footer": ""
    },
    {
      "book_name": "Nehemiah",
      "chapter": 7,
      "verse": 9,
      "text": [
        "The",
        "children",
        "of",
        "Shephatiah,",
        "three",
        "hundred",
        "seventy",
        "and",
        "two."
      ],
      "header": "",
      "footer": ""
    },
    {
      "book_name": "Nehemiah",
      "chapter": 7,
      "verse": 10,
      "text": [
        "The",
        "children",
        "of",
        "Arah,",
        "six",
        "hundred",
        "fifty",
        "and",
        "two."
      ],
      "header": "",
      "footer": ""
    },
    {
      "book_name": "Nehemiah",
      "chapter": 7,
      "verse": 11,
      "text": [
        "The",
        "children",
        "of",
        "Pahathmoab,",
        "of",
        "the",
        "children",
        "of",
        "Jeshua",
        "and",
        "Joab,",
        "two",
        "thousand",
        "and",
        "eight",
        "hundred",
        "*and",
        "eighteen."
      ],
      "header": "",
      "footer": ""
    },
    {
      "book_name": "Nehemiah",
      "chapter": 7,
      "verse": 12,
      "text": [
        "The",
        "children",
        "of",
        "Elam,",
        "a",
        "thousand",
        "two",
        "hundred",
        "fifty",
        "and",
        "four."
      ],
      "header": "",
      "footer": ""
    },
    {
      "book_name": "Nehemiah",
      "chapter": 7,
      "verse": 13,
      "text": [
        "The",
        "children",
        "of",
        "Zattu,",
        "eight",
        "hundred",
        "forty",
        "and",
        "five."
      ],
      "header": "",
      "footer": ""
    },
    {
      "book_name": "Nehemiah",
      "chapter": 7,
      "verse": 14,
      "text": [
        "The",
        "children",
        "of",
        "Zaccai,",
        "seven",
        "hundred",
        "and",
        "threescore."
      ],
      "header": "",
      "footer": ""
    },
    {
      "book_name": "Nehemiah",
      "chapter": 7,
      "verse": 15,
      "text": [
        "The",
        "children",
        "of",
        "Binnui,",
        "six",
        "hundred",
        "forty",
        "and",
        "eight."
      ],
      "header": "",
      "footer": ""
    },
    {
      "book_name": "Nehemiah",
      "chapter": 7,
      "verse": 16,
      "text": [
        "The",
        "children",
        "of",
        "Bebai,",
        "six",
        "hundred",
        "twenty",
        "and",
        "eight."
      ],
      "header": "",
      "footer": ""
    },
    {
      "book_name": "Nehemiah",
      "chapter": 7,
      "verse": 17,
      "text": [
        "The",
        "children",
        "of",
        "Azgad,",
        "two",
        "thousand",
        "three",
        "hundred",
        "twenty",
        "and",
        "two."
      ],
      "header": "",
      "footer": ""
    },
    {
      "book_name": "Nehemiah",
      "chapter": 7,
      "verse": 18,
      "text": [
        "The",
        "children",
        "of",
        "Adonikam,",
        "six",
        "hundred",
        "threescore",
        "and",
        "seven."
      ],
      "header": "",
      "footer": ""
    },
    {
      "book_name": "Nehemiah",
      "chapter": 7,
      "verse": 19,
      "text": [
        "The",
        "children",
        "of",
        "Bigvai,",
        "two",
        "thousand",
        "threescore",
        "and",
        "seven."
      ],
      "header": "",
      "footer": ""
    },
    {
      "book_name": "Nehemiah",
      "chapter": 7,
      "verse": 20,
      "text": [
        "The",
        "children",
        "of",
        "Adin,",
        "six",
        "hundred",
        "fifty",
        "and",
        "five."
      ],
      "header": "",
      "footer": ""
    },
    {
      "book_name": "Nehemiah",
      "chapter": 7,
      "verse": 21,
      "text": [
        "The",
        "children",
        "of",
        "Ater",
        "of",
        "Hezekiah,",
        "ninety",
        "and",
        "eight."
      ],
      "header": "",
      "footer": ""
    },
    {
      "book_name": "Nehemiah",
      "chapter": 7,
      "verse": 22,
      "text": [
        "The",
        "children",
        "of",
        "Hashum,",
        "three",
        "hundred",
        "twenty",
        "and",
        "eight."
      ],
      "header": "",
      "footer": ""
    },
    {
      "book_name": "Nehemiah",
      "chapter": 7,
      "verse": 23,
      "text": [
        "The",
        "children",
        "of",
        "Bezai,",
        "three",
        "hundred",
        "twenty",
        "and",
        "four."
      ],
      "header": "",
      "footer": ""
    },
    {
      "book_name": "Nehemiah",
      "chapter": 7,
      "verse": 24,
      "text": [
        "The",
        "children",
        "of",
        "Hariph,",
        "an",
        "hundred",
        "and",
        "twelve."
      ],
      "header": "",
      "footer": ""
    },
    {
      "book_name": "Nehemiah",
      "chapter": 7,
      "verse": 25,
      "text": [
        "The",
        "children",
        "of",
        "Gibeon,",
        "ninety",
        "and",
        "five."
      ],
      "header": "",
      "footer": ""
    },
    {
      "book_name": "Nehemiah",
      "chapter": 7,
      "verse": 26,
      "text": [
        "The",
        "men",
        "of",
        "Bethlehem",
        "and",
        "Netophah,",
        "an",
        "hundred",
        "fourscore",
        "and",
        "eight."
      ],
      "header": "",
      "footer": ""
    },
    {
      "book_name": "Nehemiah",
      "chapter": 7,
      "verse": 27,
      "text": [
        "The",
        "men",
        "of",
        "Anathoth,",
        "an",
        "hundred",
        "twenty",
        "and",
        "eight."
      ],
      "header": "",
      "footer": ""
    },
    {
      "book_name": "Nehemiah",
      "chapter": 7,
      "verse": 28,
      "text": [
        "The",
        "men",
        "of",
        "Bethazmaveth,",
        "forty",
        "and",
        "two."
      ],
      "header": "",
      "footer": ""
    },
    {
      "book_name": "Nehemiah",
      "chapter": 7,
      "verse": 29,
      "text": [
        "The",
        "men",
        "of",
        "Kirjathjearim,",
        "Chephirah,",
        "and",
        "Beeroth,",
        "seven",
        "hundred",
        "forty",
        "and",
        "three."
      ],
      "header": "",
      "footer": ""
    },
    {
      "book_name": "Nehemiah",
      "chapter": 7,
      "verse": 30,
      "text": [
        "The",
        "men",
        "of",
        "Ramah",
        "and",
        "Geba,",
        "six",
        "hundred",
        "twenty",
        "and",
        "one."
      ],
      "header": "",
      "footer": ""
    },
    {
      "book_name": "Nehemiah",
      "chapter": 7,
      "verse": 31,
      "text": [
        "The",
        "men",
        "of",
        "Michmas,",
        "an",
        "hundred",
        "and",
        "twenty",
        "and",
        "two."
      ],
      "header": "",
      "footer": ""
    },
    {
      "book_name": "Nehemiah",
      "chapter": 7,
      "verse": 32,
      "text": [
        "The",
        "men",
        "of",
        "Bethel",
        "and",
        "Ai,",
        "an",
        "hundred",
        "twenty",
        "and",
        "three."
      ],
      "header": "",
      "footer": ""
    },
    {
      "book_name": "Nehemiah",
      "chapter": 7,
      "verse": 33,
      "text": [
        "The",
        "men",
        "of",
        "the",
        "other",
        "Nebo,",
        "fifty",
        "and",
        "two."
      ],
      "header": "",
      "footer": ""
    },
    {
      "book_name": "Nehemiah",
      "chapter": 7,
      "verse": 34,
      "text": [
        "The",
        "children",
        "of",
        "the",
        "other",
        "Elam,",
        "a",
        "thousand",
        "two",
        "hundred",
        "fifty",
        "and",
        "four."
      ],
      "header": "",
      "footer": ""
    },
    {
      "book_name": "Nehemiah",
      "chapter": 7,
      "verse": 35,
      "text": [
        "The",
        "children",
        "of",
        "Harim,",
        "three",
        "hundred",
        "and",
        "twenty."
      ],
      "header": "",
      "footer": ""
    },
    {
      "book_name": "Nehemiah",
      "chapter": 7,
      "verse": 36,
      "text": [
        "The",
        "children",
        "of",
        "Jericho,",
        "three",
        "hundred",
        "forty",
        "and",
        "five."
      ],
      "header": "",
      "footer": ""
    },
    {
      "book_name": "Nehemiah",
      "chapter": 7,
      "verse": 37,
      "text": [
        "The",
        "children",
        "of",
        "Lod,",
        "Hadid,",
        "and",
        "Ono,",
        "seven",
        "hundred",
        "twenty",
        "and",
        "one."
      ],
      "header": "",
      "footer": ""
    },
    {
      "book_name": "Nehemiah",
      "chapter": 7,
      "verse": 38,
      "text": [
        "The",
        "children",
        "of",
        "Senaah,",
        "three",
        "thousand",
        "nine",
        "hundred",
        "and",
        "thirty."
      ],
      "header": "",
      "footer": ""
    },
    {
      "book_name": "Nehemiah",
      "chapter": 7,
      "verse": 39,
      "text": [
        "¶",
        "The",
        "priests:",
        "the",
        "children",
        "of",
        "Jedaiah,",
        "of",
        "the",
        "house",
        "of",
        "Jeshua,",
        "nine",
        "hundred",
        "seventy",
        "and",
        "three."
      ],
      "header": "",
      "footer": ""
    },
    {
      "book_name": "Nehemiah",
      "chapter": 7,
      "verse": 40,
      "text": [
        "The",
        "children",
        "of",
        "Immer,",
        "a",
        "thousand",
        "fifty",
        "and",
        "two."
      ],
      "header": "",
      "footer": ""
    },
    {
      "book_name": "Nehemiah",
      "chapter": 7,
      "verse": 41,
      "text": [
        "The",
        "children",
        "of",
        "Pashur,",
        "a",
        "thousand",
        "two",
        "hundred",
        "forty",
        "and",
        "seven."
      ],
      "header": "",
      "footer": ""
    },
    {
      "book_name": "Nehemiah",
      "chapter": 7,
      "verse": 42,
      "text": [
        "The",
        "children",
        "of",
        "Harim,",
        "a",
        "thousand",
        "and",
        "seventeen."
      ],
      "header": "",
      "footer": ""
    },
    {
      "book_name": "Nehemiah",
      "chapter": 7,
      "verse": 43,
      "text": [
        "¶",
        "The",
        "Levites:",
        "the",
        "children",
        "of",
        "Jeshua,",
        "of",
        "Kadmiel,",
        "*and",
        "of",
        "the",
        "children",
        "of",
        "Hodevah,",
        "seventy",
        "and",
        "four."
      ],
      "header": "",
      "footer": ""
    },
    {
      "book_name": "Nehemiah",
      "chapter": 7,
      "verse": 44,
      "text": [
        "¶",
        "The",
        "singers:",
        "the",
        "children",
        "of",
        "Asaph,",
        "an",
        "hundred",
        "forty",
        "and",
        "eight."
      ],
      "header": "",
      "footer": ""
    },
    {
      "book_name": "Nehemiah",
      "chapter": 7,
      "verse": 45,
      "text": [
        "¶",
        "The",
        "porters:",
        "the",
        "children",
        "of",
        "Shallum,",
        "the",
        "children",
        "of",
        "Ater,",
        "the",
        "children",
        "of",
        "Talmon,",
        "the",
        "children",
        "of",
        "Akkub,",
        "the",
        "children",
        "of",
        "Hatita,",
        "the",
        "children",
        "of",
        "Shobai,",
        "an",
        "hundred",
        "thirty",
        "and",
        "eight."
      ],
      "header": "",
      "footer": ""
    },
    {
      "book_name": "Nehemiah",
      "chapter": 7,
      "verse": 46,
      "text": [
        "¶",
        "The",
        "Nethinims:",
        "the",
        "children",
        "of",
        "Ziha,",
        "the",
        "children",
        "of",
        "Hashupha,",
        "the",
        "children",
        "of",
        "Tabbaoth,"
      ],
      "header": "",
      "footer": ""
    },
    {
      "book_name": "Nehemiah",
      "chapter": 7,
      "verse": 47,
      "text": [
        "The",
        "children",
        "of",
        "Keros,",
        "the",
        "children",
        "of",
        "Sia,",
        "the",
        "children",
        "of",
        "Padon,"
      ],
      "header": "",
      "footer": ""
    },
    {
      "book_name": "Nehemiah",
      "chapter": 7,
      "verse": 48,
      "text": [
        "The",
        "children",
        "of",
        "Lebana,",
        "the",
        "children",
        "of",
        "Hagaba,",
        "the",
        "children",
        "of",
        "Shalmai,"
      ],
      "header": "",
      "footer": ""
    },
    {
      "book_name": "Nehemiah",
      "chapter": 7,
      "verse": 49,
      "text": [
        "The",
        "children",
        "of",
        "Hanan,",
        "the",
        "children",
        "of",
        "Giddel,",
        "the",
        "children",
        "of",
        "Gahar,"
      ],
      "header": "",
      "footer": ""
    },
    {
      "book_name": "Nehemiah",
      "chapter": 7,
      "verse": 50,
      "text": [
        "The",
        "children",
        "of",
        "Reaiah,",
        "the",
        "children",
        "of",
        "Rezin,",
        "the",
        "children",
        "of",
        "Nekoda,"
      ],
      "header": "",
      "footer": ""
    },
    {
      "book_name": "Nehemiah",
      "chapter": 7,
      "verse": 51,
      "text": [
        "The",
        "children",
        "of",
        "Gazzam,",
        "the",
        "children",
        "of",
        "Uzza,",
        "the",
        "children",
        "of",
        "Phaseah,"
      ],
      "header": "",
      "footer": ""
    },
    {
      "book_name": "Nehemiah",
      "chapter": 7,
      "verse": 52,
      "text": [
        "The",
        "children",
        "of",
        "Besai,",
        "the",
        "children",
        "of",
        "Meunim,",
        "the",
        "children",
        "of",
        "Nephishesim,"
      ],
      "header": "",
      "footer": ""
    },
    {
      "book_name": "Nehemiah",
      "chapter": 7,
      "verse": 53,
      "text": [
        "The",
        "children",
        "of",
        "Bakbuk,",
        "the",
        "children",
        "of",
        "Hakupha,",
        "the",
        "children",
        "of",
        "Harhur,"
      ],
      "header": "",
      "footer": ""
    },
    {
      "book_name": "Nehemiah",
      "chapter": 7,
      "verse": 54,
      "text": [
        "The",
        "children",
        "of",
        "Bazlith,",
        "the",
        "children",
        "of",
        "Mehida,",
        "the",
        "children",
        "of",
        "Harsha,"
      ],
      "header": "",
      "footer": ""
    },
    {
      "book_name": "Nehemiah",
      "chapter": 7,
      "verse": 55,
      "text": [
        "The",
        "children",
        "of",
        "Barkos,",
        "the",
        "children",
        "of",
        "Sisera,",
        "the",
        "children",
        "of",
        "Tamah,"
      ],
      "header": "",
      "footer": ""
    },
    {
      "book_name": "Nehemiah",
      "chapter": 7,
      "verse": 56,
      "text": [
        "The",
        "children",
        "of",
        "Neziah,",
        "the",
        "children",
        "of",
        "Hatipha."
      ],
      "header": "",
      "footer": ""
    },
    {
      "book_name": "Nehemiah",
      "chapter": 7,
      "verse": 57,
      "text": [
        "¶",
        "The",
        "children",
        "of",
        "Solomon's",
        "servants:",
        "the",
        "children",
        "of",
        "Sotai,",
        "the",
        "children",
        "of",
        "Sophereth,",
        "the",
        "children",
        "of",
        "Perida,"
      ],
      "header": "",
      "footer": ""
    },
    {
      "book_name": "Nehemiah",
      "chapter": 7,
      "verse": 58,
      "text": [
        "The",
        "children",
        "of",
        "Jaala,",
        "the",
        "children",
        "of",
        "Darkon,",
        "the",
        "children",
        "of",
        "Giddel,"
      ],
      "header": "",
      "footer": ""
    },
    {
      "book_name": "Nehemiah",
      "chapter": 7,
      "verse": 59,
      "text": [
        "The",
        "children",
        "of",
        "Shephatiah,",
        "the",
        "children",
        "of",
        "Hattil,",
        "the",
        "children",
        "of",
        "Pochereth",
        "of",
        "Zebaim,",
        "the",
        "children",
        "of",
        "Amon."
      ],
      "header": "",
      "footer": ""
    },
    {
      "book_name": "Nehemiah",
      "chapter": 7,
      "verse": 60,
      "text": [
        "All",
        "the",
        "Nethinims,",
        "and",
        "the",
        "children",
        "of",
        "Solomon's",
        "servants,",
        "*were",
        "three",
        "hundred",
        "ninety",
        "and",
        "two."
      ],
      "header": "",
      "footer": ""
    },
    {
      "book_name": "Nehemiah",
      "chapter": 7,
      "verse": 61,
      "text": [
        "And",
        "these",
        "*were",
        "they",
        "which",
        "went",
        "up",
        "*also",
        "from",
        "Telmelah,",
        "Telharesha,",
        "Cherub,",
        "Addon,",
        "and",
        "Immer:",
        "but",
        "they",
        "could",
        "not",
        "shew",
        "their",
        "father's",
        "house,",
        "nor",
        "their",
        "seed,",
        "whether",
        "they",
        "*were",
        "of",
        "Israel."
      ],
      "header": "",
      "footer": ""
    },
    {
      "book_name": "Nehemiah",
      "chapter": 7,
      "verse": 62,
      "text": [
        "The",
        "children",
        "of",
        "Delaiah,",
        "the",
        "children",
        "of",
        "Tobiah,",
        "the",
        "children",
        "of",
        "Nekoda,",
        "six",
        "hundred",
        "forty",
        "and",
        "two."
      ],
      "header": "",
      "footer": ""
    },
    {
      "book_name": "Nehemiah",
      "chapter": 7,
      "verse": 63,
      "text": [
        "¶",
        "And",
        "of",
        "the",
        "priests:",
        "the",
        "children",
        "of",
        "Habaiah,",
        "the",
        "children",
        "of",
        "Koz,",
        "the",
        "children",
        "of",
        "Barzillai,",
        "which",
        "took",
        "*one",
        "of",
        "the",
        "daughters",
        "of",
        "Barzillai",
        "the",
        "Gileadite",
        "to",
        "wife,",
        "and",
        "was",
        "called",
        "after",
        "their",
        "name."
      ],
      "header": "",
      "footer": ""
    },
    {
      "book_name": "Nehemiah",
      "chapter": 7,
      "verse": 64,
      "text": [
        "These",
        "sought",
        "their",
        "register",
        "*among",
        "those",
        "that",
        "were",
        "reckoned",
        "by",
        "genealogy,",
        "but",
        "it",
        "was",
        "not",
        "found:",
        "therefore",
        "were",
        "they,",
        "as",
        "polluted,",
        "put",
        "from",
        "the",
        "priesthood."
      ],
      "header": "",
      "footer": ""
    },
    {
      "book_name": "Nehemiah",
      "chapter": 7,
      "verse": 65,
      "text": [
        "And",
        "the",
        "Tirshatha",
        "said",
        "unto",
        "them,",
        "that",
        "they",
        "should",
        "not",
        "eat",
        "of",
        "the",
        "most",
        "holy",
        "things,",
        "till",
        "there",
        "stood",
        "*up",
        "a",
        "priest",
        "with",
        "Urim",
        "and",
        "Thummim."
      ],
      "header": "",
      "footer": ""
    },
    {
      "book_name": "Nehemiah",
      "chapter": 7,
      "verse": 66,
      "text": [
        "¶",
        "The",
        "whole",
        "congregation",
        "together",
        "*was",
        "forty",
        "and",
        "two",
        "thousand",
        "three",
        "hundred",
        "and",
        "threescore,"
      ],
      "header": "",
      "footer": ""
    },
    {
      "book_name": "Nehemiah",
      "chapter": 7,
      "verse": 67,
      "text": [
        "Beside",
        "their",
        "manservants",
        "and",
        "their",
        "maidservants,",
        "of",
        "whom",
        "*there",
        "*were",
        "seven",
        "thousand",
        "three",
        "hundred",
        "thirty",
        "and",
        "seven:",
        "and",
        "they",
        "had",
        "two",
        "hundred",
        "forty",
        "and",
        "five",
        "singing",
        "men",
        "and",
        "singing",
        "women."
      ],
      "header": "",
      "footer": ""
    },
    {
      "book_name": "Nehemiah",
      "chapter": 7,
      "verse": 68,
      "text": [
        "Their",
        "horses,",
        "seven",
        "hundred",
        "thirty",
        "and",
        "six:",
        "their",
        "mules,",
        "two",
        "hundred",
        "forty",
        "and",
        "five:"
      ],
      "header": "",
      "footer": ""
    },
    {
      "book_name": "Nehemiah",
      "chapter": 7,
      "verse": 69,
      "text": [
        "*Their",
        "camels,",
        "four",
        "hundred",
        "thirty",
        "and",
        "five:",
        "six",
        "thousand",
        "seven",
        "hundred",
        "and",
        "twenty",
        "asses."
      ],
      "header": "",
      "footer": ""
    },
    {
      "book_name": "Nehemiah",
      "chapter": 7,
      "verse": 70,
      "text": [
        "¶",
        "And",
        "some",
        "of",
        "the",
        "chief",
        "of",
        "the",
        "fathers",
        "gave",
        "unto",
        "the",
        "work.",
        "The",
        "Tirshatha",
        "gave",
        "to",
        "the",
        "treasure",
        "a",
        "thousand",
        "drams",
        "of",
        "gold,",
        "fifty",
        "basons,",
        "five",
        "hundred",
        "and",
        "thirty",
        "priests'",
        "garments."
      ],
      "header": "",
      "footer": ""
    },
    {
      "book_name": "Nehemiah",
      "chapter": 7,
      "verse": 71,
      "text": [
        "And",
        "*some",
        "of",
        "the",
        "chief",
        "of",
        "the",
        "fathers",
        "gave",
        "to",
        "the",
        "treasure",
        "of",
        "the",
        "work",
        "twenty",
        "thousand",
        "drams",
        "of",
        "gold,",
        "and",
        "two",
        "thousand",
        "and",
        "two",
        "hundred",
        "pound",
        "of",
        "silver."
      ],
      "header": "",
      "footer": ""
    },
    {
      "book_name": "Nehemiah",
      "chapter": 7,
      "verse": 72,
      "text": [
        "And",
        "*that",
        "which",
        "the",
        "rest",
        "of",
        "the",
        "people",
        "gave",
        "*was",
        "twenty",
        "thousand",
        "drams",
        "of",
        "gold,",
        "and",
        "two",
        "thousand",
        "pound",
        "of",
        "silver,",
        "and",
        "threescore",
        "and",
        "seven",
        "priests'",
        "garments."
      ],
      "header": "",
      "footer": ""
    },
    {
      "book_name": "Nehemiah",
      "chapter": 7,
      "verse": 73,
      "text": [
        "So",
        "the",
        "priests,",
        "and",
        "the",
        "Levites,",
        "and",
        "the",
        "porters,",
        "and",
        "the",
        "singers,",
        "and",
        "*some",
        "of",
        "the",
        "people,",
        "and",
        "the",
        "Nethinims,",
        "and",
        "all",
        "Israel,",
        "dwelt",
        "in",
        "their",
        "cities;",
        "and",
        "when",
        "the",
        "seventh",
        "month",
        "came,",
        "the",
        "children",
        "of",
        "Israel",
        "*were",
        "in",
        "their",
        "cities."
      ],
      "header": "",
      "footer": ""
    }
  ]
}