{
  "book_name": "Romans",
  "chapter": 1,
  "verses": [
    {
      "book_name": "Romans",
      "chapter": 1,
      "verse": 1,
      "text": [
        "Paul,",
        "a",
        "servant",
        "of",
        "Jesus",
        "Christ,",
        "called",
        "*to",
        "*be",
        "an",
        "apostle,",
        "separated",
        "unto",
        "the",
        "gospel",
        "of",
        "God,"
      ],
      "header": "",
      "footer": ""
    },
    {
      "book_name": "Romans",
      "chapter": 1,
      "verse": 2,
      "text": [
        "(Which",
        "he",
        "had",
        "promised",
        "afore",
        "by",
        "his",
        "prophets",
        "in",
        "the",
        "holy",
        "scriptures,)"
      ],
      "header": "",
      "footer": ""
    },
    {
      "book_name": "Romans",
      "chapter": 1,
      "verse": 3,
      "text": [
        "Concerning",
        "his",
        "Son",
        "Jesus",
        "Christ",
        "our",
        "Lord,",
        "which",
        "was",
        "made",
        "of",
        "the",
        "seed",
        "of",
        "David",
        "according",
        "to",
        "the",
        "flesh;"
      ],
      "header": "",
      "footer": ""
    },
    {
      "book_name": "Romans",
      "chapter": 1,
      "verse": 4,
      "text": [
        "And",
        "declared",
        "*to",
        "*be",
        "the",
        "Son",
        "of",
        "God",
        "with",
        "power,",
        "according",
        "to",
        "the",
        "spirit",
        "of",
        "holiness,",
        "by",
        "the",
        "resurrection",
        "from",
        "the",
        "dead:"
      ],
      "header": "",
      "footer": ""
    },
    {
      "book_name": "Romans",
      "chapter": 1,
      "verse": 5,
      "text": [
        "By",
        "whom",
        "we",
        "have",
        "received",
        "grace",
        "and",
        "apostleship,",
        "for",
        "obedience",
        "to",
        "the",
        "faith",
        "among",
        "all",
        "nations,",
        "for",
        "his",
        "name:"
      ],
      "header": "",
      "footer": ""
    },
    {
      "book_name": "Romans",
      "chapter": 1,
      "verse": 6,
      "text": [
        "Among",
        "whom",
        "are",
        "ye",
        "also",
        "the",
        "called",
        "of",
        "Jesus",
        "Christ:"
      ],
      "header": "",
      "footer": ""
    },
    {
      "book_name": "Romans",
      "chapter": 1,
      "verse": 7,
      "text": [
        "To",
        "all",
        "that",
        "be",
        "in",
        "Rome,",
        "beloved",
        "of",
        "God,",
        "called",
        "*to",
        "*be",
        "saints:",
        "Grace",
        "to",
        "you",
        "and",
        "peace",
        "from",
        "God",
        "our",
        "Father,",
        "and",
        "the",
        "Lord",
        "Jesus",
        "Christ."
      ],
      "header": "",
      "footer": ""
    },
    {
      "book_name": "Romans",
      "chapter": 1,
      "verse": 8,
      "text": [
        "First,",
        "I",
        "thank",
        "my",
        "God",
        "through",
        "Jesus",
        "Christ",
        "for",
        "you",
        "all,",
        "that",
        "your",
        "faith",
        "is",
        "spoken",
        "of",
        "throughout",
        "the",
        "whole",
        "world."
      ],
      "header": "",
      "footer": ""
    },
    {
      "book_name": "Romans",
      "chapter": 1,
      "verse": 9,
      "text": [
        "For",
        "God",
        "is",
        "my",
        "witness,",
        "whom",
        "I",
        "serve",
        "with",
        "my",
        "spirit",
        "in",
        "the",
        "gospel",
        "of",
        "his",
        "Son,",
        "that",
        "without",
        "ceasing",
        "I",
        "make",
        "mention",
        "of",
        "you",
        "always",
        "in",
        "my",
        "prayers;"
      ],
      "header": "",
      "footer": ""
    },
    {
      "book_name": "Romans",
      "chapter": 1,
      "verse": 10,
      "text": [
        "Making",
        "request,",
        "if",
        "by",
        "any",
        "means",
        "now",
        "at",
        "length",
        "I",
        "might",
        "have",
        "a",
        "prosperous",
        "journey",
        "by",
        "the",
        "will",
        "of",
        "God",
        "to",
        "come",
        "unto",
        "you."
      ],
      "header": "",
      "footer": ""
    },
    {
      "book_name": "Romans",
      "chapter": 1,
      "verse": 11,
      "text": [
        "For",
        "I",
        "long",
        "to",
        "see",
        "you,",
        "that",
        "I",
        "may",
        "impart",
        "unto",
        "you",
        "some",
        "spiritual",
        "gift,",
        "to",
        "the",
        "end",
        "ye",
        "may",
        "be",
        "established;"
      ],
      "header": "",
      "footer": ""
    },
    {
      "book_name": "Romans",
      "chapter": 1,
      "verse": 12,
      "text": [
        "That",
        "is,",
        "that",
        "I",
        "may",
        "be",
        "comforted",
        "together",
        "with",
        "you",
        "by",
        "the",
        "mutual",
        "faith",
        "both",
        "of",
        "you",
        "and",
        "me."
      ],
      "header": "",
      "footer": ""
    },
    {
      "book_name": "Romans",
      "chapter": 1,
      "verse": 13,
      "text": [
        "Now",
        "I",
        "would",
        "not",
        "have",
        "you",
        "ignorant,",
        "brethren,",
        "that",
        "oftentimes",
        "I",
        "purposed",
        "to",
        "come",
        "unto",
        "you,",
        "(but",
        "was",
        "let",
        "hitherto,)",
        "that",
        "I",
        "might",
        "have",
        "some",
        "fruit",
        "among",
        "you",
        "also,",
        "even",
        "as",
        "among",
        "other",
        "Gentiles."
      ],
      "header": "",
      "footer": ""
    },
    {
      "book_name": "Romans",
      "chapter": 1,
      "verse": 14,
      "text": [
        "I",
        "am",
        "debtor",
        "both",
        "to",
        "the",
        "Greeks,",
        "and",
        "to",
        "the",
        "Barbarians;",
        "both",
        "to",
        "the",
        "wise,",
        "and",
        "to",
        "the",
        "unwise."
      ],
      "header": "",
      "footer": ""
    },
    {
      "book_name": "Romans",
      "chapter": 1,
      "verse": 15,
      "text": [
        "So,",
        "as",
        "much",
        "as",
        "in",
        "me",
        "is,",
        "I",
        "am",
        "ready",
        "to",
        "preach",
        "the",
        "gospel",
        "to",
        "you",
        "that",
        "are",
        "at",
        "Rome",
        "also."
      ],
      "header": "",
      "footer": ""
    },
    {
      "book_name": "Romans",
      "chapter": 1,
      "verse": 16,
      "text": [
        "For",
        "I",
        "am",
        "not",
        "ashamed",
        "of",
        "the",
        "gospel",
        "of",
        "Christ:",
        "for",
        "it",
        "is",
        "the",
        "power",
        "of",
        "God",
        "unto",
        "salvation",
        "to",
        "every",
        "one",
        "that",
        "believeth;",
        "to",
        "the",
        "Jew",
        "first,",
        "and",
        "also",
        "to",
        "the",
        "Greek."
      ],
      "header": "",
      "footer": ""
    },
    {
      "book_name": "Romans",
      "chapter": 1,
      "verse": 17,
      "text": [
        "For",
        "therein",
        "is",
        "the",
        "righteousness",
        "of",
        "God",
        "revealed",
        "from",
        "faith",
        "to",
        "faith:",
        "as",
        "it",
        "is",
        "written,",
        "The",
        "just",
        "shall",
        "live",
        "by",
        "faith."
      ],
      "header": "",
      "footer": ""
    },
    {
      "book_name": "Romans",
      "chapter": 1,
      "verse": 18,
      "text": [
        "For",
        "the",
        "wrath",
        "of",
        "God",
        "is",
        "revealed",
        "from",
        "heaven",
        "against",
        "all",
        "ungodliness",
        "and",
        "unrighteousness",
        "of",
        "men,",
        "who",
        "hold",
        "the",
        "truth",
        "in",
        "unrighteousness;"
      ],
      "header": "",
      "footer": ""
    },
    {
      "book_name": "Romans",
      "chapter": 1,
      "verse": 19,
      "text": [
        "Because",
        "that",
        "which",
        "may",
        "be",
        "known",
        "of",
        "God",
        "is",
        "manifest",
        "in",
        "them;",
        "for",
        "God",
        "hath",
        "shewed",
        "*it",
        "unto",
        "them."
      ],
      "header": "",
      "footer": ""
    },
    {
      "book_name": "Romans",
      "chapter": 1,
      "verse": 20,
      "text": [
        "For",
        "the",
        "invisible",
        "things",
        "of",
        "him",
        "from",
        "the",
        "creation",
        "of",
        "the",
        "world",
        "are",
        "clearly",
        "seen,",
        "being",
        "understood",
        "by",
        "the",
        "things",
        "that",
        "are",
        "made,",
        "*even",
        "his",
        "eternal",
        "power",
        "and",
        "Godhead;",
        "so",
        "that",
        "they",
        "are",
        "without",
        "excuse:"
      ],
      "header": "",
      "footer": ""
    },
    {
      "book_name": "Romans",
      "chapter": 1,
      "verse": 21,
      "text": [
        "Because",
        "that,",
        "when",
        "they",
        "knew",
        "God,",
        "they",
        "glorified",
        "*him",
        "not",
        "as",
        "God,",
        "neither",
        "were",
        "thankful;",
        "but",
        "became",
        "vain",
        "in",
        "their",
        "imaginations,",
        "and",
        "their",
        "foolish",
        "heart",
        "was",
        "darkened."
      ],
      "header": "",
      "footer": ""
    },
    {
      "book_name": "Romans",
      "chapter": 1,
      "verse": 22,
      "text": [
        "Professing",
        "themselves",
        "to",
        "be",
        "wise,",
        "they",
        "became",
        "fools,"
      ],
      "header": "",
      "footer": ""
    },
    {
      "book_name": "Romans",
      "chapter": 1,
      "verse": 23,
      "text": [
        "And",
        "changed",
        "the",
        "glory",
        "of",
        "the",
        "uncorruptible",
        "God",
        "into",
        "an",
        "image",
        "made",
        "like",
        "to",
        "corruptible",
        "man,",
        "and",
        "to",
        "birds,",
        "and",
        "fourfooted",
        "beasts,",
        "and",
        "creeping",
        "things."
      ],
      "header": "",
      "footer": ""
    },
    {
      "book_name": "Romans",
      "chapter": 1,
      "verse": 24,
      "text": [
        "Wherefore",
        "God",
        "also",
        "gave",
        "them",
        "up",
        "to",
        "uncleanness",
        "through",
        "the",
        "lusts",
        "of",
        "their",
        "own",
        "hearts,",
        "to",
        "dishonour",
        "their",
        "own",
        "bodies",
        "between",
        "themselves:"
      ],
      "header": "",
      "footer": ""
    },
    {
      "book_name": "Romans",
      "chapter": 1,
      "verse": 25,
      "text": [
        "Who",
        "changed",
        "the",
        "truth",
        "of",
        "God",
        "into",
        "a",
        "lie,",
        "and",
        "worshipped",
        "and",
        "served",
        "the",
        "creature",
        "more",
        "than",
        "the",
        "Creator,",
        "who",
        "is",
        "blessed",
        "for",
        "ever.",
        "Amen."
      ],
      "header": "",
      "footer": ""
    },
    {
      "book_name": "Romans",
      "chapter": 1,
      "verse": 26,
      "text": [
        "For",
        "this",
        "cause",
        "God",
        "gave",
        "them",
        "up",
        "unto",
        "vile",
        "affections:",
        "for",
        "even",
        "their",
        "women",
        "did",
        "change",
        "the",
        "natural",
        "use",
        "into",
        "that",
        "which",
        "is",
        "against",
        "nature:"
      ],
      "header": "",
      "footer": ""
    },
    {
      "book_name": "Romans",
      "chapter": 1,
      "verse": 27,
      "text": [
        "And",
        "likewise",
        "also",
        "the",
        "men,",
        "leaving",
        "the",
        "natural",
        "use",
        "of",
        "the",
        "woman,",
        "burned",
        "in",
        "their",
        "lust",
        "one",
        "toward",
        "another;",
        "men",
        "with",
        "men",
        "working",
        "that",
        "which",
        "is",
        "unseemly,",
        "and",
        "receiving",
        "in",
        "themselves",
        "that",
        "recompence",
        "of",
        "their",
        "error",
        "which",
        "was",
        "meet."
      ],
      "header": "",
      "footer": ""
    },
    {
      "book_name": "Romans",
      "chapter": 1,
      "verse": 28,
      "text": [
        "And",
        "even",
        "as",
        "they",
        "did",
        "not",
        "like",
        "to",
        "retain",
        "God",
        "in",
        "*their",
        "knowledge,",
        "God",
        "gave",
        "them",
        "over",
        "to",
        "a",
        "reprobate",
        "mind,",
        "to",
        "do",
        "those",
        "things",
        "which",
        "are",
        "not",
        "convenient;"
      ],
      "header": "",
      "footer": ""
    },
    {
      "book_name": "Romans",
      "chapter": 1,
      "verse": 29,
      "text": [
        "Being",
        "filled",
        "with",
        "all",
        "unrighteousness,",
        "fornication,",
        "wickedness,",
        "covetousness,",
        "maliciousness;",
        "full",
        "of",
        "envy,",
        "murder,",
        "debate,",
        "deceit,",
        "malignity;",
        "whisperers,"
      ],
      "header": "",
      "footer": ""
    },
    {
      "book_name": "Romans",
      "chapter": 1,
      "verse": 30,
      "text": [
        "Backbiters,",
        "haters",
        "of",
        "God,",
        "despiteful,",
        "proud,",
        "boasters,",
        "inventors",
        "of",
        "evil",
        "things,",
        "disobedient",
        "to",
        "parents,"
      ],
      "header": "",
      "footer": ""
    },
    {
      "book_name": "Romans",
      "chapter": 1,
      "verse": 31,
      "text": [
        "Without",
        "understanding,",
        "covenantbreakers,",
        "without",
        "natural",
        "affection,",
        "implacable,",
        "unmerciful:"
      ],
      "header": "",
      "footer": ""
    },
    {
      "book_name": "Romans",
      "chapter": 1,
      "verse": 32,
      "text": [
        "Who",
        "knowing",
        "the",
        "judgment",
        "of",
        "God,",
        "that",
        "they",
        "which",
        "commit",
        "such",
        "things",
        "are",
        "worthy",
        "of",
        "death,",
        "not",
        "only",
        "do",
        "the",
        "same,",
        "but",
        "have",
        "pleasure",
        "in",
        "them",
        "that",
        "do",
        "them."
      ],
      "header": "",
      "footer": ""
    }
  ]
}