{
  "book_name": "Romans",
  "chapter": 16,
  "verses": [
    {
      "book_name": "Romans",
      "chapter": 16,
      "verse": 1,
      "text": [
        "I",
        "commend",
        "unto",
        "you",
        "Phebe",
        "our",
        "sister,",
        "which",
        "is",
        "a",
        "servant",
        "of",
        "the",
        "church",
        "which",
        "is",
        "at",
        "Cenchrea:"
      ],
      "header": "",
      "footer": ""
    },
    {
      "book_name": "Romans",
      "chapter": 16,
      "verse": 2,
      "text": [
        "That",
        "ye",
        "receive",
        "her",
        "in",
        "the",
        "Lord,",
        "as",
        "becometh",
        "saints,",
        "and",
        "that",
        "ye",
        "assist",
        "her",
        "in",
        "whatsoever",
        "business",
        "she",
        "hath",
        "need",
        "of",
        "you:",
        "for",
        "she",
        "hath",
        "been",
        "a",
        "succourer",
        "of",
        "many,",
        "and",
        "of",
        "myself",
        "also."
      ],
      "header": "",
      "footer": ""
    },
    {
      "book_name": "Romans",
      "chapter": 16,
      "verse": 3,
      "text": [
        "Greet",
        "Priscilla",
        "and",
        "Aquila",
        "my",
        "helpers",
        "in",
        "Christ",
        "Jesus:"
      ],
      "header": "",
      "footer": ""
    },
    {
      "book_name": "Romans",
      "chapter": 16,
      "verse": 4,
      "text": [
        "Who",
        "have",
        "for",
        "my",
        "life",
        "laid",
        "down",
        "their",
        "own",
        "necks:",
        "unto",
        "whom",
        "not",
        "only",
        "I",
        "give",
        "thanks,",
        "but",
        "also",
        "all",
        "the",
        "churches",
        "of",
        "the",
        "Gentiles."
      ],
      "header": "",
      "footer": ""
    },
    {
      "book_name": "Romans",
      "chapter": 16,
      "verse": 5,
      "text": [
        "Likewise",
        "*greet",
        "the",
        "church",
        "that",
        "is",
        "in",
        "their",
        "house.",
        "Salute",
        "my",
        "wellbeloved",
        "Epaenetus,",
        "who",
        "is",
        "the",
        "firstfruits",
        "of",
        "Achaia",
        "unto",
        "Christ."
      ],
      "header": "",
      "footer": ""
    },
    {
      "book_name": "Romans",
      "chapter": 16,
      "verse": 6,
      "text": [
        "Greet",
        "Mary,",
        "who",
        "bestowed",
        "much",
        "labour",
        "on",
        "us."
      ],
      "header": "",
      "footer": ""
    },
    {
      "book_name": "Romans",
      "chapter": 16,
      "verse": 7,
      "text": [
        "Salute",
        "Andronicus",
        "and",
        "Junia,",
        "my",
        "kinsmen,",
        "and",
        "my",
        "fellowprisoners,",
        "who",
        "are",
        "of",
        "note",
        "among",
        "the",
        "apostles,",
        "who",
        "also",
        "were",
        "in",
        "Christ",
        "before",
        "me."
      ],
      "header": "",
      "footer": ""
    },
    {
      "book_name": "Romans",
      "chapter": 16,
      "verse": 8,
      "text": [
        "Greet",
        "Amplias",
        "my",
        "beloved",
        "in",
        "the",
        "Lord."
      ],
      "header": "",
      "footer": ""
    },
    {
      "book_name": "Romans",
      "chapter": 16,
      "verse": 9,
      "text": [
        "Salute",
        "Urbane,",
        "our",
        "helper",
        "in",
        "Christ,",
        "and",
        "Stachys",
        "my",
        "beloved."
      ],
      "header": "",
      "footer": ""
    },
    {
      "book_name": "Romans",
      "chapter": 16,
      "verse": 10,
      "text": [
        "Salute",
        "Apelles",
        "approved",
        "in",
        "Christ.",
        "Salute",
        "them",
        "which",
        "are",
        "of",
        "Aristobulus'",
        "*household."
      ],
      "header": "",
      "footer": ""
    },
    {
      "book_name": "Romans",
      "chapter": 16,
      "verse": 11,
      "text": [
        "Salute",
        "Herodion",
        "my",
        "kinsman.",
        "Greet",
        "them",
        "that",
        "be",
        "of",
        "the",
        "*household",
        "of",
        "Narcissus,",
        "which",
        "are",
        "in",
        "the",
        "Lord."
      ],
      "header": "",
      "footer": ""
    },
    {
      "book_name": "Romans",
      "chapter": 16,
      "verse": 12,
      "text": [
        "Salute",
        "Tryphena",
        "and",
        "Tryphosa,",
        "who",
        "labour",
        "in",
        "the",
        "Lord.",
        "Salute",
        "the",
        "beloved",
        "Persis,",
        "which",
        "laboured",
        "much",
        "in",
        "the",
        "Lord."
      ],
      "header": "",
      "footer": ""
    },
    {
      "book_name": "Romans",
      "chapter": 16,
      "verse": 13,
      "text": [
        "Salute",
        "Rufus",
        "chosen",
        "in",
        "the",
        "Lord,",
        "and",
        "his",
        "mother",
        "and",
        "mine."
      ],
      "header": "",
      "footer": ""
    },
    {
      "book_name": "Romans",
      "chapter": 16,
      "verse": 14,
      "text": [
        "Salute",
        "Asyncritus,",
        "Phlegon,",
        "Hermas,",
        "Patrobas,",
        "Hermes,",
        "and",
        "the",
        "brethren",
        "which",
        "are",
        "with",
        "them."
      ],
      "header": "",
      "footer": ""
    },
    {
      "book_name": "Romans",
      "chapter": 16,
      "verse": 15,
      "text": [
        "Salute",
        "Philologus,",
        "and",
        "Julia,",
        "Nereus,",
        "and",
        "his",
        "sister,",
        "and",
        "Olympas,",
        "and",
        "all",
        "the",
        "saints",
        "which",
        "are",
        "with",
        "them."
      ],
      "header": "",
      "footer": ""
    },
    {
      "book_name": "Romans",
      "chapter": 16,
      "verse": 16,
      "text": [
        "Salute",
        "one",
        "another",
        "with",
        "an",
        "holy",
        "kiss.",
        "The",
        "churches",
        "of",
        "Christ",
        "salute",
        "you."
      ],
      "header": "",
      "footer": ""
    },
    {
      "book_name": "Romans",
      "chapter": 16,
      "verse": 17,
      "text": [
        "Now",
        "I",
        "beseech",
        "you,",
        "brethren,",
        "mark",
        "them",
        "which",
        "cause",
        "divisions",
        "and",
        "offences",
        "contrary",
        "to",
        "the",
        "doctrine",
        "which",
        "ye",
        "have",
        "learned;",
        "and",
        "avoid",
        "them."
      ],
      "header": "",
      "footer": ""
    },
    {
      "book_name": "Romans",
      "chapter": 16,
      "verse": 18,
      "text": [
        "For",
        "they",
        "that",
        "are",
        "such",
        "serve",
        "not",
        "our",
        "Lord",
        "Jesus",
        "Christ,",
        "but",
        "their",
        "own",
        "belly;",
        "and",
        "by",
        "good",
        "words",
        "and",
        "fair",
        "speeches",
        "deceive",
        "the",
        "hearts",
        "of",
        "the",
        "simple."
      ],
      "header": "",
      "footer": ""
    },
    {
      "book_name": "Romans",
      "chapter": 16,
      "verse": 19,
      "text": [
        "For",
        "your",
        "obedience",
        "is",
        "come",
        "abroad",
        "unto",
        "all",
        "*men.",
        "I",
        "am",
        "glad",
        "therefore",
        "on",
        "your",
        "behalf:",
        "but",
        "yet",
        "I",
        "would",
        "have",
        "you",
        "wise",
        "unto",
        "that",
        "which",
        "is",
        "good,",
        "and",
        "simple",
        "concerning",
        "evil."
      ],
      "header": "",
      "footer": ""
    },
    {
      "book_name": "Romans",
      "chapter": 16,
      "verse": 20,
      "text": [
        "And",
        "the",
        "God",
        "of",
        "peace",
        "shall",
        "bruise",
        "Satan",
        "under",
        "your",
        "feet",
        "shortly.",
        "The",
        "grace",
        "of",
        "our",
        "Lord",
        "Jesus",
        "Christ",
        "*be",
        "with",
        "you.",
        "Amen."
      ],
      "header": "",
      "footer": ""
    },
    {
      "book_name": "Romans",
      "chapter": 16,
      "verse": 21,
      "text": [
        "Timotheus",
        "my",
        "workfellow,",
        "and",
        "Lucius,",
        "and",
        "Jason,",
        "and",
        "Sosipater,",
        "my",
        "kinsmen,",
        "salute",
        "you."
      ],
      "header": "",
      "footer": ""
    },
    {
      "book_name": "Romans",
      "chapter": 16,
      "verse": 22,
      "text": [
        "I",
        "Tertius,",
        "who",
        "wrote",
        "*this",
        "epistle,",
        "salute",
        "you",
        "in",
        "the",
        "Lord."
      ],
      "header": "",
      "footer": ""
    },
    {
      "book_name": "Romans",
      "chapter": 16,
      "verse": 23,
      "text": [
        "Gaius",
        "mine",
        "host,",
        "and",
        "of",
        "the",
        "whole",
        "church,",
        "saluteth",
        "you.",
        "Erastus",
        "the",
        "chamberlain",
        "of",
        "the",
        "city",
        "saluteth",
        "you,",
        "and",
        "Quartus",
        "a",
        "brother."
      ],
      "header": "",
      "footer": ""
    },
    {
      "book_name": "Romans",
      "chapter": 16,
      "verse": 24,
      "text": [
        "The",
        "grace",
        "of",
        "our",
        "Lord",
        "Jesus",
        "Christ",
        "*be",
        "with",
        "you",
        "all.",
        "Amen."
      ],
      "header": "",
      "footer": ""
    },
    {
      "book_name": "Romans",
      "chapter": 16,
      "verse": 25,
      "text": [
        "Now",
        "to",
        "him",
        "that",
        "is",
        "of",
        "power",
        "to",
        "stablish",
        "you",
        "according",
        "to",
        "my",
        "gospel,",
        "and",
        "the",
        "preaching",
        "of",
        "Jesus",
        "Christ,",
        "according",
        "to",
        "the",
        "revelation",
        "of",
        "the",
        "mystery,",
        "which",
        "was",
        "kept",
        "secret",
        "since",
        "the",
        "world",
        "began,"
      ],
      "header": "",
      "footer": ""
    },
    {
      "book_name": "Romans",
      "chapter": 16,
      "verse": 26,
      "text": [
        "But",
        "now",
        "is",
        "made",
        "manifest,",
        "and",
        "by",
        "the",
        "scriptures",
        "of",
        "the",
        "prophets,",
        "according",
        "to",
        "the",
        "commandment",
        "of",
        "the",
        "everlasting",
        "God,",
        "made",
        "known",
        "to",
        "all",
        "nations",
        "for",
        "the",
        "obedience",
        "of",
        "faith:"
      ],
      "header": "",
      "footer": ""
    },
    {
      "book_name": "Romans",
      "chapter": 16,
      "verse": 27,
      "text": [
        "To",
        "God",
        "only",
        "wise,",
        "*be",
        "glory",
        "through",
        "Jesus",
        "Christ",
        "for",
        "ever.",
        "Amen."
      ],
      "header": "",
      "footer": "**¶ Written to the Romans from Corinthus, *and sent* by Phebe servant of the church at Cenchrea.**"
    }
  ]
}