{
  "book_name": "Romans",
  "chapter": 2,
  "verses": [
    {
      "book_name": "Romans",
      "chapter": 2,
      "verse": 1,
      "text": [
        "Therefore",
        "thou",
        "art",
        "inexcusable,",
        "O",
        "man,",
        "whosoever",
        "thou",
        "art",
        "that",
        "judgest:",
        "for",
        "wherein",
        "thou",
        "judgest",
        "another,",
        "thou",
        "condemnest",
        "thyself;",
        "for",
        "thou",
        "that",
        "judgest",
        "doest",
        "the",
        "same",
        "things."
      ],
      "header": "",
      "footer": ""
    },
    {
      "book_name": "Romans",
      "chapter": 2,
      "verse": 2,
      "text": [
        "But",
        "we",
        "are",
        "sure",
        "that",
        "the",
        "judgment",
        "of",
        "God",
        "is",
        "according",
        "to",
        "truth",
        "against",
        "them",
        "which",
        "commit",
        "such",
        "things."
      ],
      "header": "",
      "footer": ""
    },
    {
      "book_name": "Romans",
      "chapter": 2,
      "verse": 3,
      "text": [
        "And",
        "thinkest",
        "thou",
        "this,",
        "O",
        "man,",
        "that",
        "judgest",
        "them",
        "which",
        "do",
        "such",
        "things,",
        "and",
        "doest",
        "the",
        "same,",
        "that",
        "thou",
        "shalt",
        "escape",
        "the",
        "judgment",
        "of",
        "God?"
      ],
      "header": "",
      "footer": ""
    },
    {
      "book_name": "Romans",
      "chapter": 2,
      "verse": 4,
      "text": [
        "Or",
        "despisest",
        "thou",
        "the",
        "riches",
        "of",
        "his",
        "goodness",
        "and",
        "forbearance",
        "and",
        "longsuffering;",
        "not",
        "knowing",
        "that",
        "the",
        "goodness",
        "of",
        "God",
        "leadeth",
        "thee",
        "to",
        "repentance?"
      ],
      "header": "",
      "footer": ""
    },
    {
      "book_name": "Romans",
      "chapter": 2,
      "verse": 5,
      "text": [
        "But",
        "after",
        "thy",
        "hardness",
        "and",
        "impenitent",
        "heart",
        "treasurest",
        "up",
        "unto",
        "thyself",
        "wrath",
        "against",
        "the",
        "day",
        "of",
        "wrath",
        "and",
        "revelation",
        "of",
        "the",
        "righteous",
        "judgment",
        "of",
        "God;"
      ],
      "header": "",
      "footer": ""
    },
    {
      "book_name": "Romans",
      "chapter": 2,
      "verse": 6,
      "text": [
        "Who",
        "will",
        "render",
        "to",
        "every",
        "man",
        "according",
        "to",
        "his",
        "deeds:"
      ],
      "header": "",
      "footer": ""
    },
    {
      "book_name": "Romans",
      "chapter": 2,
      "verse": 7,
      "text": [
        "To",
        "them",
        "who",
        "by",
        "patient",
        "continuance",
        "in",
        "well",
        "doing",
        "seek",
        "for",
        "glory",
        "and",
        "honour",
        "and",
        "immortality,",
        "eternal",
        "life:"
      ],
      "header": "",
      "footer": ""
    },
    {
      "book_name": "Romans",
      "chapter": 2,
      "verse": 8,
      "text": [
        "But",
        "unto",
        "them",
        "that",
        "are",
        "contentious,",
        "and",
        "do",
        "not",
        "obey",
        "the",
        "truth,",
        "but",
        "obey",
        "unrighteousness,",
        "indignation",
        "and",
        "wrath,"
      ],
      "header": "",
      "footer": ""
    },
    {
      "book_name": "Romans",
      "chapter": 2,
      "verse": 9,
      "text": [
        "Tribulation",
        "and",
        "anguish,",
        "upon",
        "every",
        "soul",
        "of",
        "man",
        "that",
        "doeth",
        "evil,",
        "of",
        "the",
        "Jew",
        "first,",
        "and",
        "also",
        "of",
        "the",
        "Gentile;"
      ],
      "header": "",
      "footer": ""
    },
    {
      "book_name": "Romans",
      "chapter": 2,
      "verse": 10,
      "text": [
        "But",
        "glory,",
        "honour,",
        "and",
        "peace,",
        "to",
        "every",
        "man",
        "that",
        "worketh",
        "good,",
        "to",
        "the",
        "Jew",
        "first,",
        "and",
        "also",
        "to",
        "the",
        "Gentile:"
      ],
      "header": "",
      "footer": ""
    },
    {
      "book_name": "Romans",
      "chapter": 2,
      "verse": 11,
      "text": [
        "For",
        "there",
        "is",
        "no",
        "respect",
        "of",
        "persons",
        "with",
        "God."
      ],
      "header": "",
      "footer": ""
    },
    {
      "book_name": "Romans",
      "chapter": 2,
      "verse": 12,
      "text": [
        "For",
        "as",
        "many",
        "as",
        "have",
        "sinned",
        "without",
        "law",
        "shall",
        "also",
        "perish",
        "without",
        "law:",
        "and",
        "as",
        "many",
        "as",
        "have",
        "sinned",
        "in",
        "the",
        "law",
        "shall",
        "be",
        "judged",
        "by",
        "the",
        "law;"
      ],
      "header": "",
      "footer": ""
    },
    {
      "book_name": "Romans",
      "chapter": 2,
      "verse": 13,
      "text": [
        "(For",
        "not",
        "the",
        "hearers",
        "of",
        "the",
        "law",
        "*are",
        "just",
        "before",
        "God,",
        "but",
        "the",
        "doers",
        "of",
        "the",
        "law",
        "shall",
        "be",
        "justified."
      ],
      "header": "",
      "footer": ""
    },
    {
      "book_name": "Romans",
      "chapter": 2,
      "verse": 14,
      "text": [
        "For",
        "when",
        "the",
        "Gentiles,",
        "which",
        "have",
        "not",
        "the",
        "law,",
        "do",
        "by",
        "nature",
        "the",
        "things",
        "contained",
        "in",
        "the",
        "law,",
        "these,",
        "having",
        "not",
        "the",
        "law,",
        "are",
        "a",
        "law",
        "unto",
        "themselves:"
      ],
      "header": "",
      "footer": ""
    },
    {
      "book_name": "Romans",
      "chapter": 2,
      "verse": 15,
      "text": [
        "Which",
        "shew",
        "the",
        "work",
        "of",
        "the",
        "law",
        "written",
        "in",
        "their",
        "hearts,",
        "their",
        "conscience",
        "also",
        "bearing",
        "witness,",
        "and",
        "*their",
        "thoughts",
        "the",
        "mean",
        "while",
        "accusing",
        "or",
        "else",
        "excusing",
        "one",
        "another;)"
      ],
      "header": "",
      "footer": ""
    },
    {
      "book_name": "Romans",
      "chapter": 2,
      "verse": 16,
      "text": [
        "In",
        "the",
        "day",
        "when",
        "God",
        "shall",
        "judge",
        "the",
        "secrets",
        "of",
        "men",
        "by",
        "Jesus",
        "Christ",
        "according",
        "to",
        "my",
        "gospel."
      ],
      "header": "",
      "footer": ""
    },
    {
      "book_name": "Romans",
      "chapter": 2,
      "verse": 17,
      "text": [
        "Behold,",
        "thou",
        "art",
        "called",
        "a",
        "Jew,",
        "and",
        "restest",
        "in",
        "the",
        "law,",
        "and",
        "makest",
        "thy",
        "boast",
        "of",
        "God,"
      ],
      "header": "",
      "footer": ""
    },
    {
      "book_name": "Romans",
      "chapter": 2,
      "verse": 18,
      "text": [
        "And",
        "knowest",
        "*his",
        "will,",
        "and",
        "approvest",
        "the",
        "things",
        "that",
        "are",
        "more",
        "excellent,",
        "being",
        "instructed",
        "out",
        "of",
        "the",
        "law;"
      ],
      "header": "",
      "footer": ""
    },
    {
      "book_name": "Romans",
      "chapter": 2,
      "verse": 19,
      "text": [
        "And",
        "art",
        "confident",
        "that",
        "thou",
        "thyself",
        "art",
        "a",
        "guide",
        "of",
        "the",
        "blind,",
        "a",
        "light",
        "of",
        "them",
        "which",
        "are",
        "in",
        "darkness,"
      ],
      "header": "",
      "footer": ""
    },
    {
      "book_name": "Romans",
      "chapter": 2,
      "verse": 20,
      "text": [
        "An",
        "instructor",
        "of",
        "the",
        "foolish,",
        "a",
        "teacher",
        "of",
        "babes,",
        "which",
        "hast",
        "the",
        "form",
        "of",
        "knowledge",
        "and",
        "of",
        "the",
        "truth",
        "in",
        "the",
        "law."
      ],
      "header": "",
      "footer": ""
    },
    {
      "book_name": "Romans",
      "chapter": 2,
      "verse": 21,
      "text": [
        "Thou",
        "therefore",
        "which",
        "teachest",
        "another,",
        "teachest",
        "thou",
        "not",
        "thyself?",
        "thou",
        "that",
        "preachest",
        "a",
        "man",
        "should",
        "not",
        "steal,",
        "dost",
        "thou",
        "steal?"
      ],
      "header": "",
      "footer": ""
    },
    {
      "book_name": "Romans",
      "chapter": 2,
      "verse": 22,
      "text": [
        "Thou",
        "that",
        "sayest",
        "a",
        "man",
        "should",
        "not",
        "commit",
        "adultery,",
        "dost",
        "thou",
        "commit",
        "adultery?",
        "thou",
        "that",
        "abhorrest",
        "idols,",
        "dost",
        "thou",
        "commit",
        "sacrilege?"
      ],
      "header": "",
      "footer": ""
    },
    {
      "book_name": "Romans",
      "chapter": 2,
      "verse": 23,
      "text": [
        "Thou",
        "that",
        "makest",
        "thy",
        "boast",
        "of",
        "the",
        "law,",
        "through",
        "breaking",
        "the",
        "law",
        "dishonourest",
        "thou",
        "God?"
      ],
      "header": "",
      "footer": ""
    },
    {
      "book_name": "Romans",
      "chapter": 2,
      "verse": 24,
      "text": [
        "For",
        "the",
        "name",
        "of",
        "God",
        "is",
        "blasphemed",
        "among",
        "the",
        "Gentiles",
        "through",
        "you,",
        "as",
        "it",
        "is",
        "written."
      ],
      "header": "",
      "footer": ""
    },
    {
      "book_name": "Romans",
      "chapter": 2,
      "verse": 25,
      "text": [
        "For",
        "circumcision",
        "verily",
        "profiteth,",
        "if",
        "thou",
        "keep",
        "the",
        "law:",
        "but",
        "if",
        "thou",
        "be",
        "a",
        "breaker",
        "of",
        "the",
        "law,",
        "thy",
        "circumcision",
        "is",
        "made",
        "uncircumcision."
      ],
      "header": "",
      "footer": ""
    },
    {
      "book_name": "Romans",
      "chapter": 2,
      "verse": 26,
      "text": [
        "Therefore",
        "if",
        "the",
        "uncircumcision",
        "keep",
        "the",
        "righteousness",
        "of",
        "the",
        "law,",
        "shall",
        "not",
        "his",
        "uncircumcision",
        "be",
        "counted",
        "for",
        "circumcision?"
      ],
      "header": "",
      "footer": ""
    },
    {
      "book_name": "Romans",
      "chapter": 2,
      "verse": 27,
      "text": [
        "And",
        "shall",
        "not",
        "uncircumcision",
        "which",
        "is",
        "by",
        "nature,",
        "if",
        "it",
        "fulfil",
        "the",
        "law,",
        "judge",
        "thee,",
        "who",
        "by",
        "the",
        "letter",
        "and",
        "circumcision",
        "dost",
        "transgress",
        "the",
        "law?"
      ],
      "header": "",
      "footer": ""
    },
    {
      "book_name": "Romans",
      "chapter": 2,
      "verse": 28,
      "text": [
        "For",
        "he",
        "is",
        "not",
        "a",
        "Jew,",
        "which",
        "is",
        "one",
        "outwardly;",
        "neither",
        "*is",
        "*that",
        "circumcision,",
        "which",
        "is",
        "outward",
        "in",
        "the",
        "flesh:"
      ],
      "header": "",
      "footer": ""
    },
    {
      "book_name": "Romans",
      "chapter": 2,
      "verse": 29,
      "text": [
        "But",
        "he",
        "*is",
        "a",
        "Jew,",
        "which",
        "is",
        "one",
        "inwardly;",
        "and",
        "circumcision",
        "*is",
        "*that",
        "of",
        "the",
        "heart,",
        "in",
        "the",
        "spirit,",
        "*and",
        "not",
        "in",
        "the",
        "letter;",
        "whose",
        "praise",
        "*is",
        "not",
        "of",
        "men,",
        "but",
        "of",
        "God."
      ],
      "header": "",
      "footer": ""
    }
  ]
}