{
  "book_name": "Romans",
  "chapter": 4,
  "verses": [
    {
      "book_name": "Romans",
      "chapter": 4,
      "verse": 1,
      "text": [
        "What",
        "shall",
        "we",
        "say",
        "then",
        "that",
        "Abraham",
        "our",
        "father,",
        "as",
        "pertaining",
        "to",
        "the",
        "flesh,",
        "hath",
        "found?"
      ],
      "header": "",
      "footer": ""
    },
    {
      "book_name": "Romans",
      "chapter": 4,
      "verse": 2,
      "text": [
        "For",
        "if",
        "Abraham",
        "were",
        "justified",
        "by",
        "works,",
        "he",
        "hath",
        "*whereof",
        "to",
        "glory;",
        "but",
        "not",
        "before",
        "God."
      ],
      "header": "",
      "footer": ""
    },
    {
      "book_name": "Romans",
      "chapter": 4,
      "verse": 3,
      "text": [
        "For",
        "what",
        "saith",
        "the",
        "scripture?",
        "Abraham",
        "believed",
        "God,",
        "and",
        "it",
        "was",
        "counted",
        "unto",
        "him",
        "for",
        "righteousness."
      ],
      "header": "",
      "footer": ""
    },
    {
      "book_name": "Romans",
      "chapter": 4,
      "verse": 4,
      "text": [
        "Now",
        "to",
        "him",
        "that",
        "worketh",
        "is",
        "the",
        "reward",
        "not",
        "reckoned",
        "of",
        "grace,",
        "but",
        "of",
        "debt."
      ],
      "header": "",
      "footer": ""
    },
    {
      "book_name": "Romans",
      "chapter": 4,
      "verse": 5,
      "text": [
        "But",
        "to",
        "him",
        "that",
        "worketh",
        "not,",
        "but",
        "believeth",
        "on",
        "him",
        "that",
        "justifieth",
        "the",
        "ungodly,",
        "his",
        "faith",
        "is",
        "counted",
        "for",
        "righteousness."
      ],
      "header": "",
      "footer": ""
    },
    {
      "book_name": "Romans",
      "chapter": 4,
      "verse": 6,
      "text": [
        "Even",
        "as",
        "David",
        "also",
        "describeth",
        "the",
        "blessedness",
        "of",
        "the",
        "man,",
        "unto",
        "whom",
        "God",
        "imputeth",
        "righteousness",
        "without",
        "works,"
      ],
      "header": "",
      "footer": ""
    },
    {
      "book_name": "Romans",
      "chapter": 4,
      "verse": 7,
      "text": [
        "*Saying,",
        "Blessed",
        "*are",
        "they",
        "whose",
        "iniquities",
        "are",
        "forgiven,",
        "and",
        "whose",
        "sins",
        "are",
        "covered."
      ],
      "header": "",
      "footer": ""
    },
    {
      "book_name": "Romans",
      "chapter": 4,
      "verse": 8,
      "text": [
        "Blessed",
        "*is",
        "the",
        "man",
        "to",
        "whom",
        "the",
        "Lord",
        "will",
        "not",
        "impute",
        "sin."
      ],
      "header": "",
      "footer": ""
    },
    {
      "book_name": "Romans",
      "chapter": 4,
      "verse": 9,
      "text": [
        "*Cometh",
        "this",
        "blessedness",
        "then",
        "upon",
        "the",
        "circumcision",
        "*only,",
        "or",
        "upon",
        "the",
        "uncircumcision",
        "also?",
        "for",
        "we",
        "say",
        "that",
        "faith",
        "was",
        "reckoned",
        "to",
        "Abraham",
        "for",
        "righteousness."
      ],
      "header": "",
      "footer": ""
    },
    {
      "book_name": "Romans",
      "chapter": 4,
      "verse": 10,
      "text": [
        "How",
        "was",
        "it",
        "then",
        "reckoned?",
        "when",
        "he",
        "was",
        "in",
        "circumcision,",
        "or",
        "in",
        "uncircumcision?",
        "Not",
        "in",
        "circumcision,",
        "but",
        "in",
        "uncircumcision."
      ],
      "header": "",
      "footer": ""
    },
    {
      "book_name": "Romans",
      "chapter": 4,
      "verse": 11,
      "text": [
        "And",
        "he",
        "received",
        "the",
        "sign",
        "of",
        "circumcision,",
        "a",
        "seal",
        "of",
        "the",
        "righteousness",
        "of",
        "the",
        "faith",
        "which",
        "*he",
        "*had",
        "*yet",
        "being",
        "uncircumcised:",
        "that",
        "he",
        "might",
        "be",
        "the",
        "father",
        "of",
        "all",
        "them",
        "that",
        "believe,",
        "though",
        "they",
        "be",
        "not",
        "circumcised;",
        "that",
        "righteousness",
        "might",
        "be",
        "imputed",
        "unto",
        "them",
        "also:"
      ],
      "header": "",
      "footer": ""
    },
    {
      "book_name": "Romans",
      "chapter": 4,
      "verse": 12,
      "text": [
        "And",
        "the",
        "father",
        "of",
        "circumcision",
        "to",
        "them",
        "who",
        "are",
        "not",
        "of",
        "the",
        "circumcision",
        "only,",
        "but",
        "who",
        "also",
        "walk",
        "in",
        "the",
        "steps",
        "of",
        "that",
        "faith",
        "of",
        "our",
        "father",
        "Abraham,",
        "which",
        "*he",
        "*had",
        "being",
        "*yet",
        "uncircumcised."
      ],
      "header": "",
      "footer": ""
    },
    {
      "book_name": "Romans",
      "chapter": 4,
      "verse": 13,
      "text": [
        "For",
        "the",
        "promise,",
        "that",
        "he",
        "should",
        "be",
        "the",
        "heir",
        "of",
        "the",
        "world,",
        "*was",
        "not",
        "to",
        "Abraham,",
        "or",
        "to",
        "his",
        "seed,",
        "through",
        "the",
        "law,",
        "but",
        "through",
        "the",
        "righteousness",
        "of",
        "faith."
      ],
      "header": "",
      "footer": ""
    },
    {
      "book_name": "Romans",
      "chapter": 4,
      "verse": 14,
      "text": [
        "For",
        "if",
        "they",
        "which",
        "are",
        "of",
        "the",
        "law",
        "*be",
        "heirs,",
        "faith",
        "is",
        "made",
        "void,",
        "and",
        "the",
        "promise",
        "made",
        "of",
        "none",
        "effect:"
      ],
      "header": "",
      "footer": ""
    },
    {
      "book_name": "Romans",
      "chapter": 4,
      "verse": 15,
      "text": [
        "Because",
        "the",
        "law",
        "worketh",
        "wrath:",
        "for",
        "where",
        "no",
        "law",
        "is,",
        "*there",
        "*is",
        "no",
        "transgression."
      ],
      "header": "",
      "footer": ""
    },
    {
      "book_name": "Romans",
      "chapter": 4,
      "verse": 16,
      "text": [
        "Therefore",
        "*it",
        "*is",
        "of",
        "faith,",
        "that",
        "*it",
        "*might",
        "*be",
        "by",
        "grace;",
        "to",
        "the",
        "end",
        "the",
        "promise",
        "might",
        "be",
        "sure",
        "to",
        "all",
        "the",
        "seed;",
        "not",
        "to",
        "that",
        "only",
        "which",
        "is",
        "of",
        "the",
        "law,",
        "but",
        "to",
        "that",
        "also",
        "which",
        "is",
        "of",
        "the",
        "faith",
        "of",
        "Abraham;",
        "who",
        "is",
        "the",
        "father",
        "of",
        "us",
        "all,"
      ],
      "header": "",
      "footer": ""
    },
    {
      "book_name": "Romans",
      "chapter": 4,
      "verse": 17,
      "text": [
        "(As",
        "it",
        "is",
        "written,",
        "I",
        "have",
        "made",
        "thee",
        "a",
        "father",
        "of",
        "many",
        "nations,)",
        "before",
        "him",
        "whom",
        "he",
        "believed,",
        "*even",
        "God,",
        "who",
        "quickeneth",
        "the",
        "dead,",
        "and",
        "calleth",
        "those",
        "things",
        "which",
        "be",
        "not",
        "as",
        "though",
        "they",
        "were."
      ],
      "header": "",
      "footer": ""
    },
    {
      "book_name": "Romans",
      "chapter": 4,
      "verse": 18,
      "text": [
        "Who",
        "against",
        "hope",
        "believed",
        "in",
        "hope,",
        "that",
        "he",
        "might",
        "become",
        "the",
        "father",
        "of",
        "many",
        "nations;",
        "according",
        "to",
        "that",
        "which",
        "was",
        "spoken,",
        "So",
        "shall",
        "thy",
        "seed",
        "be."
      ],
      "header": "",
      "footer": ""
    },
    {
      "book_name": "Romans",
      "chapter": 4,
      "verse": 19,
      "text": [
        "And",
        "being",
        "not",
        "weak",
        "in",
        "faith,",
        "he",
        "considered",
        "not",
        "his",
        "own",
        "body",
        "now",
        "dead,",
        "when",
        "he",
        "was",
        "about",
        "an",
        "hundred",
        "years",
        "old,",
        "neither",
        "yet",
        "the",
        "deadness",
        "of",
        "Sara's",
        "womb:"
      ],
      "header": "",
      "footer": ""
    },
    {
      "book_name": "Romans",
      "chapter": 4,
      "verse": 20,
      "text": [
        "He",
        "staggered",
        "not",
        "at",
        "the",
        "promise",
        "of",
        "God",
        "through",
        "unbelief;",
        "but",
        "was",
        "strong",
        "in",
        "faith,",
        "giving",
        "glory",
        "to",
        "God;"
      ],
      "header": "",
      "footer": ""
    },
    {
      "book_name": "Romans",
      "chapter": 4,
      "verse": 21,
      "text": [
        "And",
        "being",
        "fully",
        "persuaded",
        "that,",
        "what",
        "he",
        "had",
        "promised,",
        "he",
        "was",
        "able",
        "also",
        "to",
        "perform."
      ],
      "header": "",
      "footer": ""
    },
    {
      "book_name": "Romans",
      "chapter": 4,
      "verse": 22,
      "text": [
        "And",
        "therefore",
        "it",
        "was",
        "imputed",
        "to",
        "him",
        "for",
        "righteousness."
      ],
      "header": "",
      "footer": ""
    },
    {
      "book_name": "Romans",
      "chapter": 4,
      "verse": 23,
      "text": [
        "Now",
        "it",
        "was",
        "not",
        "written",
        "for",
        "his",
        "sake",
        "alone,",
        "that",
        "it",
        "was",
        "imputed",
        "to",
        "him;"
      ],
      "header": "",
      "footer": ""
    },
    {
      "book_name": "Romans",
      "chapter": 4,
      "verse": 24,
      "text": [
        "But",
        "for",
        "us",
        "also,",
        "to",
        "whom",
        "it",
        "shall",
        "be",
        "imputed,",
        "if",
        "we",
        "believe",
        "on",
        "him",
        "that",
        "raised",
        "up",
        "Jesus",
        "our",
        "Lord",
        "from",
        "the",
        "dead;"
      ],
      "header": "",
      "footer": ""
    },
    {
      "book_name": "Romans",
      "chapter": 4,
      "verse": 25,
      "text": [
        "Who",
        "was",
        "delivered",
        "for",
        "our",
        "offences,",
        "and",
        "was",
        "raised",
        "again",
        "for",
        "our",
        "justification."
      ],
      "header": "",
      "footer": ""
    }
  ]
}