{
  "book_name": "Romans",
  "chapter": 8,
  "verses": [
    {
      "book_name": "Romans",
      "chapter": 8,
      "verse": 1,
      "text": [
        "*There",
        "*is",
        "therefore",
        "now",
        "no",
        "condemnation",
        "to",
        "them",
        "which",
        "are",
        "in",
        "Christ",
        "Jesus,",
        "who",
        "walk",
        "not",
        "after",
        "the",
        "flesh,",
        "but",
        "after",
        "the",
        "Spirit."
      ],
      "header": "",
      "footer": ""
    },
    {
      "book_name": "Romans",
      "chapter": 8,
      "verse": 2,
      "text": [
        "For",
        "the",
        "law",
        "of",
        "the",
        "Spirit",
        "of",
        "life",
        "in",
        "Christ",
        "Jesus",
        "hath",
        "made",
        "me",
        "free",
        "from",
        "the",
        "law",
        "of",
        "sin",
        "and",
        "death."
      ],
      "header": "",
      "footer": ""
    },
    {
      "book_name": "Romans",
      "chapter": 8,
      "verse": 3,
      "text": [
        "For",
        "what",
        "the",
        "law",
        "could",
        "not",
        "do,",
        "in",
        "that",
        "it",
        "was",
        "weak",
        "through",
        "the",
        "flesh,",
        "God",
        "sending",
        "his",
        "own",
        "Son",
        "in",
        "the",
        "likeness",
        "of",
        "sinful",
        "flesh,",
        "and",
        "for",
        "sin,",
        "condemned",
        "sin",
        "in",
        "the",
        "flesh:"
      ],
      "header": "",
      "footer": ""
    },
    {
      "book_name": "Romans",
      "chapter": 8,
      "verse": 4,
      "text": [
        "That",
        "the",
        "righteousness",
        "of",
        "the",
        "law",
        "might",
        "be",
        "fulfilled",
        "in",
        "us,",
        "who",
        "walk",
        "not",
        "after",
        "the",
        "flesh,",
        "but",
        "after",
        "the",
        "Spirit."
      ],
      "header": "",
      "footer": ""
    },
    {
      "book_name": "Romans",
      "chapter": 8,
      "verse": 5,
      "text": [
        "For",
        "they",
        "that",
        "are",
        "after",
        "the",
        "flesh",
        "do",
        "mind",
        "the",
        "things",
        "of",
        "the",
        "flesh;",
        "but",
        "they",
        "that",
        "are",
        "after",
        "the",
        "Spirit",
        "the",
        "things",
        "of",
        "the",
        "Spirit."
      ],
      "header": "",
      "footer": ""
    },
    {
      "book_name": "Romans",
      "chapter": 8,
      "verse": 6,
      "text": [
        "For",
        "to",
        "be",
        "carnally",
        "minded",
        "*is",
        "death;",
        "but",
        "to",
        "be",
        "spiritually",
        "minded",
        "*is",
        "life",
        "and",
        "peace."
      ],
      "header": "",
      "footer": ""
    },
    {
      "book_name": "Romans",
      "chapter": 8,
      "verse": 7,
      "text": [
        "Because",
        "the",
        "carnal",
        "mind",
        "*is",
        "enmity",
        "against",
        "God:",
        "for",
        "it",
        "is",
        "not",
        "subject",
        "to",
        "the",
        "law",
        "of",
        "God,",
        "neither",
        "indeed",
        "can",
        "be."
      ],
      "header": "",
      "footer": ""
    },
    {
      "book_name": "Romans",
      "chapter": 8,
      "verse": 8,
      "text": [
        "So",
        "then",
        "they",
        "that",
        "are",
        "in",
        "the",
        "flesh",
        "cannot",
        "please",
        "God."
      ],
      "header": "",
      "footer": ""
    },
    {
      "book_name": "Romans",
      "chapter": 8,
      "verse": 9,
      "text": [
        "But",
        "ye",
        "are",
        "not",
        "in",
        "the",
        "flesh,",
        "but",
        "in",
        "the",
        "Spirit,",
        "if",
        "so",
        "be",
        "that",
        "the",
        "Spirit",
        "of",
        "God",
        "dwell",
        "in",
        "you.",
        "Now",
        "if",
        "any",
        "man",
        "have",
        "not",
        "the",
        "Spirit",
        "of",
        "Christ,",
        "he",
        "is",
        "none",
        "of",
        "his."
      ],
      "header": "",
      "footer": ""
    },
    {
      "book_name": "Romans",
      "chapter": 8,
      "verse": 10,
      "text": [
        "And",
        "if",
        "Christ",
        "*be",
        "in",
        "you,",
        "the",
        "body",
        "*is",
        "dead",
        "because",
        "of",
        "sin;",
        "but",
        "the",
        "Spirit",
        "*is",
        "life",
        "because",
        "of",
        "righteousness."
      ],
      "header": "",
      "footer": ""
    },
    {
      "book_name": "Romans",
      "chapter": 8,
      "verse": 11,
      "text": [
        "But",
        "if",
        "the",
        "Spirit",
        "of",
        "him",
        "that",
        "raised",
        "up",
        "Jesus",
        "from",
        "the",
        "dead",
        "dwell",
        "in",
        "you,",
        "he",
        "that",
        "raised",
        "up",
        "Christ",
        "from",
        "the",
        "dead",
        "shall",
        "also",
        "quicken",
        "your",
        "mortal",
        "bodies",
        "by",
        "his",
        "Spirit",
        "that",
        "dwelleth",
        "in",
        "you."
      ],
      "header": "",
      "footer": ""
    },
    {
      "book_name": "Romans",
      "chapter": 8,
      "verse": 12,
      "text": [
        "Therefore,",
        "brethren,",
        "we",
        "are",
        "debtors,",
        "not",
        "to",
        "the",
        "flesh,",
        "to",
        "live",
        "after",
        "the",
        "flesh."
      ],
      "header": "",
      "footer": ""
    },
    {
      "book_name": "Romans",
      "chapter": 8,
      "verse": 13,
      "text": [
        "For",
        "if",
        "ye",
        "live",
        "after",
        "the",
        "flesh,",
        "ye",
        "shall",
        "die:",
        "but",
        "if",
        "ye",
        "through",
        "the",
        "Spirit",
        "do",
        "mortify",
        "the",
        "deeds",
        "of",
        "the",
        "body,",
        "ye",
        "shall",
        "live."
      ],
      "header": "",
      "footer": ""
    },
    {
      "book_name": "Romans",
      "chapter": 8,
      "verse": 14,
      "text": [
        "For",
        "as",
        "many",
        "as",
        "are",
        "led",
        "by",
        "the",
        "Spirit",
        "of",
        "God,",
        "they",
        "are",
        "the",
        "sons",
        "of",
        "God."
      ],
      "header": "",
      "footer": ""
    },
    {
      "book_name": "Romans",
      "chapter": 8,
      "verse": 15,
      "text": [
        "For",
        "ye",
        "have",
        "not",
        "received",
        "the",
        "spirit",
        "of",
        "bondage",
        "again",
        "to",
        "fear;",
        "but",
        "ye",
        "have",
        "received",
        "the",
        "Spirit",
        "of",
        "adoption,",
        "whereby",
        "we",
        "cry,",
        "Abba,",
        "Father."
      ],
      "header": "",
      "footer": ""
    },
    {
      "book_name": "Romans",
      "chapter": 8,
      "verse": 16,
      "text": [
        "The",
        "Spirit",
        "itself",
        "beareth",
        "witness",
        "with",
        "our",
        "spirit,",
        "that",
        "we",
        "are",
        "the",
        "children",
        "of",
        "God:"
      ],
      "header": "",
      "footer": ""
    },
    {
      "book_name": "Romans",
      "chapter": 8,
      "verse": 17,
      "text": [
        "And",
        "if",
        "children,",
        "then",
        "heirs;",
        "heirs",
        "of",
        "God,",
        "and",
        "joint-heirs",
        "with",
        "Christ;",
        "if",
        "so",
        "be",
        "that",
        "we",
        "suffer",
        "with",
        "*him,",
        "that",
        "we",
        "may",
        "be",
        "also",
        "glorified",
        "together."
      ],
      "header": "",
      "footer": ""
    },
    {
      "book_name": "Romans",
      "chapter": 8,
      "verse": 18,
      "text": [
        "For",
        "I",
        "reckon",
        "that",
        "the",
        "sufferings",
        "of",
        "this",
        "present",
        "time",
        "*are",
        "not",
        "worthy",
        "*to",
        "*be",
        "*compared",
        "with",
        "the",
        "glory",
        "which",
        "shall",
        "be",
        "revealed",
        "in",
        "us."
      ],
      "header": "",
      "footer": ""
    },
    {
      "book_name": "Romans",
      "chapter": 8,
      "verse": 19,
      "text": [
        "For",
        "the",
        "earnest",
        "expectation",
        "of",
        "the",
        "creature",
        "waiteth",
        "for",
        "the",
        "manifestation",
        "of",
        "the",
        "sons",
        "of",
        "God."
      ],
      "header": "",
      "footer": ""
    },
    {
      "book_name": "Romans",
      "chapter": 8,
      "verse": 20,
      "text": [
        "For",
        "the",
        "creature",
        "was",
        "made",
        "subject",
        "to",
        "vanity,",
        "not",
        "willingly,",
        "but",
        "by",
        "reason",
        "of",
        "him",
        "who",
        "hath",
        "subjected",
        "*the",
        "*same",
        "in",
        "hope,"
      ],
      "header": "",
      "footer": ""
    },
    {
      "book_name": "Romans",
      "chapter": 8,
      "verse": 21,
      "text": [
        "Because",
        "the",
        "creature",
        "itself",
        "also",
        "shall",
        "be",
        "delivered",
        "from",
        "the",
        "bondage",
        "of",
        "corruption",
        "into",
        "the",
        "glorious",
        "liberty",
        "of",
        "the",
        "children",
        "of",
        "God."
      ],
      "header": "",
      "footer": ""
    },
    {
      "book_name": "Romans",
      "chapter": 8,
      "verse": 22,
      "text": [
        "For",
        "we",
        "know",
        "that",
        "the",
        "whole",
        "creation",
        "groaneth",
        "and",
        "travaileth",
        "in",
        "pain",
        "together",
        "until",
        "now."
      ],
      "header": "",
      "footer": ""
    },
    {
      "book_name": "Romans",
      "chapter": 8,
      "verse": 23,
      "text": [
        "And",
        "not",
        "only",
        "*they,",
        "but",
        "ourselves",
        "also,",
        "which",
        "have",
        "the",
        "firstfruits",
        "of",
        "the",
        "Spirit,",
        "even",
        "we",
        "ourselves",
        "groan",
        "within",
        "ourselves,",
        "waiting",
        "for",
        "the",
        "adoption,",
        "*to",
        "*wit,",
        "the",
        "redemption",
        "of",
        "our",
        "body."
      ],
      "header": "",
      "footer": ""
    },
    {
      "book_name": "Romans",
      "chapter": 8,
      "verse": 24,
      "text": [
        "For",
        "we",
        "are",
        "saved",
        "by",
        "hope:",
        "but",
        "hope",
        "that",
        "is",
        "seen",
        "is",
        "not",
        "hope:",
        "for",
        "what",
        "a",
        "man",
        "seeth,",
        "why",
        "doth",
        "he",
        "yet",
        "hope",
        "for?"
      ],
      "header": "",
      "footer": ""
    },
    {
      "book_name": "Romans",
      "chapter": 8,
      "verse": 25,
      "text": [
        "But",
        "if",
        "we",
        "hope",
        "for",
        "that",
        "we",
        "see",
        "not,",
        "*then",
        "do",
        "we",
        "with",
        "patience",
        "wait",
        "for",
        "*it."
      ],
      "header": "",
      "footer": ""
    },
    {
      "book_name": "Romans",
      "chapter": 8,
      "verse": 26,
      "text": [
        "Likewise",
        "the",
        "Spirit",
        "also",
        "helpeth",
        "our",
        "infirmities:",
        "for",
        "we",
        "know",
        "not",
        "what",
        "we",
        "should",
        "pray",
        "for",
        "as",
        "we",
        "ought:",
        "but",
        "the",
        "Spirit",
        "itself",
        "maketh",
        "intercession",
        "for",
        "us",
        "with",
        "groanings",
        "which",
        "cannot",
        "be",
        "uttered."
      ],
      "header": "",
      "footer": ""
    },
    {
      "book_name": "Romans",
      "chapter": 8,
      "verse": 27,
      "text": [
        "And",
        "he",
        "that",
        "searcheth",
        "the",
        "hearts",
        "knoweth",
        "what",
        "*is",
        "the",
        "mind",
        "of",
        "the",
        "Spirit,",
        "because",
        "he",
        "maketh",
        "intercession",
        "for",
        "the",
        "saints",
        "according",
        "to",
        "*the",
        "*will",
        "*of",
        "God."
      ],
      "header": "",
      "footer": ""
    },
    {
      "book_name": "Romans",
      "chapter": 8,
      "verse": 28,
      "text": [
        "And",
        "we",
        "know",
        "that",
        "all",
        "things",
        "work",
        "together",
        "for",
        "good",
        "to",
        "them",
        "that",
        "love",
        "God,",
        "to",
        "them",
        "who",
        "are",
        "the",
        "called",
        "according",
        "to",
        "*his",
        "purpose."
      ],
      "header": "",
      "footer": ""
    },
    {
      "book_name": "Romans",
      "chapter": 8,
      "verse": 29,
      "text": [
        "For",
        "whom",
        "he",
        "did",
        "foreknow,",
        "he",
        "also",
        "did",
        "predestinate",
        "*to",
        "*be",
        "conformed",
        "to",
        "the",
        "image",
        "of",
        "his",
        "Son,",
        "that",
        "he",
        "might",
        "be",
        "the",
        "firstborn",
        "among",
        "many",
        "brethren."
      ],
      "header": "",
      "footer": ""
    },
    {
      "book_name": "Romans",
      "chapter": 8,
      "verse": 30,
      "text": [
        "Moreover",
        "whom",
        "he",
        "did",
        "predestinate,",
        "them",
        "he",
        "also",
        "called:",
        "and",
        "whom",
        "he",
        "called,",
        "them",
        "he",
        "also",
        "justified:",
        "and",
        "whom",
        "he",
        "justified,",
        "them",
        "he",
        "also",
        "glorified."
      ],
      "header": "",
      "footer": ""
    },
    {
      "book_name": "Romans",
      "chapter": 8,
      "verse": 31,
      "text": [
        "What",
        "shall",
        "we",
        "then",
        "say",
        "to",
        "these",
        "things?",
        "If",
        "God",
        "*be",
        "for",
        "us,",
        "who",
        "*can",
        "*be",
        "against",
        "us?"
      ],
      "header": "",
      "footer": ""
    },
    {
      "book_name": "Romans",
      "chapter": 8,
      "verse": 32,
      "text": [
        "He",
        "that",
        "spared",
        "not",
        "his",
        "own",
        "Son,",
        "but",
        "delivered",
        "him",
        "up",
        "for",
        "us",
        "all,",
        "how",
        "shall",
        "he",
        "not",
        "with",
        "him",
        "also",
        "freely",
        "give",
        "us",
        "all",
        "things?"
      ],
      "header": "",
      "footer": ""
    },
    {
      "book_name": "Romans",
      "chapter": 8,
      "verse": 33,
      "text": [
        "Who",
        "shall",
        "lay",
        "any",
        "thing",
        "to",
        "the",
        "charge",
        "of",
        "God's",
        "elect?",
        "*It",
        "*is",
        "God",
        "that",
        "justifieth."
      ],
      "header": "",
      "footer": ""
    },
    {
      "book_name": "Romans",
      "chapter": 8,
      "verse": 34,
      "text": [
        "Who",
        "*is",
        "he",
        "that",
        "condemneth?",
        "*It",
        "*is",
        "Christ",
        "that",
        "died,",
        "yea",
        "rather,",
        "that",
        "is",
        "risen",
        "again,",
        "who",
        "is",
        "even",
        "at",
        "the",
        "right",
        "hand",
        "of",
        "God,",
        "who",
        "also",
        "maketh",
        "intercession",
        "for",
        "us."
      ],
      "header": "",
      "footer": ""
    },
    {
      "book_name": "Romans",
      "chapter": 8,
      "verse": 35,
      "text": [
        "Who",
        "shall",
        "separate",
        "us",
        "from",
        "the",
        "love",
        "of",
        "Christ?",
        "*shall",
        "tribulation,",
        "or",
        "distress,",
        "or",
        "persecution,",
        "or",
        "famine,",
        "or",
        "nakedness,",
        "or",
        "peril,",
        "or",
        "sword?"
      ],
      "header": "",
      "footer": ""
    },
    {
      "book_name": "Romans",
      "chapter": 8,
      "verse": 36,
      "text": [
        "As",
        "it",
        "is",
        "written,",
        "For",
        "thy",
        "sake",
        "we",
        "are",
        "killed",
        "all",
        "the",
        "day",
        "long;",
        "we",
        "are",
        "accounted",
        "as",
        "sheep",
        "for",
        "the",
        "slaughter."
      ],
      "header": "",
      "footer": ""
    },
    {
      "book_name": "Romans",
      "chapter": 8,
      "verse": 37,
      "text": [
        "Nay,",
        "in",
        "all",
        "these",
        "things",
        "we",
        "are",
        "more",
        "than",
        "conquerors",
        "through",
        "him",
        "that",
        "loved",
        "us."
      ],
      "header": "",
      "footer": ""
    },
    {
      "book_name": "Romans",
      "chapter": 8,
      "verse": 38,
      "text": [
        "For",
        "I",
        "am",
        "persuaded,",
        "that",
        "neither",
        "death,",
        "nor",
        "life,",
        "nor",
        "angels,",
        "nor",
        "principalities,",
        "nor",
        "powers,",
        "nor",
        "things",
        "present,",
        "nor",
        "things",
        "to",
        "come,"
      ],
      "header": "",
      "footer": ""
    },
    {
      "book_name": "Romans",
      "chapter": 8,
      "verse": 39,
      "text": [
        "Nor",
        "height,",
        "nor",
        "depth,",
        "nor",
        "any",
        "other",
        "creature,",
        "shall",
        "be",
        "able",
        "to",
        "separate",
        "us",
        "from",
        "the",
        "love",
        "of",
        "God,",
        "which",
        "is",
        "in",
        "Christ",
        "Jesus",
        "our",
        "Lord."
      ],
      "header": "",
      "footer": ""
    }
  ]
}