{
  "book_id": "NUM",
  "book_name": "Numbers",
  "chapter": 21,
  "header": "",
  "footer": "",
  "language": "English",
  "verses": [
    {
      "verse": 1,
      "text": [
        "And",
        "*when",
        "king",
        "Arad",
        "the",
        "Canaanite,",
        "which",
        "dwelt",
        "in",
        "the",
        "south,",
        "heard",
        "tell",
        "that",
        "Israel",
        "came",
        "by",
        "the",
        "way",
        "of",
        "the",
        "spies;",
        "then",
        "he",
        "fought",
        "against",
        "Israel,",
        "and",
        "took",
        "*some",
        "of",
        "them",
        "prisoners."
      ],
      "info": ""
    },
    {
      "verse": 2,
      "text": [
        "And",
        "Israel",
        "vowed",
        "a",
        "vow",
        "unto",
        "the",
        "LORD,",
        "and",
        "said,",
        "If",
        "thou",
        "wilt",
        "indeed",
        "deliver",
        "this",
        "people",
        "into",
        "my",
        "hand,",
        "then",
        "I",
        "will",
        "utterly",
        "destroy",
        "their",
        "cities."
      ],
      "info": ""
    },
    {
      "verse": 3,
      "text": [
        "And",
        "the",
        "LORD",
        "hearkened",
        "to",
        "the",
        "voice",
        "of",
        "Israel,",
        "and",
        "delivered",
        "up",
        "the",
        "Canaanites;",
        "and",
        "they",
        "utterly",
        "destroyed",
        "them",
        "and",
        "their",
        "cities:",
        "and",
        "he",
        "called",
        "the",
        "name",
        "of",
        "the",
        "place",
        "Hormah."
      ],
      "info": ""
    },
    {
      "verse": 4,
      "text": [
        "¶",
        "And",
        "they",
        "journeyed",
        "from",
        "mount",
        "Hor",
        "by",
        "the",
        "way",
        "of",
        "the",
        "Red",
        "sea,",
        "to",
        "compass",
        "the",
        "land",
        "of",
        "Edom:",
        "and",
        "the",
        "soul",
        "of",
        "the",
        "people",
        "was",
        "much",
        "discouraged",
        "because",
        "of",
        "the",
        "way."
      ],
      "info": ""
    },
    {
      "verse": 5,
      "text": [
        "And",
        "the",
        "people",
        "spake",
        "against",
        "God,",
        "and",
        "against",
        "Moses,",
        "Wherefore",
        "have",
        "ye",
        "brought",
        "us",
        "up",
        "out",
        "of",
        "Egypt",
        "to",
        "die",
        "in",
        "the",
        "wilderness?",
        "for",
        "*there",
        "*is",
        "no",
        "bread,",
        "neither",
        "*is",
        "*there",
        "*any",
        "water;",
        "and",
        "our",
        "soul",
        "loatheth",
        "this",
        "light",
        "bread."
      ],
      "info": ""
    },
    {
      "verse": 6,
      "text": [
        "And",
        "the",
        "LORD",
        "sent",
        "fiery",
        "serpents",
        "among",
        "the",
        "people,",
        "and",
        "they",
        "bit",
        "the",
        "people;",
        "and",
        "much",
        "people",
        "of",
        "Israel",
        "died."
      ],
      "info": ""
    },
    {
      "verse": 7,
      "text": [
        "¶",
        "Therefore",
        "the",
        "people",
        "came",
        "to",
        "Moses,",
        "and",
        "said,",
        "We",
        "have",
        "sinned,",
        "for",
        "we",
        "have",
        "spoken",
        "against",
        "the",
        "LORD,",
        "and",
        "against",
        "thee;",
        "pray",
        "unto",
        "the",
        "LORD,",
        "that",
        "he",
        "take",
        "away",
        "the",
        "serpents",
        "from",
        "us.",
        "And",
        "Moses",
        "prayed",
        "for",
        "the",
        "people."
      ],
      "info": ""
    },
    {
      "verse": 8,
      "text": [
        "And",
        "the",
        "LORD",
        "said",
        "unto",
        "Moses,",
        "Make",
        "thee",
        "a",
        "fiery",
        "serpent,",
        "and",
        "set",
        "it",
        "upon",
        "a",
        "pole:",
        "and",
        "it",
        "shall",
        "come",
        "to",
        "pass,",
        "that",
        "every",
        "one",
        "that",
        "is",
        "bitten,",
        "when",
        "he",
        "looketh",
        "upon",
        "it,",
        "shall",
        "live."
      ],
      "info": ""
    },
    {
      "verse": 9,
      "text": [
        "And",
        "Moses",
        "made",
        "a",
        "serpent",
        "of",
        "brass,",
        "and",
        "put",
        "it",
        "upon",
        "a",
        "pole,",
        "and",
        "it",
        "came",
        "to",
        "pass,",
        "that",
        "if",
        "a",
        "serpent",
        "had",
        "bitten",
        "any",
        "man,",
        "when",
        "he",
        "beheld",
        "the",
        "serpent",
        "of",
        "brass,",
        "he",
        "lived."
      ],
      "info": ""
    },
    {
      "verse": 10,
      "text": [
        "¶",
        "And",
        "the",
        "children",
        "of",
        "Israel",
        "set",
        "forward,",
        "and",
        "pitched",
        "in",
        "Oboth."
      ],
      "info": ""
    },
    {
      "verse": 11,
      "text": [
        "And",
        "they",
        "journeyed",
        "from",
        "Oboth,",
        "and",
        "pitched",
        "at",
        "Ijeabarim,",
        "in",
        "the",
        "wilderness",
        "which",
        "*is",
        "before",
        "Moab,",
        "toward",
        "the",
        "sunrising."
      ],
      "info": ""
    },
    {
      "verse": 12,
      "text": [
        "¶",
        "From",
        "thence",
        "they",
        "removed,",
        "and",
        "pitched",
        "in",
        "the",
        "valley",
        "of",
        "Zared."
      ],
      "info": ""
    },
    {
      "verse": 13,
      "text": [
        "From",
        "thence",
        "they",
        "removed,",
        "and",
        "pitched",
        "on",
        "the",
        "other",
        "side",
        "of",
        "Arnon,",
        "which",
        "*is",
        "in",
        "the",
        "wilderness",
        "that",
        "cometh",
        "out",
        "of",
        "the",
        "coasts",
        "of",
        "the",
        "Amorites:",
        "for",
        "Arnon",
        "*is",
        "the",
        "border",
        "of",
        "Moab,",
        "between",
        "Moab",
        "and",
        "the",
        "Amorites."
      ],
      "info": ""
    },
    {
      "verse": 14,
      "text": [
        "Wherefore",
        "it",
        "is",
        "said",
        "in",
        "the",
        "book",
        "of",
        "the",
        "wars",
        "of",
        "the",
        "LORD,",
        "What",
        "he",
        "did",
        "in",
        "the",
        "Red",
        "sea,",
        "and",
        "in",
        "the",
        "brooks",
        "of",
        "Arnon,"
      ],
      "info": ""
    },
    {
      "verse": 15,
      "text": [
        "And",
        "at",
        "the",
        "stream",
        "of",
        "the",
        "brooks",
        "that",
        "goeth",
        "down",
        "to",
        "the",
        "dwelling",
        "of",
        "Ar,",
        "and",
        "lieth",
        "upon",
        "the",
        "border",
        "of",
        "Moab."
      ],
      "info": ""
    },
    {
      "verse": 16,
      "text": [
        "And",
        "from",
        "thence",
        "*they",
        "*went",
        "to",
        "Beer:",
        "that",
        "*is",
        "the",
        "well",
        "whereof",
        "the",
        "LORD",
        "spake",
        "unto",
        "Moses,",
        "Gather",
        "the",
        "people",
        "together,",
        "and",
        "I",
        "will",
        "give",
        "them",
        "water."
      ],
      "info": ""
    },
    {
      "verse": 17,
      "text": [
        "¶",
        "Then",
        "Israel",
        "sang",
        "this",
        "song,",
        "Spring",
        "up,",
        "O",
        "well;",
        "sing",
        "ye",
        "unto",
        "it:"
      ],
      "info": ""
    },
    {
      "verse": 18,
      "text": [
        "The",
        "princes",
        "digged",
        "the",
        "well,",
        "the",
        "nobles",
        "of",
        "the",
        "people",
        "digged",
        "it,",
        "by",
        "*the",
        "*direction",
        "*of",
        "the",
        "lawgiver,",
        "with",
        "their",
        "staves.",
        "And",
        "from",
        "the",
        "wilderness",
        "*they",
        "*went",
        "to",
        "Mattanah:"
      ],
      "info": ""
    },
    {
      "verse": 19,
      "text": [
        "And",
        "from",
        "Mattanah",
        "to",
        "Nahaliel:",
        "and",
        "from",
        "Nahaliel",
        "to",
        "Bamoth:"
      ],
      "info": ""
    },
    {
      "verse": 20,
      "text": [
        "And",
        "from",
        "Bamoth",
        "*in",
        "the",
        "valley,",
        "that",
        "*is",
        "in",
        "the",
        "country",
        "of",
        "Moab,",
        "to",
        "the",
        "top",
        "of",
        "Pisgah,",
        "which",
        "looketh",
        "toward",
        "Jeshimon."
      ],
      "info": ""
    },
    {
      "verse": 21,
      "text": [
        "¶",
        "And",
        "Israel",
        "sent",
        "messengers",
        "unto",
        "Sihon",
        "king",
        "of",
        "the",
        "Amorites,",
        "saying,"
      ],
      "info": ""
    },
    {
      "verse": 22,
      "text": [
        "Let",
        "me",
        "pass",
        "through",
        "thy",
        "land:",
        "we",
        "will",
        "not",
        "turn",
        "into",
        "the",
        "fields,",
        "or",
        "into",
        "the",
        "vineyards;",
        "we",
        "will",
        "not",
        "drink",
        "*of",
        "the",
        "waters",
        "of",
        "the",
        "well:",
        "*but",
        "we",
        "will",
        "go",
        "along",
        "by",
        "the",
        "king's",
        "*high",
        "way,",
        "until",
        "we",
        "be",
        "past",
        "thy",
        "borders."
      ],
      "info": ""
    },
    {
      "verse": 23,
      "text": [
        "And",
        "Sihon",
        "would",
        "not",
        "suffer",
        "Israel",
        "to",
        "pass",
        "through",
        "his",
        "border:",
        "but",
        "Sihon",
        "gathered",
        "all",
        "his",
        "people",
        "together,",
        "and",
        "went",
        "out",
        "against",
        "Israel",
        "into",
        "the",
        "wilderness:",
        "and",
        "he",
        "came",
        "to",
        "Jahaz,",
        "and",
        "fought",
        "against",
        "Israel."
      ],
      "info": ""
    },
    {
      "verse": 24,
      "text": [
        "And",
        "Israel",
        "smote",
        "him",
        "with",
        "the",
        "edge",
        "of",
        "the",
        "sword,",
        "and",
        "possessed",
        "his",
        "land",
        "from",
        "Arnon",
        "unto",
        "Jabbok,",
        "even",
        "unto",
        "the",
        "children",
        "of",
        "Ammon:",
        "for",
        "the",
        "border",
        "of",
        "the",
        "children",
        "of",
        "Ammon",
        "*was",
        "strong."
      ],
      "info": ""
    },
    {
      "verse": 25,
      "text": [
        "And",
        "Israel",
        "took",
        "all",
        "these",
        "cities:",
        "and",
        "Israel",
        "dwelt",
        "in",
        "all",
        "the",
        "cities",
        "of",
        "the",
        "Amorites,",
        "in",
        "Heshbon,",
        "and",
        "in",
        "all",
        "the",
        "villages",
        "thereof."
      ],
      "info": ""
    },
    {
      "verse": 26,
      "text": [
        "For",
        "Heshbon",
        "*was",
        "the",
        "city",
        "of",
        "Sihon",
        "the",
        "king",
        "of",
        "the",
        "Amorites,",
        "who",
        "had",
        "fought",
        "against",
        "the",
        "former",
        "king",
        "of",
        "Moab,",
        "and",
        "taken",
        "all",
        "his",
        "land",
        "out",
        "of",
        "his",
        "hand,",
        "even",
        "unto",
        "Arnon."
      ],
      "info": ""
    },
    {
      "verse": 27,
      "text": [
        "Wherefore",
        "they",
        "that",
        "speak",
        "in",
        "proverbs",
        "say,",
        "Come",
        "into",
        "Heshbon,",
        "let",
        "the",
        "city",
        "of",
        "Sihon",
        "be",
        "built",
        "and",
        "prepared:"
      ],
      "info": ""
    },
    {
      "verse": 28,
      "text": [
        "For",
        "there",
        "is",
        "a",
        "fire",
        "gone",
        "out",
        "of",
        "Heshbon,",
        "a",
        "flame",
        "from",
        "the",
        "city",
        "of",
        "Sihon:",
        "it",
        "hath",
        "consumed",
        "Ar",
        "of",
        "Moab,",
        "*and",
        "the",
        "lords",
        "of",
        "the",
        "high",
        "places",
        "of",
        "Arnon."
      ],
      "info": ""
    },
    {
      "verse": 29,
      "text": [
        "Woe",
        "to",
        "thee,",
        "Moab!",
        "thou",
        "art",
        "undone,",
        "O",
        "people",
        "of",
        "Chemosh:",
        "he",
        "hath",
        "given",
        "his",
        "sons",
        "that",
        "escaped,",
        "and",
        "his",
        "daughters,",
        "into",
        "captivity",
        "unto",
        "Sihon",
        "king",
        "of",
        "the",
        "Amorites."
      ],
      "info": ""
    },
    {
      "verse": 30,
      "text": [
        "We",
        "have",
        "shot",
        "at",
        "them;",
        "Heshbon",
        "is",
        "perished",
        "even",
        "unto",
        "Dibon,",
        "and",
        "we",
        "have",
        "laid",
        "them",
        "waste",
        "even",
        "unto",
        "Nophah,",
        "which",
        "*reacheth",
        "unto",
        "Medeba."
      ],
      "info": ""
    },
    {
      "verse": 31,
      "text": [
        "¶",
        "Thus",
        "Israel",
        "dwelt",
        "in",
        "the",
        "land",
        "of",
        "the",
        "Amorites."
      ],
      "info": ""
    },
    {
      "verse": 32,
      "text": [
        "And",
        "Moses",
        "sent",
        "to",
        "spy",
        "out",
        "Jaazer,",
        "and",
        "they",
        "took",
        "the",
        "villages",
        "thereof,",
        "and",
        "drove",
        "out",
        "the",
        "Amorites",
        "that",
        "*were",
        "there."
      ],
      "info": ""
    },
    {
      "verse": 33,
      "text": [
        "¶",
        "And",
        "they",
        "turned",
        "and",
        "went",
        "up",
        "by",
        "the",
        "way",
        "of",
        "Bashan:",
        "and",
        "Og",
        "the",
        "king",
        "of",
        "Bashan",
        "went",
        "out",
        "against",
        "them,",
        "he,",
        "and",
        "all",
        "his",
        "people,",
        "to",
        "the",
        "battle",
        "at",
        "Edrei."
      ],
      "info": ""
    },
    {
      "verse": 34,
      "text": [
        "And",
        "the",
        "LORD",
        "said",
        "unto",
        "Moses,",
        "Fear",
        "him",
        "not:",
        "for",
        "I",
        "have",
        "delivered",
        "him",
        "into",
        "thy",
        "hand,",
        "and",
        "all",
        "his",
        "people,",
        "and",
        "his",
        "land;",
        "and",
        "thou",
        "shalt",
        "do",
        "to",
        "him",
        "as",
        "thou",
        "didst",
        "unto",
        "Sihon",
        "king",
        "of",
        "the",
        "Amorites,",
        "which",
        "dwelt",
        "at",
        "Heshbon."
      ],
      "info": ""
    },
    {
      "verse": 35,
      "text": [
        "So",
        "they",
        "smote",
        "him,",
        "and",
        "his",
        "sons,",
        "and",
        "all",
        "his",
        "people,",
        "until",
        "there",
        "was",
        "none",
        "left",
        "him",
        "alive:",
        "and",
        "they",
        "possessed",
        "his",
        "land."
      ],
      "info": ""
    }
  ]
}