{
  "book_id": "NUM",
  "book_name": "Numbers",
  "chapter": 25,
  "header": "",
  "footer": "",
  "language": "English",
  "verses": [
    {
      "verse": 1,
      "text": [
        "And",
        "Israel",
        "abode",
        "in",
        "Shittim,",
        "and",
        "the",
        "people",
        "began",
        "to",
        "commit",
        "whoredom",
        "with",
        "the",
        "daughters",
        "of",
        "Moab."
      ],
      "info": ""
    },
    {
      "verse": 2,
      "text": [
        "And",
        "they",
        "called",
        "the",
        "people",
        "unto",
        "the",
        "sacrifices",
        "of",
        "their",
        "gods:",
        "and",
        "the",
        "people",
        "did",
        "eat,",
        "and",
        "bowed",
        "down",
        "to",
        "their",
        "gods."
      ],
      "info": ""
    },
    {
      "verse": 3,
      "text": [
        "And",
        "Israel",
        "joined",
        "himself",
        "unto",
        "Baalpeor:",
        "and",
        "the",
        "anger",
        "of",
        "the",
        "LORD",
        "was",
        "kindled",
        "against",
        "Israel."
      ],
      "info": ""
    },
    {
      "verse": 4,
      "text": [
        "And",
        "the",
        "LORD",
        "said",
        "unto",
        "Moses,",
        "Take",
        "all",
        "the",
        "heads",
        "of",
        "the",
        "people,",
        "and",
        "hang",
        "them",
        "up",
        "before",
        "the",
        "LORD",
        "against",
        "the",
        "sun,",
        "that",
        "the",
        "fierce",
        "anger",
        "of",
        "the",
        "LORD",
        "may",
        "be",
        "turned",
        "away",
        "from",
        "Israel."
      ],
      "info": ""
    },
    {
      "verse": 5,
      "text": [
        "And",
        "Moses",
        "said",
        "unto",
        "the",
        "judges",
        "of",
        "Israel,",
        "Slay",
        "ye",
        "every",
        "one",
        "his",
        "men",
        "that",
        "were",
        "joined",
        "unto",
        "Baalpeor."
      ],
      "info": ""
    },
    {
      "verse": 6,
      "text": [
        "¶",
        "And,",
        "behold,",
        "one",
        "of",
        "the",
        "children",
        "of",
        "Israel",
        "came",
        "and",
        "brought",
        "unto",
        "his",
        "brethren",
        "a",
        "Midianitish",
        "woman",
        "in",
        "the",
        "sight",
        "of",
        "Moses,",
        "and",
        "in",
        "the",
        "sight",
        "of",
        "all",
        "the",
        "congregation",
        "of",
        "the",
        "children",
        "of",
        "Israel,",
        "who",
        "*were",
        "weeping",
        "*before",
        "the",
        "door",
        "of",
        "the",
        "tabernacle",
        "of",
        "the",
        "congregation."
      ],
      "info": ""
    },
    {
      "verse": 7,
      "text": [
        "And",
        "when",
        "Phinehas,",
        "the",
        "son",
        "of",
        "Eleazar,",
        "the",
        "son",
        "of",
        "Aaron",
        "the",
        "priest,",
        "saw",
        "*it,",
        "he",
        "rose",
        "up",
        "from",
        "among",
        "the",
        "congregation,",
        "and",
        "took",
        "a",
        "javelin",
        "in",
        "his",
        "hand;"
      ],
      "info": ""
    },
    {
      "verse": 8,
      "text": [
        "And",
        "he",
        "went",
        "after",
        "the",
        "man",
        "of",
        "Israel",
        "into",
        "the",
        "tent,",
        "and",
        "thrust",
        "both",
        "of",
        "them",
        "through,",
        "the",
        "man",
        "of",
        "Israel,",
        "and",
        "the",
        "woman",
        "through",
        "her",
        "belly.",
        "So",
        "the",
        "plague",
        "was",
        "stayed",
        "from",
        "the",
        "children",
        "of",
        "Israel."
      ],
      "info": ""
    },
    {
      "verse": 9,
      "text": [
        "And",
        "those",
        "that",
        "died",
        "in",
        "the",
        "plague",
        "were",
        "twenty",
        "and",
        "four",
        "thousand."
      ],
      "info": ""
    },
    {
      "verse": 10,
      "text": [
        "¶",
        "And",
        "the",
        "LORD",
        "spake",
        "unto",
        "Moses,",
        "saying,"
      ],
      "info": ""
    },
    {
      "verse": 11,
      "text": [
        "Phinehas,",
        "the",
        "son",
        "of",
        "Eleazar,",
        "the",
        "son",
        "of",
        "Aaron",
        "the",
        "priest,",
        "hath",
        "turned",
        "my",
        "wrath",
        "away",
        "from",
        "the",
        "children",
        "of",
        "Israel,",
        "while",
        "he",
        "was",
        "zealous",
        "for",
        "my",
        "sake",
        "among",
        "them,",
        "that",
        "I",
        "consumed",
        "not",
        "the",
        "children",
        "of",
        "Israel",
        "in",
        "my",
        "jealousy."
      ],
      "info": ""
    },
    {
      "verse": 12,
      "text": [
        "Wherefore",
        "say,",
        "Behold,",
        "I",
        "give",
        "unto",
        "him",
        "my",
        "covenant",
        "of",
        "peace:"
      ],
      "info": ""
    },
    {
      "verse": 13,
      "text": [
        "And",
        "he",
        "shall",
        "have",
        "it,",
        "and",
        "his",
        "seed",
        "after",
        "him,",
        "*even",
        "the",
        "covenant",
        "of",
        "an",
        "everlasting",
        "priesthood;",
        "because",
        "he",
        "was",
        "zealous",
        "for",
        "his",
        "God,",
        "and",
        "made",
        "an",
        "atonement",
        "for",
        "the",
        "children",
        "of",
        "Israel."
      ],
      "info": ""
    },
    {
      "verse": 14,
      "text": [
        "Now",
        "the",
        "name",
        "of",
        "the",
        "Israelite",
        "that",
        "was",
        "slain,",
        "*even",
        "that",
        "was",
        "slain",
        "with",
        "the",
        "Midianitish",
        "woman,",
        "*was",
        "Zimri,",
        "the",
        "son",
        "of",
        "Salu,",
        "a",
        "prince",
        "of",
        "a",
        "chief",
        "house",
        "among",
        "the",
        "Simeonites."
      ],
      "info": ""
    },
    {
      "verse": 15,
      "text": [
        "And",
        "the",
        "name",
        "of",
        "the",
        "Midianitish",
        "woman",
        "that",
        "was",
        "slain",
        "*was",
        "Cozbi,",
        "the",
        "daughter",
        "of",
        "Zur;",
        "he",
        "*was",
        "head",
        "over",
        "a",
        "people,",
        "*and",
        "of",
        "a",
        "chief",
        "house",
        "in",
        "Midian."
      ],
      "info": ""
    },
    {
      "verse": 16,
      "text": [
        "¶",
        "And",
        "the",
        "LORD",
        "spake",
        "unto",
        "Moses,",
        "saying,"
      ],
      "info": ""
    },
    {
      "verse": 17,
      "text": [
        "Vex",
        "the",
        "Midianites,",
        "and",
        "smite",
        "them:"
      ],
      "info": ""
    },
    {
      "verse": 18,
      "text": [
        "For",
        "they",
        "vex",
        "you",
        "with",
        "their",
        "wiles,",
        "wherewith",
        "they",
        "have",
        "beguiled",
        "you",
        "in",
        "the",
        "matter",
        "of",
        "Peor,",
        "and",
        "in",
        "the",
        "matter",
        "of",
        "Cozbi,",
        "the",
        "daughter",
        "of",
        "a",
        "prince",
        "of",
        "Midian,",
        "their",
        "sister,",
        "which",
        "was",
        "slain",
        "in",
        "the",
        "day",
        "of",
        "the",
        "plague",
        "for",
        "Peor's",
        "sake."
      ],
      "info": ""
    }
  ]
}