{
  "book_id": "NUM",
  "book_name": "Numbers",
  "chapter": 29,
  "header": "",
  "footer": "",
  "language": "English",
  "verses": [
    {
      "verse": 1,
      "text": [
        "And",
        "in",
        "the",
        "seventh",
        "month,",
        "on",
        "the",
        "first",
        "*day",
        "of",
        "the",
        "month,",
        "ye",
        "shall",
        "have",
        "an",
        "holy",
        "convocation;",
        "ye",
        "shall",
        "do",
        "no",
        "servile",
        "work:",
        "it",
        "is",
        "a",
        "day",
        "of",
        "blowing",
        "the",
        "trumpets",
        "unto",
        "you."
      ],
      "info": ""
    },
    {
      "verse": 2,
      "text": [
        "And",
        "ye",
        "shall",
        "offer",
        "a",
        "burnt",
        "offering",
        "for",
        "a",
        "sweet",
        "savour",
        "unto",
        "the",
        "LORD;",
        "one",
        "young",
        "bullock,",
        "one",
        "ram,",
        "*and",
        "seven",
        "lambs",
        "of",
        "the",
        "first",
        "year",
        "without",
        "blemish:"
      ],
      "info": ""
    },
    {
      "verse": 3,
      "text": [
        "And",
        "their",
        "meat",
        "offering",
        "*shall",
        "*be",
        "*of",
        "flour",
        "mingled",
        "with",
        "oil,",
        "three",
        "tenth",
        "deals",
        "for",
        "a",
        "bullock,",
        "*and",
        "two",
        "tenth",
        "deals",
        "for",
        "a",
        "ram,"
      ],
      "info": ""
    },
    {
      "verse": 4,
      "text": [
        "And",
        "one",
        "tenth",
        "deal",
        "for",
        "one",
        "lamb,",
        "throughout",
        "the",
        "seven",
        "lambs:"
      ],
      "info": ""
    },
    {
      "verse": 5,
      "text": [
        "And",
        "one",
        "kid",
        "of",
        "the",
        "goats",
        "*for",
        "a",
        "sin",
        "offering,",
        "to",
        "make",
        "an",
        "atonement",
        "for",
        "you:"
      ],
      "info": ""
    },
    {
      "verse": 6,
      "text": [
        "Beside",
        "the",
        "burnt",
        "offering",
        "of",
        "the",
        "month,",
        "and",
        "his",
        "meat",
        "offering,",
        "and",
        "the",
        "daily",
        "burnt",
        "offering,",
        "and",
        "his",
        "meat",
        "offering,",
        "and",
        "their",
        "drink",
        "offerings,",
        "according",
        "unto",
        "their",
        "manner,",
        "for",
        "a",
        "sweet",
        "savour,",
        "a",
        "sacrifice",
        "made",
        "by",
        "fire",
        "unto",
        "the",
        "LORD."
      ],
      "info": ""
    },
    {
      "verse": 7,
      "text": [
        "¶",
        "And",
        "ye",
        "shall",
        "have",
        "on",
        "the",
        "tenth",
        "*day",
        "of",
        "this",
        "seventh",
        "month",
        "an",
        "holy",
        "convocation;",
        "and",
        "ye",
        "shall",
        "afflict",
        "your",
        "souls:",
        "ye",
        "shall",
        "not",
        "do",
        "any",
        "work",
        "*therein:"
      ],
      "info": ""
    },
    {
      "verse": 8,
      "text": [
        "But",
        "ye",
        "shall",
        "offer",
        "a",
        "burnt",
        "offering",
        "unto",
        "the",
        "LORD",
        "*for",
        "a",
        "sweet",
        "savour;",
        "one",
        "young",
        "bullock,",
        "one",
        "ram,",
        "*and",
        "seven",
        "lambs",
        "of",
        "the",
        "first",
        "year;",
        "they",
        "shall",
        "be",
        "unto",
        "you",
        "without",
        "blemish:"
      ],
      "info": ""
    },
    {
      "verse": 9,
      "text": [
        "And",
        "their",
        "meat",
        "offering",
        "*shall",
        "*be",
        "*of",
        "flour",
        "mingled",
        "with",
        "oil,",
        "three",
        "tenth",
        "deals",
        "to",
        "a",
        "bullock,",
        "*and",
        "two",
        "tenth",
        "deals",
        "to",
        "one",
        "ram,"
      ],
      "info": ""
    },
    {
      "verse": 10,
      "text": [
        "A",
        "several",
        "tenth",
        "deal",
        "for",
        "one",
        "lamb,",
        "throughout",
        "the",
        "seven",
        "lambs:"
      ],
      "info": ""
    },
    {
      "verse": 11,
      "text": [
        "One",
        "kid",
        "of",
        "the",
        "goats",
        "*for",
        "a",
        "sin",
        "offering;",
        "beside",
        "the",
        "sin",
        "offering",
        "of",
        "atonement,",
        "and",
        "the",
        "continual",
        "burnt",
        "offering,",
        "and",
        "the",
        "meat",
        "offering",
        "of",
        "it,",
        "and",
        "their",
        "drink",
        "offerings."
      ],
      "info": ""
    },
    {
      "verse": 12,
      "text": [
        "¶",
        "And",
        "on",
        "the",
        "fifteenth",
        "day",
        "of",
        "the",
        "seventh",
        "month",
        "ye",
        "shall",
        "have",
        "an",
        "holy",
        "convocation;",
        "ye",
        "shall",
        "do",
        "no",
        "servile",
        "work,",
        "and",
        "ye",
        "shall",
        "keep",
        "a",
        "feast",
        "unto",
        "the",
        "LORD",
        "seven",
        "days:"
      ],
      "info": ""
    },
    {
      "verse": 13,
      "text": [
        "And",
        "ye",
        "shall",
        "offer",
        "a",
        "burnt",
        "offering,",
        "a",
        "sacrifice",
        "made",
        "by",
        "fire,",
        "of",
        "a",
        "sweet",
        "savour",
        "unto",
        "the",
        "LORD;",
        "thirteen",
        "young",
        "bullocks,",
        "two",
        "rams,",
        "*and",
        "fourteen",
        "lambs",
        "of",
        "the",
        "first",
        "year;",
        "they",
        "shall",
        "be",
        "without",
        "blemish:"
      ],
      "info": ""
    },
    {
      "verse": 14,
      "text": [
        "And",
        "their",
        "meat",
        "offering",
        "*shall",
        "*be",
        "*of",
        "flour",
        "mingled",
        "with",
        "oil,",
        "three",
        "tenth",
        "deals",
        "unto",
        "every",
        "bullock",
        "of",
        "the",
        "thirteen",
        "bullocks,",
        "two",
        "tenth",
        "deals",
        "to",
        "each",
        "ram",
        "of",
        "the",
        "two",
        "rams,"
      ],
      "info": ""
    },
    {
      "verse": 15,
      "text": [
        "And",
        "a",
        "several",
        "tenth",
        "deal",
        "to",
        "each",
        "lamb",
        "of",
        "the",
        "fourteen",
        "lambs:"
      ],
      "info": ""
    },
    {
      "verse": 16,
      "text": [
        "And",
        "one",
        "kid",
        "of",
        "the",
        "goats",
        "*for",
        "a",
        "sin",
        "offering;",
        "beside",
        "the",
        "continual",
        "burnt",
        "offering,",
        "his",
        "meat",
        "offering,",
        "and",
        "his",
        "drink",
        "offering."
      ],
      "info": ""
    },
    {
      "verse": 17,
      "text": [
        "¶",
        "And",
        "on",
        "the",
        "second",
        "day",
        "*ye",
        "*shall",
        "*offer",
        "twelve",
        "young",
        "bullocks,",
        "two",
        "rams,",
        "fourteen",
        "lambs",
        "of",
        "the",
        "first",
        "year",
        "without",
        "spot:"
      ],
      "info": ""
    },
    {
      "verse": 18,
      "text": [
        "And",
        "their",
        "meat",
        "offering",
        "and",
        "their",
        "drink",
        "offerings",
        "for",
        "the",
        "bullocks,",
        "for",
        "the",
        "rams,",
        "and",
        "for",
        "the",
        "lambs,",
        "*shall",
        "*be",
        "according",
        "to",
        "their",
        "number,",
        "after",
        "the",
        "manner:"
      ],
      "info": ""
    },
    {
      "verse": 19,
      "text": [
        "And",
        "one",
        "kid",
        "of",
        "the",
        "goats",
        "*for",
        "a",
        "sin",
        "offering;",
        "beside",
        "the",
        "continual",
        "burnt",
        "offering,",
        "and",
        "the",
        "meat",
        "offering",
        "thereof,",
        "and",
        "their",
        "drink",
        "offerings."
      ],
      "info": ""
    },
    {
      "verse": 20,
      "text": [
        "¶",
        "And",
        "on",
        "the",
        "third",
        "day",
        "eleven",
        "bullocks,",
        "two",
        "rams,",
        "fourteen",
        "lambs",
        "of",
        "the",
        "first",
        "year",
        "without",
        "blemish;"
      ],
      "info": ""
    },
    {
      "verse": 21,
      "text": [
        "And",
        "their",
        "meat",
        "offering",
        "and",
        "their",
        "drink",
        "offerings",
        "for",
        "the",
        "bullocks,",
        "for",
        "the",
        "rams,",
        "and",
        "for",
        "the",
        "lambs,",
        "*shall",
        "*be",
        "according",
        "to",
        "their",
        "number,",
        "after",
        "the",
        "manner:"
      ],
      "info": ""
    },
    {
      "verse": 22,
      "text": [
        "And",
        "one",
        "goat",
        "*for",
        "a",
        "sin",
        "offering;",
        "beside",
        "the",
        "continual",
        "burnt",
        "offering,",
        "and",
        "his",
        "meat",
        "offering,",
        "and",
        "his",
        "drink",
        "offering."
      ],
      "info": ""
    },
    {
      "verse": 23,
      "text": [
        "¶",
        "And",
        "on",
        "the",
        "fourth",
        "day",
        "ten",
        "bullocks,",
        "two",
        "rams,",
        "*and",
        "fourteen",
        "lambs",
        "of",
        "the",
        "first",
        "year",
        "without",
        "blemish:"
      ],
      "info": ""
    },
    {
      "verse": 24,
      "text": [
        "Their",
        "meat",
        "offering",
        "and",
        "their",
        "drink",
        "offerings",
        "for",
        "the",
        "bullocks,",
        "for",
        "the",
        "rams,",
        "and",
        "for",
        "the",
        "lambs,",
        "*shall",
        "*be",
        "according",
        "to",
        "their",
        "number,",
        "after",
        "the",
        "manner:"
      ],
      "info": ""
    },
    {
      "verse": 25,
      "text": [
        "And",
        "one",
        "kid",
        "of",
        "the",
        "goats",
        "*for",
        "a",
        "sin",
        "offering;",
        "beside",
        "the",
        "continual",
        "burnt",
        "offering,",
        "his",
        "meat",
        "offering,",
        "and",
        "his",
        "drink",
        "offering."
      ],
      "info": ""
    },
    {
      "verse": 26,
      "text": [
        "¶",
        "And",
        "on",
        "the",
        "fifth",
        "day",
        "nine",
        "bullocks,",
        "two",
        "rams,",
        "*and",
        "fourteen",
        "lambs",
        "of",
        "the",
        "first",
        "year",
        "without",
        "spot:"
      ],
      "info": ""
    },
    {
      "verse": 27,
      "text": [
        "And",
        "their",
        "meat",
        "offering",
        "and",
        "their",
        "drink",
        "offerings",
        "for",
        "the",
        "bullocks,",
        "for",
        "the",
        "rams,",
        "and",
        "for",
        "the",
        "lambs,",
        "*shall",
        "*be",
        "according",
        "to",
        "their",
        "number,",
        "after",
        "the",
        "manner:"
      ],
      "info": ""
    },
    {
      "verse": 28,
      "text": [
        "And",
        "one",
        "goat",
        "*for",
        "a",
        "sin",
        "offering;",
        "beside",
        "the",
        "continual",
        "burnt",
        "offering,",
        "and",
        "his",
        "meat",
        "offering,",
        "and",
        "his",
        "drink",
        "offering."
      ],
      "info": ""
    },
    {
      "verse": 29,
      "text": [
        "¶",
        "And",
        "on",
        "the",
        "sixth",
        "day",
        "eight",
        "bullocks,",
        "two",
        "rams,",
        "*and",
        "fourteen",
        "lambs",
        "of",
        "the",
        "first",
        "year",
        "without",
        "blemish:"
      ],
      "info": ""
    },
    {
      "verse": 30,
      "text": [
        "And",
        "their",
        "meat",
        "offering",
        "and",
        "their",
        "drink",
        "offerings",
        "for",
        "the",
        "bullocks,",
        "for",
        "the",
        "rams,",
        "and",
        "for",
        "the",
        "lambs,",
        "*shall",
        "*be",
        "according",
        "to",
        "their",
        "number,",
        "after",
        "the",
        "manner:"
      ],
      "info": ""
    },
    {
      "verse": 31,
      "text": [
        "And",
        "one",
        "goat",
        "*for",
        "a",
        "sin",
        "offering;",
        "beside",
        "the",
        "continual",
        "burnt",
        "offering,",
        "his",
        "meat",
        "offering,",
        "and",
        "his",
        "drink",
        "offering."
      ],
      "info": ""
    },
    {
      "verse": 32,
      "text": [
        "¶",
        "And",
        "on",
        "the",
        "seventh",
        "day",
        "seven",
        "bullocks,",
        "two",
        "rams,",
        "*and",
        "fourteen",
        "lambs",
        "of",
        "the",
        "first",
        "year",
        "without",
        "blemish:"
      ],
      "info": ""
    },
    {
      "verse": 33,
      "text": [
        "And",
        "their",
        "meat",
        "offering",
        "and",
        "their",
        "drink",
        "offerings",
        "for",
        "the",
        "bullocks,",
        "for",
        "the",
        "rams,",
        "and",
        "for",
        "the",
        "lambs,",
        "*shall",
        "*be",
        "according",
        "to",
        "their",
        "number,",
        "after",
        "the",
        "manner:"
      ],
      "info": ""
    },
    {
      "verse": 34,
      "text": [
        "And",
        "one",
        "goat",
        "*for",
        "a",
        "sin",
        "offering;",
        "beside",
        "the",
        "continual",
        "burnt",
        "offering,",
        "his",
        "meat",
        "offering,",
        "and",
        "his",
        "drink",
        "offering."
      ],
      "info": ""
    },
    {
      "verse": 35,
      "text": [
        "¶",
        "On",
        "the",
        "eighth",
        "day",
        "ye",
        "shall",
        "have",
        "a",
        "solemn",
        "assembly:",
        "ye",
        "shall",
        "do",
        "no",
        "servile",
        "work",
        "*therein:"
      ],
      "info": ""
    },
    {
      "verse": 36,
      "text": [
        "But",
        "ye",
        "shall",
        "offer",
        "a",
        "burnt",
        "offering,",
        "a",
        "sacrifice",
        "made",
        "by",
        "fire,",
        "of",
        "a",
        "sweet",
        "savour",
        "unto",
        "the",
        "LORD:",
        "one",
        "bullock,",
        "one",
        "ram,",
        "seven",
        "lambs",
        "of",
        "the",
        "first",
        "year",
        "without",
        "blemish:"
      ],
      "info": ""
    },
    {
      "verse": 37,
      "text": [
        "Their",
        "meat",
        "offering",
        "and",
        "their",
        "drink",
        "offerings",
        "for",
        "the",
        "bullock,",
        "for",
        "the",
        "ram,",
        "and",
        "for",
        "the",
        "lambs,",
        "*shall",
        "*be",
        "according",
        "to",
        "their",
        "number,",
        "after",
        "the",
        "manner:"
      ],
      "info": ""
    },
    {
      "verse": 38,
      "text": [
        "And",
        "one",
        "goat",
        "*for",
        "a",
        "sin",
        "offering;",
        "beside",
        "the",
        "continual",
        "burnt",
        "offering,",
        "and",
        "his",
        "meat",
        "offering,",
        "and",
        "his",
        "drink",
        "offering."
      ],
      "info": ""
    },
    {
      "verse": 39,
      "text": [
        "These",
        "*things",
        "ye",
        "shall",
        "do",
        "unto",
        "the",
        "LORD",
        "in",
        "your",
        "set",
        "feasts,",
        "beside",
        "your",
        "vows,",
        "and",
        "your",
        "freewill",
        "offerings,",
        "for",
        "your",
        "burnt",
        "offerings,",
        "and",
        "for",
        "your",
        "meat",
        "offerings,",
        "and",
        "for",
        "your",
        "drink",
        "offerings,",
        "and",
        "for",
        "your",
        "peace",
        "offerings."
      ],
      "info": ""
    },
    {
      "verse": 40,
      "text": [
        "And",
        "Moses",
        "told",
        "the",
        "children",
        "of",
        "Israel",
        "according",
        "to",
        "all",
        "that",
        "the",
        "LORD",
        "commanded",
        "Moses."
      ],
      "info": ""
    }
  ]
}