{
  "book_id": "NUM",
  "book_name": "Numbers",
  "chapter": 7,
  "header": "",
  "footer": "",
  "language": "English",
  "verses": [
    {
      "verse": 1,
      "text": [
        "And",
        "it",
        "came",
        "to",
        "pass",
        "on",
        "the",
        "day",
        "that",
        "Moses",
        "had",
        "fully",
        "set",
        "up",
        "the",
        "tabernacle,",
        "and",
        "had",
        "anointed",
        "it,",
        "and",
        "sanctified",
        "it,",
        "and",
        "all",
        "the",
        "instruments",
        "thereof,",
        "both",
        "the",
        "altar",
        "and",
        "all",
        "the",
        "vessels",
        "thereof,",
        "and",
        "had",
        "anointed",
        "them,",
        "and",
        "sanctified",
        "them;"
      ],
      "info": ""
    },
    {
      "verse": 2,
      "text": [
        "That",
        "the",
        "princes",
        "of",
        "Israel,",
        "heads",
        "of",
        "the",
        "house",
        "of",
        "their",
        "fathers,",
        "who",
        "*were",
        "the",
        "princes",
        "of",
        "the",
        "tribes,",
        "and",
        "were",
        "over",
        "them",
        "that",
        "were",
        "numbered,",
        "offered:"
      ],
      "info": ""
    },
    {
      "verse": 3,
      "text": [
        "And",
        "they",
        "brought",
        "their",
        "offering",
        "before",
        "the",
        "LORD,",
        "six",
        "covered",
        "wagons,",
        "and",
        "twelve",
        "oxen;",
        "a",
        "wagon",
        "for",
        "two",
        "of",
        "the",
        "princes,",
        "and",
        "for",
        "each",
        "one",
        "an",
        "ox:",
        "and",
        "they",
        "brought",
        "them",
        "before",
        "the",
        "tabernacle."
      ],
      "info": ""
    },
    {
      "verse": 4,
      "text": [
        "And",
        "the",
        "LORD",
        "spake",
        "unto",
        "Moses,",
        "saying,"
      ],
      "info": ""
    },
    {
      "verse": 5,
      "text": [
        "Take",
        "*it",
        "of",
        "them,",
        "that",
        "they",
        "may",
        "be",
        "to",
        "do",
        "the",
        "service",
        "of",
        "the",
        "tabernacle",
        "of",
        "the",
        "congregation;",
        "and",
        "thou",
        "shalt",
        "give",
        "them",
        "unto",
        "the",
        "Levites,",
        "to",
        "every",
        "man",
        "according",
        "to",
        "his",
        "service."
      ],
      "info": ""
    },
    {
      "verse": 6,
      "text": [
        "And",
        "Moses",
        "took",
        "the",
        "wagons",
        "and",
        "the",
        "oxen,",
        "and",
        "gave",
        "them",
        "unto",
        "the",
        "Levites."
      ],
      "info": ""
    },
    {
      "verse": 7,
      "text": [
        "Two",
        "wagons",
        "and",
        "four",
        "oxen",
        "he",
        "gave",
        "unto",
        "the",
        "sons",
        "of",
        "Gershon,",
        "according",
        "to",
        "their",
        "service:"
      ],
      "info": ""
    },
    {
      "verse": 8,
      "text": [
        "And",
        "four",
        "wagons",
        "and",
        "eight",
        "oxen",
        "he",
        "gave",
        "unto",
        "the",
        "sons",
        "of",
        "Merari,",
        "according",
        "unto",
        "their",
        "service,",
        "under",
        "the",
        "hand",
        "of",
        "Ithamar",
        "the",
        "son",
        "of",
        "Aaron",
        "the",
        "priest."
      ],
      "info": ""
    },
    {
      "verse": 9,
      "text": [
        "But",
        "unto",
        "the",
        "sons",
        "of",
        "Kohath",
        "he",
        "gave",
        "none:",
        "because",
        "the",
        "service",
        "of",
        "the",
        "sanctuary",
        "belonging",
        "unto",
        "them",
        "*was",
        "*that",
        "they",
        "should",
        "bear",
        "upon",
        "their",
        "shoulders."
      ],
      "info": ""
    },
    {
      "verse": 10,
      "text": [
        "¶",
        "And",
        "the",
        "princes",
        "offered",
        "for",
        "dedicating",
        "of",
        "the",
        "altar",
        "in",
        "the",
        "day",
        "that",
        "it",
        "was",
        "anointed,",
        "even",
        "the",
        "princes",
        "offered",
        "their",
        "offering",
        "before",
        "the",
        "altar."
      ],
      "info": ""
    },
    {
      "verse": 11,
      "text": [
        "And",
        "the",
        "LORD",
        "said",
        "unto",
        "Moses,",
        "They",
        "shall",
        "offer",
        "their",
        "offering,",
        "each",
        "prince",
        "on",
        "his",
        "day,",
        "for",
        "the",
        "dedicating",
        "of",
        "the",
        "altar."
      ],
      "info": ""
    },
    {
      "verse": 12,
      "text": [
        "¶",
        "And",
        "he",
        "that",
        "offered",
        "his",
        "offering",
        "the",
        "first",
        "day",
        "was",
        "Nahshon",
        "the",
        "son",
        "of",
        "Amminadab,",
        "of",
        "the",
        "tribe",
        "of",
        "Judah:"
      ],
      "info": ""
    },
    {
      "verse": 13,
      "text": [
        "And",
        "his",
        "offering",
        "*was",
        "one",
        "silver",
        "charger,",
        "the",
        "weight",
        "thereof",
        "*was",
        "an",
        "hundred",
        "and",
        "thirty",
        "*shekels,",
        "one",
        "silver",
        "bowl",
        "of",
        "seventy",
        "shekels,",
        "after",
        "the",
        "shekel",
        "of",
        "the",
        "sanctuary;",
        "both",
        "of",
        "them",
        "*were",
        "full",
        "of",
        "fine",
        "flour",
        "mingled",
        "with",
        "oil",
        "for",
        "a",
        "meat",
        "offering:"
      ],
      "info": ""
    },
    {
      "verse": 14,
      "text": [
        "One",
        "spoon",
        "of",
        "ten",
        "*shekels",
        "of",
        "gold,",
        "full",
        "of",
        "incense:"
      ],
      "info": ""
    },
    {
      "verse": 15,
      "text": [
        "One",
        "young",
        "bullock,",
        "one",
        "ram,",
        "one",
        "lamb",
        "of",
        "the",
        "first",
        "year,",
        "for",
        "a",
        "burnt",
        "offering:"
      ],
      "info": ""
    },
    {
      "verse": 16,
      "text": [
        "One",
        "kid",
        "of",
        "the",
        "goats",
        "for",
        "a",
        "sin",
        "offering:"
      ],
      "info": ""
    },
    {
      "verse": 17,
      "text": [
        "And",
        "for",
        "a",
        "sacrifice",
        "of",
        "peace",
        "offerings,",
        "two",
        "oxen,",
        "five",
        "rams,",
        "five",
        "he",
        "goats,",
        "five",
        "lambs",
        "of",
        "the",
        "first",
        "year:",
        "this",
        "*was",
        "the",
        "offering",
        "of",
        "Nahshon",
        "the",
        "son",
        "of",
        "Amminadab."
      ],
      "info": ""
    },
    {
      "verse": 18,
      "text": [
        "¶",
        "On",
        "the",
        "second",
        "day",
        "Nethaneel",
        "the",
        "son",
        "of",
        "Zuar,",
        "prince",
        "of",
        "Issachar,",
        "did",
        "offer:"
      ],
      "info": ""
    },
    {
      "verse": 19,
      "text": [
        "He",
        "offered",
        "*for",
        "his",
        "offering",
        "one",
        "silver",
        "charger,",
        "the",
        "weight",
        "whereof",
        "*was",
        "an",
        "hundred",
        "and",
        "thirty",
        "*shekels,",
        "one",
        "silver",
        "bowl",
        "of",
        "seventy",
        "shekels,",
        "after",
        "the",
        "shekel",
        "of",
        "the",
        "sanctuary;",
        "both",
        "of",
        "them",
        "full",
        "of",
        "fine",
        "flour",
        "mingled",
        "with",
        "oil",
        "for",
        "a",
        "meat",
        "offering:"
      ],
      "info": ""
    },
    {
      "verse": 20,
      "text": [
        "One",
        "spoon",
        "of",
        "gold",
        "of",
        "ten",
        "*shekels,",
        "full",
        "of",
        "incense:"
      ],
      "info": ""
    },
    {
      "verse": 21,
      "text": [
        "One",
        "young",
        "bullock,",
        "one",
        "ram,",
        "one",
        "lamb",
        "of",
        "the",
        "first",
        "year,",
        "for",
        "a",
        "burnt",
        "offering:"
      ],
      "info": ""
    },
    {
      "verse": 22,
      "text": [
        "One",
        "kid",
        "of",
        "the",
        "goats",
        "for",
        "a",
        "sin",
        "offering:"
      ],
      "info": ""
    },
    {
      "verse": 23,
      "text": [
        "And",
        "for",
        "a",
        "sacrifice",
        "of",
        "peace",
        "offerings,",
        "two",
        "oxen,",
        "five",
        "rams,",
        "five",
        "he",
        "goats,",
        "five",
        "lambs",
        "of",
        "the",
        "first",
        "year:",
        "this",
        "*was",
        "the",
        "offering",
        "of",
        "Nethaneel",
        "the",
        "son",
        "of",
        "Zuar."
      ],
      "info": ""
    },
    {
      "verse": 24,
      "text": [
        "¶",
        "On",
        "the",
        "third",
        "day",
        "Eliab",
        "the",
        "son",
        "of",
        "Helon,",
        "prince",
        "of",
        "the",
        "children",
        "of",
        "Zebulun,",
        "*did",
        "*offer:"
      ],
      "info": ""
    },
    {
      "verse": 25,
      "text": [
        "His",
        "offering",
        "*was",
        "one",
        "silver",
        "charger,",
        "the",
        "weight",
        "whereof",
        "*was",
        "an",
        "hundred",
        "and",
        "thirty",
        "*shekels,",
        "one",
        "silver",
        "bowl",
        "of",
        "seventy",
        "shekels,",
        "after",
        "the",
        "shekel",
        "of",
        "the",
        "sanctuary;",
        "both",
        "of",
        "them",
        "full",
        "of",
        "fine",
        "flour",
        "mingled",
        "with",
        "oil",
        "for",
        "a",
        "meat",
        "offering:"
      ],
      "info": ""
    },
    {
      "verse": 26,
      "text": [
        "One",
        "golden",
        "spoon",
        "of",
        "ten",
        "*shekels,",
        "full",
        "of",
        "incense:"
      ],
      "info": ""
    },
    {
      "verse": 27,
      "text": [
        "One",
        "young",
        "bullock,",
        "one",
        "ram,",
        "one",
        "lamb",
        "of",
        "the",
        "first",
        "year,",
        "for",
        "a",
        "burnt",
        "offering:"
      ],
      "info": ""
    },
    {
      "verse": 28,
      "text": [
        "One",
        "kid",
        "of",
        "the",
        "goats",
        "for",
        "a",
        "sin",
        "offering:"
      ],
      "info": ""
    },
    {
      "verse": 29,
      "text": [
        "And",
        "for",
        "a",
        "sacrifice",
        "of",
        "peace",
        "offerings,",
        "two",
        "oxen,",
        "five",
        "rams,",
        "five",
        "he",
        "goats,",
        "five",
        "lambs",
        "of",
        "the",
        "first",
        "year:",
        "this",
        "*was",
        "the",
        "offering",
        "of",
        "Eliab",
        "the",
        "son",
        "of",
        "Helon."
      ],
      "info": ""
    },
    {
      "verse": 30,
      "text": [
        "¶",
        "On",
        "the",
        "fourth",
        "day",
        "Elizur",
        "the",
        "son",
        "of",
        "Shedeur,",
        "prince",
        "of",
        "the",
        "children",
        "of",
        "Reuben,",
        "*did",
        "*offer:"
      ],
      "info": ""
    },
    {
      "verse": 31,
      "text": [
        "His",
        "offering",
        "*was",
        "one",
        "silver",
        "charger",
        "of",
        "the",
        "weight",
        "of",
        "an",
        "hundred",
        "and",
        "thirty",
        "*shekels,",
        "one",
        "silver",
        "bowl",
        "of",
        "seventy",
        "shekels,",
        "after",
        "the",
        "shekel",
        "of",
        "the",
        "sanctuary;",
        "both",
        "of",
        "them",
        "full",
        "of",
        "fine",
        "flour",
        "mingled",
        "with",
        "oil",
        "for",
        "a",
        "meat",
        "offering:"
      ],
      "info": ""
    },
    {
      "verse": 32,
      "text": [
        "One",
        "golden",
        "spoon",
        "of",
        "ten",
        "*shekels,",
        "full",
        "of",
        "incense:"
      ],
      "info": ""
    },
    {
      "verse": 33,
      "text": [
        "One",
        "young",
        "bullock,",
        "one",
        "ram,",
        "one",
        "lamb",
        "of",
        "the",
        "first",
        "year,",
        "for",
        "a",
        "burnt",
        "offering:"
      ],
      "info": ""
    },
    {
      "verse": 34,
      "text": [
        "One",
        "kid",
        "of",
        "the",
        "goats",
        "for",
        "a",
        "sin",
        "offering:"
      ],
      "info": ""
    },
    {
      "verse": 35,
      "text": [
        "And",
        "for",
        "a",
        "sacrifice",
        "of",
        "peace",
        "offerings,",
        "two",
        "oxen,",
        "five",
        "rams,",
        "five",
        "he",
        "goats,",
        "five",
        "lambs",
        "of",
        "the",
        "first",
        "year:",
        "this",
        "*was",
        "the",
        "offering",
        "of",
        "Elizur",
        "the",
        "son",
        "of",
        "Shedeur."
      ],
      "info": ""
    },
    {
      "verse": 36,
      "text": [
        "¶",
        "On",
        "the",
        "fifth",
        "day",
        "Shelumiel",
        "the",
        "son",
        "of",
        "Zurishaddai,",
        "prince",
        "of",
        "the",
        "children",
        "of",
        "Simeon,",
        "*did",
        "*offer:"
      ],
      "info": ""
    },
    {
      "verse": 37,
      "text": [
        "His",
        "offering",
        "*was",
        "one",
        "silver",
        "charger,",
        "the",
        "weight",
        "whereof",
        "*was",
        "an",
        "hundred",
        "and",
        "thirty",
        "*shekels,",
        "one",
        "silver",
        "bowl",
        "of",
        "seventy",
        "shekels,",
        "after",
        "the",
        "shekel",
        "of",
        "the",
        "sanctuary;",
        "both",
        "of",
        "them",
        "full",
        "of",
        "fine",
        "flour",
        "mingled",
        "with",
        "oil",
        "for",
        "a",
        "meat",
        "offering:"
      ],
      "info": ""
    },
    {
      "verse": 38,
      "text": [
        "One",
        "golden",
        "spoon",
        "of",
        "ten",
        "*shekels,",
        "full",
        "of",
        "incense:"
      ],
      "info": ""
    },
    {
      "verse": 39,
      "text": [
        "One",
        "young",
        "bullock,",
        "one",
        "ram,",
        "one",
        "lamb",
        "of",
        "the",
        "first",
        "year,",
        "for",
        "a",
        "burnt",
        "offering:"
      ],
      "info": ""
    },
    {
      "verse": 40,
      "text": [
        "One",
        "kid",
        "of",
        "the",
        "goats",
        "for",
        "a",
        "sin",
        "offering:"
      ],
      "info": ""
    },
    {
      "verse": 41,
      "text": [
        "And",
        "for",
        "a",
        "sacrifice",
        "of",
        "peace",
        "offerings,",
        "two",
        "oxen,",
        "five",
        "rams,",
        "five",
        "he",
        "goats,",
        "five",
        "lambs",
        "of",
        "the",
        "first",
        "year:",
        "this",
        "*was",
        "the",
        "offering",
        "of",
        "Shelumiel",
        "the",
        "son",
        "of",
        "Zurishaddai."
      ],
      "info": ""
    },
    {
      "verse": 42,
      "text": [
        "¶",
        "On",
        "the",
        "sixth",
        "day",
        "Eliasaph",
        "the",
        "son",
        "of",
        "Deuel,",
        "prince",
        "of",
        "the",
        "children",
        "of",
        "Gad,",
        "*offered:"
      ],
      "info": ""
    },
    {
      "verse": 43,
      "text": [
        "His",
        "offering",
        "*was",
        "one",
        "silver",
        "charger",
        "of",
        "the",
        "weight",
        "of",
        "an",
        "hundred",
        "and",
        "thirty",
        "*shekels,",
        "a",
        "silver",
        "bowl",
        "of",
        "seventy",
        "shekels,",
        "after",
        "the",
        "shekel",
        "of",
        "the",
        "sanctuary;",
        "both",
        "of",
        "them",
        "full",
        "of",
        "fine",
        "flour",
        "mingled",
        "with",
        "oil",
        "for",
        "a",
        "meat",
        "offering:"
      ],
      "info": ""
    },
    {
      "verse": 44,
      "text": [
        "One",
        "golden",
        "spoon",
        "of",
        "ten",
        "*shekels,",
        "full",
        "of",
        "incense:"
      ],
      "info": ""
    },
    {
      "verse": 45,
      "text": [
        "One",
        "young",
        "bullock,",
        "one",
        "ram,",
        "one",
        "lamb",
        "of",
        "the",
        "first",
        "year,",
        "for",
        "a",
        "burnt",
        "offering:"
      ],
      "info": ""
    },
    {
      "verse": 46,
      "text": [
        "One",
        "kid",
        "of",
        "the",
        "goats",
        "for",
        "a",
        "sin",
        "offering:"
      ],
      "info": ""
    },
    {
      "verse": 47,
      "text": [
        "And",
        "for",
        "a",
        "sacrifice",
        "of",
        "peace",
        "offerings,",
        "two",
        "oxen,",
        "five",
        "rams,",
        "five",
        "he",
        "goats,",
        "five",
        "lambs",
        "of",
        "the",
        "first",
        "year:",
        "this",
        "*was",
        "the",
        "offering",
        "of",
        "Eliasaph",
        "the",
        "son",
        "of",
        "Deuel."
      ],
      "info": ""
    },
    {
      "verse": 48,
      "text": [
        "¶",
        "On",
        "the",
        "seventh",
        "day",
        "Elishama",
        "the",
        "son",
        "of",
        "Ammihud,",
        "prince",
        "of",
        "the",
        "children",
        "of",
        "Ephraim,",
        "*offered:"
      ],
      "info": ""
    },
    {
      "verse": 49,
      "text": [
        "His",
        "offering",
        "*was",
        "one",
        "silver",
        "charger,",
        "the",
        "weight",
        "whereof",
        "*was",
        "an",
        "hundred",
        "and",
        "thirty",
        "*shekels,",
        "one",
        "silver",
        "bowl",
        "of",
        "seventy",
        "shekels,",
        "after",
        "the",
        "shekel",
        "of",
        "the",
        "sanctuary;",
        "both",
        "of",
        "them",
        "full",
        "of",
        "fine",
        "flour",
        "mingled",
        "with",
        "oil",
        "for",
        "a",
        "meat",
        "offering:"
      ],
      "info": ""
    },
    {
      "verse": 50,
      "text": [
        "One",
        "golden",
        "spoon",
        "of",
        "ten",
        "*shekels,",
        "full",
        "of",
        "incense:"
      ],
      "info": ""
    },
    {
      "verse": 51,
      "text": [
        "One",
        "young",
        "bullock,",
        "one",
        "ram,",
        "one",
        "lamb",
        "of",
        "the",
        "first",
        "year,",
        "for",
        "a",
        "burnt",
        "offering:"
      ],
      "info": ""
    },
    {
      "verse": 52,
      "text": [
        "One",
        "kid",
        "of",
        "the",
        "goats",
        "for",
        "a",
        "sin",
        "offering:"
      ],
      "info": ""
    },
    {
      "verse": 53,
      "text": [
        "And",
        "for",
        "a",
        "sacrifice",
        "of",
        "peace",
        "offerings,",
        "two",
        "oxen,",
        "five",
        "rams,",
        "five",
        "he",
        "goats,",
        "five",
        "lambs",
        "of",
        "the",
        "first",
        "year:",
        "this",
        "*was",
        "the",
        "offering",
        "of",
        "Elishama",
        "the",
        "son",
        "of",
        "Ammihud."
      ],
      "info": ""
    },
    {
      "verse": 54,
      "text": [
        "¶",
        "On",
        "the",
        "eighth",
        "day",
        "*offered",
        "Gamaliel",
        "the",
        "son",
        "of",
        "Pedahzur,",
        "prince",
        "of",
        "the",
        "children",
        "of",
        "Manasseh:"
      ],
      "info": ""
    },
    {
      "verse": 55,
      "text": [
        "His",
        "offering",
        "*was",
        "one",
        "silver",
        "charger",
        "of",
        "the",
        "weight",
        "of",
        "an",
        "hundred",
        "and",
        "thirty",
        "*shekels,",
        "one",
        "silver",
        "bowl",
        "of",
        "seventy",
        "shekels,",
        "after",
        "the",
        "shekel",
        "of",
        "the",
        "sanctuary;",
        "both",
        "of",
        "them",
        "full",
        "of",
        "fine",
        "flour",
        "mingled",
        "with",
        "oil",
        "for",
        "a",
        "meat",
        "offering:"
      ],
      "info": ""
    },
    {
      "verse": 56,
      "text": [
        "One",
        "golden",
        "spoon",
        "of",
        "ten",
        "*shekels,",
        "full",
        "of",
        "incense:"
      ],
      "info": ""
    },
    {
      "verse": 57,
      "text": [
        "One",
        "young",
        "bullock,",
        "one",
        "ram,",
        "one",
        "lamb",
        "of",
        "the",
        "first",
        "year,",
        "for",
        "a",
        "burnt",
        "offering:"
      ],
      "info": ""
    },
    {
      "verse": 58,
      "text": [
        "One",
        "kid",
        "of",
        "the",
        "goats",
        "for",
        "a",
        "sin",
        "offering:"
      ],
      "info": ""
    },
    {
      "verse": 59,
      "text": [
        "And",
        "for",
        "a",
        "sacrifice",
        "of",
        "peace",
        "offerings,",
        "two",
        "oxen,",
        "five",
        "rams,",
        "five",
        "he",
        "goats,",
        "five",
        "lambs",
        "of",
        "the",
        "first",
        "year:",
        "this",
        "*was",
        "the",
        "offering",
        "of",
        "Gamaliel",
        "the",
        "son",
        "of",
        "Pedahzur."
      ],
      "info": ""
    },
    {
      "verse": 60,
      "text": [
        "¶",
        "On",
        "the",
        "ninth",
        "day",
        "Abidan",
        "the",
        "son",
        "of",
        "Gideoni,",
        "prince",
        "of",
        "the",
        "children",
        "of",
        "Benjamin,",
        "*offered:"
      ],
      "info": ""
    },
    {
      "verse": 61,
      "text": [
        "His",
        "offering",
        "*was",
        "one",
        "silver",
        "charger,",
        "the",
        "weight",
        "whereof",
        "*was",
        "an",
        "hundred",
        "and",
        "thirty",
        "*shekels,",
        "one",
        "silver",
        "bowl",
        "of",
        "seventy",
        "shekels,",
        "after",
        "the",
        "shekel",
        "of",
        "the",
        "sanctuary;",
        "both",
        "of",
        "them",
        "full",
        "of",
        "fine",
        "flour",
        "mingled",
        "with",
        "oil",
        "for",
        "a",
        "meat",
        "offering:"
      ],
      "info": ""
    },
    {
      "verse": 62,
      "text": [
        "One",
        "golden",
        "spoon",
        "of",
        "ten",
        "*shekels,",
        "full",
        "of",
        "incense:"
      ],
      "info": ""
    },
    {
      "verse": 63,
      "text": [
        "One",
        "young",
        "bullock,",
        "one",
        "ram,",
        "one",
        "lamb",
        "of",
        "the",
        "first",
        "year,",
        "for",
        "a",
        "burnt",
        "offering:"
      ],
      "info": ""
    },
    {
      "verse": 64,
      "text": [
        "One",
        "kid",
        "of",
        "the",
        "goats",
        "for",
        "a",
        "sin",
        "offering:"
      ],
      "info": ""
    },
    {
      "verse": 65,
      "text": [
        "And",
        "for",
        "a",
        "sacrifice",
        "of",
        "peace",
        "offerings,",
        "two",
        "oxen,",
        "five",
        "rams,",
        "five",
        "he",
        "goats,",
        "five",
        "lambs",
        "of",
        "the",
        "first",
        "year:",
        "this",
        "*was",
        "the",
        "offering",
        "of",
        "Abidan",
        "the",
        "son",
        "of",
        "Gideoni."
      ],
      "info": ""
    },
    {
      "verse": 66,
      "text": [
        "¶",
        "On",
        "the",
        "tenth",
        "day",
        "Ahiezer",
        "the",
        "son",
        "of",
        "Ammishaddai,",
        "prince",
        "of",
        "the",
        "children",
        "of",
        "Dan,",
        "*offered:"
      ],
      "info": ""
    },
    {
      "verse": 67,
      "text": [
        "His",
        "offering",
        "*was",
        "one",
        "silver",
        "charger,",
        "the",
        "weight",
        "whereof",
        "*was",
        "an",
        "hundred",
        "and",
        "thirty",
        "*shekels,",
        "one",
        "silver",
        "bowl",
        "of",
        "seventy",
        "shekels,",
        "after",
        "the",
        "shekel",
        "of",
        "the",
        "sanctuary;",
        "both",
        "of",
        "them",
        "full",
        "of",
        "fine",
        "flour",
        "mingled",
        "with",
        "oil",
        "for",
        "a",
        "meat",
        "offering:"
      ],
      "info": ""
    },
    {
      "verse": 68,
      "text": [
        "One",
        "golden",
        "spoon",
        "of",
        "ten",
        "*shekels,",
        "full",
        "of",
        "incense:"
      ],
      "info": ""
    },
    {
      "verse": 69,
      "text": [
        "One",
        "young",
        "bullock,",
        "one",
        "ram,",
        "one",
        "lamb",
        "of",
        "the",
        "first",
        "year,",
        "for",
        "a",
        "burnt",
        "offering:"
      ],
      "info": ""
    },
    {
      "verse": 70,
      "text": [
        "One",
        "kid",
        "of",
        "the",
        "goats",
        "for",
        "a",
        "sin",
        "offering:"
      ],
      "info": ""
    },
    {
      "verse": 71,
      "text": [
        "And",
        "for",
        "a",
        "sacrifice",
        "of",
        "peace",
        "offerings,",
        "two",
        "oxen,",
        "five",
        "rams,",
        "five",
        "he",
        "goats,",
        "five",
        "lambs",
        "of",
        "the",
        "first",
        "year:",
        "this",
        "*was",
        "the",
        "offering",
        "of",
        "Ahiezer",
        "the",
        "son",
        "of",
        "Ammishaddai."
      ],
      "info": ""
    },
    {
      "verse": 72,
      "text": [
        "¶",
        "On",
        "the",
        "eleventh",
        "day",
        "Pagiel",
        "the",
        "son",
        "of",
        "Ocran,",
        "prince",
        "of",
        "the",
        "children",
        "of",
        "Asher,",
        "*offered:"
      ],
      "info": ""
    },
    {
      "verse": 73,
      "text": [
        "His",
        "offering",
        "*was",
        "one",
        "silver",
        "charger,",
        "the",
        "weight",
        "whereof",
        "*was",
        "an",
        "hundred",
        "and",
        "thirty",
        "*shekels,",
        "one",
        "silver",
        "bowl",
        "of",
        "seventy",
        "shekels,",
        "after",
        "the",
        "shekel",
        "of",
        "the",
        "sanctuary;",
        "both",
        "of",
        "them",
        "full",
        "of",
        "fine",
        "flour",
        "mingled",
        "with",
        "oil",
        "for",
        "a",
        "meat",
        "offering:"
      ],
      "info": ""
    },
    {
      "verse": 74,
      "text": [
        "One",
        "golden",
        "spoon",
        "of",
        "ten",
        "*shekels,",
        "full",
        "of",
        "incense:"
      ],
      "info": ""
    },
    {
      "verse": 75,
      "text": [
        "One",
        "young",
        "bullock,",
        "one",
        "ram,",
        "one",
        "lamb",
        "of",
        "the",
        "first",
        "year,",
        "for",
        "a",
        "burnt",
        "offering:"
      ],
      "info": ""
    },
    {
      "verse": 76,
      "text": [
        "One",
        "kid",
        "of",
        "the",
        "goats",
        "for",
        "a",
        "sin",
        "offering:"
      ],
      "info": ""
    },
    {
      "verse": 77,
      "text": [
        "And",
        "for",
        "a",
        "sacrifice",
        "of",
        "peace",
        "offerings,",
        "two",
        "oxen,",
        "five",
        "rams,",
        "five",
        "he",
        "goats,",
        "five",
        "lambs",
        "of",
        "the",
        "first",
        "year:",
        "this",
        "*was",
        "the",
        "offering",
        "of",
        "Pagiel",
        "the",
        "son",
        "of",
        "Ocran."
      ],
      "info": ""
    },
    {
      "verse": 78,
      "text": [
        "¶",
        "On",
        "the",
        "twelfth",
        "day",
        "Ahira",
        "the",
        "son",
        "of",
        "Enan,",
        "prince",
        "of",
        "the",
        "children",
        "of",
        "Naphtali,",
        "*offered:"
      ],
      "info": ""
    },
    {
      "verse": 79,
      "text": [
        "His",
        "offering",
        "*was",
        "one",
        "silver",
        "charger,",
        "the",
        "weight",
        "whereof",
        "*was",
        "an",
        "hundred",
        "and",
        "thirty",
        "*shekels,",
        "one",
        "silver",
        "bowl",
        "of",
        "seventy",
        "shekels,",
        "after",
        "the",
        "shekel",
        "of",
        "the",
        "sanctuary;",
        "both",
        "of",
        "them",
        "full",
        "of",
        "fine",
        "flour",
        "mingled",
        "with",
        "oil",
        "for",
        "a",
        "meat",
        "offering:"
      ],
      "info": ""
    },
    {
      "verse": 80,
      "text": [
        "One",
        "golden",
        "spoon",
        "of",
        "ten",
        "*shekels,",
        "full",
        "of",
        "incense:"
      ],
      "info": ""
    },
    {
      "verse": 81,
      "text": [
        "One",
        "young",
        "bullock,",
        "one",
        "ram,",
        "one",
        "lamb",
        "of",
        "the",
        "first",
        "year,",
        "for",
        "a",
        "burnt",
        "offering:"
      ],
      "info": ""
    },
    {
      "verse": 82,
      "text": [
        "One",
        "kid",
        "of",
        "the",
        "goats",
        "for",
        "a",
        "sin",
        "offering:"
      ],
      "info": ""
    },
    {
      "verse": 83,
      "text": [
        "And",
        "for",
        "a",
        "sacrifice",
        "of",
        "peace",
        "offerings,",
        "two",
        "oxen,",
        "five",
        "rams,",
        "five",
        "he",
        "goats,",
        "five",
        "lambs",
        "of",
        "the",
        "first",
        "year:",
        "this",
        "*was",
        "the",
        "offering",
        "of",
        "Ahira",
        "the",
        "son",
        "of",
        "Enan."
      ],
      "info": ""
    },
    {
      "verse": 84,
      "text": [
        "This",
        "*was",
        "the",
        "dedication",
        "of",
        "the",
        "altar,",
        "in",
        "the",
        "day",
        "when",
        "it",
        "was",
        "anointed,",
        "by",
        "the",
        "princes",
        "of",
        "Israel:",
        "twelve",
        "chargers",
        "of",
        "silver,",
        "twelve",
        "silver",
        "bowls,",
        "twelve",
        "spoons",
        "of",
        "gold:"
      ],
      "info": ""
    },
    {
      "verse": 85,
      "text": [
        "Each",
        "charger",
        "of",
        "silver",
        "*weighing",
        "an",
        "hundred",
        "and",
        "thirty",
        "*shekels,",
        "each",
        "bowl",
        "seventy:",
        "all",
        "the",
        "silver",
        "vessels",
        "*weighed",
        "two",
        "thousand",
        "and",
        "four",
        "hundred",
        "*shekels,",
        "after",
        "the",
        "shekel",
        "of",
        "the",
        "sanctuary:"
      ],
      "info": ""
    },
    {
      "verse": 86,
      "text": [
        "The",
        "golden",
        "spoons",
        "*were",
        "twelve,",
        "full",
        "of",
        "incense,",
        "*weighing",
        "ten",
        "*shekels",
        "apiece,",
        "after",
        "the",
        "shekel",
        "of",
        "the",
        "sanctuary:",
        "all",
        "the",
        "gold",
        "of",
        "the",
        "spoons",
        "*was",
        "an",
        "hundred",
        "and",
        "twenty",
        "*shekels."
      ],
      "info": ""
    },
    {
      "verse": 87,
      "text": [
        "All",
        "the",
        "oxen",
        "for",
        "the",
        "burnt",
        "offering",
        "*were",
        "twelve",
        "bullocks,",
        "the",
        "rams",
        "twelve,",
        "the",
        "lambs",
        "of",
        "the",
        "first",
        "year",
        "twelve,",
        "with",
        "their",
        "meat",
        "offering:",
        "and",
        "the",
        "kids",
        "of",
        "the",
        "goats",
        "for",
        "sin",
        "offering",
        "twelve."
      ],
      "info": ""
    },
    {
      "verse": 88,
      "text": [
        "And",
        "all",
        "the",
        "oxen",
        "for",
        "the",
        "sacrifice",
        "of",
        "the",
        "peace",
        "offerings",
        "*were",
        "twenty",
        "and",
        "four",
        "bullocks,",
        "the",
        "rams",
        "sixty,",
        "the",
        "he",
        "goats",
        "sixty,",
        "the",
        "lambs",
        "of",
        "the",
        "first",
        "year",
        "sixty.",
        "This",
        "*was",
        "the",
        "dedication",
        "of",
        "the",
        "altar,",
        "after",
        "that",
        "it",
        "was",
        "anointed."
      ],
      "info": ""
    },
    {
      "verse": 89,
      "text": [
        "And",
        "when",
        "Moses",
        "was",
        "gone",
        "into",
        "the",
        "tabernacle",
        "of",
        "the",
        "congregation",
        "to",
        "speak",
        "with",
        "him,",
        "then",
        "he",
        "heard",
        "the",
        "voice",
        "of",
        "one",
        "speaking",
        "unto",
        "him",
        "from",
        "off",
        "the",
        "mercy",
        "seat",
        "that",
        "*was",
        "upon",
        "the",
        "ark",
        "of",
        "testimony,",
        "from",
        "between",
        "the",
        "two",
        "cherubims:",
        "and",
        "he",
        "spake",
        "unto",
        "him."
      ],
      "info": ""
    }
  ]
}