{
  "book_id": "1TI",
  "book_name": "1 Timothy",
  "chapter": 6,
  "header": "",
  "footer": "¶ The</em> <em>first</em> <em>to</em> <em>Timothy</em> <em>was</em> <em>written</em> <em>from</em> <em>Laodicea,</em> <em>which</em> <em>is</em> <em>the</em> <em>chiefest</em> <em>city</em> <em>of</em> <em>Phrygia</em> <em>Pacatiana.",
  "language": "English",
  "verses": [
    {
      "verse": 1,
      "text": [
        "Let",
        "as",
        "many",
        "servants",
        "as",
        "are",
        "under",
        "the",
        "yoke",
        "count",
        "their",
        "own",
        "masters",
        "worthy",
        "of",
        "all",
        "honour,",
        "that",
        "the",
        "name",
        "of",
        "God",
        "and",
        "*his",
        "doctrine",
        "be",
        "not",
        "blasphemed."
      ],
      "info": ""
    },
    {
      "verse": 2,
      "text": [
        "And",
        "they",
        "that",
        "have",
        "believing",
        "masters,",
        "let",
        "them",
        "not",
        "despise",
        "*them,",
        "because",
        "they",
        "are",
        "brethren;",
        "but",
        "rather",
        "do",
        "*them",
        "service,",
        "because",
        "they",
        "are",
        "faithful",
        "and",
        "beloved,",
        "partakers",
        "of",
        "the",
        "benefit.",
        "These",
        "things",
        "teach",
        "and",
        "exhort."
      ],
      "info": ""
    },
    {
      "verse": 3,
      "text": [
        "If",
        "any",
        "man",
        "teach",
        "otherwise,",
        "and",
        "consent",
        "not",
        "to",
        "wholesome",
        "words,",
        "*even",
        "the",
        "words",
        "of",
        "our",
        "Lord",
        "Jesus",
        "Christ,",
        "and",
        "to",
        "the",
        "doctrine",
        "which",
        "is",
        "according",
        "to",
        "godliness;"
      ],
      "info": ""
    },
    {
      "verse": 4,
      "text": [
        "He",
        "is",
        "proud,",
        "knowing",
        "nothing,",
        "but",
        "doting",
        "about",
        "questions",
        "and",
        "strifes",
        "of",
        "words,",
        "whereof",
        "cometh",
        "envy,",
        "strife,",
        "railings,",
        "evil",
        "surmisings,"
      ],
      "info": ""
    },
    {
      "verse": 5,
      "text": [
        "Perverse",
        "disputings",
        "of",
        "men",
        "of",
        "corrupt",
        "minds,",
        "and",
        "destitute",
        "of",
        "the",
        "truth,",
        "supposing",
        "that",
        "gain",
        "is",
        "godliness:",
        "from",
        "such",
        "withdraw",
        "thyself."
      ],
      "info": ""
    },
    {
      "verse": 6,
      "text": [
        "But",
        "godliness",
        "with",
        "contentment",
        "is",
        "great",
        "gain."
      ],
      "info": ""
    },
    {
      "verse": 7,
      "text": [
        "For",
        "we",
        "brought",
        "nothing",
        "into",
        "*this",
        "world,",
        "*and",
        "*it",
        "*is",
        "certain",
        "we",
        "can",
        "carry",
        "nothing",
        "out."
      ],
      "info": ""
    },
    {
      "verse": 8,
      "text": [
        "And",
        "having",
        "food",
        "and",
        "raiment",
        "let",
        "us",
        "be",
        "therewith",
        "content."
      ],
      "info": ""
    },
    {
      "verse": 9,
      "text": [
        "But",
        "they",
        "that",
        "will",
        "be",
        "rich",
        "fall",
        "into",
        "temptation",
        "and",
        "a",
        "snare,",
        "and",
        "*into",
        "many",
        "foolish",
        "and",
        "hurtful",
        "lusts,",
        "which",
        "drown",
        "men",
        "in",
        "destruction",
        "and",
        "perdition."
      ],
      "info": ""
    },
    {
      "verse": 10,
      "text": [
        "For",
        "the",
        "love",
        "of",
        "money",
        "is",
        "the",
        "root",
        "of",
        "all",
        "evil:",
        "which",
        "while",
        "some",
        "coveted",
        "after,",
        "they",
        "have",
        "erred",
        "from",
        "the",
        "faith,",
        "and",
        "pierced",
        "themselves",
        "through",
        "with",
        "many",
        "sorrows."
      ],
      "info": ""
    },
    {
      "verse": 11,
      "text": [
        "But",
        "thou,",
        "O",
        "man",
        "of",
        "God,",
        "flee",
        "these",
        "things;",
        "and",
        "follow",
        "after",
        "righteousness,",
        "godliness,",
        "faith,",
        "love,",
        "patience,",
        "meekness."
      ],
      "info": ""
    },
    {
      "verse": 12,
      "text": [
        "Fight",
        "the",
        "good",
        "fight",
        "of",
        "faith,",
        "lay",
        "hold",
        "on",
        "eternal",
        "life,",
        "whereunto",
        "thou",
        "art",
        "also",
        "called,",
        "and",
        "hast",
        "professed",
        "a",
        "good",
        "profession",
        "before",
        "many",
        "witnesses."
      ],
      "info": ""
    },
    {
      "verse": 13,
      "text": [
        "I",
        "give",
        "thee",
        "charge",
        "in",
        "the",
        "sight",
        "of",
        "God,",
        "who",
        "quickeneth",
        "all",
        "things,",
        "and",
        "*before",
        "Christ",
        "Jesus,",
        "who",
        "before",
        "Pontius",
        "Pilate",
        "witnessed",
        "a",
        "good",
        "confession;"
      ],
      "info": ""
    },
    {
      "verse": 14,
      "text": [
        "That",
        "thou",
        "keep",
        "*this",
        "commandment",
        "without",
        "spot,",
        "unrebukeable,",
        "until",
        "the",
        "appearing",
        "of",
        "our",
        "Lord",
        "Jesus",
        "Christ:"
      ],
      "info": ""
    },
    {
      "verse": 15,
      "text": [
        "Which",
        "in",
        "his",
        "times",
        "he",
        "shall",
        "shew,",
        "*who",
        "*is",
        "the",
        "blessed",
        "and",
        "only",
        "Potentate,",
        "the",
        "King",
        "of",
        "kings,",
        "and",
        "Lord",
        "of",
        "lords;"
      ],
      "info": ""
    },
    {
      "verse": 16,
      "text": [
        "Who",
        "only",
        "hath",
        "immortality,",
        "dwelling",
        "in",
        "the",
        "light",
        "which",
        "no",
        "man",
        "can",
        "approach",
        "unto;",
        "whom",
        "no",
        "man",
        "hath",
        "seen,",
        "nor",
        "can",
        "see:",
        "to",
        "whom",
        "*be",
        "honour",
        "and",
        "power",
        "everlasting.",
        "Amen."
      ],
      "info": ""
    },
    {
      "verse": 17,
      "text": [
        "Charge",
        "them",
        "that",
        "are",
        "rich",
        "in",
        "this",
        "world,",
        "that",
        "they",
        "be",
        "not",
        "highminded,",
        "nor",
        "trust",
        "in",
        "uncertain",
        "riches,",
        "but",
        "in",
        "the",
        "living",
        "God,",
        "who",
        "giveth",
        "us",
        "richly",
        "all",
        "things",
        "to",
        "enjoy;"
      ],
      "info": ""
    },
    {
      "verse": 18,
      "text": [
        "That",
        "they",
        "do",
        "good,",
        "that",
        "they",
        "be",
        "rich",
        "in",
        "good",
        "works,",
        "ready",
        "to",
        "distribute,",
        "willing",
        "to",
        "communicate;"
      ],
      "info": ""
    },
    {
      "verse": 19,
      "text": [
        "Laying",
        "up",
        "in",
        "store",
        "for",
        "themselves",
        "a",
        "good",
        "foundation",
        "against",
        "the",
        "time",
        "to",
        "come,",
        "that",
        "they",
        "may",
        "lay",
        "hold",
        "on",
        "eternal",
        "life."
      ],
      "info": ""
    },
    {
      "verse": 20,
      "text": [
        "O",
        "Timothy,",
        "keep",
        "that",
        "which",
        "is",
        "committed",
        "to",
        "thy",
        "trust,",
        "avoiding",
        "profane",
        "*and",
        "vain",
        "babblings,",
        "and",
        "oppositions",
        "of",
        "science",
        "falsely",
        "so",
        "called:"
      ],
      "info": ""
    },
    {
      "verse": 21,
      "text": [
        "Which",
        "some",
        "professing",
        "have",
        "erred",
        "concerning",
        "the",
        "faith.",
        "Grace",
        "*be",
        "with",
        "thee.",
        "Amen."
      ],
      "info": ""
    }
  ]
}