{
  "book_id": "1CO",
  "book_name": "1 Corinthians",
  "chapter": 15,
  "header": "",
  "footer": "",
  "language": "English",
  "verses": [
    {
      "verse": 1,
      "text": [
        "Moreover,",
        "brethren,",
        "I",
        "declare",
        "unto",
        "you",
        "the",
        "gospel",
        "which",
        "I",
        "preached",
        "unto",
        "you,",
        "which",
        "also",
        "ye",
        "have",
        "received,",
        "and",
        "wherein",
        "ye",
        "stand;"
      ],
      "info": ""
    },
    {
      "verse": 2,
      "text": [
        "By",
        "which",
        "also",
        "ye",
        "are",
        "saved,",
        "if",
        "ye",
        "keep",
        "in",
        "memory",
        "what",
        "I",
        "preached",
        "unto",
        "you,",
        "unless",
        "ye",
        "have",
        "believed",
        "in",
        "vain."
      ],
      "info": ""
    },
    {
      "verse": 3,
      "text": [
        "For",
        "I",
        "delivered",
        "unto",
        "you",
        "first",
        "of",
        "all",
        "that",
        "which",
        "I",
        "also",
        "received,",
        "how",
        "that",
        "Christ",
        "died",
        "for",
        "our",
        "sins",
        "according",
        "to",
        "the",
        "scriptures;"
      ],
      "info": ""
    },
    {
      "verse": 4,
      "text": [
        "And",
        "that",
        "he",
        "was",
        "buried,",
        "and",
        "that",
        "he",
        "rose",
        "again",
        "the",
        "third",
        "day",
        "according",
        "to",
        "the",
        "scriptures:"
      ],
      "info": ""
    },
    {
      "verse": 5,
      "text": [
        "And",
        "that",
        "he",
        "was",
        "seen",
        "of",
        "Cephas,",
        "then",
        "of",
        "the",
        "twelve:"
      ],
      "info": ""
    },
    {
      "verse": 6,
      "text": [
        "After",
        "that,",
        "he",
        "was",
        "seen",
        "of",
        "above",
        "five",
        "hundred",
        "brethren",
        "at",
        "once;",
        "of",
        "whom",
        "the",
        "greater",
        "part",
        "remain",
        "unto",
        "this",
        "present,",
        "but",
        "some",
        "are",
        "fallen",
        "asleep."
      ],
      "info": ""
    },
    {
      "verse": 7,
      "text": [
        "After",
        "that,",
        "he",
        "was",
        "seen",
        "of",
        "James;",
        "then",
        "of",
        "all",
        "the",
        "apostles."
      ],
      "info": ""
    },
    {
      "verse": 8,
      "text": [
        "And",
        "last",
        "of",
        "all",
        "he",
        "was",
        "seen",
        "of",
        "me",
        "also,",
        "as",
        "of",
        "one",
        "born",
        "out",
        "of",
        "due",
        "time."
      ],
      "info": ""
    },
    {
      "verse": 9,
      "text": [
        "For",
        "I",
        "am",
        "the",
        "least",
        "of",
        "the",
        "apostles,",
        "that",
        "am",
        "not",
        "meet",
        "to",
        "be",
        "called",
        "an",
        "apostle,",
        "because",
        "I",
        "persecuted",
        "the",
        "church",
        "of",
        "God."
      ],
      "info": ""
    },
    {
      "verse": 10,
      "text": [
        "But",
        "by",
        "the",
        "grace",
        "of",
        "God",
        "I",
        "am",
        "what",
        "I",
        "am:",
        "and",
        "his",
        "grace",
        "which",
        "*was",
        "*bestowed",
        "upon",
        "me",
        "was",
        "not",
        "in",
        "vain;",
        "but",
        "I",
        "laboured",
        "more",
        "abundantly",
        "than",
        "they",
        "all:",
        "yet",
        "not",
        "I,",
        "but",
        "the",
        "grace",
        "of",
        "God",
        "which",
        "was",
        "with",
        "me."
      ],
      "info": ""
    },
    {
      "verse": 11,
      "text": [
        "Therefore",
        "whether",
        "*it",
        "*were",
        "I",
        "or",
        "they,",
        "so",
        "we",
        "preach,",
        "and",
        "so",
        "ye",
        "believed."
      ],
      "info": ""
    },
    {
      "verse": 12,
      "text": [
        "Now",
        "if",
        "Christ",
        "be",
        "preached",
        "that",
        "he",
        "rose",
        "from",
        "the",
        "dead,",
        "how",
        "say",
        "some",
        "among",
        "you",
        "that",
        "there",
        "is",
        "no",
        "resurrection",
        "of",
        "the",
        "dead?"
      ],
      "info": ""
    },
    {
      "verse": 13,
      "text": [
        "But",
        "if",
        "there",
        "be",
        "no",
        "resurrection",
        "of",
        "the",
        "dead,",
        "then",
        "is",
        "Christ",
        "not",
        "risen:"
      ],
      "info": ""
    },
    {
      "verse": 14,
      "text": [
        "And",
        "if",
        "Christ",
        "be",
        "not",
        "risen,",
        "then",
        "*is",
        "our",
        "preaching",
        "vain,",
        "and",
        "your",
        "faith",
        "*is",
        "also",
        "vain."
      ],
      "info": ""
    },
    {
      "verse": 15,
      "text": [
        "Yea,",
        "and",
        "we",
        "are",
        "found",
        "false",
        "witnesses",
        "of",
        "God;",
        "because",
        "we",
        "have",
        "testified",
        "of",
        "God",
        "that",
        "he",
        "raised",
        "up",
        "Christ:",
        "whom",
        "he",
        "raised",
        "not",
        "up,",
        "if",
        "so",
        "be",
        "that",
        "the",
        "dead",
        "rise",
        "not."
      ],
      "info": ""
    },
    {
      "verse": 16,
      "text": [
        "For",
        "if",
        "the",
        "dead",
        "rise",
        "not,",
        "then",
        "is",
        "not",
        "Christ",
        "raised:"
      ],
      "info": ""
    },
    {
      "verse": 17,
      "text": [
        "And",
        "if",
        "Christ",
        "be",
        "not",
        "raised,",
        "your",
        "faith",
        "*is",
        "vain;",
        "ye",
        "are",
        "yet",
        "in",
        "your",
        "sins."
      ],
      "info": ""
    },
    {
      "verse": 18,
      "text": [
        "Then",
        "they",
        "also",
        "which",
        "are",
        "fallen",
        "asleep",
        "in",
        "Christ",
        "are",
        "perished."
      ],
      "info": ""
    },
    {
      "verse": 19,
      "text": [
        "If",
        "in",
        "this",
        "life",
        "only",
        "we",
        "have",
        "hope",
        "in",
        "Christ,",
        "we",
        "are",
        "of",
        "all",
        "men",
        "most",
        "miserable."
      ],
      "info": ""
    },
    {
      "verse": 20,
      "text": [
        "But",
        "now",
        "is",
        "Christ",
        "risen",
        "from",
        "the",
        "dead,",
        "*and",
        "become",
        "the",
        "firstfruits",
        "of",
        "them",
        "that",
        "slept."
      ],
      "info": ""
    },
    {
      "verse": 21,
      "text": [
        "For",
        "since",
        "by",
        "man",
        "*came",
        "death,",
        "by",
        "man",
        "*came",
        "also",
        "the",
        "resurrection",
        "of",
        "the",
        "dead."
      ],
      "info": ""
    },
    {
      "verse": 22,
      "text": [
        "For",
        "as",
        "in",
        "Adam",
        "all",
        "die,",
        "even",
        "so",
        "in",
        "Christ",
        "shall",
        "all",
        "be",
        "made",
        "alive."
      ],
      "info": ""
    },
    {
      "verse": 23,
      "text": [
        "But",
        "every",
        "man",
        "in",
        "his",
        "own",
        "order:",
        "Christ",
        "the",
        "firstfruits;",
        "afterward",
        "they",
        "that",
        "are",
        "Christ's",
        "at",
        "his",
        "coming."
      ],
      "info": ""
    },
    {
      "verse": 24,
      "text": [
        "Then",
        "*cometh",
        "the",
        "end,",
        "when",
        "he",
        "shall",
        "have",
        "delivered",
        "up",
        "the",
        "kingdom",
        "to",
        "God,",
        "even",
        "the",
        "Father;",
        "when",
        "he",
        "shall",
        "have",
        "put",
        "down",
        "all",
        "rule",
        "and",
        "all",
        "authority",
        "and",
        "power."
      ],
      "info": ""
    },
    {
      "verse": 25,
      "text": [
        "For",
        "he",
        "must",
        "reign,",
        "till",
        "he",
        "hath",
        "put",
        "all",
        "enemies",
        "under",
        "his",
        "feet."
      ],
      "info": ""
    },
    {
      "verse": 26,
      "text": [
        "The",
        "last",
        "enemy",
        "*that",
        "shall",
        "be",
        "destroyed",
        "*is",
        "death."
      ],
      "info": ""
    },
    {
      "verse": 27,
      "text": [
        "For",
        "he",
        "hath",
        "put",
        "all",
        "things",
        "under",
        "his",
        "feet.",
        "But",
        "when",
        "he",
        "saith",
        "all",
        "things",
        "are",
        "put",
        "under",
        "*him,",
        "*it",
        "*is",
        "manifest",
        "that",
        "he",
        "is",
        "excepted,",
        "which",
        "did",
        "put",
        "all",
        "things",
        "under",
        "him."
      ],
      "info": ""
    },
    {
      "verse": 28,
      "text": [
        "And",
        "when",
        "all",
        "things",
        "shall",
        "be",
        "subdued",
        "unto",
        "him,",
        "then",
        "shall",
        "the",
        "Son",
        "also",
        "himself",
        "be",
        "subject",
        "unto",
        "him",
        "that",
        "put",
        "all",
        "things",
        "under",
        "him,",
        "that",
        "God",
        "may",
        "be",
        "all",
        "in",
        "all."
      ],
      "info": ""
    },
    {
      "verse": 29,
      "text": [
        "Else",
        "what",
        "shall",
        "they",
        "do",
        "which",
        "are",
        "baptized",
        "for",
        "the",
        "dead,",
        "if",
        "the",
        "dead",
        "rise",
        "not",
        "at",
        "all?",
        "why",
        "are",
        "they",
        "then",
        "baptized",
        "for",
        "the",
        "dead?"
      ],
      "info": ""
    },
    {
      "verse": 30,
      "text": [
        "And",
        "why",
        "stand",
        "we",
        "in",
        "jeopardy",
        "every",
        "hour?"
      ],
      "info": ""
    },
    {
      "verse": 31,
      "text": [
        "I",
        "protest",
        "by",
        "your",
        "rejoicing",
        "which",
        "I",
        "have",
        "in",
        "Christ",
        "Jesus",
        "our",
        "Lord,",
        "I",
        "die",
        "daily."
      ],
      "info": ""
    },
    {
      "verse": 32,
      "text": [
        "If",
        "after",
        "the",
        "manner",
        "of",
        "men",
        "I",
        "have",
        "fought",
        "with",
        "beasts",
        "at",
        "Ephesus,",
        "what",
        "advantageth",
        "it",
        "me,",
        "if",
        "the",
        "dead",
        "rise",
        "not?",
        "let",
        "us",
        "eat",
        "and",
        "drink;",
        "for",
        "to",
        "morrow",
        "we",
        "die."
      ],
      "info": ""
    },
    {
      "verse": 33,
      "text": [
        "Be",
        "not",
        "deceived:",
        "evil",
        "communications",
        "corrupt",
        "good",
        "manners."
      ],
      "info": ""
    },
    {
      "verse": 34,
      "text": [
        "Awake",
        "to",
        "righteousness,",
        "and",
        "sin",
        "not;",
        "for",
        "some",
        "have",
        "not",
        "the",
        "knowledge",
        "of",
        "God:",
        "I",
        "speak",
        "*this",
        "to",
        "your",
        "shame."
      ],
      "info": ""
    },
    {
      "verse": 35,
      "text": [
        "But",
        "some",
        "*man",
        "will",
        "say,",
        "How",
        "are",
        "the",
        "dead",
        "raised",
        "up?",
        "and",
        "with",
        "what",
        "body",
        "do",
        "they",
        "come?"
      ],
      "info": ""
    },
    {
      "verse": 36,
      "text": [
        "*Thou",
        "fool,",
        "that",
        "which",
        "thou",
        "sowest",
        "is",
        "not",
        "quickened,",
        "except",
        "it",
        "die:"
      ],
      "info": ""
    },
    {
      "verse": 37,
      "text": [
        "And",
        "that",
        "which",
        "thou",
        "sowest,",
        "thou",
        "sowest",
        "not",
        "that",
        "body",
        "that",
        "shall",
        "be,",
        "but",
        "bare",
        "grain,",
        "it",
        "may",
        "chance",
        "of",
        "wheat,",
        "or",
        "of",
        "some",
        "other",
        "*grain:"
      ],
      "info": ""
    },
    {
      "verse": 38,
      "text": [
        "But",
        "God",
        "giveth",
        "it",
        "a",
        "body",
        "as",
        "it",
        "hath",
        "pleased",
        "him,",
        "and",
        "to",
        "every",
        "seed",
        "his",
        "own",
        "body."
      ],
      "info": ""
    },
    {
      "verse": 39,
      "text": [
        "All",
        "flesh",
        "*is",
        "not",
        "the",
        "same",
        "flesh:",
        "but",
        "*there",
        "*is",
        "one",
        "*kind",
        "*of",
        "flesh",
        "of",
        "men,",
        "another",
        "flesh",
        "of",
        "beasts,",
        "another",
        "of",
        "fishes,",
        "*and",
        "another",
        "of",
        "birds."
      ],
      "info": ""
    },
    {
      "verse": 40,
      "text": [
        "*There",
        "*are",
        "also",
        "celestial",
        "bodies,",
        "and",
        "bodies",
        "terrestrial:",
        "but",
        "the",
        "glory",
        "of",
        "the",
        "celestial",
        "*is",
        "one,",
        "and",
        "the",
        "*glory",
        "of",
        "the",
        "terrestrial",
        "*is",
        "another."
      ],
      "info": ""
    },
    {
      "verse": 41,
      "text": [
        "*There",
        "*is",
        "one",
        "glory",
        "of",
        "the",
        "sun,",
        "and",
        "another",
        "glory",
        "of",
        "the",
        "moon,",
        "and",
        "another",
        "glory",
        "of",
        "the",
        "stars:",
        "for",
        "*one",
        "star",
        "differeth",
        "from",
        "*another",
        "star",
        "in",
        "glory."
      ],
      "info": ""
    },
    {
      "verse": 42,
      "text": [
        "So",
        "also",
        "*is",
        "the",
        "resurrection",
        "of",
        "the",
        "dead.",
        "It",
        "is",
        "sown",
        "in",
        "corruption;",
        "it",
        "is",
        "raised",
        "in",
        "incorruption:"
      ],
      "info": ""
    },
    {
      "verse": 43,
      "text": [
        "It",
        "is",
        "sown",
        "in",
        "dishonour;",
        "it",
        "is",
        "raised",
        "in",
        "glory:",
        "it",
        "is",
        "sown",
        "in",
        "weakness;",
        "it",
        "is",
        "raised",
        "in",
        "power:"
      ],
      "info": ""
    },
    {
      "verse": 44,
      "text": [
        "It",
        "is",
        "sown",
        "a",
        "natural",
        "body;",
        "it",
        "is",
        "raised",
        "a",
        "spiritual",
        "body.",
        "There",
        "is",
        "a",
        "natural",
        "body,",
        "and",
        "there",
        "is",
        "a",
        "spiritual",
        "body."
      ],
      "info": ""
    },
    {
      "verse": 45,
      "text": [
        "And",
        "so",
        "it",
        "is",
        "written,",
        "The",
        "first",
        "man",
        "Adam",
        "was",
        "made",
        "a",
        "living",
        "soul;",
        "the",
        "last",
        "Adam",
        "*was",
        "*made",
        "a",
        "quickening",
        "spirit."
      ],
      "info": ""
    },
    {
      "verse": 46,
      "text": [
        "Howbeit",
        "that",
        "*was",
        "not",
        "first",
        "which",
        "is",
        "spiritual,",
        "but",
        "that",
        "which",
        "is",
        "natural;",
        "and",
        "afterward",
        "that",
        "which",
        "is",
        "spiritual."
      ],
      "info": ""
    },
    {
      "verse": 47,
      "text": [
        "The",
        "first",
        "man",
        "*is",
        "of",
        "the",
        "earth,",
        "earthy:",
        "the",
        "second",
        "man",
        "*is",
        "the",
        "Lord",
        "from",
        "heaven."
      ],
      "info": ""
    },
    {
      "verse": 48,
      "text": [
        "As",
        "*is",
        "the",
        "earthy,",
        "such",
        "*are",
        "they",
        "also",
        "that",
        "are",
        "earthy:",
        "and",
        "as",
        "*is",
        "the",
        "heavenly,",
        "such",
        "*are",
        "they",
        "also",
        "that",
        "are",
        "heavenly."
      ],
      "info": ""
    },
    {
      "verse": 49,
      "text": [
        "And",
        "as",
        "we",
        "have",
        "borne",
        "the",
        "image",
        "of",
        "the",
        "earthy,",
        "we",
        "shall",
        "also",
        "bear",
        "the",
        "image",
        "of",
        "the",
        "heavenly."
      ],
      "info": ""
    },
    {
      "verse": 50,
      "text": [
        "Now",
        "this",
        "I",
        "say,",
        "brethren,",
        "that",
        "flesh",
        "and",
        "blood",
        "cannot",
        "inherit",
        "the",
        "kingdom",
        "of",
        "God;",
        "neither",
        "doth",
        "corruption",
        "inherit",
        "incorruption."
      ],
      "info": ""
    },
    {
      "verse": 51,
      "text": [
        "Behold,",
        "I",
        "shew",
        "you",
        "a",
        "mystery;",
        "We",
        "shall",
        "not",
        "all",
        "sleep,",
        "but",
        "we",
        "shall",
        "all",
        "be",
        "changed,"
      ],
      "info": ""
    },
    {
      "verse": 52,
      "text": [
        "In",
        "a",
        "moment,",
        "in",
        "the",
        "twinkling",
        "of",
        "an",
        "eye,",
        "at",
        "the",
        "last",
        "trump:",
        "for",
        "the",
        "trumpet",
        "shall",
        "sound,",
        "and",
        "the",
        "dead",
        "shall",
        "be",
        "raised",
        "incorruptible,",
        "and",
        "we",
        "shall",
        "be",
        "changed."
      ],
      "info": ""
    },
    {
      "verse": 53,
      "text": [
        "For",
        "this",
        "corruptible",
        "must",
        "put",
        "on",
        "incorruption,",
        "and",
        "this",
        "mortal",
        "*must",
        "put",
        "on",
        "immortality."
      ],
      "info": ""
    },
    {
      "verse": 54,
      "text": [
        "So",
        "when",
        "this",
        "corruptible",
        "shall",
        "have",
        "put",
        "on",
        "incorruption,",
        "and",
        "this",
        "mortal",
        "shall",
        "have",
        "put",
        "on",
        "immortality,",
        "then",
        "shall",
        "be",
        "brought",
        "to",
        "pass",
        "the",
        "saying",
        "that",
        "is",
        "written,",
        "Death",
        "is",
        "swallowed",
        "up",
        "in",
        "victory."
      ],
      "info": ""
    },
    {
      "verse": 55,
      "text": [
        "O",
        "death,",
        "where",
        "*is",
        "thy",
        "sting?",
        "O",
        "grave,",
        "where",
        "*is",
        "thy",
        "victory?"
      ],
      "info": ""
    },
    {
      "verse": 56,
      "text": [
        "The",
        "sting",
        "of",
        "death",
        "*is",
        "sin;",
        "and",
        "the",
        "strength",
        "of",
        "sin",
        "*is",
        "the",
        "law."
      ],
      "info": ""
    },
    {
      "verse": 57,
      "text": [
        "But",
        "thanks",
        "*be",
        "to",
        "God,",
        "which",
        "giveth",
        "us",
        "the",
        "victory",
        "through",
        "our",
        "Lord",
        "Jesus",
        "Christ."
      ],
      "info": ""
    },
    {
      "verse": 58,
      "text": [
        "Therefore,",
        "my",
        "beloved",
        "brethren,",
        "be",
        "ye",
        "stedfast,",
        "unmoveable,",
        "always",
        "abounding",
        "in",
        "the",
        "work",
        "of",
        "the",
        "Lord,",
        "forasmuch",
        "as",
        "ye",
        "know",
        "that",
        "your",
        "labour",
        "is",
        "not",
        "in",
        "vain",
        "in",
        "the",
        "Lord."
      ],
      "info": ""
    }
  ]
}