{
  "book_id": "1CO",
  "book_name": "1 Corinthians",
  "chapter": 16,
  "header": "",
  "footer": "¶ The</em> <em>first</em> <em><em>epistle</em></em> <em>to</em> <em>the</em> <em>Corinthians</em> <em>was</em> <em>written</em> <em>from</em> <em>Philippi</em> <em>by</em> <em>Stephanas</em> <em>and</em> <em>Fortunatus</em> <em>and</em> <em>Achaicus</em> <em>and</em> <em>Timotheus.",
  "language": "English",
  "verses": [
    {
      "verse": 1,
      "text": [
        "Now",
        "concerning",
        "the",
        "collection",
        "for",
        "the",
        "saints,",
        "as",
        "I",
        "have",
        "given",
        "order",
        "to",
        "the",
        "churches",
        "of",
        "Galatia,",
        "even",
        "so",
        "do",
        "ye."
      ],
      "info": ""
    },
    {
      "verse": 2,
      "text": [
        "Upon",
        "the",
        "first",
        "*day",
        "of",
        "the",
        "week",
        "let",
        "every",
        "one",
        "of",
        "you",
        "lay",
        "by",
        "him",
        "in",
        "store,",
        "as",
        "*God",
        "hath",
        "prospered",
        "him,",
        "that",
        "there",
        "be",
        "no",
        "gatherings",
        "when",
        "I",
        "come."
      ],
      "info": ""
    },
    {
      "verse": 3,
      "text": [
        "And",
        "when",
        "I",
        "come,",
        "whomsoever",
        "ye",
        "shall",
        "approve",
        "by",
        "*your",
        "letters,",
        "them",
        "will",
        "I",
        "send",
        "to",
        "bring",
        "your",
        "liberality",
        "unto",
        "Jerusalem."
      ],
      "info": ""
    },
    {
      "verse": 4,
      "text": [
        "And",
        "if",
        "it",
        "be",
        "meet",
        "that",
        "I",
        "go",
        "also,",
        "they",
        "shall",
        "go",
        "with",
        "me."
      ],
      "info": ""
    },
    {
      "verse": 5,
      "text": [
        "Now",
        "I",
        "will",
        "come",
        "unto",
        "you,",
        "when",
        "I",
        "shall",
        "pass",
        "through",
        "Macedonia:",
        "for",
        "I",
        "do",
        "pass",
        "through",
        "Macedonia."
      ],
      "info": ""
    },
    {
      "verse": 6,
      "text": [
        "And",
        "it",
        "may",
        "be",
        "that",
        "I",
        "will",
        "abide,",
        "yea,",
        "and",
        "winter",
        "with",
        "you,",
        "that",
        "ye",
        "may",
        "bring",
        "me",
        "on",
        "my",
        "journey",
        "whithersoever",
        "I",
        "go."
      ],
      "info": ""
    },
    {
      "verse": 7,
      "text": [
        "For",
        "I",
        "will",
        "not",
        "see",
        "you",
        "now",
        "by",
        "the",
        "way;",
        "but",
        "I",
        "trust",
        "to",
        "tarry",
        "a",
        "while",
        "with",
        "you,",
        "if",
        "the",
        "Lord",
        "permit."
      ],
      "info": ""
    },
    {
      "verse": 8,
      "text": [
        "But",
        "I",
        "will",
        "tarry",
        "at",
        "Ephesus",
        "until",
        "Pentecost."
      ],
      "info": ""
    },
    {
      "verse": 9,
      "text": [
        "For",
        "a",
        "great",
        "door",
        "and",
        "effectual",
        "is",
        "opened",
        "unto",
        "me,",
        "and",
        "*there",
        "*are",
        "many",
        "adversaries."
      ],
      "info": ""
    },
    {
      "verse": 10,
      "text": [
        "Now",
        "if",
        "Timotheus",
        "come,",
        "see",
        "that",
        "he",
        "may",
        "be",
        "with",
        "you",
        "without",
        "fear:",
        "for",
        "he",
        "worketh",
        "the",
        "work",
        "of",
        "the",
        "Lord,",
        "as",
        "I",
        "also",
        "*do."
      ],
      "info": ""
    },
    {
      "verse": 11,
      "text": [
        "Let",
        "no",
        "man",
        "therefore",
        "despise",
        "him:",
        "but",
        "conduct",
        "him",
        "forth",
        "in",
        "peace,",
        "that",
        "he",
        "may",
        "come",
        "unto",
        "me:",
        "for",
        "I",
        "look",
        "for",
        "him",
        "with",
        "the",
        "brethren."
      ],
      "info": ""
    },
    {
      "verse": 12,
      "text": [
        "As",
        "touching",
        "*our",
        "brother",
        "Apollos,",
        "I",
        "greatly",
        "desired",
        "him",
        "to",
        "come",
        "unto",
        "you",
        "with",
        "the",
        "brethren:",
        "but",
        "his",
        "will",
        "was",
        "not",
        "at",
        "all",
        "to",
        "come",
        "at",
        "this",
        "time;",
        "but",
        "he",
        "will",
        "come",
        "when",
        "he",
        "shall",
        "have",
        "convenient",
        "time."
      ],
      "info": ""
    },
    {
      "verse": 13,
      "text": [
        "Watch",
        "ye,",
        "stand",
        "fast",
        "in",
        "the",
        "faith,",
        "quit",
        "you",
        "like",
        "men,",
        "be",
        "strong."
      ],
      "info": ""
    },
    {
      "verse": 14,
      "text": [
        "Let",
        "all",
        "your",
        "things",
        "be",
        "done",
        "with",
        "charity."
      ],
      "info": ""
    },
    {
      "verse": 15,
      "text": [
        "I",
        "beseech",
        "you,",
        "brethren,",
        "(ye",
        "know",
        "the",
        "house",
        "of",
        "Stephanas,",
        "that",
        "it",
        "is",
        "the",
        "firstfruits",
        "of",
        "Achaia,",
        "and",
        "*that",
        "they",
        "have",
        "addicted",
        "themselves",
        "to",
        "the",
        "ministry",
        "of",
        "the",
        "saints,)"
      ],
      "info": ""
    },
    {
      "verse": 16,
      "text": [
        "That",
        "ye",
        "submit",
        "yourselves",
        "unto",
        "such,",
        "and",
        "to",
        "every",
        "one",
        "that",
        "helpeth",
        "with",
        "*us,",
        "and",
        "laboureth."
      ],
      "info": ""
    },
    {
      "verse": 17,
      "text": [
        "I",
        "am",
        "glad",
        "of",
        "the",
        "coming",
        "of",
        "Stephanas",
        "and",
        "Fortunatus",
        "and",
        "Achaicus:",
        "for",
        "that",
        "which",
        "was",
        "lacking",
        "on",
        "your",
        "part",
        "they",
        "have",
        "supplied."
      ],
      "info": ""
    },
    {
      "verse": 18,
      "text": [
        "For",
        "they",
        "have",
        "refreshed",
        "my",
        "spirit",
        "and",
        "yours:",
        "therefore",
        "acknowledge",
        "ye",
        "them",
        "that",
        "are",
        "such."
      ],
      "info": ""
    },
    {
      "verse": 19,
      "text": [
        "The",
        "churches",
        "of",
        "Asia",
        "salute",
        "you.",
        "Aquila",
        "and",
        "Priscilla",
        "salute",
        "you",
        "much",
        "in",
        "the",
        "Lord,",
        "with",
        "the",
        "church",
        "that",
        "is",
        "in",
        "their",
        "house."
      ],
      "info": ""
    },
    {
      "verse": 20,
      "text": [
        "All",
        "the",
        "brethren",
        "greet",
        "you.",
        "Greet",
        "ye",
        "one",
        "another",
        "with",
        "an",
        "holy",
        "kiss."
      ],
      "info": ""
    },
    {
      "verse": 21,
      "text": [
        "The",
        "salutation",
        "of",
        "*me",
        "Paul",
        "with",
        "mine",
        "own",
        "hand."
      ],
      "info": ""
    },
    {
      "verse": 22,
      "text": [
        "If",
        "any",
        "man",
        "love",
        "not",
        "the",
        "Lord",
        "Jesus",
        "Christ,",
        "let",
        "him",
        "be",
        "Anathema",
        "Maranatha."
      ],
      "info": ""
    },
    {
      "verse": 23,
      "text": [
        "The",
        "grace",
        "of",
        "our",
        "Lord",
        "Jesus",
        "Christ",
        "*be",
        "with",
        "you."
      ],
      "info": ""
    },
    {
      "verse": 24,
      "text": [
        "My",
        "love",
        "*be",
        "with",
        "you",
        "all",
        "in",
        "Christ",
        "Jesus.",
        "Amen."
      ],
      "info": ""
    }
  ]
}