{
  "book_name": "Song of Solomon",
  "chapter": 1,
  "verses": [
    {
      "book_name": "Song of Solomon",
      "chapter": 1,
      "verse": 1,
      "text": [
        "The",
        "song",
        "of",
        "songs,",
        "which",
        "*is",
        "Solomon's."
      ],
      "header": "",
      "footer": ""
    },
    {
      "book_name": "Song of Solomon",
      "chapter": 1,
      "verse": 2,
      "text": [
        "Let",
        "him",
        "kiss",
        "me",
        "with",
        "the",
        "kisses",
        "of",
        "his",
        "mouth:",
        "for",
        "thy",
        "love",
        "*is",
        "better",
        "than",
        "wine."
      ],
      "header": "",
      "footer": ""
    },
    {
      "book_name": "Song of Solomon",
      "chapter": 1,
      "verse": 3,
      "text": [
        "Because",
        "of",
        "the",
        "savour",
        "of",
        "thy",
        "good",
        "ointments",
        "thy",
        "name",
        "*is",
        "*as",
        "ointment",
        "poured",
        "forth,",
        "therefore",
        "do",
        "the",
        "virgins",
        "love",
        "thee."
      ],
      "header": "",
      "footer": ""
    },
    {
      "book_name": "Song of Solomon",
      "chapter": 1,
      "verse": 4,
      "text": [
        "Draw",
        "me,",
        "we",
        "will",
        "run",
        "after",
        "thee:",
        "the",
        "king",
        "hath",
        "brought",
        "me",
        "into",
        "his",
        "chambers:",
        "we",
        "will",
        "be",
        "glad",
        "and",
        "rejoice",
        "in",
        "thee,",
        "we",
        "will",
        "remember",
        "thy",
        "love",
        "more",
        "than",
        "wine:",
        "the",
        "upright",
        "love",
        "thee."
      ],
      "header": "",
      "footer": ""
    },
    {
      "book_name": "Song of Solomon",
      "chapter": 1,
      "verse": 5,
      "text": [
        "I",
        "*am",
        "black,",
        "but",
        "comely,",
        "O",
        "ye",
        "daughters",
        "of",
        "Jerusalem,",
        "as",
        "the",
        "tents",
        "of",
        "Kedar,",
        "as",
        "the",
        "curtains",
        "of",
        "Solomon."
      ],
      "header": "",
      "footer": ""
    },
    {
      "book_name": "Song of Solomon",
      "chapter": 1,
      "verse": 6,
      "text": [
        "Look",
        "not",
        "upon",
        "me,",
        "because",
        "I",
        "*am",
        "black,",
        "because",
        "the",
        "sun",
        "hath",
        "looked",
        "upon",
        "me:",
        "my",
        "mother's",
        "children",
        "were",
        "angry",
        "with",
        "me;",
        "they",
        "made",
        "me",
        "the",
        "keeper",
        "of",
        "the",
        "vineyards;",
        "*but",
        "mine",
        "own",
        "vineyard",
        "have",
        "I",
        "not",
        "kept."
      ],
      "header": "",
      "footer": ""
    },
    {
      "book_name": "Song of Solomon",
      "chapter": 1,
      "verse": 7,
      "text": [
        "Tell",
        "me,",
        "O",
        "thou",
        "whom",
        "my",
        "soul",
        "loveth,",
        "where",
        "thou",
        "feedest,",
        "where",
        "thou",
        "makest",
        "*thy",
        "*flock",
        "to",
        "rest",
        "at",
        "noon:",
        "for",
        "why",
        "should",
        "I",
        "be",
        "as",
        "one",
        "that",
        "turneth",
        "aside",
        "by",
        "the",
        "flocks",
        "of",
        "thy",
        "companions?"
      ],
      "header": "",
      "footer": ""
    },
    {
      "book_name": "Song of Solomon",
      "chapter": 1,
      "verse": 8,
      "text": [
        "¶",
        "If",
        "thou",
        "know",
        "not,",
        "O",
        "thou",
        "fairest",
        "among",
        "women,",
        "go",
        "thy",
        "way",
        "forth",
        "by",
        "the",
        "footsteps",
        "of",
        "the",
        "flock,",
        "and",
        "feed",
        "thy",
        "kids",
        "beside",
        "the",
        "shepherds'",
        "tents."
      ],
      "header": "",
      "footer": ""
    },
    {
      "book_name": "Song of Solomon",
      "chapter": 1,
      "verse": 9,
      "text": [
        "I",
        "have",
        "compared",
        "thee,",
        "O",
        "my",
        "love,",
        "to",
        "a",
        "company",
        "of",
        "horses",
        "in",
        "Pharaoh's",
        "chariots."
      ],
      "header": "",
      "footer": ""
    },
    {
      "book_name": "Song of Solomon",
      "chapter": 1,
      "verse": 10,
      "text": [
        "Thy",
        "cheeks",
        "are",
        "comely",
        "with",
        "rows",
        "*of",
        "*jewels,",
        "thy",
        "neck",
        "with",
        "chains",
        "*of",
        "*gold."
      ],
      "header": "",
      "footer": ""
    },
    {
      "book_name": "Song of Solomon",
      "chapter": 1,
      "verse": 11,
      "text": [
        "We",
        "will",
        "make",
        "thee",
        "borders",
        "of",
        "gold",
        "with",
        "studs",
        "of",
        "silver."
      ],
      "header": "",
      "footer": ""
    },
    {
      "book_name": "Song of Solomon",
      "chapter": 1,
      "verse": 12,
      "text": [
        "¶",
        "While",
        "the",
        "king",
        "*sitteth",
        "at",
        "his",
        "table,",
        "my",
        "spikenard",
        "sendeth",
        "forth",
        "the",
        "smell",
        "thereof."
      ],
      "header": "",
      "footer": ""
    },
    {
      "book_name": "Song of Solomon",
      "chapter": 1,
      "verse": 13,
      "text": [
        "A",
        "bundle",
        "of",
        "myrrh",
        "*is",
        "my",
        "wellbeloved",
        "unto",
        "me;",
        "he",
        "shall",
        "lie",
        "all",
        "night",
        "betwixt",
        "my",
        "breasts."
      ],
      "header": "",
      "footer": ""
    },
    {
      "book_name": "Song of Solomon",
      "chapter": 1,
      "verse": 14,
      "text": [
        "My",
        "beloved",
        "*is",
        "unto",
        "me",
        "*as",
        "a",
        "cluster",
        "of",
        "camphire",
        "in",
        "the",
        "vineyards",
        "of",
        "Engedi."
      ],
      "header": "",
      "footer": ""
    },
    {
      "book_name": "Song of Solomon",
      "chapter": 1,
      "verse": 15,
      "text": [
        "Behold,",
        "thou",
        "*art",
        "fair,",
        "my",
        "love;",
        "behold,",
        "thou",
        "*art",
        "fair;",
        "thou",
        "*hast",
        "doves'",
        "eyes."
      ],
      "header": "",
      "footer": ""
    },
    {
      "book_name": "Song of Solomon",
      "chapter": 1,
      "verse": 16,
      "text": [
        "Behold,",
        "thou",
        "*art",
        "fair,",
        "my",
        "beloved,",
        "yea,",
        "pleasant:",
        "also",
        "our",
        "bed",
        "*is",
        "green."
      ],
      "header": "",
      "footer": ""
    },
    {
      "book_name": "Song of Solomon",
      "chapter": 1,
      "verse": 17,
      "text": [
        "The",
        "beams",
        "of",
        "our",
        "house",
        "*are",
        "cedar,",
        "*and",
        "our",
        "rafters",
        "of",
        "fir."
      ],
      "header": "",
      "footer": ""
    }
  ]
}