{
  "book_name": "Song of Solomon",
  "chapter": 3,
  "verses": [
    {
      "book_name": "Song of Solomon",
      "chapter": 3,
      "verse": 1,
      "text": [
        "By",
        "night",
        "on",
        "my",
        "bed",
        "I",
        "sought",
        "him",
        "whom",
        "my",
        "soul",
        "loveth:",
        "I",
        "sought",
        "him,",
        "but",
        "I",
        "found",
        "him",
        "not."
      ],
      "header": "",
      "footer": ""
    },
    {
      "book_name": "Song of Solomon",
      "chapter": 3,
      "verse": 2,
      "text": [
        "I",
        "will",
        "rise",
        "now,",
        "and",
        "go",
        "about",
        "the",
        "city",
        "in",
        "the",
        "streets,",
        "and",
        "in",
        "the",
        "broad",
        "ways",
        "I",
        "will",
        "seek",
        "him",
        "whom",
        "my",
        "soul",
        "loveth:",
        "I",
        "sought",
        "him,",
        "but",
        "I",
        "found",
        "him",
        "not."
      ],
      "header": "",
      "footer": ""
    },
    {
      "book_name": "Song of Solomon",
      "chapter": 3,
      "verse": 3,
      "text": [
        "The",
        "watchmen",
        "that",
        "go",
        "about",
        "the",
        "city",
        "found",
        "me:",
        "*to",
        "*whom",
        "*I",
        "*said,",
        "Saw",
        "ye",
        "him",
        "whom",
        "my",
        "soul",
        "loveth?"
      ],
      "header": "",
      "footer": ""
    },
    {
      "book_name": "Song of Solomon",
      "chapter": 3,
      "verse": 4,
      "text": [
        "*It",
        "*was",
        "but",
        "a",
        "little",
        "that",
        "I",
        "passed",
        "from",
        "them,",
        "but",
        "I",
        "found",
        "him",
        "whom",
        "my",
        "soul",
        "loveth:",
        "I",
        "held",
        "him,",
        "and",
        "would",
        "not",
        "let",
        "him",
        "go,",
        "until",
        "I",
        "had",
        "brought",
        "him",
        "into",
        "my",
        "mother's",
        "house,",
        "and",
        "into",
        "the",
        "chamber",
        "of",
        "her",
        "that",
        "conceived",
        "me."
      ],
      "header": "",
      "footer": ""
    },
    {
      "book_name": "Song of Solomon",
      "chapter": 3,
      "verse": 5,
      "text": [
        "I",
        "charge",
        "you,",
        "O",
        "ye",
        "daughters",
        "of",
        "Jerusalem,",
        "by",
        "the",
        "roes,",
        "and",
        "by",
        "the",
        "hinds",
        "of",
        "the",
        "field,",
        "that",
        "ye",
        "stir",
        "not",
        "up,",
        "nor",
        "awake",
        "*my",
        "love,",
        "till",
        "he",
        "please."
      ],
      "header": "",
      "footer": ""
    },
    {
      "book_name": "Song of Solomon",
      "chapter": 3,
      "verse": 6,
      "text": [
        "¶",
        "Who",
        "*is",
        "this",
        "that",
        "cometh",
        "out",
        "of",
        "the",
        "wilderness",
        "like",
        "pillars",
        "of",
        "smoke,",
        "perfumed",
        "with",
        "myrrh",
        "and",
        "frankincense,",
        "with",
        "all",
        "powders",
        "of",
        "the",
        "merchant?"
      ],
      "header": "",
      "footer": ""
    },
    {
      "book_name": "Song of Solomon",
      "chapter": 3,
      "verse": 7,
      "text": [
        "Behold",
        "his",
        "bed,",
        "which",
        "*is",
        "Solomon's;",
        "threescore",
        "valiant",
        "men",
        "*are",
        "about",
        "it,",
        "of",
        "the",
        "valiant",
        "of",
        "Israel."
      ],
      "header": "",
      "footer": ""
    },
    {
      "book_name": "Song of Solomon",
      "chapter": 3,
      "verse": 8,
      "text": [
        "They",
        "all",
        "hold",
        "swords,",
        "*being",
        "expert",
        "in",
        "war:",
        "every",
        "man",
        "*hath",
        "his",
        "sword",
        "upon",
        "his",
        "thigh",
        "because",
        "of",
        "fear",
        "in",
        "the",
        "night."
      ],
      "header": "",
      "footer": ""
    },
    {
      "book_name": "Song of Solomon",
      "chapter": 3,
      "verse": 9,
      "text": [
        "King",
        "Solomon",
        "made",
        "himself",
        "a",
        "chariot",
        "of",
        "the",
        "wood",
        "of",
        "Lebanon."
      ],
      "header": "",
      "footer": ""
    },
    {
      "book_name": "Song of Solomon",
      "chapter": 3,
      "verse": 10,
      "text": [
        "He",
        "made",
        "the",
        "pillars",
        "thereof",
        "*of",
        "silver,",
        "the",
        "bottom",
        "thereof",
        "*of",
        "gold,",
        "the",
        "covering",
        "of",
        "it",
        "*of",
        "purple,",
        "the",
        "midst",
        "thereof",
        "being",
        "paved",
        "*with",
        "love,",
        "for",
        "the",
        "daughters",
        "of",
        "Jerusalem."
      ],
      "header": "",
      "footer": ""
    },
    {
      "book_name": "Song of Solomon",
      "chapter": 3,
      "verse": 11,
      "text": [
        "Go",
        "forth,",
        "O",
        "ye",
        "daughters",
        "of",
        "Zion,",
        "and",
        "behold",
        "king",
        "Solomon",
        "with",
        "the",
        "crown",
        "wherewith",
        "his",
        "mother",
        "crowned",
        "him",
        "in",
        "the",
        "day",
        "of",
        "his",
        "espousals,",
        "and",
        "in",
        "the",
        "day",
        "of",
        "the",
        "gladness",
        "of",
        "his",
        "heart."
      ],
      "header": "",
      "footer": ""
    }
  ]
}