{
  "book_name": "Song of Solomon",
  "chapter": 4,
  "verses": [
    {
      "book_name": "Song of Solomon",
      "chapter": 4,
      "verse": 1,
      "text": [
        "Behold,",
        "thou",
        "*art",
        "fair,",
        "my",
        "love;",
        "behold,",
        "thou",
        "*art",
        "fair;",
        "thou",
        "*hast",
        "doves'",
        "eyes",
        "within",
        "thy",
        "locks:",
        "thy",
        "hair",
        "*is",
        "as",
        "a",
        "flock",
        "of",
        "goats,",
        "that",
        "appear",
        "from",
        "mount",
        "Gilead."
      ],
      "header": "",
      "footer": ""
    },
    {
      "book_name": "Song of Solomon",
      "chapter": 4,
      "verse": 2,
      "text": [
        "Thy",
        "teeth",
        "*are",
        "like",
        "a",
        "flock",
        "*of",
        "*sheep",
        "*that",
        "*are",
        "*even",
        "shorn,",
        "which",
        "came",
        "up",
        "from",
        "the",
        "washing;",
        "whereof",
        "every",
        "one",
        "bear",
        "twins,",
        "and",
        "none",
        "*is",
        "barren",
        "among",
        "them."
      ],
      "header": "",
      "footer": ""
    },
    {
      "book_name": "Song of Solomon",
      "chapter": 4,
      "verse": 3,
      "text": [
        "Thy",
        "lips",
        "*are",
        "like",
        "a",
        "thread",
        "of",
        "scarlet,",
        "and",
        "thy",
        "speech",
        "*is",
        "comely:",
        "thy",
        "temples",
        "*are",
        "like",
        "a",
        "piece",
        "of",
        "a",
        "pomegranate",
        "within",
        "thy",
        "locks."
      ],
      "header": "",
      "footer": ""
    },
    {
      "book_name": "Song of Solomon",
      "chapter": 4,
      "verse": 4,
      "text": [
        "Thy",
        "neck",
        "*is",
        "like",
        "the",
        "tower",
        "of",
        "David",
        "builded",
        "for",
        "an",
        "armoury,",
        "whereon",
        "there",
        "hang",
        "a",
        "thousand",
        "bucklers,",
        "all",
        "shields",
        "of",
        "mighty",
        "men."
      ],
      "header": "",
      "footer": ""
    },
    {
      "book_name": "Song of Solomon",
      "chapter": 4,
      "verse": 5,
      "text": [
        "Thy",
        "two",
        "breasts",
        "*are",
        "like",
        "two",
        "young",
        "roes",
        "that",
        "are",
        "twins,",
        "which",
        "feed",
        "among",
        "the",
        "lilies."
      ],
      "header": "",
      "footer": ""
    },
    {
      "book_name": "Song of Solomon",
      "chapter": 4,
      "verse": 6,
      "text": [
        "Until",
        "the",
        "day",
        "break,",
        "and",
        "the",
        "shadows",
        "flee",
        "away,",
        "I",
        "will",
        "get",
        "me",
        "to",
        "the",
        "mountain",
        "of",
        "myrrh,",
        "and",
        "to",
        "the",
        "hill",
        "of",
        "frankincense."
      ],
      "header": "",
      "footer": ""
    },
    {
      "book_name": "Song of Solomon",
      "chapter": 4,
      "verse": 7,
      "text": [
        "Thou",
        "*art",
        "all",
        "fair,",
        "my",
        "love;",
        "*there",
        "*is",
        "no",
        "spot",
        "in",
        "thee."
      ],
      "header": "",
      "footer": ""
    },
    {
      "book_name": "Song of Solomon",
      "chapter": 4,
      "verse": 8,
      "text": [
        "¶",
        "Come",
        "with",
        "me",
        "from",
        "Lebanon,",
        "*my",
        "spouse,",
        "with",
        "me",
        "from",
        "Lebanon:",
        "look",
        "from",
        "the",
        "top",
        "of",
        "Amana,",
        "from",
        "the",
        "top",
        "of",
        "Shenir",
        "and",
        "Hermon,",
        "from",
        "the",
        "lions'",
        "dens,",
        "from",
        "the",
        "mountains",
        "of",
        "the",
        "leopards."
      ],
      "header": "",
      "footer": ""
    },
    {
      "book_name": "Song of Solomon",
      "chapter": 4,
      "verse": 9,
      "text": [
        "Thou",
        "hast",
        "ravished",
        "my",
        "heart,",
        "my",
        "sister,",
        "*my",
        "spouse;",
        "thou",
        "hast",
        "ravished",
        "my",
        "heart",
        "with",
        "one",
        "of",
        "thine",
        "eyes,",
        "with",
        "one",
        "chain",
        "of",
        "thy",
        "neck."
      ],
      "header": "",
      "footer": ""
    },
    {
      "book_name": "Song of Solomon",
      "chapter": 4,
      "verse": 10,
      "text": [
        "How",
        "fair",
        "is",
        "thy",
        "love,",
        "my",
        "sister,",
        "*my",
        "spouse!",
        "how",
        "much",
        "better",
        "is",
        "thy",
        "love",
        "than",
        "wine!",
        "and",
        "the",
        "smell",
        "of",
        "thine",
        "ointments",
        "than",
        "all",
        "spices!"
      ],
      "header": "",
      "footer": ""
    },
    {
      "book_name": "Song of Solomon",
      "chapter": 4,
      "verse": 11,
      "text": [
        "Thy",
        "lips,",
        "O",
        "*my",
        "spouse,",
        "drop",
        "*as",
        "the",
        "honeycomb:",
        "honey",
        "and",
        "milk",
        "*are",
        "under",
        "thy",
        "tongue;",
        "and",
        "the",
        "smell",
        "of",
        "thy",
        "garments",
        "*is",
        "like",
        "the",
        "smell",
        "of",
        "Lebanon."
      ],
      "header": "",
      "footer": ""
    },
    {
      "book_name": "Song of Solomon",
      "chapter": 4,
      "verse": 12,
      "text": [
        "A",
        "garden",
        "inclosed",
        "*is",
        "my",
        "sister,",
        "*my",
        "spouse;",
        "a",
        "spring",
        "shut",
        "up,",
        "a",
        "fountain",
        "sealed."
      ],
      "header": "",
      "footer": ""
    },
    {
      "book_name": "Song of Solomon",
      "chapter": 4,
      "verse": 13,
      "text": [
        "Thy",
        "plants",
        "*are",
        "an",
        "orchard",
        "of",
        "pomegranates,",
        "with",
        "pleasant",
        "fruits;",
        "camphire,",
        "with",
        "spikenard,"
      ],
      "header": "",
      "footer": ""
    },
    {
      "book_name": "Song of Solomon",
      "chapter": 4,
      "verse": 14,
      "text": [
        "Spikenard",
        "and",
        "saffron;",
        "calamus",
        "and",
        "cinnamon,",
        "with",
        "all",
        "trees",
        "of",
        "frankincense;",
        "myrrh",
        "and",
        "aloes,",
        "with",
        "all",
        "the",
        "chief",
        "spices:"
      ],
      "header": "",
      "footer": ""
    },
    {
      "book_name": "Song of Solomon",
      "chapter": 4,
      "verse": 15,
      "text": [
        "A",
        "fountain",
        "of",
        "gardens,",
        "a",
        "well",
        "of",
        "living",
        "waters,",
        "and",
        "streams",
        "from",
        "Lebanon."
      ],
      "header": "",
      "footer": ""
    },
    {
      "book_name": "Song of Solomon",
      "chapter": 4,
      "verse": 16,
      "text": [
        "¶",
        "Awake,",
        "O",
        "north",
        "wind;",
        "and",
        "come,",
        "thou",
        "south;",
        "blow",
        "upon",
        "my",
        "garden,",
        "*that",
        "the",
        "spices",
        "thereof",
        "may",
        "flow",
        "out.",
        "Let",
        "my",
        "beloved",
        "come",
        "into",
        "his",
        "garden,",
        "and",
        "eat",
        "his",
        "pleasant",
        "fruits."
      ],
      "header": "",
      "footer": ""
    }
  ]
}