{
  "book_name": "Song of Solomon",
  "chapter": 8,
  "verses": [
    {
      "book_name": "Song of Solomon",
      "chapter": 8,
      "verse": 1,
      "text": [
        "O",
        "that",
        "thou",
        "*wert",
        "as",
        "my",
        "brother,",
        "that",
        "sucked",
        "the",
        "breasts",
        "of",
        "my",
        "mother!",
        "*when",
        "I",
        "should",
        "find",
        "thee",
        "without,",
        "I",
        "would",
        "kiss",
        "thee;",
        "yea,",
        "I",
        "should",
        "not",
        "be",
        "despised."
      ],
      "header": "",
      "footer": ""
    },
    {
      "book_name": "Song of Solomon",
      "chapter": 8,
      "verse": 2,
      "text": [
        "I",
        "would",
        "lead",
        "thee,",
        "*and",
        "bring",
        "thee",
        "into",
        "my",
        "mother's",
        "house,",
        "*who",
        "would",
        "instruct",
        "me:",
        "I",
        "would",
        "cause",
        "thee",
        "to",
        "drink",
        "of",
        "spiced",
        "wine",
        "of",
        "the",
        "juice",
        "of",
        "my",
        "pomegranate."
      ],
      "header": "",
      "footer": ""
    },
    {
      "book_name": "Song of Solomon",
      "chapter": 8,
      "verse": 3,
      "text": [
        "His",
        "left",
        "hand",
        "*should",
        "*be",
        "under",
        "my",
        "head,",
        "and",
        "his",
        "right",
        "hand",
        "should",
        "embrace",
        "me."
      ],
      "header": "",
      "footer": ""
    },
    {
      "book_name": "Song of Solomon",
      "chapter": 8,
      "verse": 4,
      "text": [
        "I",
        "charge",
        "you,",
        "O",
        "daughters",
        "of",
        "Jerusalem,",
        "that",
        "ye",
        "stir",
        "not",
        "up,",
        "nor",
        "awake",
        "*my",
        "love,",
        "until",
        "he",
        "please."
      ],
      "header": "",
      "footer": ""
    },
    {
      "book_name": "Song of Solomon",
      "chapter": 8,
      "verse": 5,
      "text": [
        "Who",
        "*is",
        "this",
        "that",
        "cometh",
        "up",
        "from",
        "the",
        "wilderness,",
        "leaning",
        "upon",
        "her",
        "beloved?",
        "I",
        "raised",
        "thee",
        "up",
        "under",
        "the",
        "apple",
        "tree:",
        "there",
        "thy",
        "mother",
        "brought",
        "thee",
        "forth:",
        "there",
        "she",
        "brought",
        "thee",
        "forth",
        "*that",
        "bare",
        "thee."
      ],
      "header": "",
      "footer": ""
    },
    {
      "book_name": "Song of Solomon",
      "chapter": 8,
      "verse": 6,
      "text": [
        "¶",
        "Set",
        "me",
        "as",
        "a",
        "seal",
        "upon",
        "thine",
        "heart,",
        "as",
        "a",
        "seal",
        "upon",
        "thine",
        "arm:",
        "for",
        "love",
        "*is",
        "strong",
        "as",
        "death;",
        "jealousy",
        "*is",
        "cruel",
        "as",
        "the",
        "grave:",
        "the",
        "coals",
        "thereof",
        "*are",
        "coals",
        "of",
        "fire,",
        "*which",
        "*hath",
        "a",
        "most",
        "vehement",
        "flame."
      ],
      "header": "",
      "footer": ""
    },
    {
      "book_name": "Song of Solomon",
      "chapter": 8,
      "verse": 7,
      "text": [
        "Many",
        "waters",
        "cannot",
        "quench",
        "love,",
        "neither",
        "can",
        "the",
        "floods",
        "drown",
        "it:",
        "if",
        "a",
        "man",
        "would",
        "give",
        "all",
        "the",
        "substance",
        "of",
        "his",
        "house",
        "for",
        "love,",
        "it",
        "would",
        "utterly",
        "be",
        "contemned."
      ],
      "header": "",
      "footer": ""
    },
    {
      "book_name": "Song of Solomon",
      "chapter": 8,
      "verse": 8,
      "text": [
        "¶",
        "We",
        "have",
        "a",
        "little",
        "sister,",
        "and",
        "she",
        "hath",
        "no",
        "breasts:",
        "what",
        "shall",
        "we",
        "do",
        "for",
        "our",
        "sister",
        "in",
        "the",
        "day",
        "when",
        "she",
        "shall",
        "be",
        "spoken",
        "for?"
      ],
      "header": "",
      "footer": ""
    },
    {
      "book_name": "Song of Solomon",
      "chapter": 8,
      "verse": 9,
      "text": [
        "If",
        "she",
        "*be",
        "a",
        "wall,",
        "we",
        "will",
        "build",
        "upon",
        "her",
        "a",
        "palace",
        "of",
        "silver:",
        "and",
        "if",
        "she",
        "*be",
        "a",
        "door,",
        "we",
        "will",
        "inclose",
        "her",
        "with",
        "boards",
        "of",
        "cedar."
      ],
      "header": "",
      "footer": ""
    },
    {
      "book_name": "Song of Solomon",
      "chapter": 8,
      "verse": 10,
      "text": [
        "I",
        "*am",
        "a",
        "wall,",
        "and",
        "my",
        "breasts",
        "like",
        "towers:",
        "then",
        "was",
        "I",
        "in",
        "his",
        "eyes",
        "as",
        "one",
        "that",
        "found",
        "favour."
      ],
      "header": "",
      "footer": ""
    },
    {
      "book_name": "Song of Solomon",
      "chapter": 8,
      "verse": 11,
      "text": [
        "Solomon",
        "had",
        "a",
        "vineyard",
        "at",
        "Baalhamon;",
        "he",
        "let",
        "out",
        "the",
        "vineyard",
        "unto",
        "keepers;",
        "every",
        "one",
        "for",
        "the",
        "fruit",
        "thereof",
        "was",
        "to",
        "bring",
        "a",
        "thousand",
        "*pieces",
        "of",
        "silver."
      ],
      "header": "",
      "footer": ""
    },
    {
      "book_name": "Song of Solomon",
      "chapter": 8,
      "verse": 12,
      "text": [
        "My",
        "vineyard,",
        "which",
        "*is",
        "mine,",
        "*is",
        "before",
        "me:",
        "thou,",
        "O",
        "Solomon,",
        "*must",
        "*have",
        "a",
        "thousand,",
        "and",
        "those",
        "that",
        "keep",
        "the",
        "fruit",
        "thereof",
        "two",
        "hundred."
      ],
      "header": "",
      "footer": ""
    },
    {
      "book_name": "Song of Solomon",
      "chapter": 8,
      "verse": 13,
      "text": [
        "Thou",
        "that",
        "dwellest",
        "in",
        "the",
        "gardens,",
        "the",
        "companions",
        "hearken",
        "to",
        "thy",
        "voice:",
        "cause",
        "me",
        "to",
        "hear",
        "*it."
      ],
      "header": "",
      "footer": ""
    },
    {
      "book_name": "Song of Solomon",
      "chapter": 8,
      "verse": 14,
      "text": [
        "¶",
        "Make",
        "haste,",
        "my",
        "beloved,",
        "and",
        "be",
        "thou",
        "like",
        "to",
        "a",
        "roe",
        "or",
        "to",
        "a",
        "young",
        "hart",
        "upon",
        "the",
        "mountains",
        "of",
        "spices."
      ],
      "header": "",
      "footer": ""
    }
  ]
}