{
  "book_id": "2CO",
  "book_name": "2 Corinthians",
  "chapter": 13,
  "header": "",
  "footer": "¶ The</em> <em>second</em> <em><em>epistle</em></em> <em>to</em> <em>the</em> <em>Corinthians</em> <em>was</em> <em>written</em> <em>from</em> <em>Philippi,</em> <em>a</em> <em>city</em> of Macedonia, by Titus and <em>Lucas.",
  "language": "English",
  "verses": [
    {
      "verse": 1,
      "text": [
        "This",
        "*is",
        "the",
        "third",
        "*time",
        "I",
        "am",
        "coming",
        "to",
        "you.",
        "In",
        "the",
        "mouth",
        "of",
        "two",
        "or",
        "three",
        "witnesses",
        "shall",
        "every",
        "word",
        "be",
        "established."
      ],
      "info": ""
    },
    {
      "verse": 2,
      "text": [
        "I",
        "told",
        "you",
        "before,",
        "and",
        "foretell",
        "you,",
        "as",
        "if",
        "I",
        "were",
        "present,",
        "the",
        "second",
        "time;",
        "and",
        "being",
        "absent",
        "now",
        "I",
        "write",
        "to",
        "them",
        "which",
        "heretofore",
        "have",
        "sinned,",
        "and",
        "to",
        "all",
        "other,",
        "that,",
        "if",
        "I",
        "come",
        "again,",
        "I",
        "will",
        "not",
        "spare:"
      ],
      "info": ""
    },
    {
      "verse": 3,
      "text": [
        "Since",
        "ye",
        "seek",
        "a",
        "proof",
        "of",
        "Christ",
        "speaking",
        "in",
        "me,",
        "which",
        "to",
        "you-ward",
        "is",
        "not",
        "weak,",
        "but",
        "is",
        "mighty",
        "in",
        "you."
      ],
      "info": ""
    },
    {
      "verse": 4,
      "text": [
        "For",
        "though",
        "he",
        "was",
        "crucified",
        "through",
        "weakness,",
        "yet",
        "he",
        "liveth",
        "by",
        "the",
        "power",
        "of",
        "God.",
        "For",
        "we",
        "also",
        "are",
        "weak",
        "in",
        "him,",
        "but",
        "we",
        "shall",
        "live",
        "with",
        "him",
        "by",
        "the",
        "power",
        "of",
        "God",
        "toward",
        "you."
      ],
      "info": ""
    },
    {
      "verse": 5,
      "text": [
        "Examine",
        "yourselves,",
        "whether",
        "ye",
        "be",
        "in",
        "the",
        "faith;",
        "prove",
        "your",
        "own",
        "selves.",
        "Know",
        "ye",
        "not",
        "your",
        "own",
        "selves,",
        "how",
        "that",
        "Jesus",
        "Christ",
        "is",
        "in",
        "you,",
        "except",
        "ye",
        "be",
        "reprobates?"
      ],
      "info": ""
    },
    {
      "verse": 6,
      "text": [
        "But",
        "I",
        "trust",
        "that",
        "ye",
        "shall",
        "know",
        "that",
        "we",
        "are",
        "not",
        "reprobates."
      ],
      "info": ""
    },
    {
      "verse": 7,
      "text": [
        "Now",
        "I",
        "pray",
        "to",
        "God",
        "that",
        "ye",
        "do",
        "no",
        "evil;",
        "not",
        "that",
        "we",
        "should",
        "appear",
        "approved,",
        "but",
        "that",
        "ye",
        "should",
        "do",
        "that",
        "which",
        "is",
        "honest,",
        "though",
        "we",
        "be",
        "as",
        "reprobates."
      ],
      "info": ""
    },
    {
      "verse": 8,
      "text": [
        "For",
        "we",
        "can",
        "do",
        "nothing",
        "against",
        "the",
        "truth,",
        "but",
        "for",
        "the",
        "truth."
      ],
      "info": ""
    },
    {
      "verse": 9,
      "text": [
        "For",
        "we",
        "are",
        "glad,",
        "when",
        "we",
        "are",
        "weak,",
        "and",
        "ye",
        "are",
        "strong:",
        "and",
        "this",
        "also",
        "we",
        "wish,",
        "*even",
        "your",
        "perfection."
      ],
      "info": ""
    },
    {
      "verse": 10,
      "text": [
        "Therefore",
        "I",
        "write",
        "these",
        "things",
        "being",
        "absent,",
        "lest",
        "being",
        "present",
        "I",
        "should",
        "use",
        "sharpness,",
        "according",
        "to",
        "the",
        "power",
        "which",
        "the",
        "Lord",
        "hath",
        "given",
        "me",
        "to",
        "edification,",
        "and",
        "not",
        "to",
        "destruction."
      ],
      "info": ""
    },
    {
      "verse": 11,
      "text": [
        "Finally,",
        "brethren,",
        "farewell.",
        "Be",
        "perfect,",
        "be",
        "of",
        "good",
        "comfort,",
        "be",
        "of",
        "one",
        "mind,",
        "live",
        "in",
        "peace;",
        "and",
        "the",
        "God",
        "of",
        "love",
        "and",
        "peace",
        "shall",
        "be",
        "with",
        "you."
      ],
      "info": ""
    },
    {
      "verse": 12,
      "text": [
        "Greet",
        "one",
        "another",
        "with",
        "an",
        "holy",
        "kiss."
      ],
      "info": ""
    },
    {
      "verse": 13,
      "text": [
        "All",
        "the",
        "saints",
        "salute",
        "you."
      ],
      "info": ""
    },
    {
      "verse": 14,
      "text": [
        "The",
        "grace",
        "of",
        "the",
        "Lord",
        "Jesus",
        "Christ,",
        "and",
        "the",
        "love",
        "of",
        "God,",
        "and",
        "the",
        "communion",
        "of",
        "the",
        "Holy",
        "Ghost,",
        "*be",
        "with",
        "you",
        "all.",
        "Amen."
      ],
      "info": ""
    }
  ]
}