{
  "book_name": "2 Kings",
  "chapter": 9,
  "verses": [
    {
      "book_name": "2 Kings",
      "chapter": 9,
      "verse": 1,
      "text": [
        "And",
        "Elisha",
        "the",
        "prophet",
        "called",
        "one",
        "of",
        "the",
        "children",
        "of",
        "the",
        "prophets,",
        "and",
        "said",
        "unto",
        "him,",
        "Gird",
        "up",
        "thy",
        "loins,",
        "and",
        "take",
        "this",
        "box",
        "of",
        "oil",
        "in",
        "thine",
        "hand,",
        "and",
        "go",
        "to",
        "Ramothgilead:"
      ],
      "header": "",
      "footer": ""
    },
    {
      "book_name": "2 Kings",
      "chapter": 9,
      "verse": 2,
      "text": [
        "And",
        "when",
        "thou",
        "comest",
        "thither,",
        "look",
        "out",
        "there",
        "Jehu",
        "the",
        "son",
        "of",
        "Jehoshaphat",
        "the",
        "son",
        "of",
        "Nimshi,",
        "and",
        "go",
        "in,",
        "and",
        "make",
        "him",
        "arise",
        "up",
        "from",
        "among",
        "his",
        "brethren,",
        "and",
        "carry",
        "him",
        "to",
        "an",
        "inner",
        "chamber;"
      ],
      "header": "",
      "footer": ""
    },
    {
      "book_name": "2 Kings",
      "chapter": 9,
      "verse": 3,
      "text": [
        "Then",
        "take",
        "the",
        "box",
        "of",
        "oil,",
        "and",
        "pour",
        "*it",
        "on",
        "his",
        "head,",
        "and",
        "say,",
        "Thus",
        "saith",
        "the",
        "Lᴏʀᴅ,",
        "I",
        "have",
        "anointed",
        "thee",
        "king",
        "over",
        "Israel.",
        "Then",
        "open",
        "the",
        "door,",
        "and",
        "flee,",
        "and",
        "tarry",
        "not."
      ],
      "header": "",
      "footer": ""
    },
    {
      "book_name": "2 Kings",
      "chapter": 9,
      "verse": 4,
      "text": [
        "¶",
        "So",
        "the",
        "young",
        "man,",
        "*even",
        "the",
        "young",
        "man",
        "the",
        "prophet,",
        "went",
        "to",
        "Ramothgilead."
      ],
      "header": "",
      "footer": ""
    },
    {
      "book_name": "2 Kings",
      "chapter": 9,
      "verse": 5,
      "text": [
        "And",
        "when",
        "he",
        "came,",
        "behold,",
        "the",
        "captains",
        "of",
        "the",
        "host",
        "*were",
        "sitting;",
        "and",
        "he",
        "said,",
        "I",
        "have",
        "an",
        "errand",
        "to",
        "thee,",
        "O",
        "captain.",
        "And",
        "Jehu",
        "said,",
        "Unto",
        "which",
        "of",
        "all",
        "us?",
        "And",
        "he",
        "said,",
        "To",
        "thee,",
        "O",
        "captain."
      ],
      "header": "",
      "footer": ""
    },
    {
      "book_name": "2 Kings",
      "chapter": 9,
      "verse": 6,
      "text": [
        "And",
        "he",
        "arose,",
        "and",
        "went",
        "into",
        "the",
        "house;",
        "and",
        "he",
        "poured",
        "the",
        "oil",
        "on",
        "his",
        "head,",
        "and",
        "said",
        "unto",
        "him,",
        "Thus",
        "saith",
        "the",
        "Lᴏʀᴅ",
        "God",
        "of",
        "Israel,",
        "I",
        "have",
        "anointed",
        "thee",
        "king",
        "over",
        "the",
        "people",
        "of",
        "the",
        "Lᴏʀᴅ,",
        "*even",
        "over",
        "Israel."
      ],
      "header": "",
      "footer": ""
    },
    {
      "book_name": "2 Kings",
      "chapter": 9,
      "verse": 7,
      "text": [
        "And",
        "thou",
        "shalt",
        "smite",
        "the",
        "house",
        "of",
        "Ahab",
        "thy",
        "master,",
        "that",
        "I",
        "may",
        "avenge",
        "the",
        "blood",
        "of",
        "my",
        "servants",
        "the",
        "prophets,",
        "and",
        "the",
        "blood",
        "of",
        "all",
        "the",
        "servants",
        "of",
        "the",
        "Lᴏʀᴅ,",
        "at",
        "the",
        "hand",
        "of",
        "Jezebel."
      ],
      "header": "",
      "footer": ""
    },
    {
      "book_name": "2 Kings",
      "chapter": 9,
      "verse": 8,
      "text": [
        "For",
        "the",
        "whole",
        "house",
        "of",
        "Ahab",
        "shall",
        "perish:",
        "and",
        "I",
        "will",
        "cut",
        "off",
        "from",
        "Ahab",
        "him",
        "that",
        "pisseth",
        "against",
        "the",
        "wall,",
        "and",
        "him",
        "that",
        "is",
        "shut",
        "up",
        "and",
        "left",
        "in",
        "Israel:"
      ],
      "header": "",
      "footer": ""
    },
    {
      "book_name": "2 Kings",
      "chapter": 9,
      "verse": 9,
      "text": [
        "And",
        "I",
        "will",
        "make",
        "the",
        "house",
        "of",
        "Ahab",
        "like",
        "the",
        "house",
        "of",
        "Jeroboam",
        "the",
        "son",
        "of",
        "Nebat,",
        "and",
        "like",
        "the",
        "house",
        "of",
        "Baasha",
        "the",
        "son",
        "of",
        "Ahijah:"
      ],
      "header": "",
      "footer": ""
    },
    {
      "book_name": "2 Kings",
      "chapter": 9,
      "verse": 10,
      "text": [
        "And",
        "the",
        "dogs",
        "shall",
        "eat",
        "Jezebel",
        "in",
        "the",
        "portion",
        "of",
        "Jezreel,",
        "and",
        "*there",
        "*shall",
        "*be",
        "none",
        "to",
        "bury",
        "*her.",
        "And",
        "he",
        "opened",
        "the",
        "door,",
        "and",
        "fled."
      ],
      "header": "",
      "footer": ""
    },
    {
      "book_name": "2 Kings",
      "chapter": 9,
      "verse": 11,
      "text": [
        "¶",
        "Then",
        "Jehu",
        "came",
        "forth",
        "to",
        "the",
        "servants",
        "of",
        "his",
        "lord:",
        "and",
        "*one",
        "said",
        "unto",
        "him,",
        "*Is",
        "all",
        "well?",
        "wherefore",
        "came",
        "this",
        "mad",
        "*fellow",
        "to",
        "thee?",
        "And",
        "he",
        "said",
        "unto",
        "them,",
        "Ye",
        "know",
        "the",
        "man,",
        "and",
        "his",
        "communication."
      ],
      "header": "",
      "footer": ""
    },
    {
      "book_name": "2 Kings",
      "chapter": 9,
      "verse": 12,
      "text": [
        "And",
        "they",
        "said,",
        "*It",
        "*is",
        "false;",
        "tell",
        "us",
        "now.",
        "And",
        "he",
        "said,",
        "Thus",
        "and",
        "thus",
        "spake",
        "he",
        "to",
        "me,",
        "saying,",
        "Thus",
        "saith",
        "the",
        "Lᴏʀᴅ,",
        "I",
        "have",
        "anointed",
        "thee",
        "king",
        "over",
        "Israel."
      ],
      "header": "",
      "footer": ""
    },
    {
      "book_name": "2 Kings",
      "chapter": 9,
      "verse": 13,
      "text": [
        "Then",
        "they",
        "hasted,",
        "and",
        "took",
        "every",
        "man",
        "his",
        "garment,",
        "and",
        "put",
        "*it",
        "under",
        "him",
        "on",
        "the",
        "top",
        "of",
        "the",
        "stairs,",
        "and",
        "blew",
        "with",
        "trumpets,",
        "saying,",
        "Jehu",
        "is",
        "king."
      ],
      "header": "",
      "footer": ""
    },
    {
      "book_name": "2 Kings",
      "chapter": 9,
      "verse": 14,
      "text": [
        "So",
        "Jehu",
        "the",
        "son",
        "of",
        "Jehoshaphat",
        "the",
        "son",
        "of",
        "Nimshi",
        "conspired",
        "against",
        "Joram.",
        "(Now",
        "Joram",
        "had",
        "kept",
        "Ramothgilead,",
        "he",
        "and",
        "all",
        "Israel,",
        "because",
        "of",
        "Hazael",
        "king",
        "of",
        "Syria."
      ],
      "header": "",
      "footer": ""
    },
    {
      "book_name": "2 Kings",
      "chapter": 9,
      "verse": 15,
      "text": [
        "But",
        "king",
        "Joram",
        "was",
        "returned",
        "to",
        "be",
        "healed",
        "in",
        "Jezreel",
        "of",
        "the",
        "wounds",
        "which",
        "the",
        "Syrians",
        "had",
        "given",
        "him,",
        "when",
        "he",
        "fought",
        "with",
        "Hazael",
        "king",
        "of",
        "Syria.)",
        "And",
        "Jehu",
        "said,",
        "If",
        "it",
        "be",
        "your",
        "minds,",
        "*then",
        "let",
        "none",
        "go",
        "forth",
        "*nor",
        "escape",
        "out",
        "of",
        "the",
        "city",
        "to",
        "go",
        "to",
        "tell",
        "*it",
        "in",
        "Jezreel."
      ],
      "header": "",
      "footer": ""
    },
    {
      "book_name": "2 Kings",
      "chapter": 9,
      "verse": 16,
      "text": [
        "So",
        "Jehu",
        "rode",
        "in",
        "a",
        "chariot,",
        "and",
        "went",
        "to",
        "Jezreel;",
        "for",
        "Joram",
        "lay",
        "there.",
        "And",
        "Ahaziah",
        "king",
        "of",
        "Judah",
        "was",
        "come",
        "down",
        "to",
        "see",
        "Joram."
      ],
      "header": "",
      "footer": ""
    },
    {
      "book_name": "2 Kings",
      "chapter": 9,
      "verse": 17,
      "text": [
        "And",
        "there",
        "stood",
        "a",
        "watchman",
        "on",
        "the",
        "tower",
        "in",
        "Jezreel,",
        "and",
        "he",
        "spied",
        "the",
        "company",
        "of",
        "Jehu",
        "as",
        "he",
        "came,",
        "and",
        "said,",
        "I",
        "see",
        "a",
        "company.",
        "And",
        "Joram",
        "said,",
        "Take",
        "an",
        "horseman,",
        "and",
        "send",
        "to",
        "meet",
        "them,",
        "and",
        "let",
        "him",
        "say,",
        "*Is",
        "*it",
        "peace?"
      ],
      "header": "",
      "footer": ""
    },
    {
      "book_name": "2 Kings",
      "chapter": 9,
      "verse": 18,
      "text": [
        "So",
        "there",
        "went",
        "one",
        "on",
        "horseback",
        "to",
        "meet",
        "him,",
        "and",
        "said,",
        "Thus",
        "saith",
        "the",
        "king,",
        "*Is",
        "*it",
        "peace?",
        "And",
        "Jehu",
        "said,",
        "What",
        "hast",
        "thou",
        "to",
        "do",
        "with",
        "peace?",
        "turn",
        "thee",
        "behind",
        "me.",
        "And",
        "the",
        "watchman",
        "told,",
        "saying,",
        "The",
        "messenger",
        "came",
        "to",
        "them,",
        "but",
        "he",
        "cometh",
        "not",
        "again."
      ],
      "header": "",
      "footer": ""
    },
    {
      "book_name": "2 Kings",
      "chapter": 9,
      "verse": 19,
      "text": [
        "Then",
        "he",
        "sent",
        "out",
        "a",
        "second",
        "on",
        "horseback,",
        "which",
        "came",
        "to",
        "them,",
        "and",
        "said,",
        "Thus",
        "saith",
        "the",
        "king,",
        "*Is",
        "*it",
        "peace?",
        "And",
        "Jehu",
        "answered,",
        "What",
        "hast",
        "thou",
        "to",
        "do",
        "with",
        "peace?",
        "turn",
        "thee",
        "behind",
        "me."
      ],
      "header": "",
      "footer": ""
    },
    {
      "book_name": "2 Kings",
      "chapter": 9,
      "verse": 20,
      "text": [
        "And",
        "the",
        "watchman",
        "told,",
        "saying,",
        "He",
        "came",
        "even",
        "unto",
        "them,",
        "and",
        "cometh",
        "not",
        "again:",
        "and",
        "the",
        "driving",
        "*is",
        "like",
        "the",
        "driving",
        "of",
        "Jehu",
        "the",
        "son",
        "of",
        "Nimshi;",
        "for",
        "he",
        "driveth",
        "furiously."
      ],
      "header": "",
      "footer": ""
    },
    {
      "book_name": "2 Kings",
      "chapter": 9,
      "verse": 21,
      "text": [
        "And",
        "Joram",
        "said,",
        "Make",
        "ready.",
        "And",
        "his",
        "chariot",
        "was",
        "made",
        "ready.",
        "And",
        "Joram",
        "king",
        "of",
        "Israel",
        "and",
        "Ahaziah",
        "king",
        "of",
        "Judah",
        "went",
        "out,",
        "each",
        "in",
        "his",
        "chariot,",
        "and",
        "they",
        "went",
        "out",
        "against",
        "Jehu,",
        "and",
        "met",
        "him",
        "in",
        "the",
        "portion",
        "of",
        "Naboth",
        "the",
        "Jezreelite."
      ],
      "header": "",
      "footer": ""
    },
    {
      "book_name": "2 Kings",
      "chapter": 9,
      "verse": 22,
      "text": [
        "And",
        "it",
        "came",
        "to",
        "pass,",
        "when",
        "Joram",
        "saw",
        "Jehu,",
        "that",
        "he",
        "said,",
        "*Is",
        "*it",
        "peace,",
        "Jehu?",
        "And",
        "he",
        "answered,",
        "What",
        "peace,",
        "so",
        "long",
        "as",
        "the",
        "whoredoms",
        "of",
        "thy",
        "mother",
        "Jezebel",
        "and",
        "her",
        "witchcrafts",
        "*are",
        "*so",
        "many?"
      ],
      "header": "",
      "footer": ""
    },
    {
      "book_name": "2 Kings",
      "chapter": 9,
      "verse": 23,
      "text": [
        "And",
        "Joram",
        "turned",
        "his",
        "hands,",
        "and",
        "fled,",
        "and",
        "said",
        "to",
        "Ahaziah,",
        "*There",
        "*is",
        "treachery,",
        "O",
        "Ahaziah."
      ],
      "header": "",
      "footer": ""
    },
    {
      "book_name": "2 Kings",
      "chapter": 9,
      "verse": 24,
      "text": [
        "And",
        "Jehu",
        "drew",
        "a",
        "bow",
        "with",
        "his",
        "full",
        "strength,",
        "and",
        "smote",
        "Jehoram",
        "between",
        "his",
        "arms,",
        "and",
        "the",
        "arrow",
        "went",
        "out",
        "at",
        "his",
        "heart,",
        "and",
        "he",
        "sunk",
        "down",
        "in",
        "his",
        "chariot."
      ],
      "header": "",
      "footer": ""
    },
    {
      "book_name": "2 Kings",
      "chapter": 9,
      "verse": 25,
      "text": [
        "Then",
        "said",
        "*Jehu",
        "to",
        "Bidkar",
        "his",
        "captain,",
        "Take",
        "up,",
        "*and",
        "cast",
        "him",
        "in",
        "the",
        "portion",
        "of",
        "the",
        "field",
        "of",
        "Naboth",
        "the",
        "Jezreelite:",
        "for",
        "remember",
        "how",
        "that,",
        "when",
        "I",
        "and",
        "thou",
        "rode",
        "together",
        "after",
        "Ahab",
        "his",
        "father,",
        "the",
        "Lᴏʀᴅ",
        "laid",
        "this",
        "burden",
        "upon",
        "him;"
      ],
      "header": "",
      "footer": ""
    },
    {
      "book_name": "2 Kings",
      "chapter": 9,
      "verse": 26,
      "text": [
        "Surely",
        "I",
        "have",
        "seen",
        "yesterday",
        "the",
        "blood",
        "of",
        "Naboth,",
        "and",
        "the",
        "blood",
        "of",
        "his",
        "sons,",
        "saith",
        "the",
        "Lᴏʀᴅ;",
        "and",
        "I",
        "will",
        "requite",
        "thee",
        "in",
        "this",
        "plat,",
        "saith",
        "the",
        "Lᴏʀᴅ.",
        "Now",
        "therefore",
        "take",
        "*and",
        "cast",
        "him",
        "into",
        "the",
        "plat",
        "*of",
        "*ground,",
        "according",
        "to",
        "the",
        "word",
        "of",
        "the",
        "Lᴏʀᴅ."
      ],
      "header": "",
      "footer": ""
    },
    {
      "book_name": "2 Kings",
      "chapter": 9,
      "verse": 27,
      "text": [
        "¶",
        "But",
        "when",
        "Ahaziah",
        "the",
        "king",
        "of",
        "Judah",
        "saw",
        "*this,",
        "he",
        "fled",
        "by",
        "the",
        "way",
        "of",
        "the",
        "garden",
        "house.",
        "And",
        "Jehu",
        "followed",
        "after",
        "him,",
        "and",
        "said,",
        "Smite",
        "him",
        "also",
        "in",
        "the",
        "chariot.",
        "*And",
        "*they",
        "*did",
        "*so",
        "at",
        "the",
        "going",
        "up",
        "to",
        "Gur,",
        "which",
        "*is",
        "by",
        "Ibleam.",
        "And",
        "he",
        "fled",
        "to",
        "Megiddo,",
        "and",
        "died",
        "there."
      ],
      "header": "",
      "footer": ""
    },
    {
      "book_name": "2 Kings",
      "chapter": 9,
      "verse": 28,
      "text": [
        "And",
        "his",
        "servants",
        "carried",
        "him",
        "in",
        "a",
        "chariot",
        "to",
        "Jerusalem,",
        "and",
        "buried",
        "him",
        "in",
        "his",
        "sepulchre",
        "with",
        "his",
        "fathers",
        "in",
        "the",
        "city",
        "of",
        "David."
      ],
      "header": "",
      "footer": ""
    },
    {
      "book_name": "2 Kings",
      "chapter": 9,
      "verse": 29,
      "text": [
        "And",
        "in",
        "the",
        "eleventh",
        "year",
        "of",
        "Joram",
        "the",
        "son",
        "of",
        "Ahab",
        "began",
        "Ahaziah",
        "to",
        "reign",
        "over",
        "Judah."
      ],
      "header": "",
      "footer": ""
    },
    {
      "book_name": "2 Kings",
      "chapter": 9,
      "verse": 30,
      "text": [
        "¶",
        "And",
        "when",
        "Jehu",
        "was",
        "come",
        "to",
        "Jezreel,",
        "Jezebel",
        "heard",
        "*of",
        "*it;",
        "and",
        "she",
        "painted",
        "her",
        "face,",
        "and",
        "tired",
        "her",
        "head,",
        "and",
        "looked",
        "out",
        "at",
        "a",
        "window."
      ],
      "header": "",
      "footer": ""
    },
    {
      "book_name": "2 Kings",
      "chapter": 9,
      "verse": 31,
      "text": [
        "And",
        "as",
        "Jehu",
        "entered",
        "in",
        "at",
        "the",
        "gate,",
        "she",
        "said,",
        "*Had",
        "Zimri",
        "peace,",
        "who",
        "slew",
        "his",
        "master?"
      ],
      "header": "",
      "footer": ""
    },
    {
      "book_name": "2 Kings",
      "chapter": 9,
      "verse": 32,
      "text": [
        "And",
        "he",
        "lifted",
        "up",
        "his",
        "face",
        "to",
        "the",
        "window,",
        "and",
        "said,",
        "Who",
        "*is",
        "on",
        "my",
        "side?",
        "who?",
        "And",
        "there",
        "looked",
        "out",
        "to",
        "him",
        "two",
        "*or",
        "three",
        "eunuchs."
      ],
      "header": "",
      "footer": ""
    },
    {
      "book_name": "2 Kings",
      "chapter": 9,
      "verse": 33,
      "text": [
        "And",
        "he",
        "said,",
        "Throw",
        "her",
        "down.",
        "So",
        "they",
        "threw",
        "her",
        "down:",
        "and",
        "*some",
        "of",
        "her",
        "blood",
        "was",
        "sprinkled",
        "on",
        "the",
        "wall,",
        "and",
        "on",
        "the",
        "horses:",
        "and",
        "he",
        "trode",
        "her",
        "under",
        "foot."
      ],
      "header": "",
      "footer": ""
    },
    {
      "book_name": "2 Kings",
      "chapter": 9,
      "verse": 34,
      "text": [
        "And",
        "when",
        "he",
        "was",
        "come",
        "in,",
        "he",
        "did",
        "eat",
        "and",
        "drink,",
        "and",
        "said,",
        "Go,",
        "see",
        "now",
        "this",
        "cursed",
        "*woman,",
        "and",
        "bury",
        "her:",
        "for",
        "she",
        "*is",
        "a",
        "king's",
        "daughter."
      ],
      "header": "",
      "footer": ""
    },
    {
      "book_name": "2 Kings",
      "chapter": 9,
      "verse": 35,
      "text": [
        "And",
        "they",
        "went",
        "to",
        "bury",
        "her:",
        "but",
        "they",
        "found",
        "no",
        "more",
        "of",
        "her",
        "than",
        "the",
        "skull,",
        "and",
        "the",
        "feet,",
        "and",
        "the",
        "palms",
        "of",
        "*her",
        "hands."
      ],
      "header": "",
      "footer": ""
    },
    {
      "book_name": "2 Kings",
      "chapter": 9,
      "verse": 36,
      "text": [
        "Wherefore",
        "they",
        "came",
        "again,",
        "and",
        "told",
        "him.",
        "And",
        "he",
        "said,",
        "This",
        "*is",
        "the",
        "word",
        "of",
        "the",
        "Lᴏʀᴅ,",
        "which",
        "he",
        "spake",
        "by",
        "his",
        "servant",
        "Elijah",
        "the",
        "Tishbite,",
        "saying,",
        "In",
        "the",
        "portion",
        "of",
        "Jezreel",
        "shall",
        "dogs",
        "eat",
        "the",
        "flesh",
        "of",
        "Jezebel:"
      ],
      "header": "",
      "footer": ""
    },
    {
      "book_name": "2 Kings",
      "chapter": 9,
      "verse": 37,
      "text": [
        "And",
        "the",
        "carcase",
        "of",
        "Jezebel",
        "shall",
        "be",
        "as",
        "dung",
        "upon",
        "the",
        "face",
        "of",
        "the",
        "field",
        "in",
        "the",
        "portion",
        "of",
        "Jezreel;",
        "*so",
        "that",
        "they",
        "shall",
        "not",
        "say,",
        "This",
        "*is",
        "Jezebel."
      ],
      "header": "",
      "footer": ""
    }
  ]
}