{
  "book_name": "Exodus",
  "chapter": 11,
  "verses": [
    {
      "book_name": "Exodus",
      "chapter": 11,
      "verse": 1,
      "text": [
        "And",
        "the",
        "Lᴏʀᴅ",
        "said",
        "unto",
        "Moses,",
        "Yet",
        "will",
        "I",
        "bring",
        "one",
        "plague",
        "*more",
        "upon",
        "Pharaoh,",
        "and",
        "upon",
        "Egypt;",
        "afterwards",
        "he",
        "will",
        "let",
        "you",
        "go",
        "hence:",
        "when",
        "he",
        "shall",
        "let",
        "*you",
        "go,",
        "he",
        "shall",
        "surely",
        "thrust",
        "you",
        "out",
        "hence",
        "altogether."
      ],
      "header": "",
      "footer": ""
    },
    {
      "book_name": "Exodus",
      "chapter": 11,
      "verse": 2,
      "text": [
        "Speak",
        "now",
        "in",
        "the",
        "ears",
        "of",
        "the",
        "people,",
        "and",
        "let",
        "every",
        "man",
        "borrow",
        "of",
        "his",
        "neighbour,",
        "and",
        "every",
        "woman",
        "of",
        "her",
        "neighbour,",
        "jewels",
        "of",
        "silver,",
        "and",
        "jewels",
        "of",
        "gold."
      ],
      "header": "",
      "footer": ""
    },
    {
      "book_name": "Exodus",
      "chapter": 11,
      "verse": 3,
      "text": [
        "And",
        "the",
        "Lᴏʀᴅ",
        "gave",
        "the",
        "people",
        "favour",
        "in",
        "the",
        "sight",
        "of",
        "the",
        "Egyptians.",
        "Moreover",
        "the",
        "man",
        "Moses",
        "*was",
        "very",
        "great",
        "in",
        "the",
        "land",
        "of",
        "Egypt,",
        "in",
        "the",
        "sight",
        "of",
        "Pharaoh's",
        "servants,",
        "and",
        "in",
        "the",
        "sight",
        "of",
        "the",
        "people."
      ],
      "header": "",
      "footer": ""
    },
    {
      "book_name": "Exodus",
      "chapter": 11,
      "verse": 4,
      "text": [
        "And",
        "Moses",
        "said,",
        "Thus",
        "saith",
        "the",
        "Lᴏʀᴅ,",
        "About",
        "midnight",
        "will",
        "I",
        "go",
        "out",
        "into",
        "the",
        "midst",
        "of",
        "Egypt:"
      ],
      "header": "",
      "footer": ""
    },
    {
      "book_name": "Exodus",
      "chapter": 11,
      "verse": 5,
      "text": [
        "And",
        "all",
        "the",
        "firstborn",
        "in",
        "the",
        "land",
        "of",
        "Egypt",
        "shall",
        "die,",
        "from",
        "the",
        "firstborn",
        "of",
        "Pharaoh",
        "that",
        "sitteth",
        "upon",
        "his",
        "throne,",
        "even",
        "unto",
        "the",
        "firstborn",
        "of",
        "the",
        "maidservant",
        "that",
        "*is",
        "behind",
        "the",
        "mill;",
        "and",
        "all",
        "the",
        "firstborn",
        "of",
        "beasts."
      ],
      "header": "",
      "footer": ""
    },
    {
      "book_name": "Exodus",
      "chapter": 11,
      "verse": 6,
      "text": [
        "And",
        "there",
        "shall",
        "be",
        "a",
        "great",
        "cry",
        "throughout",
        "all",
        "the",
        "land",
        "of",
        "Egypt,",
        "such",
        "as",
        "there",
        "was",
        "none",
        "like",
        "it,",
        "nor",
        "shall",
        "be",
        "like",
        "it",
        "any",
        "more."
      ],
      "header": "",
      "footer": ""
    },
    {
      "book_name": "Exodus",
      "chapter": 11,
      "verse": 7,
      "text": [
        "But",
        "against",
        "any",
        "of",
        "the",
        "children",
        "of",
        "Israel",
        "shall",
        "not",
        "a",
        "dog",
        "move",
        "his",
        "tongue,",
        "against",
        "man",
        "or",
        "beast:",
        "that",
        "ye",
        "may",
        "know",
        "how",
        "that",
        "the",
        "Lᴏʀᴅ",
        "doth",
        "put",
        "a",
        "difference",
        "between",
        "the",
        "Egyptians",
        "and",
        "Israel."
      ],
      "header": "",
      "footer": ""
    },
    {
      "book_name": "Exodus",
      "chapter": 11,
      "verse": 8,
      "text": [
        "And",
        "all",
        "these",
        "thy",
        "servants",
        "shall",
        "come",
        "down",
        "unto",
        "me,",
        "and",
        "bow",
        "down",
        "themselves",
        "unto",
        "me,",
        "saying,",
        "Get",
        "thee",
        "out,",
        "and",
        "all",
        "the",
        "people",
        "that",
        "follow",
        "thee:",
        "and",
        "after",
        "that",
        "I",
        "will",
        "go",
        "out.",
        "And",
        "he",
        "went",
        "out",
        "from",
        "Pharaoh",
        "in",
        "a",
        "great",
        "anger."
      ],
      "header": "",
      "footer": ""
    },
    {
      "book_name": "Exodus",
      "chapter": 11,
      "verse": 9,
      "text": [
        "And",
        "the",
        "Lᴏʀᴅ",
        "said",
        "unto",
        "Moses,",
        "Pharaoh",
        "shall",
        "not",
        "hearken",
        "unto",
        "you;",
        "that",
        "my",
        "wonders",
        "may",
        "be",
        "multiplied",
        "in",
        "the",
        "land",
        "of",
        "Egypt."
      ],
      "header": "",
      "footer": ""
    },
    {
      "book_name": "Exodus",
      "chapter": 11,
      "verse": 10,
      "text": [
        "And",
        "Moses",
        "and",
        "Aaron",
        "did",
        "all",
        "these",
        "wonders",
        "before",
        "Pharaoh:",
        "and",
        "the",
        "Lᴏʀᴅ",
        "hardened",
        "Pharaoh's",
        "heart,",
        "so",
        "that",
        "he",
        "would",
        "not",
        "let",
        "the",
        "children",
        "of",
        "Israel",
        "go",
        "out",
        "of",
        "his",
        "land."
      ],
      "header": "",
      "footer": ""
    }
  ]
}