{
  "book_name": "Exodus",
  "chapter": 20,
  "verses": [
    {
      "book_name": "Exodus",
      "chapter": 20,
      "verse": 1,
      "text": [
        "And",
        "God",
        "spake",
        "all",
        "these",
        "words,",
        "saying,"
      ],
      "header": "",
      "footer": ""
    },
    {
      "book_name": "Exodus",
      "chapter": 20,
      "verse": 2,
      "text": [
        "I",
        "*am",
        "the",
        "Lᴏʀᴅ",
        "thy",
        "God,",
        "which",
        "have",
        "brought",
        "thee",
        "out",
        "of",
        "the",
        "land",
        "of",
        "Egypt,",
        "out",
        "of",
        "the",
        "house",
        "of",
        "bondage."
      ],
      "header": "",
      "footer": ""
    },
    {
      "book_name": "Exodus",
      "chapter": 20,
      "verse": 3,
      "text": [
        "Thou",
        "shalt",
        "have",
        "no",
        "other",
        "gods",
        "before",
        "me."
      ],
      "header": "",
      "footer": ""
    },
    {
      "book_name": "Exodus",
      "chapter": 20,
      "verse": 4,
      "text": [
        "Thou",
        "shalt",
        "not",
        "make",
        "unto",
        "thee",
        "any",
        "graven",
        "image,",
        "or",
        "any",
        "likeness",
        "*of",
        "*any",
        "*thing",
        "that",
        "*is",
        "in",
        "heaven",
        "above,",
        "or",
        "that",
        "*is",
        "in",
        "the",
        "earth",
        "beneath,",
        "or",
        "that",
        "*is",
        "in",
        "the",
        "water",
        "under",
        "the",
        "earth:"
      ],
      "header": "",
      "footer": ""
    },
    {
      "book_name": "Exodus",
      "chapter": 20,
      "verse": 5,
      "text": [
        "Thou",
        "shalt",
        "not",
        "bow",
        "down",
        "thyself",
        "to",
        "them,",
        "nor",
        "serve",
        "them:",
        "for",
        "I",
        "the",
        "Lᴏʀᴅ",
        "thy",
        "God",
        "*am",
        "a",
        "jealous",
        "God,",
        "visiting",
        "the",
        "iniquity",
        "of",
        "the",
        "fathers",
        "upon",
        "the",
        "children",
        "unto",
        "the",
        "third",
        "and",
        "fourth",
        "*generation",
        "of",
        "them",
        "that",
        "hate",
        "me;"
      ],
      "header": "",
      "footer": ""
    },
    {
      "book_name": "Exodus",
      "chapter": 20,
      "verse": 6,
      "text": [
        "And",
        "shewing",
        "mercy",
        "unto",
        "thousands",
        "of",
        "them",
        "that",
        "love",
        "me,",
        "and",
        "keep",
        "my",
        "commandments."
      ],
      "header": "",
      "footer": ""
    },
    {
      "book_name": "Exodus",
      "chapter": 20,
      "verse": 7,
      "text": [
        "Thou",
        "shalt",
        "not",
        "take",
        "the",
        "name",
        "of",
        "the",
        "Lᴏʀᴅ",
        "thy",
        "God",
        "in",
        "vain;",
        "for",
        "the",
        "Lᴏʀᴅ",
        "will",
        "not",
        "hold",
        "him",
        "guiltless",
        "that",
        "taketh",
        "his",
        "name",
        "in",
        "vain."
      ],
      "header": "",
      "footer": ""
    },
    {
      "book_name": "Exodus",
      "chapter": 20,
      "verse": 8,
      "text": [
        "Remember",
        "the",
        "sabbath",
        "day,",
        "to",
        "keep",
        "it",
        "holy."
      ],
      "header": "",
      "footer": ""
    },
    {
      "book_name": "Exodus",
      "chapter": 20,
      "verse": 9,
      "text": [
        "Six",
        "days",
        "shalt",
        "thou",
        "labour,",
        "and",
        "do",
        "all",
        "thy",
        "work:"
      ],
      "header": "",
      "footer": ""
    },
    {
      "book_name": "Exodus",
      "chapter": 20,
      "verse": 10,
      "text": [
        "But",
        "the",
        "seventh",
        "day",
        "*is",
        "the",
        "sabbath",
        "of",
        "the",
        "Lᴏʀᴅ",
        "thy",
        "God:",
        "*in",
        "*it",
        "thou",
        "shalt",
        "not",
        "do",
        "any",
        "work,",
        "thou,",
        "nor",
        "thy",
        "son,",
        "nor",
        "thy",
        "daughter,",
        "thy",
        "manservant,",
        "nor",
        "thy",
        "maidservant,",
        "nor",
        "thy",
        "cattle,",
        "nor",
        "thy",
        "stranger",
        "that",
        "*is",
        "within",
        "thy",
        "gates:"
      ],
      "header": "",
      "footer": ""
    },
    {
      "book_name": "Exodus",
      "chapter": 20,
      "verse": 11,
      "text": [
        "For",
        "*in",
        "six",
        "days",
        "the",
        "Lᴏʀᴅ",
        "made",
        "heaven",
        "and",
        "earth,",
        "the",
        "sea,",
        "and",
        "all",
        "that",
        "in",
        "them",
        "*is,",
        "and",
        "rested",
        "the",
        "seventh",
        "day:",
        "wherefore",
        "the",
        "Lᴏʀᴅ",
        "blessed",
        "the",
        "sabbath",
        "day,",
        "and",
        "hallowed",
        "it."
      ],
      "header": "",
      "footer": ""
    },
    {
      "book_name": "Exodus",
      "chapter": 20,
      "verse": 12,
      "text": [
        "¶",
        "Honour",
        "thy",
        "father",
        "and",
        "thy",
        "mother:",
        "that",
        "thy",
        "days",
        "may",
        "be",
        "long",
        "upon",
        "the",
        "land",
        "which",
        "the",
        "Lᴏʀᴅ",
        "thy",
        "God",
        "giveth",
        "thee."
      ],
      "header": "",
      "footer": ""
    },
    {
      "book_name": "Exodus",
      "chapter": 20,
      "verse": 13,
      "text": [
        "Thou",
        "shalt",
        "not",
        "kill."
      ],
      "header": "",
      "footer": ""
    },
    {
      "book_name": "Exodus",
      "chapter": 20,
      "verse": 14,
      "text": [
        "Thou",
        "shalt",
        "not",
        "commit",
        "adultery."
      ],
      "header": "",
      "footer": ""
    },
    {
      "book_name": "Exodus",
      "chapter": 20,
      "verse": 15,
      "text": [
        "Thou",
        "shalt",
        "not",
        "steal."
      ],
      "header": "",
      "footer": ""
    },
    {
      "book_name": "Exodus",
      "chapter": 20,
      "verse": 16,
      "text": [
        "Thou",
        "shalt",
        "not",
        "bear",
        "false",
        "witness",
        "against",
        "thy",
        "neighbour."
      ],
      "header": "",
      "footer": ""
    },
    {
      "book_name": "Exodus",
      "chapter": 20,
      "verse": 17,
      "text": [
        "Thou",
        "shalt",
        "not",
        "covet",
        "thy",
        "neighbour's",
        "house,",
        "thou",
        "shalt",
        "not",
        "covet",
        "thy",
        "neighbour's",
        "wife,",
        "nor",
        "his",
        "manservant,",
        "nor",
        "his",
        "maidservant,",
        "nor",
        "his",
        "ox,",
        "nor",
        "his",
        "ass,",
        "nor",
        "any",
        "thing",
        "that",
        "*is",
        "thy",
        "neighbour's."
      ],
      "header": "",
      "footer": ""
    },
    {
      "book_name": "Exodus",
      "chapter": 20,
      "verse": 18,
      "text": [
        "¶",
        "And",
        "all",
        "the",
        "people",
        "saw",
        "the",
        "thunderings,",
        "and",
        "the",
        "lightnings,",
        "and",
        "the",
        "noise",
        "of",
        "the",
        "trumpet,",
        "and",
        "the",
        "mountain",
        "smoking:",
        "and",
        "when",
        "the",
        "people",
        "saw",
        "*it,",
        "they",
        "removed,",
        "and",
        "stood",
        "afar",
        "off."
      ],
      "header": "",
      "footer": ""
    },
    {
      "book_name": "Exodus",
      "chapter": 20,
      "verse": 19,
      "text": [
        "And",
        "they",
        "said",
        "unto",
        "Moses,",
        "Speak",
        "thou",
        "with",
        "us,",
        "and",
        "we",
        "will",
        "hear:",
        "but",
        "let",
        "not",
        "God",
        "speak",
        "with",
        "us,",
        "lest",
        "we",
        "die."
      ],
      "header": "",
      "footer": ""
    },
    {
      "book_name": "Exodus",
      "chapter": 20,
      "verse": 20,
      "text": [
        "And",
        "Moses",
        "said",
        "unto",
        "the",
        "people,",
        "Fear",
        "not:",
        "for",
        "God",
        "is",
        "come",
        "to",
        "prove",
        "you,",
        "and",
        "that",
        "his",
        "fear",
        "may",
        "be",
        "before",
        "your",
        "faces,",
        "that",
        "ye",
        "sin",
        "not."
      ],
      "header": "",
      "footer": ""
    },
    {
      "book_name": "Exodus",
      "chapter": 20,
      "verse": 21,
      "text": [
        "And",
        "the",
        "people",
        "stood",
        "afar",
        "off,",
        "and",
        "Moses",
        "drew",
        "near",
        "unto",
        "the",
        "thick",
        "darkness",
        "where",
        "God",
        "*was."
      ],
      "header": "",
      "footer": ""
    },
    {
      "book_name": "Exodus",
      "chapter": 20,
      "verse": 22,
      "text": [
        "¶",
        "And",
        "the",
        "Lᴏʀᴅ",
        "said",
        "unto",
        "Moses,",
        "Thus",
        "thou",
        "shalt",
        "say",
        "unto",
        "the",
        "children",
        "of",
        "Israel,",
        "Ye",
        "have",
        "seen",
        "that",
        "I",
        "have",
        "talked",
        "with",
        "you",
        "from",
        "heaven."
      ],
      "header": "",
      "footer": ""
    },
    {
      "book_name": "Exodus",
      "chapter": 20,
      "verse": 23,
      "text": [
        "Ye",
        "shall",
        "not",
        "make",
        "with",
        "me",
        "gods",
        "of",
        "silver,",
        "neither",
        "shall",
        "ye",
        "make",
        "unto",
        "you",
        "gods",
        "of",
        "gold."
      ],
      "header": "",
      "footer": ""
    },
    {
      "book_name": "Exodus",
      "chapter": 20,
      "verse": 24,
      "text": [
        "¶",
        "An",
        "altar",
        "of",
        "earth",
        "thou",
        "shalt",
        "make",
        "unto",
        "me,",
        "and",
        "shalt",
        "sacrifice",
        "thereon",
        "thy",
        "burnt",
        "offerings,",
        "and",
        "thy",
        "peace",
        "offerings,",
        "thy",
        "sheep,",
        "and",
        "thine",
        "oxen:",
        "in",
        "all",
        "places",
        "where",
        "I",
        "record",
        "my",
        "name",
        "I",
        "will",
        "come",
        "unto",
        "thee,",
        "and",
        "I",
        "will",
        "bless",
        "thee."
      ],
      "header": "",
      "footer": ""
    },
    {
      "book_name": "Exodus",
      "chapter": 20,
      "verse": 25,
      "text": [
        "And",
        "if",
        "thou",
        "wilt",
        "make",
        "me",
        "an",
        "altar",
        "of",
        "stone,",
        "thou",
        "shalt",
        "not",
        "build",
        "it",
        "of",
        "hewn",
        "stone:",
        "for",
        "if",
        "thou",
        "lift",
        "up",
        "thy",
        "tool",
        "upon",
        "it,",
        "thou",
        "hast",
        "polluted",
        "it."
      ],
      "header": "",
      "footer": ""
    },
    {
      "book_name": "Exodus",
      "chapter": 20,
      "verse": 26,
      "text": [
        "Neither",
        "shalt",
        "thou",
        "go",
        "up",
        "by",
        "steps",
        "unto",
        "mine",
        "altar,",
        "that",
        "thy",
        "nakedness",
        "be",
        "not",
        "discovered",
        "thereon."
      ],
      "header": "",
      "footer": ""
    }
  ]
}