{
  "book_name": "2 Samuel",
  "chapter": 23,
  "verses": [
    {
      "book_name": "2 Samuel",
      "chapter": 23,
      "verse": 1,
      "text": [
        "Now",
        "these",
        "*be",
        "the",
        "last",
        "words",
        "of",
        "David.",
        "David",
        "the",
        "son",
        "of",
        "Jesse",
        "said,",
        "and",
        "the",
        "man",
        "*who",
        "*was",
        "raised",
        "up",
        "on",
        "high,",
        "the",
        "anointed",
        "of",
        "the",
        "God",
        "of",
        "Jacob,",
        "and",
        "the",
        "sweet",
        "psalmist",
        "of",
        "Israel,",
        "said,"
      ],
      "header": "",
      "footer": ""
    },
    {
      "book_name": "2 Samuel",
      "chapter": 23,
      "verse": 2,
      "text": [
        "The",
        "Spirit",
        "of",
        "the",
        "Lᴏʀᴅ",
        "spake",
        "by",
        "me,",
        "and",
        "his",
        "word",
        "*was",
        "in",
        "my",
        "tongue."
      ],
      "header": "",
      "footer": ""
    },
    {
      "book_name": "2 Samuel",
      "chapter": 23,
      "verse": 3,
      "text": [
        "The",
        "God",
        "of",
        "Israel",
        "said,",
        "the",
        "Rock",
        "of",
        "Israel",
        "spake",
        "to",
        "me,",
        "He",
        "that",
        "ruleth",
        "over",
        "men",
        "*must",
        "*be",
        "just,",
        "ruling",
        "in",
        "the",
        "fear",
        "of",
        "God."
      ],
      "header": "",
      "footer": ""
    },
    {
      "book_name": "2 Samuel",
      "chapter": 23,
      "verse": 4,
      "text": [
        "And",
        "*he",
        "*shall",
        "*be",
        "as",
        "the",
        "light",
        "of",
        "the",
        "morning,",
        "*when",
        "the",
        "sun",
        "riseth,",
        "*even",
        "a",
        "morning",
        "without",
        "clouds;",
        "*as",
        "the",
        "tender",
        "grass",
        "*springing",
        "out",
        "of",
        "the",
        "earth",
        "by",
        "clear",
        "shining",
        "after",
        "rain."
      ],
      "header": "",
      "footer": ""
    },
    {
      "book_name": "2 Samuel",
      "chapter": 23,
      "verse": 5,
      "text": [
        "Although",
        "my",
        "house",
        "*be",
        "not",
        "so",
        "with",
        "God;",
        "yet",
        "he",
        "hath",
        "made",
        "with",
        "me",
        "an",
        "everlasting",
        "covenant,",
        "ordered",
        "in",
        "all",
        "*things,",
        "and",
        "sure:",
        "for",
        "*this",
        "*is",
        "all",
        "my",
        "salvation,",
        "and",
        "all",
        "*my",
        "desire,",
        "although",
        "he",
        "make",
        "*it",
        "not",
        "to",
        "grow."
      ],
      "header": "",
      "footer": ""
    },
    {
      "book_name": "2 Samuel",
      "chapter": 23,
      "verse": 6,
      "text": [
        "¶",
        "But",
        "*the",
        "*sons",
        "of",
        "Belial",
        "*shall",
        "*be",
        "all",
        "of",
        "them",
        "as",
        "thorns",
        "thrust",
        "away,",
        "because",
        "they",
        "cannot",
        "be",
        "taken",
        "with",
        "hands:"
      ],
      "header": "",
      "footer": ""
    },
    {
      "book_name": "2 Samuel",
      "chapter": 23,
      "verse": 7,
      "text": [
        "But",
        "the",
        "man",
        "*that",
        "shall",
        "touch",
        "them",
        "must",
        "be",
        "fenced",
        "with",
        "iron",
        "and",
        "the",
        "staff",
        "of",
        "a",
        "spear;",
        "and",
        "they",
        "shall",
        "be",
        "utterly",
        "burned",
        "with",
        "fire",
        "in",
        "the",
        "*same",
        "place."
      ],
      "header": "",
      "footer": ""
    },
    {
      "book_name": "2 Samuel",
      "chapter": 23,
      "verse": 8,
      "text": [
        "¶",
        "These",
        "*be",
        "the",
        "names",
        "of",
        "the",
        "mighty",
        "men",
        "whom",
        "David",
        "had:",
        "The",
        "Tachmonite",
        "that",
        "sat",
        "in",
        "the",
        "seat,",
        "chief",
        "among",
        "the",
        "captains;",
        "the",
        "same",
        "*was",
        "Adino",
        "the",
        "Eznite:",
        "*he",
        "*lift",
        "*up",
        "*his",
        "*spear",
        "against",
        "eight",
        "hundred,",
        "whom",
        "he",
        "slew",
        "at",
        "one",
        "time."
      ],
      "header": "",
      "footer": ""
    },
    {
      "book_name": "2 Samuel",
      "chapter": 23,
      "verse": 9,
      "text": [
        "And",
        "after",
        "him",
        "*was",
        "Eleazar",
        "the",
        "son",
        "of",
        "Dodo",
        "the",
        "Ahohite,",
        "*one",
        "of",
        "the",
        "three",
        "mighty",
        "men",
        "with",
        "David,",
        "when",
        "they",
        "defied",
        "the",
        "Philistines",
        "*that",
        "were",
        "there",
        "gathered",
        "together",
        "to",
        "battle,",
        "and",
        "the",
        "men",
        "of",
        "Israel",
        "were",
        "gone",
        "away:"
      ],
      "header": "",
      "footer": ""
    },
    {
      "book_name": "2 Samuel",
      "chapter": 23,
      "verse": 10,
      "text": [
        "He",
        "arose,",
        "and",
        "smote",
        "the",
        "Philistines",
        "until",
        "his",
        "hand",
        "was",
        "weary,",
        "and",
        "his",
        "hand",
        "clave",
        "unto",
        "the",
        "sword:",
        "and",
        "the",
        "Lᴏʀᴅ",
        "wrought",
        "a",
        "great",
        "victory",
        "that",
        "day;",
        "and",
        "the",
        "people",
        "returned",
        "after",
        "him",
        "only",
        "to",
        "spoil."
      ],
      "header": "",
      "footer": ""
    },
    {
      "book_name": "2 Samuel",
      "chapter": 23,
      "verse": 11,
      "text": [
        "And",
        "after",
        "him",
        "*was",
        "Shammah",
        "the",
        "son",
        "of",
        "Agee",
        "the",
        "Hararite.",
        "And",
        "the",
        "Philistines",
        "were",
        "gathered",
        "together",
        "into",
        "a",
        "troop,",
        "where",
        "was",
        "a",
        "piece",
        "of",
        "ground",
        "full",
        "of",
        "lentiles:",
        "and",
        "the",
        "people",
        "fled",
        "from",
        "the",
        "Philistines."
      ],
      "header": "",
      "footer": ""
    },
    {
      "book_name": "2 Samuel",
      "chapter": 23,
      "verse": 12,
      "text": [
        "But",
        "he",
        "stood",
        "in",
        "the",
        "midst",
        "of",
        "the",
        "ground,",
        "and",
        "defended",
        "it,",
        "and",
        "slew",
        "the",
        "Philistines:",
        "and",
        "the",
        "Lᴏʀᴅ",
        "wrought",
        "a",
        "great",
        "victory."
      ],
      "header": "",
      "footer": ""
    },
    {
      "book_name": "2 Samuel",
      "chapter": 23,
      "verse": 13,
      "text": [
        "And",
        "three",
        "of",
        "the",
        "thirty",
        "chief",
        "went",
        "down,",
        "and",
        "came",
        "to",
        "David",
        "in",
        "the",
        "harvest",
        "time",
        "unto",
        "the",
        "cave",
        "of",
        "Adullam:",
        "and",
        "the",
        "troop",
        "of",
        "the",
        "Philistines",
        "pitched",
        "in",
        "the",
        "valley",
        "of",
        "Rephaim."
      ],
      "header": "",
      "footer": ""
    },
    {
      "book_name": "2 Samuel",
      "chapter": 23,
      "verse": 14,
      "text": [
        "And",
        "David",
        "*was",
        "then",
        "in",
        "an",
        "hold,",
        "and",
        "the",
        "garrison",
        "of",
        "the",
        "Philistines",
        "*was",
        "then",
        "*in",
        "Bethlehem."
      ],
      "header": "",
      "footer": ""
    },
    {
      "book_name": "2 Samuel",
      "chapter": 23,
      "verse": 15,
      "text": [
        "And",
        "David",
        "longed,",
        "and",
        "said,",
        "Oh",
        "that",
        "one",
        "would",
        "give",
        "me",
        "drink",
        "of",
        "the",
        "water",
        "of",
        "the",
        "well",
        "of",
        "Bethlehem,",
        "which",
        "*is",
        "by",
        "the",
        "gate!"
      ],
      "header": "",
      "footer": ""
    },
    {
      "book_name": "2 Samuel",
      "chapter": 23,
      "verse": 16,
      "text": [
        "And",
        "the",
        "three",
        "mighty",
        "men",
        "brake",
        "through",
        "the",
        "host",
        "of",
        "the",
        "Philistines,",
        "and",
        "drew",
        "water",
        "out",
        "of",
        "the",
        "well",
        "of",
        "Bethlehem,",
        "that",
        "*was",
        "by",
        "the",
        "gate,",
        "and",
        "took",
        "*it,",
        "and",
        "brought",
        "*it",
        "to",
        "David:",
        "nevertheless",
        "he",
        "would",
        "not",
        "drink",
        "thereof,",
        "but",
        "poured",
        "it",
        "out",
        "unto",
        "the",
        "Lᴏʀᴅ."
      ],
      "header": "",
      "footer": ""
    },
    {
      "book_name": "2 Samuel",
      "chapter": 23,
      "verse": 17,
      "text": [
        "And",
        "he",
        "said,",
        "Be",
        "it",
        "far",
        "from",
        "me,",
        "O",
        "Lᴏʀᴅ,",
        "that",
        "I",
        "should",
        "do",
        "this:",
        "*is",
        "*not",
        "*this",
        "the",
        "blood",
        "of",
        "the",
        "men",
        "that",
        "went",
        "in",
        "jeopardy",
        "of",
        "their",
        "lives?",
        "therefore",
        "he",
        "would",
        "not",
        "drink",
        "it.",
        "These",
        "things",
        "did",
        "these",
        "three",
        "mighty",
        "men."
      ],
      "header": "",
      "footer": ""
    },
    {
      "book_name": "2 Samuel",
      "chapter": 23,
      "verse": 18,
      "text": [
        "And",
        "Abishai,",
        "the",
        "brother",
        "of",
        "Joab,",
        "the",
        "son",
        "of",
        "Zeruiah,",
        "was",
        "chief",
        "among",
        "three.",
        "And",
        "he",
        "lifted",
        "up",
        "his",
        "spear",
        "against",
        "three",
        "hundred,",
        "*and",
        "slew",
        "*them,",
        "and",
        "had",
        "the",
        "name",
        "among",
        "three."
      ],
      "header": "",
      "footer": ""
    },
    {
      "book_name": "2 Samuel",
      "chapter": 23,
      "verse": 19,
      "text": [
        "Was",
        "he",
        "not",
        "most",
        "honourable",
        "of",
        "three?",
        "therefore",
        "he",
        "was",
        "their",
        "captain:",
        "howbeit",
        "he",
        "attained",
        "not",
        "unto",
        "the",
        "*first",
        "three."
      ],
      "header": "",
      "footer": ""
    },
    {
      "book_name": "2 Samuel",
      "chapter": 23,
      "verse": 20,
      "text": [
        "And",
        "Benaiah",
        "the",
        "son",
        "of",
        "Jehoiada,",
        "the",
        "son",
        "of",
        "a",
        "valiant",
        "man,",
        "of",
        "Kabzeel,",
        "who",
        "had",
        "done",
        "many",
        "acts,",
        "he",
        "slew",
        "two",
        "lionlike",
        "men",
        "of",
        "Moab:",
        "he",
        "went",
        "down",
        "also",
        "and",
        "slew",
        "a",
        "lion",
        "in",
        "the",
        "midst",
        "of",
        "a",
        "pit",
        "in",
        "time",
        "of",
        "snow:"
      ],
      "header": "",
      "footer": ""
    },
    {
      "book_name": "2 Samuel",
      "chapter": 23,
      "verse": 21,
      "text": [
        "And",
        "he",
        "slew",
        "an",
        "Egyptian,",
        "a",
        "goodly",
        "man:",
        "and",
        "the",
        "Egyptian",
        "had",
        "a",
        "spear",
        "in",
        "his",
        "hand;",
        "but",
        "he",
        "went",
        "down",
        "to",
        "him",
        "with",
        "a",
        "staff,",
        "and",
        "plucked",
        "the",
        "spear",
        "out",
        "of",
        "the",
        "Egyptian's",
        "hand,",
        "and",
        "slew",
        "him",
        "with",
        "his",
        "own",
        "spear."
      ],
      "header": "",
      "footer": ""
    },
    {
      "book_name": "2 Samuel",
      "chapter": 23,
      "verse": 22,
      "text": [
        "These",
        "*things",
        "did",
        "Benaiah",
        "the",
        "son",
        "of",
        "Jehoiada,",
        "and",
        "had",
        "the",
        "name",
        "among",
        "three",
        "mighty",
        "men."
      ],
      "header": "",
      "footer": ""
    },
    {
      "book_name": "2 Samuel",
      "chapter": 23,
      "verse": 23,
      "text": [
        "He",
        "was",
        "more",
        "honourable",
        "than",
        "the",
        "thirty,",
        "but",
        "he",
        "attained",
        "not",
        "to",
        "the",
        "*first",
        "three.",
        "And",
        "David",
        "set",
        "him",
        "over",
        "his",
        "guard."
      ],
      "header": "",
      "footer": ""
    },
    {
      "book_name": "2 Samuel",
      "chapter": 23,
      "verse": 24,
      "text": [
        "Asahel",
        "the",
        "brother",
        "of",
        "Joab",
        "*was",
        "one",
        "of",
        "the",
        "thirty;",
        "Elhanan",
        "the",
        "son",
        "of",
        "Dodo",
        "of",
        "Bethlehem,"
      ],
      "header": "",
      "footer": ""
    },
    {
      "book_name": "2 Samuel",
      "chapter": 23,
      "verse": 25,
      "text": [
        "Shammah",
        "the",
        "Harodite,",
        "Elika",
        "the",
        "Harodite,"
      ],
      "header": "",
      "footer": ""
    },
    {
      "book_name": "2 Samuel",
      "chapter": 23,
      "verse": 26,
      "text": [
        "Helez",
        "the",
        "Paltite,",
        "Ira",
        "the",
        "son",
        "of",
        "Ikkesh",
        "the",
        "Tekoite,"
      ],
      "header": "",
      "footer": ""
    },
    {
      "book_name": "2 Samuel",
      "chapter": 23,
      "verse": 27,
      "text": [
        "Abiezer",
        "the",
        "Anethothite,",
        "Mebunnai",
        "the",
        "Hushathite,"
      ],
      "header": "",
      "footer": ""
    },
    {
      "book_name": "2 Samuel",
      "chapter": 23,
      "verse": 28,
      "text": [
        "Zalmon",
        "the",
        "Ahohite,",
        "Maharai",
        "the",
        "Netophathite,"
      ],
      "header": "",
      "footer": ""
    },
    {
      "book_name": "2 Samuel",
      "chapter": 23,
      "verse": 29,
      "text": [
        "Heleb",
        "the",
        "son",
        "of",
        "Baanah,",
        "a",
        "Netophathite,",
        "Ittai",
        "the",
        "son",
        "of",
        "Ribai",
        "out",
        "of",
        "Gibeah",
        "of",
        "the",
        "children",
        "of",
        "Benjamin,"
      ],
      "header": "",
      "footer": ""
    },
    {
      "book_name": "2 Samuel",
      "chapter": 23,
      "verse": 30,
      "text": [
        "Benaiah",
        "the",
        "Pirathonite,",
        "Hiddai",
        "of",
        "the",
        "brooks",
        "of",
        "Gaash,"
      ],
      "header": "",
      "footer": ""
    },
    {
      "book_name": "2 Samuel",
      "chapter": 23,
      "verse": 31,
      "text": [
        "Abialbon",
        "the",
        "Arbathite,",
        "Azmaveth",
        "the",
        "Barhumite,"
      ],
      "header": "",
      "footer": ""
    },
    {
      "book_name": "2 Samuel",
      "chapter": 23,
      "verse": 32,
      "text": [
        "Eliahba",
        "the",
        "Shaalbonite,",
        "of",
        "the",
        "sons",
        "of",
        "Jashen,",
        "Jonathan,"
      ],
      "header": "",
      "footer": ""
    },
    {
      "book_name": "2 Samuel",
      "chapter": 23,
      "verse": 33,
      "text": [
        "Shammah",
        "the",
        "Hararite,",
        "Ahiam",
        "the",
        "son",
        "of",
        "Sharar",
        "the",
        "Hararite,"
      ],
      "header": "",
      "footer": ""
    },
    {
      "book_name": "2 Samuel",
      "chapter": 23,
      "verse": 34,
      "text": [
        "Eliphelet",
        "the",
        "son",
        "of",
        "Ahasbai,",
        "the",
        "son",
        "of",
        "the",
        "Maachathite,",
        "Eliam",
        "the",
        "son",
        "of",
        "Ahithophel",
        "the",
        "Gilonite,"
      ],
      "header": "",
      "footer": ""
    },
    {
      "book_name": "2 Samuel",
      "chapter": 23,
      "verse": 35,
      "text": [
        "Hezrai",
        "the",
        "Carmelite,",
        "Paarai",
        "the",
        "Arbite,"
      ],
      "header": "",
      "footer": ""
    },
    {
      "book_name": "2 Samuel",
      "chapter": 23,
      "verse": 36,
      "text": [
        "Igal",
        "the",
        "son",
        "of",
        "Nathan",
        "of",
        "Zobah,",
        "Bani",
        "the",
        "Gadite,"
      ],
      "header": "",
      "footer": ""
    },
    {
      "book_name": "2 Samuel",
      "chapter": 23,
      "verse": 37,
      "text": [
        "Zelek",
        "the",
        "Ammonite,",
        "Naharai",
        "the",
        "Beerothite,",
        "armourbearer",
        "to",
        "Joab",
        "the",
        "son",
        "of",
        "Zeruiah,"
      ],
      "header": "",
      "footer": ""
    },
    {
      "book_name": "2 Samuel",
      "chapter": 23,
      "verse": 38,
      "text": [
        "Ira",
        "an",
        "Ithrite,",
        "Gareb",
        "an",
        "Ithrite,"
      ],
      "header": "",
      "footer": ""
    },
    {
      "book_name": "2 Samuel",
      "chapter": 23,
      "verse": 39,
      "text": [
        "Uriah",
        "the",
        "Hittite:",
        "thirty",
        "and",
        "seven",
        "in",
        "all."
      ],
      "header": "",
      "footer": ""
    }
  ]
}