{
  "book_name": "2 Samuel",
  "chapter": 7,
  "verses": [
    {
      "book_name": "2 Samuel",
      "chapter": 7,
      "verse": 1,
      "text": [
        "And",
        "it",
        "came",
        "to",
        "pass,",
        "when",
        "the",
        "king",
        "sat",
        "in",
        "his",
        "house,",
        "and",
        "the",
        "Lᴏʀᴅ",
        "had",
        "given",
        "him",
        "rest",
        "round",
        "about",
        "from",
        "all",
        "his",
        "enemies;"
      ],
      "header": "",
      "footer": ""
    },
    {
      "book_name": "2 Samuel",
      "chapter": 7,
      "verse": 2,
      "text": [
        "That",
        "the",
        "king",
        "said",
        "unto",
        "Nathan",
        "the",
        "prophet,",
        "See",
        "now,",
        "I",
        "dwell",
        "in",
        "an",
        "house",
        "of",
        "cedar,",
        "but",
        "the",
        "ark",
        "of",
        "God",
        "dwelleth",
        "within",
        "curtains."
      ],
      "header": "",
      "footer": ""
    },
    {
      "book_name": "2 Samuel",
      "chapter": 7,
      "verse": 3,
      "text": [
        "And",
        "Nathan",
        "said",
        "to",
        "the",
        "king,",
        "Go,",
        "do",
        "all",
        "that",
        "*is",
        "in",
        "thine",
        "heart;",
        "for",
        "the",
        "Lᴏʀᴅ",
        "*is",
        "with",
        "thee."
      ],
      "header": "",
      "footer": ""
    },
    {
      "book_name": "2 Samuel",
      "chapter": 7,
      "verse": 4,
      "text": [
        "¶",
        "And",
        "it",
        "came",
        "to",
        "pass",
        "that",
        "night,",
        "that",
        "the",
        "word",
        "of",
        "the",
        "Lᴏʀᴅ",
        "came",
        "unto",
        "Nathan,",
        "saying,"
      ],
      "header": "",
      "footer": ""
    },
    {
      "book_name": "2 Samuel",
      "chapter": 7,
      "verse": 5,
      "text": [
        "Go",
        "and",
        "tell",
        "my",
        "servant",
        "David,",
        "Thus",
        "saith",
        "the",
        "Lᴏʀᴅ,",
        "Shalt",
        "thou",
        "build",
        "me",
        "an",
        "house",
        "for",
        "me",
        "to",
        "dwell",
        "in?"
      ],
      "header": "",
      "footer": ""
    },
    {
      "book_name": "2 Samuel",
      "chapter": 7,
      "verse": 6,
      "text": [
        "Whereas",
        "I",
        "have",
        "not",
        "dwelt",
        "in",
        "*any",
        "house",
        "since",
        "the",
        "time",
        "that",
        "I",
        "brought",
        "up",
        "the",
        "children",
        "of",
        "Israel",
        "out",
        "of",
        "Egypt,",
        "even",
        "to",
        "this",
        "day,",
        "but",
        "have",
        "walked",
        "in",
        "a",
        "tent",
        "and",
        "in",
        "a",
        "tabernacle."
      ],
      "header": "",
      "footer": ""
    },
    {
      "book_name": "2 Samuel",
      "chapter": 7,
      "verse": 7,
      "text": [
        "In",
        "all",
        "*the",
        "*places",
        "wherein",
        "I",
        "have",
        "walked",
        "with",
        "all",
        "the",
        "children",
        "of",
        "Israel",
        "spake",
        "I",
        "a",
        "word",
        "with",
        "any",
        "of",
        "the",
        "tribes",
        "of",
        "Israel,",
        "whom",
        "I",
        "commanded",
        "to",
        "feed",
        "my",
        "people",
        "Israel,",
        "saying,",
        "Why",
        "build",
        "ye",
        "not",
        "me",
        "an",
        "house",
        "of",
        "cedar?"
      ],
      "header": "",
      "footer": ""
    },
    {
      "book_name": "2 Samuel",
      "chapter": 7,
      "verse": 8,
      "text": [
        "Now",
        "therefore",
        "so",
        "shalt",
        "thou",
        "say",
        "unto",
        "my",
        "servant",
        "David,",
        "Thus",
        "saith",
        "the",
        "Lᴏʀᴅ",
        "of",
        "hosts,",
        "I",
        "took",
        "thee",
        "from",
        "the",
        "sheepcote,",
        "from",
        "following",
        "the",
        "sheep,",
        "to",
        "be",
        "ruler",
        "over",
        "my",
        "people,",
        "over",
        "Israel:"
      ],
      "header": "",
      "footer": ""
    },
    {
      "book_name": "2 Samuel",
      "chapter": 7,
      "verse": 9,
      "text": [
        "And",
        "I",
        "was",
        "with",
        "thee",
        "whithersoever",
        "thou",
        "wentest,",
        "and",
        "have",
        "cut",
        "off",
        "all",
        "thine",
        "enemies",
        "out",
        "of",
        "thy",
        "sight,",
        "and",
        "have",
        "made",
        "thee",
        "a",
        "great",
        "name,",
        "like",
        "unto",
        "the",
        "name",
        "of",
        "the",
        "great",
        "*men",
        "that",
        "*are",
        "in",
        "the",
        "earth."
      ],
      "header": "",
      "footer": ""
    },
    {
      "book_name": "2 Samuel",
      "chapter": 7,
      "verse": 10,
      "text": [
        "Moreover",
        "I",
        "will",
        "appoint",
        "a",
        "place",
        "for",
        "my",
        "people",
        "Israel,",
        "and",
        "will",
        "plant",
        "them,",
        "that",
        "they",
        "may",
        "dwell",
        "in",
        "a",
        "place",
        "of",
        "their",
        "own,",
        "and",
        "move",
        "no",
        "more;",
        "neither",
        "shall",
        "the",
        "children",
        "of",
        "wickedness",
        "afflict",
        "them",
        "any",
        "more,",
        "as",
        "beforetime,"
      ],
      "header": "",
      "footer": ""
    },
    {
      "book_name": "2 Samuel",
      "chapter": 7,
      "verse": 11,
      "text": [
        "And",
        "as",
        "since",
        "the",
        "time",
        "that",
        "I",
        "commanded",
        "judges",
        "*to",
        "*be",
        "over",
        "my",
        "people",
        "Israel,",
        "and",
        "have",
        "caused",
        "thee",
        "to",
        "rest",
        "from",
        "all",
        "thine",
        "enemies.",
        "Also",
        "the",
        "Lᴏʀᴅ",
        "telleth",
        "thee",
        "that",
        "he",
        "will",
        "make",
        "thee",
        "an",
        "house."
      ],
      "header": "",
      "footer": ""
    },
    {
      "book_name": "2 Samuel",
      "chapter": 7,
      "verse": 12,
      "text": [
        "¶",
        "And",
        "when",
        "thy",
        "days",
        "be",
        "fulfilled,",
        "and",
        "thou",
        "shalt",
        "sleep",
        "with",
        "thy",
        "fathers,",
        "I",
        "will",
        "set",
        "up",
        "thy",
        "seed",
        "after",
        "thee,",
        "which",
        "shall",
        "proceed",
        "out",
        "of",
        "thy",
        "bowels,",
        "and",
        "I",
        "will",
        "establish",
        "his",
        "kingdom."
      ],
      "header": "",
      "footer": ""
    },
    {
      "book_name": "2 Samuel",
      "chapter": 7,
      "verse": 13,
      "text": [
        "He",
        "shall",
        "build",
        "an",
        "house",
        "for",
        "my",
        "name,",
        "and",
        "I",
        "will",
        "stablish",
        "the",
        "throne",
        "of",
        "his",
        "kingdom",
        "for",
        "ever."
      ],
      "header": "",
      "footer": ""
    },
    {
      "book_name": "2 Samuel",
      "chapter": 7,
      "verse": 14,
      "text": [
        "I",
        "will",
        "be",
        "his",
        "father,",
        "and",
        "he",
        "shall",
        "be",
        "my",
        "son.",
        "If",
        "he",
        "commit",
        "iniquity,",
        "I",
        "will",
        "chasten",
        "him",
        "with",
        "the",
        "rod",
        "of",
        "men,",
        "and",
        "with",
        "the",
        "stripes",
        "of",
        "the",
        "children",
        "of",
        "men:"
      ],
      "header": "",
      "footer": ""
    },
    {
      "book_name": "2 Samuel",
      "chapter": 7,
      "verse": 15,
      "text": [
        "But",
        "my",
        "mercy",
        "shall",
        "not",
        "depart",
        "away",
        "from",
        "him,",
        "as",
        "I",
        "took",
        "*it",
        "from",
        "Saul,",
        "whom",
        "I",
        "put",
        "away",
        "before",
        "thee."
      ],
      "header": "",
      "footer": ""
    },
    {
      "book_name": "2 Samuel",
      "chapter": 7,
      "verse": 16,
      "text": [
        "And",
        "thine",
        "house",
        "and",
        "thy",
        "kingdom",
        "shall",
        "be",
        "established",
        "for",
        "ever",
        "before",
        "thee:",
        "thy",
        "throne",
        "shall",
        "be",
        "established",
        "for",
        "ever."
      ],
      "header": "",
      "footer": ""
    },
    {
      "book_name": "2 Samuel",
      "chapter": 7,
      "verse": 17,
      "text": [
        "According",
        "to",
        "all",
        "these",
        "words,",
        "and",
        "according",
        "to",
        "all",
        "this",
        "vision,",
        "so",
        "did",
        "Nathan",
        "speak",
        "unto",
        "David."
      ],
      "header": "",
      "footer": ""
    },
    {
      "book_name": "2 Samuel",
      "chapter": 7,
      "verse": 18,
      "text": [
        "¶",
        "Then",
        "went",
        "king",
        "David",
        "in,",
        "and",
        "sat",
        "before",
        "the",
        "Lᴏʀᴅ,",
        "and",
        "he",
        "said,",
        "Who",
        "*am",
        "I,",
        "O",
        "Lord",
        "Gᴏᴅ?",
        "and",
        "what",
        "*is",
        "my",
        "house,",
        "that",
        "thou",
        "hast",
        "brought",
        "me",
        "hitherto?"
      ],
      "header": "",
      "footer": ""
    },
    {
      "book_name": "2 Samuel",
      "chapter": 7,
      "verse": 19,
      "text": [
        "And",
        "this",
        "was",
        "yet",
        "a",
        "small",
        "thing",
        "in",
        "thy",
        "sight,",
        "O",
        "Lord",
        "Gᴏᴅ;",
        "but",
        "thou",
        "hast",
        "spoken",
        "also",
        "of",
        "thy",
        "servant's",
        "house",
        "for",
        "a",
        "great",
        "while",
        "to",
        "come.",
        "And",
        "*is",
        "this",
        "the",
        "manner",
        "of",
        "man,",
        "O",
        "Lord",
        "Gᴏᴅ?"
      ],
      "header": "",
      "footer": ""
    },
    {
      "book_name": "2 Samuel",
      "chapter": 7,
      "verse": 20,
      "text": [
        "And",
        "what",
        "can",
        "David",
        "say",
        "more",
        "unto",
        "thee?",
        "for",
        "thou,",
        "Lord",
        "Gᴏᴅ,",
        "knowest",
        "thy",
        "servant."
      ],
      "header": "",
      "footer": ""
    },
    {
      "book_name": "2 Samuel",
      "chapter": 7,
      "verse": 21,
      "text": [
        "For",
        "thy",
        "word's",
        "sake,",
        "and",
        "according",
        "to",
        "thine",
        "own",
        "heart,",
        "hast",
        "thou",
        "done",
        "all",
        "these",
        "great",
        "things,",
        "to",
        "make",
        "thy",
        "servant",
        "know",
        "*them."
      ],
      "header": "",
      "footer": ""
    },
    {
      "book_name": "2 Samuel",
      "chapter": 7,
      "verse": 22,
      "text": [
        "Wherefore",
        "thou",
        "art",
        "great,",
        "O",
        "Lᴏʀᴅ",
        "God:",
        "for",
        "*there",
        "*is",
        "none",
        "like",
        "thee,",
        "neither",
        "*is",
        "*there",
        "*any",
        "God",
        "beside",
        "thee,",
        "according",
        "to",
        "all",
        "that",
        "we",
        "have",
        "heard",
        "with",
        "our",
        "ears."
      ],
      "header": "",
      "footer": ""
    },
    {
      "book_name": "2 Samuel",
      "chapter": 7,
      "verse": 23,
      "text": [
        "And",
        "what",
        "one",
        "nation",
        "in",
        "the",
        "earth",
        "*is",
        "like",
        "thy",
        "people,",
        "*even",
        "like",
        "Israel,",
        "whom",
        "God",
        "went",
        "to",
        "redeem",
        "for",
        "a",
        "people",
        "to",
        "himself,",
        "and",
        "to",
        "make",
        "him",
        "a",
        "name,",
        "and",
        "to",
        "do",
        "for",
        "you",
        "great",
        "things",
        "and",
        "terrible,",
        "for",
        "thy",
        "land,",
        "before",
        "thy",
        "people,",
        "which",
        "thou",
        "redeemedst",
        "to",
        "thee",
        "from",
        "Egypt,",
        "*from",
        "the",
        "nations",
        "and",
        "their",
        "gods?"
      ],
      "header": "",
      "footer": ""
    },
    {
      "book_name": "2 Samuel",
      "chapter": 7,
      "verse": 24,
      "text": [
        "For",
        "thou",
        "hast",
        "confirmed",
        "to",
        "thyself",
        "thy",
        "people",
        "Israel",
        "*to",
        "*be",
        "a",
        "people",
        "unto",
        "thee",
        "for",
        "ever:",
        "and",
        "thou,",
        "Lᴏʀᴅ,",
        "art",
        "become",
        "their",
        "God."
      ],
      "header": "",
      "footer": ""
    },
    {
      "book_name": "2 Samuel",
      "chapter": 7,
      "verse": 25,
      "text": [
        "And",
        "now,",
        "O",
        "Lᴏʀᴅ",
        "God,",
        "the",
        "word",
        "that",
        "thou",
        "hast",
        "spoken",
        "concerning",
        "thy",
        "servant,",
        "and",
        "concerning",
        "his",
        "house,",
        "establish",
        "*it",
        "for",
        "ever,",
        "and",
        "do",
        "as",
        "thou",
        "hast",
        "said."
      ],
      "header": "",
      "footer": ""
    },
    {
      "book_name": "2 Samuel",
      "chapter": 7,
      "verse": 26,
      "text": [
        "And",
        "let",
        "thy",
        "name",
        "be",
        "magnified",
        "for",
        "ever,",
        "saying,",
        "The",
        "Lᴏʀᴅ",
        "of",
        "hosts",
        "*is",
        "the",
        "God",
        "over",
        "Israel:",
        "and",
        "let",
        "the",
        "house",
        "of",
        "thy",
        "servant",
        "David",
        "be",
        "established",
        "before",
        "thee."
      ],
      "header": "",
      "footer": ""
    },
    {
      "book_name": "2 Samuel",
      "chapter": 7,
      "verse": 27,
      "text": [
        "For",
        "thou,",
        "O",
        "Lᴏʀᴅ",
        "of",
        "hosts,",
        "God",
        "of",
        "Israel,",
        "hast",
        "revealed",
        "to",
        "thy",
        "servant,",
        "saying,",
        "I",
        "will",
        "build",
        "thee",
        "an",
        "house:",
        "therefore",
        "hath",
        "thy",
        "servant",
        "found",
        "in",
        "his",
        "heart",
        "to",
        "pray",
        "this",
        "prayer",
        "unto",
        "thee."
      ],
      "header": "",
      "footer": ""
    },
    {
      "book_name": "2 Samuel",
      "chapter": 7,
      "verse": 28,
      "text": [
        "And",
        "now,",
        "O",
        "Lord",
        "Gᴏᴅ,",
        "thou",
        "*art",
        "that",
        "God,",
        "and",
        "thy",
        "words",
        "be",
        "true,",
        "and",
        "thou",
        "hast",
        "promised",
        "this",
        "goodness",
        "unto",
        "thy",
        "servant:"
      ],
      "header": "",
      "footer": ""
    },
    {
      "book_name": "2 Samuel",
      "chapter": 7,
      "verse": 29,
      "text": [
        "Therefore",
        "now",
        "let",
        "it",
        "please",
        "thee",
        "to",
        "bless",
        "the",
        "house",
        "of",
        "thy",
        "servant,",
        "that",
        "it",
        "may",
        "continue",
        "for",
        "ever",
        "before",
        "thee:",
        "for",
        "thou,",
        "O",
        "Lord",
        "Gᴏᴅ,",
        "hast",
        "spoken",
        "*it:",
        "and",
        "with",
        "thy",
        "blessing",
        "let",
        "the",
        "house",
        "of",
        "thy",
        "servant",
        "be",
        "blessed",
        "for",
        "ever."
      ],
      "header": "",
      "footer": ""
    }
  ]
}