{
  "book_name": "2 Samuel",
  "chapter": 8,
  "verses": [
    {
      "book_name": "2 Samuel",
      "chapter": 8,
      "verse": 1,
      "text": [
        "And",
        "after",
        "this",
        "it",
        "came",
        "to",
        "pass,",
        "that",
        "David",
        "smote",
        "the",
        "Philistines,",
        "and",
        "subdued",
        "them:",
        "and",
        "David",
        "took",
        "Methegammah",
        "out",
        "of",
        "the",
        "hand",
        "of",
        "the",
        "Philistines."
      ],
      "header": "",
      "footer": ""
    },
    {
      "book_name": "2 Samuel",
      "chapter": 8,
      "verse": 2,
      "text": [
        "And",
        "he",
        "smote",
        "Moab,",
        "and",
        "measured",
        "them",
        "with",
        "a",
        "line,",
        "casting",
        "them",
        "down",
        "to",
        "the",
        "ground;",
        "even",
        "with",
        "two",
        "lines",
        "measured",
        "he",
        "to",
        "put",
        "to",
        "death,",
        "and",
        "with",
        "one",
        "full",
        "line",
        "to",
        "keep",
        "alive.",
        "And",
        "*so",
        "the",
        "Moabites",
        "became",
        "David's",
        "servants,",
        "*and",
        "brought",
        "gifts."
      ],
      "header": "",
      "footer": ""
    },
    {
      "book_name": "2 Samuel",
      "chapter": 8,
      "verse": 3,
      "text": [
        "¶",
        "David",
        "smote",
        "also",
        "Hadadezer,",
        "the",
        "son",
        "of",
        "Rehob,",
        "king",
        "of",
        "Zobah,",
        "as",
        "he",
        "went",
        "to",
        "recover",
        "his",
        "border",
        "at",
        "the",
        "river",
        "Euphrates."
      ],
      "header": "",
      "footer": ""
    },
    {
      "book_name": "2 Samuel",
      "chapter": 8,
      "verse": 4,
      "text": [
        "And",
        "David",
        "took",
        "from",
        "him",
        "a",
        "thousand",
        "*chariots,",
        "and",
        "seven",
        "hundred",
        "horsemen,",
        "and",
        "twenty",
        "thousand",
        "footmen:",
        "and",
        "David",
        "houghed",
        "all",
        "the",
        "chariot",
        "*horses,",
        "but",
        "reserved",
        "of",
        "them",
        "*for",
        "an",
        "hundred",
        "chariots."
      ],
      "header": "",
      "footer": ""
    },
    {
      "book_name": "2 Samuel",
      "chapter": 8,
      "verse": 5,
      "text": [
        "And",
        "when",
        "the",
        "Syrians",
        "of",
        "Damascus",
        "came",
        "to",
        "succour",
        "Hadadezer",
        "king",
        "of",
        "Zobah,",
        "David",
        "slew",
        "of",
        "the",
        "Syrians",
        "two",
        "and",
        "twenty",
        "thousand",
        "men."
      ],
      "header": "",
      "footer": ""
    },
    {
      "book_name": "2 Samuel",
      "chapter": 8,
      "verse": 6,
      "text": [
        "Then",
        "David",
        "put",
        "garrisons",
        "in",
        "Syria",
        "of",
        "Damascus:",
        "and",
        "the",
        "Syrians",
        "became",
        "servants",
        "to",
        "David,",
        "*and",
        "brought",
        "gifts.",
        "And",
        "the",
        "Lᴏʀᴅ",
        "preserved",
        "David",
        "whithersoever",
        "he",
        "went."
      ],
      "header": "",
      "footer": ""
    },
    {
      "book_name": "2 Samuel",
      "chapter": 8,
      "verse": 7,
      "text": [
        "And",
        "David",
        "took",
        "the",
        "shields",
        "of",
        "gold",
        "that",
        "were",
        "on",
        "the",
        "servants",
        "of",
        "Hadadezer,",
        "and",
        "brought",
        "them",
        "to",
        "Jerusalem."
      ],
      "header": "",
      "footer": ""
    },
    {
      "book_name": "2 Samuel",
      "chapter": 8,
      "verse": 8,
      "text": [
        "And",
        "from",
        "Betah,",
        "and",
        "from",
        "Berothai,",
        "cities",
        "of",
        "Hadadezer,",
        "king",
        "David",
        "took",
        "exceeding",
        "much",
        "brass."
      ],
      "header": "",
      "footer": ""
    },
    {
      "book_name": "2 Samuel",
      "chapter": 8,
      "verse": 9,
      "text": [
        "¶",
        "When",
        "Toi",
        "king",
        "of",
        "Hamath",
        "heard",
        "that",
        "David",
        "had",
        "smitten",
        "all",
        "the",
        "host",
        "of",
        "Hadadezer,"
      ],
      "header": "",
      "footer": ""
    },
    {
      "book_name": "2 Samuel",
      "chapter": 8,
      "verse": 10,
      "text": [
        "Then",
        "Toi",
        "sent",
        "Joram",
        "his",
        "son",
        "unto",
        "king",
        "David,",
        "to",
        "salute",
        "him,",
        "and",
        "to",
        "bless",
        "him,",
        "because",
        "he",
        "had",
        "fought",
        "against",
        "Hadadezer,",
        "and",
        "smitten",
        "him:",
        "for",
        "Hadadezer",
        "had",
        "wars",
        "with",
        "Toi.",
        "And",
        "*Joram",
        "brought",
        "with",
        "him",
        "vessels",
        "of",
        "silver,",
        "and",
        "vessels",
        "of",
        "gold,",
        "and",
        "vessels",
        "of",
        "brass:"
      ],
      "header": "",
      "footer": ""
    },
    {
      "book_name": "2 Samuel",
      "chapter": 8,
      "verse": 11,
      "text": [
        "Which",
        "also",
        "king",
        "David",
        "did",
        "dedicate",
        "unto",
        "the",
        "Lᴏʀᴅ,",
        "with",
        "the",
        "silver",
        "and",
        "gold",
        "that",
        "he",
        "had",
        "dedicated",
        "of",
        "all",
        "nations",
        "which",
        "he",
        "subdued;"
      ],
      "header": "",
      "footer": ""
    },
    {
      "book_name": "2 Samuel",
      "chapter": 8,
      "verse": 12,
      "text": [
        "Of",
        "Syria,",
        "and",
        "of",
        "Moab,",
        "and",
        "of",
        "the",
        "children",
        "of",
        "Ammon,",
        "and",
        "of",
        "the",
        "Philistines,",
        "and",
        "of",
        "Amalek,",
        "and",
        "of",
        "the",
        "spoil",
        "of",
        "Hadadezer,",
        "son",
        "of",
        "Rehob,",
        "king",
        "of",
        "Zobah."
      ],
      "header": "",
      "footer": ""
    },
    {
      "book_name": "2 Samuel",
      "chapter": 8,
      "verse": 13,
      "text": [
        "And",
        "David",
        "gat",
        "*him",
        "a",
        "name",
        "when",
        "he",
        "returned",
        "from",
        "smiting",
        "of",
        "the",
        "Syrians",
        "in",
        "the",
        "valley",
        "of",
        "salt,",
        "*being",
        "eighteen",
        "thousand",
        "*men."
      ],
      "header": "",
      "footer": ""
    },
    {
      "book_name": "2 Samuel",
      "chapter": 8,
      "verse": 14,
      "text": [
        "¶",
        "And",
        "he",
        "put",
        "garrisons",
        "in",
        "Edom;",
        "throughout",
        "all",
        "Edom",
        "put",
        "he",
        "garrisons,",
        "and",
        "all",
        "they",
        "of",
        "Edom",
        "became",
        "David's",
        "servants.",
        "And",
        "the",
        "Lᴏʀᴅ",
        "preserved",
        "David",
        "whithersoever",
        "he",
        "went."
      ],
      "header": "",
      "footer": ""
    },
    {
      "book_name": "2 Samuel",
      "chapter": 8,
      "verse": 15,
      "text": [
        "And",
        "David",
        "reigned",
        "over",
        "all",
        "Israel;",
        "and",
        "David",
        "executed",
        "judgment",
        "and",
        "justice",
        "unto",
        "all",
        "his",
        "people."
      ],
      "header": "",
      "footer": ""
    },
    {
      "book_name": "2 Samuel",
      "chapter": 8,
      "verse": 16,
      "text": [
        "And",
        "Joab",
        "the",
        "son",
        "of",
        "Zeruiah",
        "*was",
        "over",
        "the",
        "host;",
        "and",
        "Jehoshaphat",
        "the",
        "son",
        "of",
        "Ahilud",
        "*was",
        "recorder;"
      ],
      "header": "",
      "footer": ""
    },
    {
      "book_name": "2 Samuel",
      "chapter": 8,
      "verse": 17,
      "text": [
        "And",
        "Zadok",
        "the",
        "son",
        "of",
        "Ahitub,",
        "and",
        "Ahimelech",
        "the",
        "son",
        "of",
        "Abiathar,",
        "*were",
        "the",
        "priests;",
        "and",
        "Seraiah",
        "*was",
        "the",
        "scribe;"
      ],
      "header": "",
      "footer": ""
    },
    {
      "book_name": "2 Samuel",
      "chapter": 8,
      "verse": 18,
      "text": [
        "And",
        "Benaiah",
        "the",
        "son",
        "of",
        "Jehoiada",
        "*was",
        "*over",
        "both",
        "the",
        "Cherethites",
        "and",
        "the",
        "Pelethites;",
        "and",
        "David's",
        "sons",
        "were",
        "chief",
        "rulers."
      ],
      "header": "",
      "footer": ""
    }
  ]
}