{
  "book_name": "Titus",
  "chapter": 2,
  "verses": [
    {
      "book_name": "Titus",
      "chapter": 2,
      "verse": 1,
      "text": [
        "But",
        "speak",
        "thou",
        "the",
        "things",
        "which",
        "become",
        "sound",
        "doctrine:"
      ],
      "header": "",
      "footer": ""
    },
    {
      "book_name": "Titus",
      "chapter": 2,
      "verse": 2,
      "text": [
        "That",
        "the",
        "aged",
        "men",
        "be",
        "sober,",
        "grave,",
        "temperate,",
        "sound",
        "in",
        "faith,",
        "in",
        "charity,",
        "in",
        "patience."
      ],
      "header": "",
      "footer": ""
    },
    {
      "book_name": "Titus",
      "chapter": 2,
      "verse": 3,
      "text": [
        "The",
        "aged",
        "women",
        "likewise,",
        "that",
        "*they",
        "*be",
        "in",
        "behaviour",
        "as",
        "becometh",
        "holiness,",
        "not",
        "false",
        "accusers,",
        "not",
        "given",
        "to",
        "much",
        "wine,",
        "teachers",
        "of",
        "good",
        "things;"
      ],
      "header": "",
      "footer": ""
    },
    {
      "book_name": "Titus",
      "chapter": 2,
      "verse": 4,
      "text": [
        "That",
        "they",
        "may",
        "teach",
        "the",
        "young",
        "women",
        "to",
        "be",
        "sober,",
        "to",
        "love",
        "their",
        "husbands,",
        "to",
        "love",
        "their",
        "children,"
      ],
      "header": "",
      "footer": ""
    },
    {
      "book_name": "Titus",
      "chapter": 2,
      "verse": 5,
      "text": [
        "*To",
        "*be",
        "discreet,",
        "chaste,",
        "keepers",
        "at",
        "home,",
        "good,",
        "obedient",
        "to",
        "their",
        "own",
        "husbands,",
        "that",
        "the",
        "word",
        "of",
        "God",
        "be",
        "not",
        "blasphemed."
      ],
      "header": "",
      "footer": ""
    },
    {
      "book_name": "Titus",
      "chapter": 2,
      "verse": 6,
      "text": [
        "Young",
        "men",
        "likewise",
        "exhort",
        "to",
        "be",
        "sober",
        "minded."
      ],
      "header": "",
      "footer": ""
    },
    {
      "book_name": "Titus",
      "chapter": 2,
      "verse": 7,
      "text": [
        "In",
        "all",
        "things",
        "shewing",
        "thyself",
        "a",
        "pattern",
        "of",
        "good",
        "works:",
        "in",
        "doctrine",
        "*shewing",
        "uncorruptness,",
        "gravity,",
        "sincerity,"
      ],
      "header": "",
      "footer": ""
    },
    {
      "book_name": "Titus",
      "chapter": 2,
      "verse": 8,
      "text": [
        "Sound",
        "speech,",
        "that",
        "cannot",
        "be",
        "condemned;",
        "that",
        "he",
        "that",
        "is",
        "of",
        "the",
        "contrary",
        "part",
        "may",
        "be",
        "ashamed,",
        "having",
        "no",
        "evil",
        "thing",
        "to",
        "say",
        "of",
        "you."
      ],
      "header": "",
      "footer": ""
    },
    {
      "book_name": "Titus",
      "chapter": 2,
      "verse": 9,
      "text": [
        "*Exhort",
        "servants",
        "to",
        "be",
        "obedient",
        "unto",
        "their",
        "own",
        "masters,",
        "*and",
        "to",
        "please",
        "*them",
        "well",
        "in",
        "all",
        "*things;",
        "not",
        "answering",
        "again;"
      ],
      "header": "",
      "footer": ""
    },
    {
      "book_name": "Titus",
      "chapter": 2,
      "verse": 10,
      "text": [
        "Not",
        "purloining,",
        "but",
        "shewing",
        "all",
        "good",
        "fidelity;",
        "that",
        "they",
        "may",
        "adorn",
        "the",
        "doctrine",
        "of",
        "God",
        "our",
        "Saviour",
        "in",
        "all",
        "things."
      ],
      "header": "",
      "footer": ""
    },
    {
      "book_name": "Titus",
      "chapter": 2,
      "verse": 11,
      "text": [
        "For",
        "the",
        "grace",
        "of",
        "God",
        "that",
        "bringeth",
        "salvation",
        "hath",
        "appeared",
        "to",
        "all",
        "men,"
      ],
      "header": "",
      "footer": ""
    },
    {
      "book_name": "Titus",
      "chapter": 2,
      "verse": 12,
      "text": [
        "Teaching",
        "us",
        "that,",
        "denying",
        "ungodliness",
        "and",
        "worldly",
        "lusts,",
        "we",
        "should",
        "live",
        "soberly,",
        "righteously,",
        "and",
        "godly,",
        "in",
        "this",
        "present",
        "world;"
      ],
      "header": "",
      "footer": ""
    },
    {
      "book_name": "Titus",
      "chapter": 2,
      "verse": 13,
      "text": [
        "Looking",
        "for",
        "that",
        "blessed",
        "hope,",
        "and",
        "the",
        "glorious",
        "appearing",
        "of",
        "the",
        "great",
        "God",
        "and",
        "our",
        "Saviour",
        "Jesus",
        "Christ;"
      ],
      "header": "",
      "footer": ""
    },
    {
      "book_name": "Titus",
      "chapter": 2,
      "verse": 14,
      "text": [
        "Who",
        "gave",
        "himself",
        "for",
        "us,",
        "that",
        "he",
        "might",
        "redeem",
        "us",
        "from",
        "all",
        "iniquity,",
        "and",
        "purify",
        "unto",
        "himself",
        "a",
        "peculiar",
        "people,",
        "zealous",
        "of",
        "good",
        "works."
      ],
      "header": "",
      "footer": ""
    },
    {
      "book_name": "Titus",
      "chapter": 2,
      "verse": 15,
      "text": [
        "These",
        "things",
        "speak,",
        "and",
        "exhort,",
        "and",
        "rebuke",
        "with",
        "all",
        "authority.",
        "Let",
        "no",
        "man",
        "despise",
        "thee."
      ],
      "header": "",
      "footer": ""
    }
  ]
}