{
  "book_name": "Titus",
  "chapter": 3,
  "verses": [
    {
      "book_name": "Titus",
      "chapter": 3,
      "verse": 1,
      "text": [
        "Put",
        "them",
        "in",
        "mind",
        "to",
        "be",
        "subject",
        "to",
        "principalities",
        "and",
        "powers,",
        "to",
        "obey",
        "magistrates,",
        "to",
        "be",
        "ready",
        "to",
        "every",
        "good",
        "work,"
      ],
      "header": "",
      "footer": ""
    },
    {
      "book_name": "Titus",
      "chapter": 3,
      "verse": 2,
      "text": [
        "To",
        "speak",
        "evil",
        "of",
        "no",
        "man,",
        "to",
        "be",
        "no",
        "brawlers,",
        "*but",
        "gentle,",
        "shewing",
        "all",
        "meekness",
        "unto",
        "all",
        "men."
      ],
      "header": "",
      "footer": ""
    },
    {
      "book_name": "Titus",
      "chapter": 3,
      "verse": 3,
      "text": [
        "For",
        "we",
        "ourselves",
        "also",
        "were",
        "sometimes",
        "foolish,",
        "disobedient,",
        "deceived,",
        "serving",
        "divers",
        "lusts",
        "and",
        "pleasures,",
        "living",
        "in",
        "malice",
        "and",
        "envy,",
        "hateful,",
        "*and",
        "hating",
        "one",
        "another."
      ],
      "header": "",
      "footer": ""
    },
    {
      "book_name": "Titus",
      "chapter": 3,
      "verse": 4,
      "text": [
        "But",
        "after",
        "that",
        "the",
        "kindness",
        "and",
        "love",
        "of",
        "God",
        "our",
        "Saviour",
        "toward",
        "man",
        "appeared,"
      ],
      "header": "",
      "footer": ""
    },
    {
      "book_name": "Titus",
      "chapter": 3,
      "verse": 5,
      "text": [
        "Not",
        "by",
        "works",
        "of",
        "righteousness",
        "which",
        "we",
        "have",
        "done,",
        "but",
        "according",
        "to",
        "his",
        "mercy",
        "he",
        "saved",
        "us,",
        "by",
        "the",
        "washing",
        "of",
        "regeneration,",
        "and",
        "renewing",
        "of",
        "the",
        "Holy",
        "Ghost;"
      ],
      "header": "",
      "footer": ""
    },
    {
      "book_name": "Titus",
      "chapter": 3,
      "verse": 6,
      "text": [
        "Which",
        "he",
        "shed",
        "on",
        "us",
        "abundantly",
        "through",
        "Jesus",
        "Christ",
        "our",
        "Saviour;"
      ],
      "header": "",
      "footer": ""
    },
    {
      "book_name": "Titus",
      "chapter": 3,
      "verse": 7,
      "text": [
        "That",
        "being",
        "justified",
        "by",
        "his",
        "grace,",
        "we",
        "should",
        "be",
        "made",
        "heirs",
        "according",
        "to",
        "the",
        "hope",
        "of",
        "eternal",
        "life."
      ],
      "header": "",
      "footer": ""
    },
    {
      "book_name": "Titus",
      "chapter": 3,
      "verse": 8,
      "text": [
        "*This",
        "*is",
        "a",
        "faithful",
        "saying,",
        "and",
        "these",
        "things",
        "I",
        "will",
        "that",
        "thou",
        "affirm",
        "constantly,",
        "that",
        "they",
        "which",
        "have",
        "believed",
        "in",
        "God",
        "might",
        "be",
        "careful",
        "to",
        "maintain",
        "good",
        "works.",
        "These",
        "things",
        "are",
        "good",
        "and",
        "profitable",
        "unto",
        "men."
      ],
      "header": "",
      "footer": ""
    },
    {
      "book_name": "Titus",
      "chapter": 3,
      "verse": 9,
      "text": [
        "But",
        "avoid",
        "foolish",
        "questions,",
        "and",
        "genealogies,",
        "and",
        "contentions,",
        "and",
        "strivings",
        "about",
        "the",
        "law;",
        "for",
        "they",
        "are",
        "unprofitable",
        "and",
        "vain."
      ],
      "header": "",
      "footer": ""
    },
    {
      "book_name": "Titus",
      "chapter": 3,
      "verse": 10,
      "text": [
        "A",
        "man",
        "that",
        "is",
        "an",
        "heretick",
        "after",
        "the",
        "first",
        "and",
        "second",
        "admonition",
        "reject;"
      ],
      "header": "",
      "footer": ""
    },
    {
      "book_name": "Titus",
      "chapter": 3,
      "verse": 11,
      "text": [
        "Knowing",
        "that",
        "he",
        "that",
        "is",
        "such",
        "is",
        "subverted,",
        "and",
        "sinneth,",
        "being",
        "condemned",
        "of",
        "himself."
      ],
      "header": "",
      "footer": ""
    },
    {
      "book_name": "Titus",
      "chapter": 3,
      "verse": 12,
      "text": [
        "When",
        "I",
        "shall",
        "send",
        "Artemas",
        "unto",
        "thee,",
        "or",
        "Tychicus,",
        "be",
        "diligent",
        "to",
        "come",
        "unto",
        "me",
        "to",
        "Nicopolis:",
        "for",
        "I",
        "have",
        "determined",
        "there",
        "to",
        "winter."
      ],
      "header": "",
      "footer": ""
    },
    {
      "book_name": "Titus",
      "chapter": 3,
      "verse": 13,
      "text": [
        "Bring",
        "Zenas",
        "the",
        "lawyer",
        "and",
        "Apollos",
        "on",
        "their",
        "journey",
        "diligently,",
        "that",
        "nothing",
        "be",
        "wanting",
        "unto",
        "them."
      ],
      "header": "",
      "footer": ""
    },
    {
      "book_name": "Titus",
      "chapter": 3,
      "verse": 14,
      "text": [
        "And",
        "let",
        "ours",
        "also",
        "learn",
        "to",
        "maintain",
        "good",
        "works",
        "for",
        "necessary",
        "uses,",
        "that",
        "they",
        "be",
        "not",
        "unfruitful."
      ],
      "header": "",
      "footer": ""
    },
    {
      "book_name": "Titus",
      "chapter": 3,
      "verse": 15,
      "text": [
        "All",
        "that",
        "are",
        "with",
        "me",
        "salute",
        "thee.",
        "Greet",
        "them",
        "that",
        "love",
        "us",
        "in",
        "the",
        "faith.",
        "Grace",
        "*be",
        "with",
        "you",
        "all.",
        "Amen."
      ],
      "header": "",
      "footer": "**¶ It was written to Titus, ordained the first bishop of the church of the Cretians, from Nicopolis of Macedonia.**"
    }
  ]
}