{
  "book_name": "2 Chronicles",
  "chapter": 13,
  "verses": [
    {
      "book_name": "2 Chronicles",
      "chapter": 13,
      "verse": 1,
      "text": [
        "Now",
        "in",
        "the",
        "eighteenth",
        "year",
        "of",
        "king",
        "Jeroboam",
        "began",
        "Abijah",
        "to",
        "reign",
        "over",
        "Judah."
      ],
      "header": "",
      "footer": ""
    },
    {
      "book_name": "2 Chronicles",
      "chapter": 13,
      "verse": 2,
      "text": [
        "He",
        "reigned",
        "three",
        "years",
        "in",
        "Jerusalem.",
        "His",
        "mother's",
        "name",
        "also",
        "*was",
        "Michaiah",
        "the",
        "daughter",
        "of",
        "Uriel",
        "of",
        "Gibeah.",
        "And",
        "there",
        "was",
        "war",
        "between",
        "Abijah",
        "and",
        "Jeroboam."
      ],
      "header": "",
      "footer": ""
    },
    {
      "book_name": "2 Chronicles",
      "chapter": 13,
      "verse": 3,
      "text": [
        "And",
        "Abijah",
        "set",
        "the",
        "battle",
        "in",
        "array",
        "with",
        "an",
        "army",
        "of",
        "valiant",
        "men",
        "of",
        "war,",
        "*even",
        "four",
        "hundred",
        "thousand",
        "chosen",
        "men:",
        "Jeroboam",
        "also",
        "set",
        "the",
        "battle",
        "in",
        "array",
        "against",
        "him",
        "with",
        "eight",
        "hundred",
        "thousand",
        "chosen",
        "men,",
        "*being",
        "mighty",
        "men",
        "of",
        "valour."
      ],
      "header": "",
      "footer": ""
    },
    {
      "book_name": "2 Chronicles",
      "chapter": 13,
      "verse": 4,
      "text": [
        "¶",
        "And",
        "Abijah",
        "stood",
        "up",
        "upon",
        "mount",
        "Zemaraim,",
        "which",
        "*is",
        "in",
        "mount",
        "Ephraim,",
        "and",
        "said,",
        "Hear",
        "me,",
        "thou",
        "Jeroboam,",
        "and",
        "all",
        "Israel;"
      ],
      "header": "",
      "footer": ""
    },
    {
      "book_name": "2 Chronicles",
      "chapter": 13,
      "verse": 5,
      "text": [
        "Ought",
        "ye",
        "not",
        "to",
        "know",
        "that",
        "the",
        "Lᴏʀᴅ",
        "God",
        "of",
        "Israel",
        "gave",
        "the",
        "kingdom",
        "over",
        "Israel",
        "to",
        "David",
        "for",
        "ever,",
        "*even",
        "to",
        "him",
        "and",
        "to",
        "his",
        "sons",
        "by",
        "a",
        "covenant",
        "of",
        "salt?"
      ],
      "header": "",
      "footer": ""
    },
    {
      "book_name": "2 Chronicles",
      "chapter": 13,
      "verse": 6,
      "text": [
        "Yet",
        "Jeroboam",
        "the",
        "son",
        "of",
        "Nebat,",
        "the",
        "servant",
        "of",
        "Solomon",
        "the",
        "son",
        "of",
        "David,",
        "is",
        "risen",
        "up,",
        "and",
        "hath",
        "rebelled",
        "against",
        "his",
        "lord."
      ],
      "header": "",
      "footer": ""
    },
    {
      "book_name": "2 Chronicles",
      "chapter": 13,
      "verse": 7,
      "text": [
        "And",
        "there",
        "are",
        "gathered",
        "unto",
        "him",
        "vain",
        "men,",
        "the",
        "children",
        "of",
        "Belial,",
        "and",
        "have",
        "strengthened",
        "themselves",
        "against",
        "Rehoboam",
        "the",
        "son",
        "of",
        "Solomon,",
        "when",
        "Rehoboam",
        "was",
        "young",
        "and",
        "tenderhearted,",
        "and",
        "could",
        "not",
        "withstand",
        "them."
      ],
      "header": "",
      "footer": ""
    },
    {
      "book_name": "2 Chronicles",
      "chapter": 13,
      "verse": 8,
      "text": [
        "And",
        "now",
        "ye",
        "think",
        "to",
        "withstand",
        "the",
        "kingdom",
        "of",
        "the",
        "Lᴏʀᴅ",
        "in",
        "the",
        "hand",
        "of",
        "the",
        "sons",
        "of",
        "David;",
        "and",
        "ye",
        "*be",
        "a",
        "great",
        "multitude,",
        "and",
        "*there",
        "*are",
        "with",
        "you",
        "golden",
        "calves,",
        "which",
        "Jeroboam",
        "made",
        "you",
        "for",
        "gods."
      ],
      "header": "",
      "footer": ""
    },
    {
      "book_name": "2 Chronicles",
      "chapter": 13,
      "verse": 9,
      "text": [
        "Have",
        "ye",
        "not",
        "cast",
        "out",
        "the",
        "priests",
        "of",
        "the",
        "Lᴏʀᴅ,",
        "the",
        "sons",
        "of",
        "Aaron,",
        "and",
        "the",
        "Levites,",
        "and",
        "have",
        "made",
        "you",
        "priests",
        "after",
        "the",
        "manner",
        "of",
        "the",
        "nations",
        "of",
        "*other",
        "lands?",
        "so",
        "that",
        "whosoever",
        "cometh",
        "to",
        "consecrate",
        "himself",
        "with",
        "a",
        "young",
        "bullock",
        "and",
        "seven",
        "rams,",
        "*the",
        "*same",
        "may",
        "be",
        "a",
        "priest",
        "of",
        "*them",
        "*that",
        "*are",
        "no",
        "gods."
      ],
      "header": "",
      "footer": ""
    },
    {
      "book_name": "2 Chronicles",
      "chapter": 13,
      "verse": 10,
      "text": [
        "But",
        "as",
        "for",
        "us,",
        "the",
        "Lᴏʀᴅ",
        "*is",
        "our",
        "God,",
        "and",
        "we",
        "have",
        "not",
        "forsaken",
        "him;",
        "and",
        "the",
        "priests,",
        "which",
        "minister",
        "unto",
        "the",
        "Lᴏʀᴅ,",
        "*are",
        "the",
        "sons",
        "of",
        "Aaron,",
        "and",
        "the",
        "Levites",
        "*wait",
        "upon",
        "*their",
        "business:"
      ],
      "header": "",
      "footer": ""
    },
    {
      "book_name": "2 Chronicles",
      "chapter": 13,
      "verse": 11,
      "text": [
        "And",
        "they",
        "burn",
        "unto",
        "the",
        "Lᴏʀᴅ",
        "every",
        "morning",
        "and",
        "every",
        "evening",
        "burnt",
        "sacrifices",
        "and",
        "sweet",
        "incense:",
        "the",
        "shewbread",
        "also",
        "*set",
        "*they",
        "*in",
        "*order",
        "upon",
        "the",
        "pure",
        "table;",
        "and",
        "the",
        "candlestick",
        "of",
        "gold",
        "with",
        "the",
        "lamps",
        "thereof,",
        "to",
        "burn",
        "every",
        "evening:",
        "for",
        "we",
        "keep",
        "the",
        "charge",
        "of",
        "the",
        "Lᴏʀᴅ",
        "our",
        "God;",
        "but",
        "ye",
        "have",
        "forsaken",
        "him."
      ],
      "header": "",
      "footer": ""
    },
    {
      "book_name": "2 Chronicles",
      "chapter": 13,
      "verse": 12,
      "text": [
        "And,",
        "behold,",
        "God",
        "himself",
        "*is",
        "with",
        "us",
        "for",
        "*our",
        "captain,",
        "and",
        "his",
        "priests",
        "with",
        "sounding",
        "trumpets",
        "to",
        "cry",
        "alarm",
        "against",
        "you.",
        "O",
        "children",
        "of",
        "Israel,",
        "fight",
        "ye",
        "not",
        "against",
        "the",
        "Lᴏʀᴅ",
        "God",
        "of",
        "your",
        "fathers;",
        "for",
        "ye",
        "shall",
        "not",
        "prosper."
      ],
      "header": "",
      "footer": ""
    },
    {
      "book_name": "2 Chronicles",
      "chapter": 13,
      "verse": 13,
      "text": [
        "¶",
        "But",
        "Jeroboam",
        "caused",
        "an",
        "ambushment",
        "to",
        "come",
        "about",
        "behind",
        "them:",
        "so",
        "they",
        "were",
        "before",
        "Judah,",
        "and",
        "the",
        "ambushment",
        "*was",
        "behind",
        "them."
      ],
      "header": "",
      "footer": ""
    },
    {
      "book_name": "2 Chronicles",
      "chapter": 13,
      "verse": 14,
      "text": [
        "And",
        "when",
        "Judah",
        "looked",
        "back,",
        "behold,",
        "the",
        "battle",
        "*was",
        "before",
        "and",
        "behind:",
        "and",
        "they",
        "cried",
        "unto",
        "the",
        "Lᴏʀᴅ,",
        "and",
        "the",
        "priests",
        "sounded",
        "with",
        "the",
        "trumpets."
      ],
      "header": "",
      "footer": ""
    },
    {
      "book_name": "2 Chronicles",
      "chapter": 13,
      "verse": 15,
      "text": [
        "Then",
        "the",
        "men",
        "of",
        "Judah",
        "gave",
        "a",
        "shout:",
        "and",
        "as",
        "the",
        "men",
        "of",
        "Judah",
        "shouted,",
        "it",
        "came",
        "to",
        "pass,",
        "that",
        "God",
        "smote",
        "Jeroboam",
        "and",
        "all",
        "Israel",
        "before",
        "Abijah",
        "and",
        "Judah."
      ],
      "header": "",
      "footer": ""
    },
    {
      "book_name": "2 Chronicles",
      "chapter": 13,
      "verse": 16,
      "text": [
        "And",
        "the",
        "children",
        "of",
        "Israel",
        "fled",
        "before",
        "Judah:",
        "and",
        "God",
        "delivered",
        "them",
        "into",
        "their",
        "hand."
      ],
      "header": "",
      "footer": ""
    },
    {
      "book_name": "2 Chronicles",
      "chapter": 13,
      "verse": 17,
      "text": [
        "And",
        "Abijah",
        "and",
        "his",
        "people",
        "slew",
        "them",
        "with",
        "a",
        "great",
        "slaughter:",
        "so",
        "there",
        "fell",
        "down",
        "slain",
        "of",
        "Israel",
        "five",
        "hundred",
        "thousand",
        "chosen",
        "men."
      ],
      "header": "",
      "footer": ""
    },
    {
      "book_name": "2 Chronicles",
      "chapter": 13,
      "verse": 18,
      "text": [
        "Thus",
        "the",
        "children",
        "of",
        "Israel",
        "were",
        "brought",
        "under",
        "at",
        "that",
        "time,",
        "and",
        "the",
        "children",
        "of",
        "Judah",
        "prevailed,",
        "because",
        "they",
        "relied",
        "upon",
        "the",
        "Lᴏʀᴅ",
        "God",
        "of",
        "their",
        "fathers."
      ],
      "header": "",
      "footer": ""
    },
    {
      "book_name": "2 Chronicles",
      "chapter": 13,
      "verse": 19,
      "text": [
        "And",
        "Abijah",
        "pursued",
        "after",
        "Jeroboam,",
        "and",
        "took",
        "cities",
        "from",
        "him,",
        "Bethel",
        "with",
        "the",
        "towns",
        "thereof,",
        "and",
        "Jeshanah",
        "with",
        "the",
        "towns",
        "thereof,",
        "and",
        "Ephrain",
        "with",
        "the",
        "towns",
        "thereof."
      ],
      "header": "",
      "footer": ""
    },
    {
      "book_name": "2 Chronicles",
      "chapter": 13,
      "verse": 20,
      "text": [
        "Neither",
        "did",
        "Jeroboam",
        "recover",
        "strength",
        "again",
        "in",
        "the",
        "days",
        "of",
        "Abijah:",
        "and",
        "the",
        "Lᴏʀᴅ",
        "struck",
        "him,",
        "and",
        "he",
        "died."
      ],
      "header": "",
      "footer": ""
    },
    {
      "book_name": "2 Chronicles",
      "chapter": 13,
      "verse": 21,
      "text": [
        "¶",
        "But",
        "Abijah",
        "waxed",
        "mighty,",
        "and",
        "married",
        "fourteen",
        "wives,",
        "and",
        "begat",
        "twenty",
        "and",
        "two",
        "sons,",
        "and",
        "sixteen",
        "daughters."
      ],
      "header": "",
      "footer": ""
    },
    {
      "book_name": "2 Chronicles",
      "chapter": 13,
      "verse": 22,
      "text": [
        "And",
        "the",
        "rest",
        "of",
        "the",
        "acts",
        "of",
        "Abijah,",
        "and",
        "his",
        "ways,",
        "and",
        "his",
        "sayings,",
        "*are",
        "written",
        "in",
        "the",
        "story",
        "of",
        "the",
        "prophet",
        "Iddo."
      ],
      "header": "",
      "footer": ""
    }
  ]
}