{
  "book_name": "2 Chronicles",
  "chapter": 24,
  "verses": [
    {
      "book_name": "2 Chronicles",
      "chapter": 24,
      "verse": 1,
      "text": [
        "Joash",
        "*was",
        "seven",
        "years",
        "old",
        "when",
        "he",
        "began",
        "to",
        "reign,",
        "and",
        "he",
        "reigned",
        "forty",
        "years",
        "in",
        "Jerusalem.",
        "His",
        "mother's",
        "name",
        "also",
        "*was",
        "Zibiah",
        "of",
        "Beersheba."
      ],
      "header": "",
      "footer": ""
    },
    {
      "book_name": "2 Chronicles",
      "chapter": 24,
      "verse": 2,
      "text": [
        "And",
        "Joash",
        "did",
        "*that",
        "*which",
        "*was",
        "right",
        "in",
        "the",
        "sight",
        "of",
        "the",
        "Lᴏʀᴅ",
        "all",
        "the",
        "days",
        "of",
        "Jehoiada",
        "the",
        "priest."
      ],
      "header": "",
      "footer": ""
    },
    {
      "book_name": "2 Chronicles",
      "chapter": 24,
      "verse": 3,
      "text": [
        "And",
        "Jehoiada",
        "took",
        "for",
        "him",
        "two",
        "wives;",
        "and",
        "he",
        "begat",
        "sons",
        "and",
        "daughters."
      ],
      "header": "",
      "footer": ""
    },
    {
      "book_name": "2 Chronicles",
      "chapter": 24,
      "verse": 4,
      "text": [
        "¶",
        "And",
        "it",
        "came",
        "to",
        "pass",
        "after",
        "this,",
        "*that",
        "Joash",
        "was",
        "minded",
        "to",
        "repair",
        "the",
        "house",
        "of",
        "the",
        "Lᴏʀᴅ."
      ],
      "header": "",
      "footer": ""
    },
    {
      "book_name": "2 Chronicles",
      "chapter": 24,
      "verse": 5,
      "text": [
        "And",
        "he",
        "gathered",
        "together",
        "the",
        "priests",
        "and",
        "the",
        "Levites,",
        "and",
        "said",
        "to",
        "them,",
        "Go",
        "out",
        "unto",
        "the",
        "cities",
        "of",
        "Judah,",
        "and",
        "gather",
        "of",
        "all",
        "Israel",
        "money",
        "to",
        "repair",
        "the",
        "house",
        "of",
        "your",
        "God",
        "from",
        "year",
        "to",
        "year,",
        "and",
        "see",
        "that",
        "ye",
        "hasten",
        "the",
        "matter.",
        "Howbeit",
        "the",
        "Levites",
        "hastened",
        "*it",
        "not."
      ],
      "header": "",
      "footer": ""
    },
    {
      "book_name": "2 Chronicles",
      "chapter": 24,
      "verse": 6,
      "text": [
        "And",
        "the",
        "king",
        "called",
        "for",
        "Jehoiada",
        "the",
        "chief,",
        "and",
        "said",
        "unto",
        "him,",
        "Why",
        "hast",
        "thou",
        "not",
        "required",
        "of",
        "the",
        "Levites",
        "to",
        "bring",
        "in",
        "out",
        "of",
        "Judah",
        "and",
        "out",
        "of",
        "Jerusalem",
        "the",
        "collection,",
        "*according",
        "*to",
        "*the",
        "*commandment",
        "of",
        "Moses",
        "the",
        "servant",
        "of",
        "the",
        "Lᴏʀᴅ,",
        "and",
        "of",
        "the",
        "congregation",
        "of",
        "Israel,",
        "for",
        "the",
        "tabernacle",
        "of",
        "witness?"
      ],
      "header": "",
      "footer": ""
    },
    {
      "book_name": "2 Chronicles",
      "chapter": 24,
      "verse": 7,
      "text": [
        "For",
        "the",
        "sons",
        "of",
        "Athaliah,",
        "that",
        "wicked",
        "woman,",
        "had",
        "broken",
        "up",
        "the",
        "house",
        "of",
        "God;",
        "and",
        "also",
        "all",
        "the",
        "dedicated",
        "things",
        "of",
        "the",
        "house",
        "of",
        "the",
        "Lᴏʀᴅ",
        "did",
        "they",
        "bestow",
        "upon",
        "Baalim."
      ],
      "header": "",
      "footer": ""
    },
    {
      "book_name": "2 Chronicles",
      "chapter": 24,
      "verse": 8,
      "text": [
        "And",
        "at",
        "the",
        "king's",
        "commandment",
        "they",
        "made",
        "a",
        "chest,",
        "and",
        "set",
        "it",
        "without",
        "at",
        "the",
        "gate",
        "of",
        "the",
        "house",
        "of",
        "the",
        "Lᴏʀᴅ."
      ],
      "header": "",
      "footer": ""
    },
    {
      "book_name": "2 Chronicles",
      "chapter": 24,
      "verse": 9,
      "text": [
        "And",
        "they",
        "made",
        "a",
        "proclamation",
        "through",
        "Judah",
        "and",
        "Jerusalem,",
        "to",
        "bring",
        "in",
        "to",
        "the",
        "Lᴏʀᴅ",
        "the",
        "collection",
        "*that",
        "Moses",
        "the",
        "servant",
        "of",
        "God",
        "*laid",
        "upon",
        "Israel",
        "in",
        "the",
        "wilderness."
      ],
      "header": "",
      "footer": ""
    },
    {
      "book_name": "2 Chronicles",
      "chapter": 24,
      "verse": 10,
      "text": [
        "And",
        "all",
        "the",
        "princes",
        "and",
        "all",
        "the",
        "people",
        "rejoiced,",
        "and",
        "brought",
        "in,",
        "and",
        "cast",
        "into",
        "the",
        "chest,",
        "until",
        "they",
        "had",
        "made",
        "an",
        "end."
      ],
      "header": "",
      "footer": ""
    },
    {
      "book_name": "2 Chronicles",
      "chapter": 24,
      "verse": 11,
      "text": [
        "Now",
        "it",
        "came",
        "to",
        "pass,",
        "that",
        "at",
        "what",
        "time",
        "the",
        "chest",
        "was",
        "brought",
        "unto",
        "the",
        "king's",
        "office",
        "by",
        "the",
        "hand",
        "of",
        "the",
        "Levites,",
        "and",
        "when",
        "they",
        "saw",
        "that",
        "*there",
        "*was",
        "much",
        "money,",
        "the",
        "king's",
        "scribe",
        "and",
        "the",
        "high",
        "priest's",
        "officer",
        "came",
        "and",
        "emptied",
        "the",
        "chest,",
        "and",
        "took",
        "it,",
        "and",
        "carried",
        "it",
        "to",
        "his",
        "place",
        "again.",
        "Thus",
        "they",
        "did",
        "day",
        "by",
        "day,",
        "and",
        "gathered",
        "money",
        "in",
        "abundance."
      ],
      "header": "",
      "footer": ""
    },
    {
      "book_name": "2 Chronicles",
      "chapter": 24,
      "verse": 12,
      "text": [
        "And",
        "the",
        "king",
        "and",
        "Jehoiada",
        "gave",
        "it",
        "to",
        "such",
        "as",
        "did",
        "the",
        "work",
        "of",
        "the",
        "service",
        "of",
        "the",
        "house",
        "of",
        "the",
        "Lᴏʀᴅ,",
        "and",
        "hired",
        "masons",
        "and",
        "carpenters",
        "to",
        "repair",
        "the",
        "house",
        "of",
        "the",
        "Lᴏʀᴅ,",
        "and",
        "also",
        "such",
        "as",
        "wrought",
        "iron",
        "and",
        "brass",
        "to",
        "mend",
        "the",
        "house",
        "of",
        "the",
        "Lᴏʀᴅ."
      ],
      "header": "",
      "footer": ""
    },
    {
      "book_name": "2 Chronicles",
      "chapter": 24,
      "verse": 13,
      "text": [
        "So",
        "the",
        "workmen",
        "wrought,",
        "and",
        "the",
        "work",
        "was",
        "perfected",
        "by",
        "them,",
        "and",
        "they",
        "set",
        "the",
        "house",
        "of",
        "God",
        "in",
        "his",
        "state,",
        "and",
        "strengthened",
        "it."
      ],
      "header": "",
      "footer": ""
    },
    {
      "book_name": "2 Chronicles",
      "chapter": 24,
      "verse": 14,
      "text": [
        "And",
        "when",
        "they",
        "had",
        "finished",
        "*it,",
        "they",
        "brought",
        "the",
        "rest",
        "of",
        "the",
        "money",
        "before",
        "the",
        "king",
        "and",
        "Jehoiada,",
        "whereof",
        "were",
        "made",
        "vessels",
        "for",
        "the",
        "house",
        "of",
        "the",
        "Lᴏʀᴅ,",
        "*even",
        "vessels",
        "to",
        "minister,",
        "and",
        "to",
        "offer",
        "*withal,",
        "and",
        "spoons,",
        "and",
        "vessels",
        "of",
        "gold",
        "and",
        "silver.",
        "And",
        "they",
        "offered",
        "burnt",
        "offerings",
        "in",
        "the",
        "house",
        "of",
        "the",
        "Lᴏʀᴅ",
        "continually",
        "all",
        "the",
        "days",
        "of",
        "Jehoiada."
      ],
      "header": "",
      "footer": ""
    },
    {
      "book_name": "2 Chronicles",
      "chapter": 24,
      "verse": 15,
      "text": [
        "¶",
        "But",
        "Jehoiada",
        "waxed",
        "old,",
        "and",
        "was",
        "full",
        "of",
        "days",
        "when",
        "he",
        "died;",
        "an",
        "hundred",
        "and",
        "thirty",
        "years",
        "old",
        "*was",
        "*he",
        "when",
        "he",
        "died."
      ],
      "header": "",
      "footer": ""
    },
    {
      "book_name": "2 Chronicles",
      "chapter": 24,
      "verse": 16,
      "text": [
        "And",
        "they",
        "buried",
        "him",
        "in",
        "the",
        "city",
        "of",
        "David",
        "among",
        "the",
        "kings,",
        "because",
        "he",
        "had",
        "done",
        "good",
        "in",
        "Israel,",
        "both",
        "toward",
        "God,",
        "and",
        "toward",
        "his",
        "house."
      ],
      "header": "",
      "footer": ""
    },
    {
      "book_name": "2 Chronicles",
      "chapter": 24,
      "verse": 17,
      "text": [
        "Now",
        "after",
        "the",
        "death",
        "of",
        "Jehoiada",
        "came",
        "the",
        "princes",
        "of",
        "Judah,",
        "and",
        "made",
        "obeisance",
        "to",
        "the",
        "king.",
        "Then",
        "the",
        "king",
        "hearkened",
        "unto",
        "them."
      ],
      "header": "",
      "footer": ""
    },
    {
      "book_name": "2 Chronicles",
      "chapter": 24,
      "verse": 18,
      "text": [
        "And",
        "they",
        "left",
        "the",
        "house",
        "of",
        "the",
        "Lᴏʀᴅ",
        "God",
        "of",
        "their",
        "fathers,",
        "and",
        "served",
        "groves",
        "and",
        "idols:",
        "and",
        "wrath",
        "came",
        "upon",
        "Judah",
        "and",
        "Jerusalem",
        "for",
        "this",
        "their",
        "trespass."
      ],
      "header": "",
      "footer": ""
    },
    {
      "book_name": "2 Chronicles",
      "chapter": 24,
      "verse": 19,
      "text": [
        "Yet",
        "he",
        "sent",
        "prophets",
        "to",
        "them,",
        "to",
        "bring",
        "them",
        "again",
        "unto",
        "the",
        "Lᴏʀᴅ;",
        "and",
        "they",
        "testified",
        "against",
        "them:",
        "but",
        "they",
        "would",
        "not",
        "give",
        "ear."
      ],
      "header": "",
      "footer": ""
    },
    {
      "book_name": "2 Chronicles",
      "chapter": 24,
      "verse": 20,
      "text": [
        "And",
        "the",
        "Spirit",
        "of",
        "God",
        "came",
        "upon",
        "Zechariah",
        "the",
        "son",
        "of",
        "Jehoiada",
        "the",
        "priest,",
        "which",
        "stood",
        "above",
        "the",
        "people,",
        "and",
        "said",
        "unto",
        "them,",
        "Thus",
        "saith",
        "God,",
        "Why",
        "transgress",
        "ye",
        "the",
        "commandments",
        "of",
        "the",
        "Lᴏʀᴅ,",
        "that",
        "ye",
        "cannot",
        "prosper?",
        "because",
        "ye",
        "have",
        "forsaken",
        "the",
        "Lᴏʀᴅ,",
        "he",
        "hath",
        "also",
        "forsaken",
        "you."
      ],
      "header": "",
      "footer": ""
    },
    {
      "book_name": "2 Chronicles",
      "chapter": 24,
      "verse": 21,
      "text": [
        "And",
        "they",
        "conspired",
        "against",
        "him,",
        "and",
        "stoned",
        "him",
        "with",
        "stones",
        "at",
        "the",
        "commandment",
        "of",
        "the",
        "king",
        "in",
        "the",
        "court",
        "of",
        "the",
        "house",
        "of",
        "the",
        "Lᴏʀᴅ."
      ],
      "header": "",
      "footer": ""
    },
    {
      "book_name": "2 Chronicles",
      "chapter": 24,
      "verse": 22,
      "text": [
        "Thus",
        "Joash",
        "the",
        "king",
        "remembered",
        "not",
        "the",
        "kindness",
        "which",
        "Jehoiada",
        "his",
        "father",
        "had",
        "done",
        "to",
        "him,",
        "but",
        "slew",
        "his",
        "son.",
        "And",
        "when",
        "he",
        "died,",
        "he",
        "said,",
        "The",
        "Lᴏʀᴅ",
        "look",
        "upon",
        "*it,",
        "and",
        "require",
        "*it."
      ],
      "header": "",
      "footer": ""
    },
    {
      "book_name": "2 Chronicles",
      "chapter": 24,
      "verse": 23,
      "text": [
        "¶",
        "And",
        "it",
        "came",
        "to",
        "pass",
        "at",
        "the",
        "end",
        "of",
        "the",
        "year,",
        "*that",
        "the",
        "host",
        "of",
        "Syria",
        "came",
        "up",
        "against",
        "him:",
        "and",
        "they",
        "came",
        "to",
        "Judah",
        "and",
        "Jerusalem,",
        "and",
        "destroyed",
        "all",
        "the",
        "princes",
        "of",
        "the",
        "people",
        "from",
        "among",
        "the",
        "people,",
        "and",
        "sent",
        "all",
        "the",
        "spoil",
        "of",
        "them",
        "unto",
        "the",
        "king",
        "of",
        "Damascus."
      ],
      "header": "",
      "footer": ""
    },
    {
      "book_name": "2 Chronicles",
      "chapter": 24,
      "verse": 24,
      "text": [
        "For",
        "the",
        "army",
        "of",
        "the",
        "Syrians",
        "came",
        "with",
        "a",
        "small",
        "company",
        "of",
        "men,",
        "and",
        "the",
        "Lᴏʀᴅ",
        "delivered",
        "a",
        "very",
        "great",
        "host",
        "into",
        "their",
        "hand,",
        "because",
        "they",
        "had",
        "forsaken",
        "the",
        "Lᴏʀᴅ",
        "God",
        "of",
        "their",
        "fathers.",
        "So",
        "they",
        "executed",
        "judgment",
        "against",
        "Joash."
      ],
      "header": "",
      "footer": ""
    },
    {
      "book_name": "2 Chronicles",
      "chapter": 24,
      "verse": 25,
      "text": [
        "And",
        "when",
        "they",
        "were",
        "departed",
        "from",
        "him,",
        "(for",
        "they",
        "left",
        "him",
        "in",
        "great",
        "diseases,)",
        "his",
        "own",
        "servants",
        "conspired",
        "against",
        "him",
        "for",
        "the",
        "blood",
        "of",
        "the",
        "sons",
        "of",
        "Jehoiada",
        "the",
        "priest,",
        "and",
        "slew",
        "him",
        "on",
        "his",
        "bed,",
        "and",
        "he",
        "died:",
        "and",
        "they",
        "buried",
        "him",
        "in",
        "the",
        "city",
        "of",
        "David,",
        "but",
        "they",
        "buried",
        "him",
        "not",
        "in",
        "the",
        "sepulchres",
        "of",
        "the",
        "kings."
      ],
      "header": "",
      "footer": ""
    },
    {
      "book_name": "2 Chronicles",
      "chapter": 24,
      "verse": 26,
      "text": [
        "And",
        "these",
        "are",
        "they",
        "that",
        "conspired",
        "against",
        "him;",
        "Zabad",
        "the",
        "son",
        "of",
        "Shimeath",
        "an",
        "Ammonitess,",
        "and",
        "Jehozabad",
        "the",
        "son",
        "of",
        "Shimrith",
        "a",
        "Moabitess."
      ],
      "header": "",
      "footer": ""
    },
    {
      "book_name": "2 Chronicles",
      "chapter": 24,
      "verse": 27,
      "text": [
        "¶",
        "Now",
        "*concerning",
        "his",
        "sons,",
        "and",
        "the",
        "greatness",
        "of",
        "the",
        "burdens",
        "*laid",
        "upon",
        "him,",
        "and",
        "the",
        "repairing",
        "of",
        "the",
        "house",
        "of",
        "God,",
        "behold,",
        "they",
        "*are",
        "written",
        "in",
        "the",
        "story",
        "of",
        "the",
        "book",
        "of",
        "the",
        "kings.",
        "And",
        "Amaziah",
        "his",
        "son",
        "reigned",
        "in",
        "his",
        "stead."
      ],
      "header": "",
      "footer": ""
    }
  ]
}