{
  "book_name": "2 Chronicles",
  "chapter": 25,
  "verses": [
    {
      "book_name": "2 Chronicles",
      "chapter": 25,
      "verse": 1,
      "text": [
        "Amaziah",
        "*was",
        "twenty",
        "and",
        "five",
        "years",
        "old",
        "*when",
        "he",
        "began",
        "to",
        "reign,",
        "and",
        "he",
        "reigned",
        "twenty",
        "and",
        "nine",
        "years",
        "in",
        "Jerusalem.",
        "And",
        "his",
        "mother's",
        "name",
        "*was",
        "Jehoaddan",
        "of",
        "Jerusalem."
      ],
      "header": "",
      "footer": ""
    },
    {
      "book_name": "2 Chronicles",
      "chapter": 25,
      "verse": 2,
      "text": [
        "And",
        "he",
        "did",
        "*that",
        "*which",
        "*was",
        "right",
        "in",
        "the",
        "sight",
        "of",
        "the",
        "Lᴏʀᴅ,",
        "but",
        "not",
        "with",
        "a",
        "perfect",
        "heart."
      ],
      "header": "",
      "footer": ""
    },
    {
      "book_name": "2 Chronicles",
      "chapter": 25,
      "verse": 3,
      "text": [
        "¶",
        "Now",
        "it",
        "came",
        "to",
        "pass,",
        "when",
        "the",
        "kingdom",
        "was",
        "established",
        "to",
        "him,",
        "that",
        "he",
        "slew",
        "his",
        "servants",
        "that",
        "had",
        "killed",
        "the",
        "king",
        "his",
        "father."
      ],
      "header": "",
      "footer": ""
    },
    {
      "book_name": "2 Chronicles",
      "chapter": 25,
      "verse": 4,
      "text": [
        "But",
        "he",
        "slew",
        "not",
        "their",
        "children,",
        "but",
        "*did",
        "as",
        "*it",
        "*is",
        "written",
        "in",
        "the",
        "law",
        "in",
        "the",
        "book",
        "of",
        "Moses,",
        "where",
        "the",
        "Lᴏʀᴅ",
        "commanded,",
        "saying,",
        "The",
        "fathers",
        "shall",
        "not",
        "die",
        "for",
        "the",
        "children,",
        "neither",
        "shall",
        "the",
        "children",
        "die",
        "for",
        "the",
        "fathers,",
        "but",
        "every",
        "man",
        "shall",
        "die",
        "for",
        "his",
        "own",
        "sin."
      ],
      "header": "",
      "footer": ""
    },
    {
      "book_name": "2 Chronicles",
      "chapter": 25,
      "verse": 5,
      "text": [
        "¶",
        "Moreover",
        "Amaziah",
        "gathered",
        "Judah",
        "together,",
        "and",
        "made",
        "them",
        "captains",
        "over",
        "thousands,",
        "and",
        "captains",
        "over",
        "hundreds,",
        "according",
        "to",
        "the",
        "houses",
        "of",
        "*their",
        "fathers,",
        "throughout",
        "all",
        "Judah",
        "and",
        "Benjamin:",
        "and",
        "he",
        "numbered",
        "them",
        "from",
        "twenty",
        "years",
        "old",
        "and",
        "above,",
        "and",
        "found",
        "them",
        "three",
        "hundred",
        "thousand",
        "choice",
        "*men,",
        "*able",
        "to",
        "go",
        "forth",
        "to",
        "war,",
        "that",
        "could",
        "handle",
        "spear",
        "and",
        "shield."
      ],
      "header": "",
      "footer": ""
    },
    {
      "book_name": "2 Chronicles",
      "chapter": 25,
      "verse": 6,
      "text": [
        "He",
        "hired",
        "also",
        "an",
        "hundred",
        "thousand",
        "mighty",
        "men",
        "of",
        "valour",
        "out",
        "of",
        "Israel",
        "for",
        "an",
        "hundred",
        "talents",
        "of",
        "silver."
      ],
      "header": "",
      "footer": ""
    },
    {
      "book_name": "2 Chronicles",
      "chapter": 25,
      "verse": 7,
      "text": [
        "But",
        "there",
        "came",
        "a",
        "man",
        "of",
        "God",
        "to",
        "him,",
        "saying,",
        "O",
        "king,",
        "let",
        "not",
        "the",
        "army",
        "of",
        "Israel",
        "go",
        "with",
        "thee;",
        "for",
        "the",
        "Lᴏʀᴅ",
        "*is",
        "not",
        "with",
        "Israel,",
        "*to",
        "*wit,",
        "*with",
        "all",
        "the",
        "children",
        "of",
        "Ephraim."
      ],
      "header": "",
      "footer": ""
    },
    {
      "book_name": "2 Chronicles",
      "chapter": 25,
      "verse": 8,
      "text": [
        "But",
        "if",
        "thou",
        "wilt",
        "go,",
        "do",
        "*it,",
        "be",
        "strong",
        "for",
        "the",
        "battle:",
        "God",
        "shall",
        "make",
        "thee",
        "fall",
        "before",
        "the",
        "enemy:",
        "for",
        "God",
        "hath",
        "power",
        "to",
        "help,",
        "and",
        "to",
        "cast",
        "down."
      ],
      "header": "",
      "footer": ""
    },
    {
      "book_name": "2 Chronicles",
      "chapter": 25,
      "verse": 9,
      "text": [
        "And",
        "Amaziah",
        "said",
        "to",
        "the",
        "man",
        "of",
        "God,",
        "But",
        "what",
        "shall",
        "we",
        "do",
        "for",
        "the",
        "hundred",
        "talents",
        "which",
        "I",
        "have",
        "given",
        "to",
        "the",
        "army",
        "of",
        "Israel?",
        "And",
        "the",
        "man",
        "of",
        "God",
        "answered,",
        "The",
        "Lᴏʀᴅ",
        "is",
        "able",
        "to",
        "give",
        "thee",
        "much",
        "more",
        "than",
        "this."
      ],
      "header": "",
      "footer": ""
    },
    {
      "book_name": "2 Chronicles",
      "chapter": 25,
      "verse": 10,
      "text": [
        "Then",
        "Amaziah",
        "separated",
        "them,",
        "*to",
        "*wit,",
        "the",
        "army",
        "that",
        "was",
        "come",
        "to",
        "him",
        "out",
        "of",
        "Ephraim,",
        "to",
        "go",
        "home",
        "again:",
        "wherefore",
        "their",
        "anger",
        "was",
        "greatly",
        "kindled",
        "against",
        "Judah,",
        "and",
        "they",
        "returned",
        "home",
        "in",
        "great",
        "anger."
      ],
      "header": "",
      "footer": ""
    },
    {
      "book_name": "2 Chronicles",
      "chapter": 25,
      "verse": 11,
      "text": [
        "¶",
        "And",
        "Amaziah",
        "strengthened",
        "himself,",
        "and",
        "led",
        "forth",
        "his",
        "people,",
        "and",
        "went",
        "to",
        "the",
        "valley",
        "of",
        "salt,",
        "and",
        "smote",
        "of",
        "the",
        "children",
        "of",
        "Seir",
        "ten",
        "thousand."
      ],
      "header": "",
      "footer": ""
    },
    {
      "book_name": "2 Chronicles",
      "chapter": 25,
      "verse": 12,
      "text": [
        "And",
        "*other",
        "ten",
        "thousand",
        "*left",
        "alive",
        "did",
        "the",
        "children",
        "of",
        "Judah",
        "carry",
        "away",
        "captive,",
        "and",
        "brought",
        "them",
        "unto",
        "the",
        "top",
        "of",
        "the",
        "rock,",
        "and",
        "cast",
        "them",
        "down",
        "from",
        "the",
        "top",
        "of",
        "the",
        "rock,",
        "that",
        "they",
        "all",
        "were",
        "broken",
        "in",
        "pieces."
      ],
      "header": "",
      "footer": ""
    },
    {
      "book_name": "2 Chronicles",
      "chapter": 25,
      "verse": 13,
      "text": [
        "¶",
        "But",
        "the",
        "soldiers",
        "of",
        "the",
        "army",
        "which",
        "Amaziah",
        "sent",
        "back,",
        "that",
        "they",
        "should",
        "not",
        "go",
        "with",
        "him",
        "to",
        "battle,",
        "fell",
        "upon",
        "the",
        "cities",
        "of",
        "Judah,",
        "from",
        "Samaria",
        "even",
        "unto",
        "Bethhoron,",
        "and",
        "smote",
        "three",
        "thousand",
        "of",
        "them,",
        "and",
        "took",
        "much",
        "spoil."
      ],
      "header": "",
      "footer": ""
    },
    {
      "book_name": "2 Chronicles",
      "chapter": 25,
      "verse": 14,
      "text": [
        "¶",
        "Now",
        "it",
        "came",
        "to",
        "pass,",
        "after",
        "that",
        "Amaziah",
        "was",
        "come",
        "from",
        "the",
        "slaughter",
        "of",
        "the",
        "Edomites,",
        "that",
        "he",
        "brought",
        "the",
        "gods",
        "of",
        "the",
        "children",
        "of",
        "Seir,",
        "and",
        "set",
        "them",
        "up",
        "*to",
        "*be",
        "his",
        "gods,",
        "and",
        "bowed",
        "down",
        "himself",
        "before",
        "them,",
        "and",
        "burned",
        "incense",
        "unto",
        "them."
      ],
      "header": "",
      "footer": ""
    },
    {
      "book_name": "2 Chronicles",
      "chapter": 25,
      "verse": 15,
      "text": [
        "Wherefore",
        "the",
        "anger",
        "of",
        "the",
        "Lᴏʀᴅ",
        "was",
        "kindled",
        "against",
        "Amaziah,",
        "and",
        "he",
        "sent",
        "unto",
        "him",
        "a",
        "prophet,",
        "which",
        "said",
        "unto",
        "him,",
        "Why",
        "hast",
        "thou",
        "sought",
        "after",
        "the",
        "gods",
        "of",
        "the",
        "people,",
        "which",
        "could",
        "not",
        "deliver",
        "their",
        "own",
        "people",
        "out",
        "of",
        "thine",
        "hand?"
      ],
      "header": "",
      "footer": ""
    },
    {
      "book_name": "2 Chronicles",
      "chapter": 25,
      "verse": 16,
      "text": [
        "And",
        "it",
        "came",
        "to",
        "pass,",
        "as",
        "he",
        "talked",
        "with",
        "him,",
        "that",
        "*the",
        "*king",
        "said",
        "unto",
        "him,",
        "Art",
        "thou",
        "made",
        "of",
        "the",
        "king's",
        "counsel?",
        "forbear;",
        "why",
        "shouldest",
        "thou",
        "be",
        "smitten?",
        "Then",
        "the",
        "prophet",
        "forbare,",
        "and",
        "said,",
        "I",
        "know",
        "that",
        "God",
        "hath",
        "determined",
        "to",
        "destroy",
        "thee,",
        "because",
        "thou",
        "hast",
        "done",
        "this,",
        "and",
        "hast",
        "not",
        "hearkened",
        "unto",
        "my",
        "counsel."
      ],
      "header": "",
      "footer": ""
    },
    {
      "book_name": "2 Chronicles",
      "chapter": 25,
      "verse": 17,
      "text": [
        "¶",
        "Then",
        "Amaziah",
        "king",
        "of",
        "Judah",
        "took",
        "advice,",
        "and",
        "sent",
        "to",
        "Joash,",
        "the",
        "son",
        "of",
        "Jehoahaz,",
        "the",
        "son",
        "of",
        "Jehu,",
        "king",
        "of",
        "Israel,",
        "saying,",
        "Come,",
        "let",
        "us",
        "see",
        "one",
        "another",
        "in",
        "the",
        "face."
      ],
      "header": "",
      "footer": ""
    },
    {
      "book_name": "2 Chronicles",
      "chapter": 25,
      "verse": 18,
      "text": [
        "And",
        "Joash",
        "king",
        "of",
        "Israel",
        "sent",
        "to",
        "Amaziah",
        "king",
        "of",
        "Judah,",
        "saying,",
        "The",
        "thistle",
        "that",
        "*was",
        "in",
        "Lebanon",
        "sent",
        "to",
        "the",
        "cedar",
        "that",
        "*was",
        "in",
        "Lebanon,",
        "saying,",
        "Give",
        "thy",
        "daughter",
        "to",
        "my",
        "son",
        "to",
        "wife:",
        "and",
        "there",
        "passed",
        "by",
        "a",
        "wild",
        "beast",
        "that",
        "*was",
        "in",
        "Lebanon,",
        "and",
        "trode",
        "down",
        "the",
        "thistle."
      ],
      "header": "",
      "footer": ""
    },
    {
      "book_name": "2 Chronicles",
      "chapter": 25,
      "verse": 19,
      "text": [
        "Thou",
        "sayest,",
        "Lo,",
        "thou",
        "hast",
        "smitten",
        "the",
        "Edomites;",
        "and",
        "thine",
        "heart",
        "lifteth",
        "thee",
        "up",
        "to",
        "boast:",
        "abide",
        "now",
        "at",
        "home;",
        "why",
        "shouldest",
        "thou",
        "meddle",
        "to",
        "*thine",
        "hurt,",
        "that",
        "thou",
        "shouldest",
        "fall,",
        "*even",
        "thou,",
        "and",
        "Judah",
        "with",
        "thee?"
      ],
      "header": "",
      "footer": ""
    },
    {
      "book_name": "2 Chronicles",
      "chapter": 25,
      "verse": 20,
      "text": [
        "But",
        "Amaziah",
        "would",
        "not",
        "hear;",
        "for",
        "it",
        "*came",
        "of",
        "God,",
        "that",
        "he",
        "might",
        "deliver",
        "them",
        "into",
        "the",
        "hand",
        "*of",
        "*their",
        "*enemies,",
        "because",
        "they",
        "sought",
        "after",
        "the",
        "gods",
        "of",
        "Edom."
      ],
      "header": "",
      "footer": ""
    },
    {
      "book_name": "2 Chronicles",
      "chapter": 25,
      "verse": 21,
      "text": [
        "So",
        "Joash",
        "the",
        "king",
        "of",
        "Israel",
        "went",
        "up;",
        "and",
        "they",
        "saw",
        "one",
        "another",
        "in",
        "the",
        "face,",
        "*both",
        "he",
        "and",
        "Amaziah",
        "king",
        "of",
        "Judah,",
        "at",
        "Bethshemesh,",
        "which",
        "*belongeth",
        "to",
        "Judah."
      ],
      "header": "",
      "footer": ""
    },
    {
      "book_name": "2 Chronicles",
      "chapter": 25,
      "verse": 22,
      "text": [
        "And",
        "Judah",
        "was",
        "put",
        "to",
        "the",
        "worse",
        "before",
        "Israel,",
        "and",
        "they",
        "fled",
        "every",
        "man",
        "to",
        "his",
        "tent."
      ],
      "header": "",
      "footer": ""
    },
    {
      "book_name": "2 Chronicles",
      "chapter": 25,
      "verse": 23,
      "text": [
        "And",
        "Joash",
        "the",
        "king",
        "of",
        "Israel",
        "took",
        "Amaziah",
        "king",
        "of",
        "Judah,",
        "the",
        "son",
        "of",
        "Joash,",
        "the",
        "son",
        "of",
        "Jehoahaz,",
        "at",
        "Bethshemesh,",
        "and",
        "brought",
        "him",
        "to",
        "Jerusalem,",
        "and",
        "brake",
        "down",
        "the",
        "wall",
        "of",
        "Jerusalem",
        "from",
        "the",
        "gate",
        "of",
        "Ephraim",
        "to",
        "the",
        "corner",
        "gate,",
        "four",
        "hundred",
        "cubits."
      ],
      "header": "",
      "footer": ""
    },
    {
      "book_name": "2 Chronicles",
      "chapter": 25,
      "verse": 24,
      "text": [
        "And",
        "*he",
        "*took",
        "all",
        "the",
        "gold",
        "and",
        "the",
        "silver,",
        "and",
        "all",
        "the",
        "vessels",
        "that",
        "were",
        "found",
        "in",
        "the",
        "house",
        "of",
        "God",
        "with",
        "Obededom,",
        "and",
        "the",
        "treasures",
        "of",
        "the",
        "king's",
        "house,",
        "the",
        "hostages",
        "also,",
        "and",
        "returned",
        "to",
        "Samaria."
      ],
      "header": "",
      "footer": ""
    },
    {
      "book_name": "2 Chronicles",
      "chapter": 25,
      "verse": 25,
      "text": [
        "¶",
        "And",
        "Amaziah",
        "the",
        "son",
        "of",
        "Joash",
        "king",
        "of",
        "Judah",
        "lived",
        "after",
        "the",
        "death",
        "of",
        "Joash",
        "son",
        "of",
        "Jehoahaz",
        "king",
        "of",
        "Israel",
        "fifteen",
        "years."
      ],
      "header": "",
      "footer": ""
    },
    {
      "book_name": "2 Chronicles",
      "chapter": 25,
      "verse": 26,
      "text": [
        "Now",
        "the",
        "rest",
        "of",
        "the",
        "acts",
        "of",
        "Amaziah,",
        "first",
        "and",
        "last,",
        "behold,",
        "*are",
        "they",
        "not",
        "written",
        "in",
        "the",
        "book",
        "of",
        "the",
        "kings",
        "of",
        "Judah",
        "and",
        "Israel?"
      ],
      "header": "",
      "footer": ""
    },
    {
      "book_name": "2 Chronicles",
      "chapter": 25,
      "verse": 27,
      "text": [
        "¶",
        "Now",
        "after",
        "the",
        "time",
        "that",
        "Amaziah",
        "did",
        "turn",
        "away",
        "from",
        "following",
        "the",
        "Lᴏʀᴅ",
        "they",
        "made",
        "a",
        "conspiracy",
        "against",
        "him",
        "in",
        "Jerusalem;",
        "and",
        "he",
        "fled",
        "to",
        "Lachish:",
        "but",
        "they",
        "sent",
        "to",
        "Lachish",
        "after",
        "him,",
        "and",
        "slew",
        "him",
        "there."
      ],
      "header": "",
      "footer": ""
    },
    {
      "book_name": "2 Chronicles",
      "chapter": 25,
      "verse": 28,
      "text": [
        "And",
        "they",
        "brought",
        "him",
        "upon",
        "horses,",
        "and",
        "buried",
        "him",
        "with",
        "his",
        "fathers",
        "in",
        "the",
        "city",
        "of",
        "Judah."
      ],
      "header": "",
      "footer": ""
    }
  ]
}