{
  "book_name": "Proverbs",
  "chapter": 12,
  "verses": [
    {
      "book_name": "Proverbs",
      "chapter": 12,
      "verse": 1,
      "text": [
        "Whoso",
        "loveth",
        "instruction",
        "loveth",
        "knowledge:",
        "but",
        "he",
        "that",
        "hateth",
        "reproof",
        "*is",
        "brutish."
      ],
      "header": "",
      "footer": ""
    },
    {
      "book_name": "Proverbs",
      "chapter": 12,
      "verse": 2,
      "text": [
        "A",
        "good",
        "*man",
        "obtaineth",
        "favour",
        "of",
        "the",
        "Lᴏʀᴅ:",
        "but",
        "a",
        "man",
        "of",
        "wicked",
        "devices",
        "will",
        "he",
        "condemn."
      ],
      "header": "",
      "footer": ""
    },
    {
      "book_name": "Proverbs",
      "chapter": 12,
      "verse": 3,
      "text": [
        "A",
        "man",
        "shall",
        "not",
        "be",
        "established",
        "by",
        "wickedness:",
        "but",
        "the",
        "root",
        "of",
        "the",
        "righteous",
        "shall",
        "not",
        "be",
        "moved."
      ],
      "header": "",
      "footer": ""
    },
    {
      "book_name": "Proverbs",
      "chapter": 12,
      "verse": 4,
      "text": [
        "A",
        "virtuous",
        "woman",
        "*is",
        "a",
        "crown",
        "to",
        "her",
        "husband:",
        "but",
        "she",
        "that",
        "maketh",
        "ashamed",
        "*is",
        "as",
        "rottenness",
        "in",
        "his",
        "bones."
      ],
      "header": "",
      "footer": ""
    },
    {
      "book_name": "Proverbs",
      "chapter": 12,
      "verse": 5,
      "text": [
        "The",
        "thoughts",
        "of",
        "the",
        "righteous",
        "*are",
        "right:",
        "*but",
        "the",
        "counsels",
        "of",
        "the",
        "wicked",
        "*are",
        "deceit."
      ],
      "header": "",
      "footer": ""
    },
    {
      "book_name": "Proverbs",
      "chapter": 12,
      "verse": 6,
      "text": [
        "The",
        "words",
        "of",
        "the",
        "wicked",
        "*are",
        "to",
        "lie",
        "in",
        "wait",
        "for",
        "blood:",
        "but",
        "the",
        "mouth",
        "of",
        "the",
        "upright",
        "shall",
        "deliver",
        "them."
      ],
      "header": "",
      "footer": ""
    },
    {
      "book_name": "Proverbs",
      "chapter": 12,
      "verse": 7,
      "text": [
        "The",
        "wicked",
        "are",
        "overthrown,",
        "and",
        "*are",
        "not:",
        "but",
        "the",
        "house",
        "of",
        "the",
        "righteous",
        "shall",
        "stand."
      ],
      "header": "",
      "footer": ""
    },
    {
      "book_name": "Proverbs",
      "chapter": 12,
      "verse": 8,
      "text": [
        "A",
        "man",
        "shall",
        "be",
        "commended",
        "according",
        "to",
        "his",
        "wisdom:",
        "but",
        "he",
        "that",
        "is",
        "of",
        "a",
        "perverse",
        "heart",
        "shall",
        "be",
        "despised."
      ],
      "header": "",
      "footer": ""
    },
    {
      "book_name": "Proverbs",
      "chapter": 12,
      "verse": 9,
      "text": [
        "*He",
        "*that",
        "*is",
        "despised,",
        "and",
        "hath",
        "a",
        "servant,",
        "*is",
        "better",
        "than",
        "he",
        "that",
        "honoureth",
        "himself,",
        "and",
        "lacketh",
        "bread."
      ],
      "header": "",
      "footer": ""
    },
    {
      "book_name": "Proverbs",
      "chapter": 12,
      "verse": 10,
      "text": [
        "A",
        "righteous",
        "*man",
        "regardeth",
        "the",
        "life",
        "of",
        "his",
        "beast:",
        "but",
        "the",
        "tender",
        "mercies",
        "of",
        "the",
        "wicked",
        "*are",
        "cruel."
      ],
      "header": "",
      "footer": ""
    },
    {
      "book_name": "Proverbs",
      "chapter": 12,
      "verse": 11,
      "text": [
        "He",
        "that",
        "tilleth",
        "his",
        "land",
        "shall",
        "be",
        "satisfied",
        "with",
        "bread:",
        "but",
        "he",
        "that",
        "followeth",
        "vain",
        "*persons",
        "*is",
        "void",
        "of",
        "understanding."
      ],
      "header": "",
      "footer": ""
    },
    {
      "book_name": "Proverbs",
      "chapter": 12,
      "verse": 12,
      "text": [
        "The",
        "wicked",
        "desireth",
        "the",
        "net",
        "of",
        "evil",
        "*men:",
        "but",
        "the",
        "root",
        "of",
        "the",
        "righteous",
        "yieldeth",
        "*fruit."
      ],
      "header": "",
      "footer": ""
    },
    {
      "book_name": "Proverbs",
      "chapter": 12,
      "verse": 13,
      "text": [
        "The",
        "wicked",
        "is",
        "snared",
        "by",
        "the",
        "transgression",
        "of",
        "*his",
        "lips:",
        "but",
        "the",
        "just",
        "shall",
        "come",
        "out",
        "of",
        "trouble."
      ],
      "header": "",
      "footer": ""
    },
    {
      "book_name": "Proverbs",
      "chapter": 12,
      "verse": 14,
      "text": [
        "A",
        "man",
        "shall",
        "be",
        "satisfied",
        "with",
        "good",
        "by",
        "the",
        "fruit",
        "of",
        "*his",
        "mouth:",
        "and",
        "the",
        "recompence",
        "of",
        "a",
        "man's",
        "hands",
        "shall",
        "be",
        "rendered",
        "unto",
        "him."
      ],
      "header": "",
      "footer": ""
    },
    {
      "book_name": "Proverbs",
      "chapter": 12,
      "verse": 15,
      "text": [
        "The",
        "way",
        "of",
        "a",
        "fool",
        "*is",
        "right",
        "in",
        "his",
        "own",
        "eyes:",
        "but",
        "he",
        "that",
        "hearkeneth",
        "unto",
        "counsel",
        "*is",
        "wise."
      ],
      "header": "",
      "footer": ""
    },
    {
      "book_name": "Proverbs",
      "chapter": 12,
      "verse": 16,
      "text": [
        "A",
        "fool's",
        "wrath",
        "is",
        "presently",
        "known:",
        "but",
        "a",
        "prudent",
        "*man",
        "covereth",
        "shame."
      ],
      "header": "",
      "footer": ""
    },
    {
      "book_name": "Proverbs",
      "chapter": 12,
      "verse": 17,
      "text": [
        "*He",
        "*that",
        "speaketh",
        "truth",
        "sheweth",
        "forth",
        "righteousness:",
        "but",
        "a",
        "false",
        "witness",
        "deceit."
      ],
      "header": "",
      "footer": ""
    },
    {
      "book_name": "Proverbs",
      "chapter": 12,
      "verse": 18,
      "text": [
        "There",
        "is",
        "that",
        "speaketh",
        "like",
        "the",
        "piercings",
        "of",
        "a",
        "sword:",
        "but",
        "the",
        "tongue",
        "of",
        "the",
        "wise",
        "*is",
        "health."
      ],
      "header": "",
      "footer": ""
    },
    {
      "book_name": "Proverbs",
      "chapter": 12,
      "verse": 19,
      "text": [
        "The",
        "lip",
        "of",
        "truth",
        "shall",
        "be",
        "established",
        "for",
        "ever:",
        "but",
        "a",
        "lying",
        "tongue",
        "*is",
        "but",
        "for",
        "a",
        "moment."
      ],
      "header": "",
      "footer": ""
    },
    {
      "book_name": "Proverbs",
      "chapter": 12,
      "verse": 20,
      "text": [
        "Deceit",
        "*is",
        "in",
        "the",
        "heart",
        "of",
        "them",
        "that",
        "imagine",
        "evil:",
        "but",
        "to",
        "the",
        "counsellers",
        "of",
        "peace",
        "*is",
        "joy."
      ],
      "header": "",
      "footer": ""
    },
    {
      "book_name": "Proverbs",
      "chapter": 12,
      "verse": 21,
      "text": [
        "There",
        "shall",
        "no",
        "evil",
        "happen",
        "to",
        "the",
        "just:",
        "but",
        "the",
        "wicked",
        "shall",
        "be",
        "filled",
        "with",
        "mischief."
      ],
      "header": "",
      "footer": ""
    },
    {
      "book_name": "Proverbs",
      "chapter": 12,
      "verse": 22,
      "text": [
        "Lying",
        "lips",
        "*are",
        "abomination",
        "to",
        "the",
        "Lᴏʀᴅ:",
        "but",
        "they",
        "that",
        "deal",
        "truly",
        "*are",
        "his",
        "delight."
      ],
      "header": "",
      "footer": ""
    },
    {
      "book_name": "Proverbs",
      "chapter": 12,
      "verse": 23,
      "text": [
        "A",
        "prudent",
        "man",
        "concealeth",
        "knowledge:",
        "but",
        "the",
        "heart",
        "of",
        "fools",
        "proclaimeth",
        "foolishness."
      ],
      "header": "",
      "footer": ""
    },
    {
      "book_name": "Proverbs",
      "chapter": 12,
      "verse": 24,
      "text": [
        "The",
        "hand",
        "of",
        "the",
        "diligent",
        "shall",
        "bear",
        "rule:",
        "but",
        "the",
        "slothful",
        "shall",
        "be",
        "under",
        "tribute."
      ],
      "header": "",
      "footer": ""
    },
    {
      "book_name": "Proverbs",
      "chapter": 12,
      "verse": 25,
      "text": [
        "Heaviness",
        "in",
        "the",
        "heart",
        "of",
        "man",
        "maketh",
        "it",
        "stoop:",
        "but",
        "a",
        "good",
        "word",
        "maketh",
        "it",
        "glad."
      ],
      "header": "",
      "footer": ""
    },
    {
      "book_name": "Proverbs",
      "chapter": 12,
      "verse": 26,
      "text": [
        "The",
        "righteous",
        "*is",
        "more",
        "excellent",
        "than",
        "his",
        "neighbour:",
        "but",
        "the",
        "way",
        "of",
        "the",
        "wicked",
        "seduceth",
        "them."
      ],
      "header": "",
      "footer": ""
    },
    {
      "book_name": "Proverbs",
      "chapter": 12,
      "verse": 27,
      "text": [
        "The",
        "slothful",
        "*man",
        "roasteth",
        "not",
        "that",
        "which",
        "he",
        "took",
        "in",
        "hunting:",
        "but",
        "the",
        "substance",
        "of",
        "a",
        "diligent",
        "man",
        "*is",
        "precious."
      ],
      "header": "",
      "footer": ""
    },
    {
      "book_name": "Proverbs",
      "chapter": 12,
      "verse": 28,
      "text": [
        "In",
        "the",
        "way",
        "of",
        "righteousness",
        "*is",
        "life;",
        "and",
        "*in",
        "the",
        "pathway",
        "*thereof",
        "*there",
        "*is",
        "no",
        "death."
      ],
      "header": "",
      "footer": ""
    }
  ]
}