{
  "book_name": "Proverbs",
  "chapter": 13,
  "verses": [
    {
      "book_name": "Proverbs",
      "chapter": 13,
      "verse": 1,
      "text": [
        "A",
        "wise",
        "son",
        "*heareth",
        "his",
        "father's",
        "instruction:",
        "but",
        "a",
        "scorner",
        "heareth",
        "not",
        "rebuke."
      ],
      "header": "",
      "footer": ""
    },
    {
      "book_name": "Proverbs",
      "chapter": 13,
      "verse": 2,
      "text": [
        "A",
        "man",
        "shall",
        "eat",
        "good",
        "by",
        "the",
        "fruit",
        "of",
        "*his",
        "mouth:",
        "but",
        "the",
        "soul",
        "of",
        "the",
        "transgressors",
        "*shall",
        "*eat",
        "violence."
      ],
      "header": "",
      "footer": ""
    },
    {
      "book_name": "Proverbs",
      "chapter": 13,
      "verse": 3,
      "text": [
        "He",
        "that",
        "keepeth",
        "his",
        "mouth",
        "keepeth",
        "his",
        "life:",
        "*but",
        "he",
        "that",
        "openeth",
        "wide",
        "his",
        "lips",
        "shall",
        "have",
        "destruction."
      ],
      "header": "",
      "footer": ""
    },
    {
      "book_name": "Proverbs",
      "chapter": 13,
      "verse": 4,
      "text": [
        "The",
        "soul",
        "of",
        "the",
        "sluggard",
        "desireth,",
        "and",
        "*hath",
        "nothing:",
        "but",
        "the",
        "soul",
        "of",
        "the",
        "diligent",
        "shall",
        "be",
        "made",
        "fat."
      ],
      "header": "",
      "footer": ""
    },
    {
      "book_name": "Proverbs",
      "chapter": 13,
      "verse": 5,
      "text": [
        "A",
        "righteous",
        "*man",
        "hateth",
        "lying:",
        "but",
        "a",
        "wicked",
        "*man",
        "is",
        "loathsome,",
        "and",
        "cometh",
        "to",
        "shame."
      ],
      "header": "",
      "footer": ""
    },
    {
      "book_name": "Proverbs",
      "chapter": 13,
      "verse": 6,
      "text": [
        "Righteousness",
        "keepeth",
        "*him",
        "*that",
        "*is",
        "upright",
        "in",
        "the",
        "way:",
        "but",
        "wickedness",
        "overthroweth",
        "the",
        "sinner."
      ],
      "header": "",
      "footer": ""
    },
    {
      "book_name": "Proverbs",
      "chapter": 13,
      "verse": 7,
      "text": [
        "There",
        "is",
        "that",
        "maketh",
        "himself",
        "rich,",
        "yet",
        "*hath",
        "nothing:",
        "*there",
        "*is",
        "that",
        "maketh",
        "himself",
        "poor,",
        "yet",
        "*hath",
        "great",
        "riches."
      ],
      "header": "",
      "footer": ""
    },
    {
      "book_name": "Proverbs",
      "chapter": 13,
      "verse": 8,
      "text": [
        "The",
        "ransom",
        "of",
        "a",
        "man's",
        "life",
        "*are",
        "his",
        "riches:",
        "but",
        "the",
        "poor",
        "heareth",
        "not",
        "rebuke."
      ],
      "header": "",
      "footer": ""
    },
    {
      "book_name": "Proverbs",
      "chapter": 13,
      "verse": 9,
      "text": [
        "The",
        "light",
        "of",
        "the",
        "righteous",
        "rejoiceth:",
        "but",
        "the",
        "lamp",
        "of",
        "the",
        "wicked",
        "shall",
        "be",
        "put",
        "out."
      ],
      "header": "",
      "footer": ""
    },
    {
      "book_name": "Proverbs",
      "chapter": 13,
      "verse": 10,
      "text": [
        "Only",
        "by",
        "pride",
        "cometh",
        "contention:",
        "but",
        "with",
        "the",
        "well",
        "advised",
        "*is",
        "wisdom."
      ],
      "header": "",
      "footer": ""
    },
    {
      "book_name": "Proverbs",
      "chapter": 13,
      "verse": 11,
      "text": [
        "Wealth",
        "*gotten",
        "by",
        "vanity",
        "shall",
        "be",
        "diminished:",
        "but",
        "he",
        "that",
        "gathereth",
        "by",
        "labour",
        "shall",
        "increase."
      ],
      "header": "",
      "footer": ""
    },
    {
      "book_name": "Proverbs",
      "chapter": 13,
      "verse": 12,
      "text": [
        "Hope",
        "deferred",
        "maketh",
        "the",
        "heart",
        "sick:",
        "but",
        "*when",
        "the",
        "desire",
        "cometh,",
        "*it",
        "*is",
        "a",
        "tree",
        "of",
        "life."
      ],
      "header": "",
      "footer": ""
    },
    {
      "book_name": "Proverbs",
      "chapter": 13,
      "verse": 13,
      "text": [
        "Whoso",
        "despiseth",
        "the",
        "word",
        "shall",
        "be",
        "destroyed:",
        "but",
        "he",
        "that",
        "feareth",
        "the",
        "commandment",
        "shall",
        "be",
        "rewarded."
      ],
      "header": "",
      "footer": ""
    },
    {
      "book_name": "Proverbs",
      "chapter": 13,
      "verse": 14,
      "text": [
        "The",
        "law",
        "of",
        "the",
        "wise",
        "*is",
        "a",
        "fountain",
        "of",
        "life,",
        "to",
        "depart",
        "from",
        "the",
        "snares",
        "of",
        "death."
      ],
      "header": "",
      "footer": ""
    },
    {
      "book_name": "Proverbs",
      "chapter": 13,
      "verse": 15,
      "text": [
        "Good",
        "understanding",
        "giveth",
        "favour:",
        "but",
        "the",
        "way",
        "of",
        "transgressors",
        "*is",
        "hard."
      ],
      "header": "",
      "footer": ""
    },
    {
      "book_name": "Proverbs",
      "chapter": 13,
      "verse": 16,
      "text": [
        "Every",
        "prudent",
        "*man",
        "dealeth",
        "with",
        "knowledge:",
        "but",
        "a",
        "fool",
        "layeth",
        "open",
        "*his",
        "folly."
      ],
      "header": "",
      "footer": ""
    },
    {
      "book_name": "Proverbs",
      "chapter": 13,
      "verse": 17,
      "text": [
        "A",
        "wicked",
        "messenger",
        "falleth",
        "into",
        "mischief:",
        "but",
        "a",
        "faithful",
        "ambassador",
        "*is",
        "health."
      ],
      "header": "",
      "footer": ""
    },
    {
      "book_name": "Proverbs",
      "chapter": 13,
      "verse": 18,
      "text": [
        "Poverty",
        "and",
        "shame",
        "*shall",
        "*be",
        "*to",
        "him",
        "that",
        "refuseth",
        "instruction:",
        "but",
        "he",
        "that",
        "regardeth",
        "reproof",
        "shall",
        "be",
        "honoured."
      ],
      "header": "",
      "footer": ""
    },
    {
      "book_name": "Proverbs",
      "chapter": 13,
      "verse": 19,
      "text": [
        "The",
        "desire",
        "accomplished",
        "is",
        "sweet",
        "to",
        "the",
        "soul:",
        "but",
        "*it",
        "*is",
        "abomination",
        "to",
        "fools",
        "to",
        "depart",
        "from",
        "evil."
      ],
      "header": "",
      "footer": ""
    },
    {
      "book_name": "Proverbs",
      "chapter": 13,
      "verse": 20,
      "text": [
        "He",
        "that",
        "walketh",
        "with",
        "wise",
        "*men",
        "shall",
        "be",
        "wise:",
        "but",
        "a",
        "companion",
        "of",
        "fools",
        "shall",
        "be",
        "destroyed."
      ],
      "header": "",
      "footer": ""
    },
    {
      "book_name": "Proverbs",
      "chapter": 13,
      "verse": 21,
      "text": [
        "Evil",
        "pursueth",
        "sinners:",
        "but",
        "to",
        "the",
        "righteous",
        "good",
        "shall",
        "be",
        "repayed."
      ],
      "header": "",
      "footer": ""
    },
    {
      "book_name": "Proverbs",
      "chapter": 13,
      "verse": 22,
      "text": [
        "A",
        "good",
        "*man",
        "leaveth",
        "an",
        "inheritance",
        "to",
        "his",
        "children's",
        "children:",
        "and",
        "the",
        "wealth",
        "of",
        "the",
        "sinner",
        "*is",
        "laid",
        "up",
        "for",
        "the",
        "just."
      ],
      "header": "",
      "footer": ""
    },
    {
      "book_name": "Proverbs",
      "chapter": 13,
      "verse": 23,
      "text": [
        "Much",
        "food",
        "*is",
        "*in",
        "the",
        "tillage",
        "of",
        "the",
        "poor:",
        "but",
        "there",
        "is",
        "*that",
        "*is",
        "destroyed",
        "for",
        "want",
        "of",
        "judgment."
      ],
      "header": "",
      "footer": ""
    },
    {
      "book_name": "Proverbs",
      "chapter": 13,
      "verse": 24,
      "text": [
        "He",
        "that",
        "spareth",
        "his",
        "rod",
        "hateth",
        "his",
        "son:",
        "but",
        "he",
        "that",
        "loveth",
        "him",
        "chasteneth",
        "him",
        "betimes."
      ],
      "header": "",
      "footer": ""
    },
    {
      "book_name": "Proverbs",
      "chapter": 13,
      "verse": 25,
      "text": [
        "The",
        "righteous",
        "eateth",
        "to",
        "the",
        "satisfying",
        "of",
        "his",
        "soul:",
        "but",
        "the",
        "belly",
        "of",
        "the",
        "wicked",
        "shall",
        "want."
      ],
      "header": "",
      "footer": ""
    }
  ]
}