{
  "book_name": "Proverbs",
  "chapter": 23,
  "verses": [
    {
      "book_name": "Proverbs",
      "chapter": 23,
      "verse": 1,
      "text": [
        "When",
        "thou",
        "sittest",
        "to",
        "eat",
        "with",
        "a",
        "ruler,",
        "consider",
        "diligently",
        "what",
        "*is",
        "before",
        "thee:"
      ],
      "header": "",
      "footer": ""
    },
    {
      "book_name": "Proverbs",
      "chapter": 23,
      "verse": 2,
      "text": [
        "And",
        "put",
        "a",
        "knife",
        "to",
        "thy",
        "throat,",
        "if",
        "thou",
        "*be",
        "a",
        "man",
        "given",
        "to",
        "appetite."
      ],
      "header": "",
      "footer": ""
    },
    {
      "book_name": "Proverbs",
      "chapter": 23,
      "verse": 3,
      "text": [
        "Be",
        "not",
        "desirous",
        "of",
        "his",
        "dainties:",
        "for",
        "they",
        "*are",
        "deceitful",
        "meat."
      ],
      "header": "",
      "footer": ""
    },
    {
      "book_name": "Proverbs",
      "chapter": 23,
      "verse": 4,
      "text": [
        "Labour",
        "not",
        "to",
        "be",
        "rich:",
        "cease",
        "from",
        "thine",
        "own",
        "wisdom."
      ],
      "header": "",
      "footer": ""
    },
    {
      "book_name": "Proverbs",
      "chapter": 23,
      "verse": 5,
      "text": [
        "Wilt",
        "thou",
        "set",
        "thine",
        "eyes",
        "upon",
        "that",
        "which",
        "is",
        "not?",
        "for",
        "*riches",
        "certainly",
        "make",
        "themselves",
        "wings;",
        "they",
        "fly",
        "away",
        "as",
        "an",
        "eagle",
        "toward",
        "heaven."
      ],
      "header": "",
      "footer": ""
    },
    {
      "book_name": "Proverbs",
      "chapter": 23,
      "verse": 6,
      "text": [
        "Eat",
        "thou",
        "not",
        "the",
        "bread",
        "of",
        "*him",
        "*that",
        "*hath",
        "an",
        "evil",
        "eye,",
        "neither",
        "desire",
        "thou",
        "his",
        "dainty",
        "meats:"
      ],
      "header": "",
      "footer": ""
    },
    {
      "book_name": "Proverbs",
      "chapter": 23,
      "verse": 7,
      "text": [
        "For",
        "as",
        "he",
        "thinketh",
        "in",
        "his",
        "heart,",
        "so",
        "*is",
        "he:",
        "Eat",
        "and",
        "drink,",
        "saith",
        "he",
        "to",
        "thee;",
        "but",
        "his",
        "heart",
        "*is",
        "not",
        "with",
        "thee."
      ],
      "header": "",
      "footer": ""
    },
    {
      "book_name": "Proverbs",
      "chapter": 23,
      "verse": 8,
      "text": [
        "The",
        "morsel",
        "*which",
        "thou",
        "hast",
        "eaten",
        "shalt",
        "thou",
        "vomit",
        "up,",
        "and",
        "lose",
        "thy",
        "sweet",
        "words."
      ],
      "header": "",
      "footer": ""
    },
    {
      "book_name": "Proverbs",
      "chapter": 23,
      "verse": 9,
      "text": [
        "Speak",
        "not",
        "in",
        "the",
        "ears",
        "of",
        "a",
        "fool:",
        "for",
        "he",
        "will",
        "despise",
        "the",
        "wisdom",
        "of",
        "thy",
        "words."
      ],
      "header": "",
      "footer": ""
    },
    {
      "book_name": "Proverbs",
      "chapter": 23,
      "verse": 10,
      "text": [
        "Remove",
        "not",
        "the",
        "old",
        "landmark;",
        "and",
        "enter",
        "not",
        "into",
        "the",
        "fields",
        "of",
        "the",
        "fatherless:"
      ],
      "header": "",
      "footer": ""
    },
    {
      "book_name": "Proverbs",
      "chapter": 23,
      "verse": 11,
      "text": [
        "For",
        "their",
        "redeemer",
        "*is",
        "mighty;",
        "he",
        "shall",
        "plead",
        "their",
        "cause",
        "with",
        "thee."
      ],
      "header": "",
      "footer": ""
    },
    {
      "book_name": "Proverbs",
      "chapter": 23,
      "verse": 12,
      "text": [
        "Apply",
        "thine",
        "heart",
        "unto",
        "instruction,",
        "and",
        "thine",
        "ears",
        "to",
        "the",
        "words",
        "of",
        "knowledge."
      ],
      "header": "",
      "footer": ""
    },
    {
      "book_name": "Proverbs",
      "chapter": 23,
      "verse": 13,
      "text": [
        "Withhold",
        "not",
        "correction",
        "from",
        "the",
        "child:",
        "for",
        "*if",
        "thou",
        "beatest",
        "him",
        "with",
        "the",
        "rod,",
        "he",
        "shall",
        "not",
        "die."
      ],
      "header": "",
      "footer": ""
    },
    {
      "book_name": "Proverbs",
      "chapter": 23,
      "verse": 14,
      "text": [
        "Thou",
        "shalt",
        "beat",
        "him",
        "with",
        "the",
        "rod,",
        "and",
        "shalt",
        "deliver",
        "his",
        "soul",
        "from",
        "hell."
      ],
      "header": "",
      "footer": ""
    },
    {
      "book_name": "Proverbs",
      "chapter": 23,
      "verse": 15,
      "text": [
        "My",
        "son,",
        "if",
        "thine",
        "heart",
        "be",
        "wise,",
        "my",
        "heart",
        "shall",
        "rejoice,",
        "even",
        "mine."
      ],
      "header": "",
      "footer": ""
    },
    {
      "book_name": "Proverbs",
      "chapter": 23,
      "verse": 16,
      "text": [
        "Yea,",
        "my",
        "reins",
        "shall",
        "rejoice,",
        "when",
        "thy",
        "lips",
        "speak",
        "right",
        "things."
      ],
      "header": "",
      "footer": ""
    },
    {
      "book_name": "Proverbs",
      "chapter": 23,
      "verse": 17,
      "text": [
        "Let",
        "not",
        "thine",
        "heart",
        "envy",
        "sinners:",
        "but",
        "*be",
        "*thou",
        "in",
        "the",
        "fear",
        "of",
        "the",
        "Lᴏʀᴅ",
        "all",
        "the",
        "day",
        "long."
      ],
      "header": "",
      "footer": ""
    },
    {
      "book_name": "Proverbs",
      "chapter": 23,
      "verse": 18,
      "text": [
        "For",
        "surely",
        "there",
        "is",
        "an",
        "end;",
        "and",
        "thine",
        "expectation",
        "shall",
        "not",
        "be",
        "cut",
        "off."
      ],
      "header": "",
      "footer": ""
    },
    {
      "book_name": "Proverbs",
      "chapter": 23,
      "verse": 19,
      "text": [
        "Hear",
        "thou,",
        "my",
        "son,",
        "and",
        "be",
        "wise,",
        "and",
        "guide",
        "thine",
        "heart",
        "in",
        "the",
        "way."
      ],
      "header": "",
      "footer": ""
    },
    {
      "book_name": "Proverbs",
      "chapter": 23,
      "verse": 20,
      "text": [
        "Be",
        "not",
        "among",
        "winebibbers;",
        "among",
        "riotous",
        "eaters",
        "of",
        "flesh:"
      ],
      "header": "",
      "footer": ""
    },
    {
      "book_name": "Proverbs",
      "chapter": 23,
      "verse": 21,
      "text": [
        "For",
        "the",
        "drunkard",
        "and",
        "the",
        "glutton",
        "shall",
        "come",
        "to",
        "poverty:",
        "and",
        "drowsiness",
        "shall",
        "clothe",
        "*a",
        "*man",
        "with",
        "rags."
      ],
      "header": "",
      "footer": ""
    },
    {
      "book_name": "Proverbs",
      "chapter": 23,
      "verse": 22,
      "text": [
        "Hearken",
        "unto",
        "thy",
        "father",
        "that",
        "begat",
        "thee,",
        "and",
        "despise",
        "not",
        "thy",
        "mother",
        "when",
        "she",
        "is",
        "old."
      ],
      "header": "",
      "footer": ""
    },
    {
      "book_name": "Proverbs",
      "chapter": 23,
      "verse": 23,
      "text": [
        "Buy",
        "the",
        "truth,",
        "and",
        "sell",
        "*it",
        "not;",
        "*also",
        "wisdom,",
        "and",
        "instruction,",
        "and",
        "understanding."
      ],
      "header": "",
      "footer": ""
    },
    {
      "book_name": "Proverbs",
      "chapter": 23,
      "verse": 24,
      "text": [
        "The",
        "father",
        "of",
        "the",
        "righteous",
        "shall",
        "greatly",
        "rejoice:",
        "and",
        "he",
        "that",
        "begetteth",
        "a",
        "wise",
        "*child",
        "shall",
        "have",
        "joy",
        "of",
        "him."
      ],
      "header": "",
      "footer": ""
    },
    {
      "book_name": "Proverbs",
      "chapter": 23,
      "verse": 25,
      "text": [
        "Thy",
        "father",
        "and",
        "thy",
        "mother",
        "shall",
        "be",
        "glad,",
        "and",
        "she",
        "that",
        "bare",
        "thee",
        "shall",
        "rejoice."
      ],
      "header": "",
      "footer": ""
    },
    {
      "book_name": "Proverbs",
      "chapter": 23,
      "verse": 26,
      "text": [
        "My",
        "son,",
        "give",
        "me",
        "thine",
        "heart,",
        "and",
        "let",
        "thine",
        "eyes",
        "observe",
        "my",
        "ways."
      ],
      "header": "",
      "footer": ""
    },
    {
      "book_name": "Proverbs",
      "chapter": 23,
      "verse": 27,
      "text": [
        "For",
        "a",
        "whore",
        "*is",
        "a",
        "deep",
        "ditch;",
        "and",
        "a",
        "strange",
        "woman",
        "*is",
        "a",
        "narrow",
        "pit."
      ],
      "header": "",
      "footer": ""
    },
    {
      "book_name": "Proverbs",
      "chapter": 23,
      "verse": 28,
      "text": [
        "She",
        "also",
        "lieth",
        "in",
        "wait",
        "as",
        "*for",
        "a",
        "prey,",
        "and",
        "increaseth",
        "the",
        "transgressors",
        "among",
        "men."
      ],
      "header": "",
      "footer": ""
    },
    {
      "book_name": "Proverbs",
      "chapter": 23,
      "verse": 29,
      "text": [
        "Who",
        "hath",
        "woe?",
        "who",
        "hath",
        "sorrow?",
        "who",
        "hath",
        "contentions?",
        "who",
        "hath",
        "babbling?",
        "who",
        "hath",
        "wounds",
        "without",
        "cause?",
        "who",
        "hath",
        "redness",
        "of",
        "eyes?"
      ],
      "header": "",
      "footer": ""
    },
    {
      "book_name": "Proverbs",
      "chapter": 23,
      "verse": 30,
      "text": [
        "They",
        "that",
        "tarry",
        "long",
        "at",
        "the",
        "wine;",
        "they",
        "that",
        "go",
        "to",
        "seek",
        "mixed",
        "wine."
      ],
      "header": "",
      "footer": ""
    },
    {
      "book_name": "Proverbs",
      "chapter": 23,
      "verse": 31,
      "text": [
        "Look",
        "not",
        "thou",
        "upon",
        "the",
        "wine",
        "when",
        "it",
        "is",
        "red,",
        "when",
        "it",
        "giveth",
        "his",
        "colour",
        "in",
        "the",
        "cup,",
        "*when",
        "it",
        "moveth",
        "itself",
        "aright."
      ],
      "header": "",
      "footer": ""
    },
    {
      "book_name": "Proverbs",
      "chapter": 23,
      "verse": 32,
      "text": [
        "At",
        "the",
        "last",
        "it",
        "biteth",
        "like",
        "a",
        "serpent,",
        "and",
        "stingeth",
        "like",
        "an",
        "adder."
      ],
      "header": "",
      "footer": ""
    },
    {
      "book_name": "Proverbs",
      "chapter": 23,
      "verse": 33,
      "text": [
        "Thine",
        "eyes",
        "shall",
        "behold",
        "strange",
        "women,",
        "and",
        "thine",
        "heart",
        "shall",
        "utter",
        "perverse",
        "things."
      ],
      "header": "",
      "footer": ""
    },
    {
      "book_name": "Proverbs",
      "chapter": 23,
      "verse": 34,
      "text": [
        "Yea,",
        "thou",
        "shalt",
        "be",
        "as",
        "he",
        "that",
        "lieth",
        "down",
        "in",
        "the",
        "midst",
        "of",
        "the",
        "sea,",
        "or",
        "as",
        "he",
        "that",
        "lieth",
        "upon",
        "the",
        "top",
        "of",
        "a",
        "mast."
      ],
      "header": "",
      "footer": ""
    },
    {
      "book_name": "Proverbs",
      "chapter": 23,
      "verse": 35,
      "text": [
        "They",
        "have",
        "stricken",
        "me,",
        "*shalt",
        "*thou",
        "*say,",
        "*and",
        "I",
        "was",
        "not",
        "sick;",
        "they",
        "have",
        "beaten",
        "me,",
        "*and",
        "I",
        "felt",
        "*it",
        "not:",
        "when",
        "shall",
        "I",
        "awake?",
        "I",
        "will",
        "seek",
        "it",
        "yet",
        "again."
      ],
      "header": "",
      "footer": ""
    }
  ]
}