{
  "book_name": "Proverbs",
  "chapter": 24,
  "verses": [
    {
      "book_name": "Proverbs",
      "chapter": 24,
      "verse": 1,
      "text": [
        "Be",
        "not",
        "thou",
        "envious",
        "against",
        "evil",
        "men,",
        "neither",
        "desire",
        "to",
        "be",
        "with",
        "them."
      ],
      "header": "",
      "footer": ""
    },
    {
      "book_name": "Proverbs",
      "chapter": 24,
      "verse": 2,
      "text": [
        "For",
        "their",
        "heart",
        "studieth",
        "destruction,",
        "and",
        "their",
        "lips",
        "talk",
        "of",
        "mischief."
      ],
      "header": "",
      "footer": ""
    },
    {
      "book_name": "Proverbs",
      "chapter": 24,
      "verse": 3,
      "text": [
        "Through",
        "wisdom",
        "is",
        "an",
        "house",
        "builded;",
        "and",
        "by",
        "understanding",
        "it",
        "is",
        "established:"
      ],
      "header": "",
      "footer": ""
    },
    {
      "book_name": "Proverbs",
      "chapter": 24,
      "verse": 4,
      "text": [
        "And",
        "by",
        "knowledge",
        "shall",
        "the",
        "chambers",
        "be",
        "filled",
        "with",
        "all",
        "precious",
        "and",
        "pleasant",
        "riches."
      ],
      "header": "",
      "footer": ""
    },
    {
      "book_name": "Proverbs",
      "chapter": 24,
      "verse": 5,
      "text": [
        "A",
        "wise",
        "man",
        "*is",
        "strong;",
        "yea,",
        "a",
        "man",
        "of",
        "knowledge",
        "increaseth",
        "strength."
      ],
      "header": "",
      "footer": ""
    },
    {
      "book_name": "Proverbs",
      "chapter": 24,
      "verse": 6,
      "text": [
        "For",
        "by",
        "wise",
        "counsel",
        "thou",
        "shalt",
        "make",
        "thy",
        "war:",
        "and",
        "in",
        "multitude",
        "of",
        "counsellers",
        "*there",
        "*is",
        "safety."
      ],
      "header": "",
      "footer": ""
    },
    {
      "book_name": "Proverbs",
      "chapter": 24,
      "verse": 7,
      "text": [
        "Wisdom",
        "*is",
        "too",
        "high",
        "for",
        "a",
        "fool:",
        "he",
        "openeth",
        "not",
        "his",
        "mouth",
        "in",
        "the",
        "gate."
      ],
      "header": "",
      "footer": ""
    },
    {
      "book_name": "Proverbs",
      "chapter": 24,
      "verse": 8,
      "text": [
        "He",
        "that",
        "deviseth",
        "to",
        "do",
        "evil",
        "shall",
        "be",
        "called",
        "a",
        "mischievous",
        "person."
      ],
      "header": "",
      "footer": ""
    },
    {
      "book_name": "Proverbs",
      "chapter": 24,
      "verse": 9,
      "text": [
        "The",
        "thought",
        "of",
        "foolishness",
        "*is",
        "sin:",
        "and",
        "the",
        "scorner",
        "*is",
        "an",
        "abomination",
        "to",
        "men."
      ],
      "header": "",
      "footer": ""
    },
    {
      "book_name": "Proverbs",
      "chapter": 24,
      "verse": 10,
      "text": [
        "*If",
        "thou",
        "faint",
        "in",
        "the",
        "day",
        "of",
        "adversity,",
        "thy",
        "strength",
        "*is",
        "small."
      ],
      "header": "",
      "footer": ""
    },
    {
      "book_name": "Proverbs",
      "chapter": 24,
      "verse": 11,
      "text": [
        "If",
        "thou",
        "forbear",
        "to",
        "deliver",
        "*them",
        "*that",
        "*are",
        "drawn",
        "unto",
        "death,",
        "and",
        "*those",
        "*that",
        "*are",
        "ready",
        "to",
        "be",
        "slain;"
      ],
      "header": "",
      "footer": ""
    },
    {
      "book_name": "Proverbs",
      "chapter": 24,
      "verse": 12,
      "text": [
        "If",
        "thou",
        "sayest,",
        "Behold,",
        "we",
        "knew",
        "it",
        "not;",
        "doth",
        "not",
        "he",
        "that",
        "pondereth",
        "the",
        "heart",
        "consider",
        "*it?",
        "and",
        "he",
        "that",
        "keepeth",
        "thy",
        "soul,",
        "doth",
        "*not",
        "he",
        "know",
        "*it?",
        "and",
        "shall",
        "*not",
        "he",
        "render",
        "to",
        "*every",
        "man",
        "according",
        "to",
        "his",
        "works?"
      ],
      "header": "",
      "footer": ""
    },
    {
      "book_name": "Proverbs",
      "chapter": 24,
      "verse": 13,
      "text": [
        "My",
        "son,",
        "eat",
        "thou",
        "honey,",
        "because",
        "*it",
        "*is",
        "good;",
        "and",
        "the",
        "honeycomb,",
        "*which",
        "*is",
        "sweet",
        "to",
        "thy",
        "taste:"
      ],
      "header": "",
      "footer": ""
    },
    {
      "book_name": "Proverbs",
      "chapter": 24,
      "verse": 14,
      "text": [
        "So",
        "*shall",
        "the",
        "knowledge",
        "of",
        "wisdom",
        "*be",
        "unto",
        "thy",
        "soul:",
        "when",
        "thou",
        "hast",
        "found",
        "*it,",
        "then",
        "there",
        "shall",
        "be",
        "a",
        "reward,",
        "and",
        "thy",
        "expectation",
        "shall",
        "not",
        "be",
        "cut",
        "off."
      ],
      "header": "",
      "footer": ""
    },
    {
      "book_name": "Proverbs",
      "chapter": 24,
      "verse": 15,
      "text": [
        "Lay",
        "not",
        "wait,",
        "O",
        "wicked",
        "*man,",
        "against",
        "the",
        "dwelling",
        "of",
        "the",
        "righteous;",
        "spoil",
        "not",
        "his",
        "resting",
        "place:"
      ],
      "header": "",
      "footer": ""
    },
    {
      "book_name": "Proverbs",
      "chapter": 24,
      "verse": 16,
      "text": [
        "For",
        "a",
        "just",
        "*man",
        "falleth",
        "seven",
        "times,",
        "and",
        "riseth",
        "up",
        "again:",
        "but",
        "the",
        "wicked",
        "shall",
        "fall",
        "into",
        "mischief."
      ],
      "header": "",
      "footer": ""
    },
    {
      "book_name": "Proverbs",
      "chapter": 24,
      "verse": 17,
      "text": [
        "Rejoice",
        "not",
        "when",
        "thine",
        "enemy",
        "falleth,",
        "and",
        "let",
        "not",
        "thine",
        "heart",
        "be",
        "glad",
        "when",
        "he",
        "stumbleth:"
      ],
      "header": "",
      "footer": ""
    },
    {
      "book_name": "Proverbs",
      "chapter": 24,
      "verse": 18,
      "text": [
        "Lest",
        "the",
        "Lᴏʀᴅ",
        "see",
        "*it,",
        "and",
        "it",
        "displease",
        "him,",
        "and",
        "he",
        "turn",
        "away",
        "his",
        "wrath",
        "from",
        "him."
      ],
      "header": "",
      "footer": ""
    },
    {
      "book_name": "Proverbs",
      "chapter": 24,
      "verse": 19,
      "text": [
        "Fret",
        "not",
        "thyself",
        "because",
        "of",
        "evil",
        "*men,",
        "neither",
        "be",
        "thou",
        "envious",
        "at",
        "the",
        "wicked;"
      ],
      "header": "",
      "footer": ""
    },
    {
      "book_name": "Proverbs",
      "chapter": 24,
      "verse": 20,
      "text": [
        "For",
        "there",
        "shall",
        "be",
        "no",
        "reward",
        "to",
        "the",
        "evil",
        "*man;",
        "the",
        "candle",
        "of",
        "the",
        "wicked",
        "shall",
        "be",
        "put",
        "out."
      ],
      "header": "",
      "footer": ""
    },
    {
      "book_name": "Proverbs",
      "chapter": 24,
      "verse": 21,
      "text": [
        "My",
        "son,",
        "fear",
        "thou",
        "the",
        "Lᴏʀᴅ",
        "and",
        "the",
        "king:",
        "*and",
        "meddle",
        "not",
        "with",
        "them",
        "that",
        "are",
        "given",
        "to",
        "change:"
      ],
      "header": "",
      "footer": ""
    },
    {
      "book_name": "Proverbs",
      "chapter": 24,
      "verse": 22,
      "text": [
        "For",
        "their",
        "calamity",
        "shall",
        "rise",
        "suddenly;",
        "and",
        "who",
        "knoweth",
        "the",
        "ruin",
        "of",
        "them",
        "both?"
      ],
      "header": "",
      "footer": ""
    },
    {
      "book_name": "Proverbs",
      "chapter": 24,
      "verse": 23,
      "text": [
        "These",
        "*things",
        "also",
        "*belong",
        "to",
        "the",
        "wise.",
        "*It",
        "*is",
        "not",
        "good",
        "to",
        "have",
        "respect",
        "of",
        "persons",
        "in",
        "judgment."
      ],
      "header": "",
      "footer": ""
    },
    {
      "book_name": "Proverbs",
      "chapter": 24,
      "verse": 24,
      "text": [
        "He",
        "that",
        "saith",
        "unto",
        "the",
        "wicked,",
        "Thou",
        "*art",
        "righteous;",
        "him",
        "shall",
        "the",
        "people",
        "curse,",
        "nations",
        "shall",
        "abhor",
        "him:"
      ],
      "header": "",
      "footer": ""
    },
    {
      "book_name": "Proverbs",
      "chapter": 24,
      "verse": 25,
      "text": [
        "But",
        "to",
        "them",
        "that",
        "rebuke",
        "*him",
        "shall",
        "be",
        "delight,",
        "and",
        "a",
        "good",
        "blessing",
        "shall",
        "come",
        "upon",
        "them."
      ],
      "header": "",
      "footer": ""
    },
    {
      "book_name": "Proverbs",
      "chapter": 24,
      "verse": 26,
      "text": [
        "*Every",
        "*man",
        "shall",
        "kiss",
        "*his",
        "lips",
        "that",
        "giveth",
        "a",
        "right",
        "answer."
      ],
      "header": "",
      "footer": ""
    },
    {
      "book_name": "Proverbs",
      "chapter": 24,
      "verse": 27,
      "text": [
        "Prepare",
        "thy",
        "work",
        "without,",
        "and",
        "make",
        "it",
        "fit",
        "for",
        "thyself",
        "in",
        "the",
        "field;",
        "and",
        "afterwards",
        "build",
        "thine",
        "house."
      ],
      "header": "",
      "footer": ""
    },
    {
      "book_name": "Proverbs",
      "chapter": 24,
      "verse": 28,
      "text": [
        "Be",
        "not",
        "a",
        "witness",
        "against",
        "thy",
        "neighbour",
        "without",
        "cause;",
        "and",
        "deceive",
        "*not",
        "with",
        "thy",
        "lips."
      ],
      "header": "",
      "footer": ""
    },
    {
      "book_name": "Proverbs",
      "chapter": 24,
      "verse": 29,
      "text": [
        "Say",
        "not,",
        "I",
        "will",
        "do",
        "so",
        "to",
        "him",
        "as",
        "he",
        "hath",
        "done",
        "to",
        "me:",
        "I",
        "will",
        "render",
        "to",
        "the",
        "man",
        "according",
        "to",
        "his",
        "work."
      ],
      "header": "",
      "footer": ""
    },
    {
      "book_name": "Proverbs",
      "chapter": 24,
      "verse": 30,
      "text": [
        "I",
        "went",
        "by",
        "the",
        "field",
        "of",
        "the",
        "slothful,",
        "and",
        "by",
        "the",
        "vineyard",
        "of",
        "the",
        "man",
        "void",
        "of",
        "understanding;"
      ],
      "header": "",
      "footer": ""
    },
    {
      "book_name": "Proverbs",
      "chapter": 24,
      "verse": 31,
      "text": [
        "And,",
        "lo,",
        "it",
        "was",
        "all",
        "grown",
        "over",
        "with",
        "thorns,",
        "*and",
        "nettles",
        "had",
        "covered",
        "the",
        "face",
        "thereof,",
        "and",
        "the",
        "stone",
        "wall",
        "thereof",
        "was",
        "broken",
        "down."
      ],
      "header": "",
      "footer": ""
    },
    {
      "book_name": "Proverbs",
      "chapter": 24,
      "verse": 32,
      "text": [
        "Then",
        "I",
        "saw,",
        "*and",
        "considered",
        "*it",
        "well:",
        "I",
        "looked",
        "upon",
        "*it,",
        "*and",
        "received",
        "instruction."
      ],
      "header": "",
      "footer": ""
    },
    {
      "book_name": "Proverbs",
      "chapter": 24,
      "verse": 33,
      "text": [
        "*Yet",
        "a",
        "little",
        "sleep,",
        "a",
        "little",
        "slumber,",
        "a",
        "little",
        "folding",
        "of",
        "the",
        "hands",
        "to",
        "sleep:"
      ],
      "header": "",
      "footer": ""
    },
    {
      "book_name": "Proverbs",
      "chapter": 24,
      "verse": 34,
      "text": [
        "So",
        "shall",
        "thy",
        "poverty",
        "come",
        "*as",
        "one",
        "that",
        "travelleth;",
        "and",
        "thy",
        "want",
        "as",
        "an",
        "armed",
        "man."
      ],
      "header": "",
      "footer": ""
    }
  ]
}