{
  "book_name": "Proverbs",
  "chapter": 30,
  "verses": [
    {
      "book_name": "Proverbs",
      "chapter": 30,
      "verse": 1,
      "text": [
        "The",
        "words",
        "of",
        "Agur",
        "the",
        "son",
        "of",
        "Jakeh,",
        "*even",
        "the",
        "prophecy:",
        "the",
        "man",
        "spake",
        "unto",
        "Ithiel,",
        "even",
        "unto",
        "Ithiel",
        "and",
        "Ucal,"
      ],
      "header": "",
      "footer": ""
    },
    {
      "book_name": "Proverbs",
      "chapter": 30,
      "verse": 2,
      "text": [
        "Surely",
        "I",
        "*am",
        "more",
        "brutish",
        "than",
        "*any",
        "man,",
        "and",
        "have",
        "not",
        "the",
        "understanding",
        "of",
        "a",
        "man."
      ],
      "header": "",
      "footer": ""
    },
    {
      "book_name": "Proverbs",
      "chapter": 30,
      "verse": 3,
      "text": [
        "I",
        "neither",
        "learned",
        "wisdom,",
        "nor",
        "have",
        "the",
        "knowledge",
        "of",
        "the",
        "holy."
      ],
      "header": "",
      "footer": ""
    },
    {
      "book_name": "Proverbs",
      "chapter": 30,
      "verse": 4,
      "text": [
        "Who",
        "hath",
        "ascended",
        "up",
        "into",
        "heaven,",
        "or",
        "descended?",
        "who",
        "hath",
        "gathered",
        "the",
        "wind",
        "in",
        "his",
        "fists?",
        "who",
        "hath",
        "bound",
        "the",
        "waters",
        "in",
        "a",
        "garment?",
        "who",
        "hath",
        "established",
        "all",
        "the",
        "ends",
        "of",
        "the",
        "earth?",
        "what",
        "*is",
        "his",
        "name,",
        "and",
        "what",
        "*is",
        "his",
        "son's",
        "name,",
        "if",
        "thou",
        "canst",
        "tell?"
      ],
      "header": "",
      "footer": ""
    },
    {
      "book_name": "Proverbs",
      "chapter": 30,
      "verse": 5,
      "text": [
        "Every",
        "word",
        "of",
        "God",
        "*is",
        "pure:",
        "he",
        "*is",
        "a",
        "shield",
        "unto",
        "them",
        "that",
        "put",
        "their",
        "trust",
        "in",
        "him."
      ],
      "header": "",
      "footer": ""
    },
    {
      "book_name": "Proverbs",
      "chapter": 30,
      "verse": 6,
      "text": [
        "Add",
        "thou",
        "not",
        "unto",
        "his",
        "words,",
        "lest",
        "he",
        "reprove",
        "thee,",
        "and",
        "thou",
        "be",
        "found",
        "a",
        "liar."
      ],
      "header": "",
      "footer": ""
    },
    {
      "book_name": "Proverbs",
      "chapter": 30,
      "verse": 7,
      "text": [
        "Two",
        "*things",
        "have",
        "I",
        "required",
        "of",
        "thee;",
        "deny",
        "me",
        "*them",
        "not",
        "before",
        "I",
        "die:"
      ],
      "header": "",
      "footer": ""
    },
    {
      "book_name": "Proverbs",
      "chapter": 30,
      "verse": 8,
      "text": [
        "Remove",
        "far",
        "from",
        "me",
        "vanity",
        "and",
        "lies:",
        "give",
        "me",
        "neither",
        "poverty",
        "nor",
        "riches;",
        "feed",
        "me",
        "with",
        "food",
        "convenient",
        "for",
        "me:"
      ],
      "header": "",
      "footer": ""
    },
    {
      "book_name": "Proverbs",
      "chapter": 30,
      "verse": 9,
      "text": [
        "Lest",
        "I",
        "be",
        "full,",
        "and",
        "deny",
        "*thee,",
        "and",
        "say,",
        "Who",
        "*is",
        "the",
        "Lᴏʀᴅ?",
        "or",
        "lest",
        "I",
        "be",
        "poor,",
        "and",
        "steal,",
        "and",
        "take",
        "the",
        "name",
        "of",
        "my",
        "God",
        "*in",
        "*vain."
      ],
      "header": "",
      "footer": ""
    },
    {
      "book_name": "Proverbs",
      "chapter": 30,
      "verse": 10,
      "text": [
        "Accuse",
        "not",
        "a",
        "servant",
        "unto",
        "his",
        "master,",
        "lest",
        "he",
        "curse",
        "thee,",
        "and",
        "thou",
        "be",
        "found",
        "guilty."
      ],
      "header": "",
      "footer": ""
    },
    {
      "book_name": "Proverbs",
      "chapter": 30,
      "verse": 11,
      "text": [
        "*There",
        "*is",
        "a",
        "generation",
        "*that",
        "curseth",
        "their",
        "father,",
        "and",
        "doth",
        "not",
        "bless",
        "their",
        "mother."
      ],
      "header": "",
      "footer": ""
    },
    {
      "book_name": "Proverbs",
      "chapter": 30,
      "verse": 12,
      "text": [
        "*There",
        "*is",
        "a",
        "generation",
        "*that",
        "*are",
        "pure",
        "in",
        "their",
        "own",
        "eyes,",
        "and",
        "*yet",
        "is",
        "not",
        "washed",
        "from",
        "their",
        "filthiness."
      ],
      "header": "",
      "footer": ""
    },
    {
      "book_name": "Proverbs",
      "chapter": 30,
      "verse": 13,
      "text": [
        "*There",
        "*is",
        "a",
        "generation,",
        "O",
        "how",
        "lofty",
        "are",
        "their",
        "eyes!",
        "and",
        "their",
        "eyelids",
        "are",
        "lifted",
        "up."
      ],
      "header": "",
      "footer": ""
    },
    {
      "book_name": "Proverbs",
      "chapter": 30,
      "verse": 14,
      "text": [
        "*There",
        "*is",
        "a",
        "generation,",
        "whose",
        "teeth",
        "*are",
        "*as",
        "swords,",
        "and",
        "their",
        "jaw",
        "teeth",
        "*as",
        "knives,",
        "to",
        "devour",
        "the",
        "poor",
        "from",
        "off",
        "the",
        "earth,",
        "and",
        "the",
        "needy",
        "from",
        "*among",
        "men."
      ],
      "header": "",
      "footer": ""
    },
    {
      "book_name": "Proverbs",
      "chapter": 30,
      "verse": 15,
      "text": [
        "The",
        "horseleach",
        "hath",
        "two",
        "daughters,",
        "*crying,",
        "Give,",
        "give.",
        "There",
        "are",
        "three",
        "*things",
        "*that",
        "are",
        "never",
        "satisfied,",
        "*yea,",
        "four",
        "*things",
        "say",
        "not,",
        "*It",
        "*is",
        "enough:"
      ],
      "header": "",
      "footer": ""
    },
    {
      "book_name": "Proverbs",
      "chapter": 30,
      "verse": 16,
      "text": [
        "The",
        "grave;",
        "and",
        "the",
        "barren",
        "womb;",
        "the",
        "earth",
        "*that",
        "is",
        "not",
        "filled",
        "with",
        "water;",
        "and",
        "the",
        "fire",
        "*that",
        "saith",
        "not,",
        "*It",
        "*is",
        "enough."
      ],
      "header": "",
      "footer": ""
    },
    {
      "book_name": "Proverbs",
      "chapter": 30,
      "verse": 17,
      "text": [
        "The",
        "eye",
        "*that",
        "mocketh",
        "at",
        "*his",
        "father,",
        "and",
        "despiseth",
        "to",
        "obey",
        "*his",
        "mother,",
        "the",
        "ravens",
        "of",
        "the",
        "valley",
        "shall",
        "pick",
        "it",
        "out,",
        "and",
        "the",
        "young",
        "eagles",
        "shall",
        "eat",
        "it."
      ],
      "header": "",
      "footer": ""
    },
    {
      "book_name": "Proverbs",
      "chapter": 30,
      "verse": 18,
      "text": [
        "There",
        "be",
        "three",
        "*things",
        "*which",
        "are",
        "too",
        "wonderful",
        "for",
        "me,",
        "yea,",
        "four",
        "which",
        "I",
        "know",
        "not:"
      ],
      "header": "",
      "footer": ""
    },
    {
      "book_name": "Proverbs",
      "chapter": 30,
      "verse": 19,
      "text": [
        "The",
        "way",
        "of",
        "an",
        "eagle",
        "in",
        "the",
        "air;",
        "the",
        "way",
        "of",
        "a",
        "serpent",
        "upon",
        "a",
        "rock;",
        "the",
        "way",
        "of",
        "a",
        "ship",
        "in",
        "the",
        "midst",
        "of",
        "the",
        "sea;",
        "and",
        "the",
        "way",
        "of",
        "a",
        "man",
        "with",
        "a",
        "maid."
      ],
      "header": "",
      "footer": ""
    },
    {
      "book_name": "Proverbs",
      "chapter": 30,
      "verse": 20,
      "text": [
        "Such",
        "*is",
        "the",
        "way",
        "of",
        "an",
        "adulterous",
        "woman;",
        "she",
        "eateth,",
        "and",
        "wipeth",
        "her",
        "mouth,",
        "and",
        "saith,",
        "I",
        "have",
        "done",
        "no",
        "wickedness."
      ],
      "header": "",
      "footer": ""
    },
    {
      "book_name": "Proverbs",
      "chapter": 30,
      "verse": 21,
      "text": [
        "For",
        "three",
        "*things",
        "the",
        "earth",
        "is",
        "disquieted,",
        "and",
        "for",
        "four",
        "*which",
        "it",
        "cannot",
        "bear:"
      ],
      "header": "",
      "footer": ""
    },
    {
      "book_name": "Proverbs",
      "chapter": 30,
      "verse": 22,
      "text": [
        "For",
        "a",
        "servant",
        "when",
        "he",
        "reigneth;",
        "and",
        "a",
        "fool",
        "when",
        "he",
        "is",
        "filled",
        "with",
        "meat;"
      ],
      "header": "",
      "footer": ""
    },
    {
      "book_name": "Proverbs",
      "chapter": 30,
      "verse": 23,
      "text": [
        "For",
        "an",
        "odious",
        "*woman",
        "when",
        "she",
        "is",
        "married;",
        "and",
        "an",
        "handmaid",
        "that",
        "is",
        "heir",
        "to",
        "her",
        "mistress."
      ],
      "header": "",
      "footer": ""
    },
    {
      "book_name": "Proverbs",
      "chapter": 30,
      "verse": 24,
      "text": [
        "There",
        "be",
        "four",
        "*things",
        "*which",
        "*are",
        "little",
        "upon",
        "the",
        "earth,",
        "but",
        "they",
        "*are",
        "exceeding",
        "wise:"
      ],
      "header": "",
      "footer": ""
    },
    {
      "book_name": "Proverbs",
      "chapter": 30,
      "verse": 25,
      "text": [
        "The",
        "ants",
        "*are",
        "a",
        "people",
        "not",
        "strong,",
        "yet",
        "they",
        "prepare",
        "their",
        "meat",
        "in",
        "the",
        "summer;"
      ],
      "header": "",
      "footer": ""
    },
    {
      "book_name": "Proverbs",
      "chapter": 30,
      "verse": 26,
      "text": [
        "The",
        "conies",
        "*are",
        "*but",
        "a",
        "feeble",
        "folk,",
        "yet",
        "make",
        "they",
        "their",
        "houses",
        "in",
        "the",
        "rocks;"
      ],
      "header": "",
      "footer": ""
    },
    {
      "book_name": "Proverbs",
      "chapter": 30,
      "verse": 27,
      "text": [
        "The",
        "locusts",
        "have",
        "no",
        "king,",
        "yet",
        "go",
        "they",
        "forth",
        "all",
        "of",
        "them",
        "by",
        "bands;"
      ],
      "header": "",
      "footer": ""
    },
    {
      "book_name": "Proverbs",
      "chapter": 30,
      "verse": 28,
      "text": [
        "The",
        "spider",
        "taketh",
        "hold",
        "with",
        "her",
        "hands,",
        "and",
        "is",
        "in",
        "kings'",
        "palaces."
      ],
      "header": "",
      "footer": ""
    },
    {
      "book_name": "Proverbs",
      "chapter": 30,
      "verse": 29,
      "text": [
        "There",
        "be",
        "three",
        "*things",
        "which",
        "go",
        "well,",
        "yea,",
        "four",
        "are",
        "comely",
        "in",
        "going:"
      ],
      "header": "",
      "footer": ""
    },
    {
      "book_name": "Proverbs",
      "chapter": 30,
      "verse": 30,
      "text": [
        "A",
        "lion",
        "*which",
        "*is",
        "strongest",
        "among",
        "beasts,",
        "and",
        "turneth",
        "not",
        "away",
        "for",
        "any;"
      ],
      "header": "",
      "footer": ""
    },
    {
      "book_name": "Proverbs",
      "chapter": 30,
      "verse": 31,
      "text": [
        "A",
        "greyhound;",
        "an",
        "he",
        "goat",
        "also;",
        "and",
        "a",
        "king,",
        "against",
        "whom",
        "*there",
        "*is",
        "no",
        "rising",
        "up."
      ],
      "header": "",
      "footer": ""
    },
    {
      "book_name": "Proverbs",
      "chapter": 30,
      "verse": 32,
      "text": [
        "If",
        "thou",
        "hast",
        "done",
        "foolishly",
        "in",
        "lifting",
        "up",
        "thyself,",
        "or",
        "if",
        "thou",
        "hast",
        "thought",
        "evil,",
        "*lay",
        "thine",
        "hand",
        "upon",
        "thy",
        "mouth."
      ],
      "header": "",
      "footer": ""
    },
    {
      "book_name": "Proverbs",
      "chapter": 30,
      "verse": 33,
      "text": [
        "Surely",
        "the",
        "churning",
        "of",
        "milk",
        "bringeth",
        "forth",
        "butter,",
        "and",
        "the",
        "wringing",
        "of",
        "the",
        "nose",
        "bringeth",
        "forth",
        "blood:",
        "so",
        "the",
        "forcing",
        "of",
        "wrath",
        "bringeth",
        "forth",
        "strife."
      ],
      "header": "",
      "footer": ""
    }
  ]
}