{
  "book_name": "Proverbs",
  "chapter": 4,
  "verses": [
    {
      "book_name": "Proverbs",
      "chapter": 4,
      "verse": 1,
      "text": [
        "Hear,",
        "ye",
        "children,",
        "the",
        "instruction",
        "of",
        "a",
        "father,",
        "and",
        "attend",
        "to",
        "know",
        "understanding."
      ],
      "header": "",
      "footer": ""
    },
    {
      "book_name": "Proverbs",
      "chapter": 4,
      "verse": 2,
      "text": [
        "For",
        "I",
        "give",
        "you",
        "good",
        "doctrine,",
        "forsake",
        "ye",
        "not",
        "my",
        "law."
      ],
      "header": "",
      "footer": ""
    },
    {
      "book_name": "Proverbs",
      "chapter": 4,
      "verse": 3,
      "text": [
        "For",
        "I",
        "was",
        "my",
        "father's",
        "son,",
        "tender",
        "and",
        "only",
        "*beloved",
        "in",
        "the",
        "sight",
        "of",
        "my",
        "mother."
      ],
      "header": "",
      "footer": ""
    },
    {
      "book_name": "Proverbs",
      "chapter": 4,
      "verse": 4,
      "text": [
        "He",
        "taught",
        "me",
        "also,",
        "and",
        "said",
        "unto",
        "me,",
        "Let",
        "thine",
        "heart",
        "retain",
        "my",
        "words:",
        "keep",
        "my",
        "commandments,",
        "and",
        "live."
      ],
      "header": "",
      "footer": ""
    },
    {
      "book_name": "Proverbs",
      "chapter": 4,
      "verse": 5,
      "text": [
        "Get",
        "wisdom,",
        "get",
        "understanding:",
        "forget",
        "*it",
        "not;",
        "neither",
        "decline",
        "from",
        "the",
        "words",
        "of",
        "my",
        "mouth."
      ],
      "header": "",
      "footer": ""
    },
    {
      "book_name": "Proverbs",
      "chapter": 4,
      "verse": 6,
      "text": [
        "Forsake",
        "her",
        "not,",
        "and",
        "she",
        "shall",
        "preserve",
        "thee:",
        "love",
        "her,",
        "and",
        "she",
        "shall",
        "keep",
        "thee."
      ],
      "header": "",
      "footer": ""
    },
    {
      "book_name": "Proverbs",
      "chapter": 4,
      "verse": 7,
      "text": [
        "Wisdom",
        "*is",
        "the",
        "principal",
        "thing;",
        "*therefore",
        "get",
        "wisdom:",
        "and",
        "with",
        "all",
        "thy",
        "getting",
        "get",
        "understanding."
      ],
      "header": "",
      "footer": ""
    },
    {
      "book_name": "Proverbs",
      "chapter": 4,
      "verse": 8,
      "text": [
        "Exalt",
        "her,",
        "and",
        "she",
        "shall",
        "promote",
        "thee:",
        "she",
        "shall",
        "bring",
        "thee",
        "to",
        "honour,",
        "when",
        "thou",
        "dost",
        "embrace",
        "her."
      ],
      "header": "",
      "footer": ""
    },
    {
      "book_name": "Proverbs",
      "chapter": 4,
      "verse": 9,
      "text": [
        "She",
        "shall",
        "give",
        "to",
        "thine",
        "head",
        "an",
        "ornament",
        "of",
        "grace:",
        "a",
        "crown",
        "of",
        "glory",
        "shall",
        "she",
        "deliver",
        "to",
        "thee."
      ],
      "header": "",
      "footer": ""
    },
    {
      "book_name": "Proverbs",
      "chapter": 4,
      "verse": 10,
      "text": [
        "Hear,",
        "O",
        "my",
        "son,",
        "and",
        "receive",
        "my",
        "sayings;",
        "and",
        "the",
        "years",
        "of",
        "thy",
        "life",
        "shall",
        "be",
        "many."
      ],
      "header": "",
      "footer": ""
    },
    {
      "book_name": "Proverbs",
      "chapter": 4,
      "verse": 11,
      "text": [
        "I",
        "have",
        "taught",
        "thee",
        "in",
        "the",
        "way",
        "of",
        "wisdom;",
        "I",
        "have",
        "led",
        "thee",
        "in",
        "right",
        "paths."
      ],
      "header": "",
      "footer": ""
    },
    {
      "book_name": "Proverbs",
      "chapter": 4,
      "verse": 12,
      "text": [
        "When",
        "thou",
        "goest,",
        "thy",
        "steps",
        "shall",
        "not",
        "be",
        "straitened;",
        "and",
        "when",
        "thou",
        "runnest,",
        "thou",
        "shalt",
        "not",
        "stumble."
      ],
      "header": "",
      "footer": ""
    },
    {
      "book_name": "Proverbs",
      "chapter": 4,
      "verse": 13,
      "text": [
        "Take",
        "fast",
        "hold",
        "of",
        "instruction;",
        "let",
        "*her",
        "not",
        "go:",
        "keep",
        "her;",
        "for",
        "she",
        "*is",
        "thy",
        "life."
      ],
      "header": "",
      "footer": ""
    },
    {
      "book_name": "Proverbs",
      "chapter": 4,
      "verse": 14,
      "text": [
        "¶",
        "Enter",
        "not",
        "into",
        "the",
        "path",
        "of",
        "the",
        "wicked,",
        "and",
        "go",
        "not",
        "in",
        "the",
        "way",
        "of",
        "evil",
        "*men."
      ],
      "header": "",
      "footer": ""
    },
    {
      "book_name": "Proverbs",
      "chapter": 4,
      "verse": 15,
      "text": [
        "Avoid",
        "it,",
        "pass",
        "not",
        "by",
        "it,",
        "turn",
        "from",
        "it,",
        "and",
        "pass",
        "away."
      ],
      "header": "",
      "footer": ""
    },
    {
      "book_name": "Proverbs",
      "chapter": 4,
      "verse": 16,
      "text": [
        "For",
        "they",
        "sleep",
        "not,",
        "except",
        "they",
        "have",
        "done",
        "mischief;",
        "and",
        "their",
        "sleep",
        "is",
        "taken",
        "away,",
        "unless",
        "they",
        "cause",
        "*some",
        "to",
        "fall."
      ],
      "header": "",
      "footer": ""
    },
    {
      "book_name": "Proverbs",
      "chapter": 4,
      "verse": 17,
      "text": [
        "For",
        "they",
        "eat",
        "the",
        "bread",
        "of",
        "wickedness,",
        "and",
        "drink",
        "the",
        "wine",
        "of",
        "violence."
      ],
      "header": "",
      "footer": ""
    },
    {
      "book_name": "Proverbs",
      "chapter": 4,
      "verse": 18,
      "text": [
        "But",
        "the",
        "path",
        "of",
        "the",
        "just",
        "*is",
        "as",
        "the",
        "shining",
        "light,",
        "that",
        "shineth",
        "more",
        "and",
        "more",
        "unto",
        "the",
        "perfect",
        "day."
      ],
      "header": "",
      "footer": ""
    },
    {
      "book_name": "Proverbs",
      "chapter": 4,
      "verse": 19,
      "text": [
        "The",
        "way",
        "of",
        "the",
        "wicked",
        "*is",
        "as",
        "darkness:",
        "they",
        "know",
        "not",
        "at",
        "what",
        "they",
        "stumble."
      ],
      "header": "",
      "footer": ""
    },
    {
      "book_name": "Proverbs",
      "chapter": 4,
      "verse": 20,
      "text": [
        "¶",
        "My",
        "son,",
        "attend",
        "to",
        "my",
        "words;",
        "incline",
        "thine",
        "ear",
        "unto",
        "my",
        "sayings."
      ],
      "header": "",
      "footer": ""
    },
    {
      "book_name": "Proverbs",
      "chapter": 4,
      "verse": 21,
      "text": [
        "Let",
        "them",
        "not",
        "depart",
        "from",
        "thine",
        "eyes;",
        "keep",
        "them",
        "in",
        "the",
        "midst",
        "of",
        "thine",
        "heart."
      ],
      "header": "",
      "footer": ""
    },
    {
      "book_name": "Proverbs",
      "chapter": 4,
      "verse": 22,
      "text": [
        "For",
        "they",
        "*are",
        "life",
        "unto",
        "those",
        "that",
        "find",
        "them,",
        "and",
        "health",
        "to",
        "all",
        "their",
        "flesh."
      ],
      "header": "",
      "footer": ""
    },
    {
      "book_name": "Proverbs",
      "chapter": 4,
      "verse": 23,
      "text": [
        "¶",
        "Keep",
        "thy",
        "heart",
        "with",
        "all",
        "diligence;",
        "for",
        "out",
        "of",
        "it",
        "*are",
        "the",
        "issues",
        "of",
        "life."
      ],
      "header": "",
      "footer": ""
    },
    {
      "book_name": "Proverbs",
      "chapter": 4,
      "verse": 24,
      "text": [
        "Put",
        "away",
        "from",
        "thee",
        "a",
        "froward",
        "mouth,",
        "and",
        "perverse",
        "lips",
        "put",
        "far",
        "from",
        "thee."
      ],
      "header": "",
      "footer": ""
    },
    {
      "book_name": "Proverbs",
      "chapter": 4,
      "verse": 25,
      "text": [
        "Let",
        "thine",
        "eyes",
        "look",
        "right",
        "on,",
        "and",
        "let",
        "thine",
        "eyelids",
        "look",
        "straight",
        "before",
        "thee."
      ],
      "header": "",
      "footer": ""
    },
    {
      "book_name": "Proverbs",
      "chapter": 4,
      "verse": 26,
      "text": [
        "Ponder",
        "the",
        "path",
        "of",
        "thy",
        "feet,",
        "and",
        "let",
        "all",
        "thy",
        "ways",
        "be",
        "established."
      ],
      "header": "",
      "footer": ""
    },
    {
      "book_name": "Proverbs",
      "chapter": 4,
      "verse": 27,
      "text": [
        "Turn",
        "not",
        "to",
        "the",
        "right",
        "hand",
        "nor",
        "to",
        "the",
        "left:",
        "remove",
        "thy",
        "foot",
        "from",
        "evil."
      ],
      "header": "",
      "footer": ""
    }
  ]
}