{
  "book_name": "Proverbs",
  "chapter": 7,
  "verses": [
    {
      "book_name": "Proverbs",
      "chapter": 7,
      "verse": 1,
      "text": [
        "My",
        "son,",
        "keep",
        "my",
        "words,",
        "and",
        "lay",
        "up",
        "my",
        "commandments",
        "with",
        "thee."
      ],
      "header": "",
      "footer": ""
    },
    {
      "book_name": "Proverbs",
      "chapter": 7,
      "verse": 2,
      "text": [
        "Keep",
        "my",
        "commandments,",
        "and",
        "live;",
        "and",
        "my",
        "law",
        "as",
        "the",
        "apple",
        "of",
        "thine",
        "eye."
      ],
      "header": "",
      "footer": ""
    },
    {
      "book_name": "Proverbs",
      "chapter": 7,
      "verse": 3,
      "text": [
        "Bind",
        "them",
        "upon",
        "thy",
        "fingers,",
        "write",
        "them",
        "upon",
        "the",
        "table",
        "of",
        "thine",
        "heart."
      ],
      "header": "",
      "footer": ""
    },
    {
      "book_name": "Proverbs",
      "chapter": 7,
      "verse": 4,
      "text": [
        "Say",
        "unto",
        "wisdom,",
        "Thou",
        "*art",
        "my",
        "sister;",
        "and",
        "call",
        "understanding",
        "*thy",
        "kinswoman:"
      ],
      "header": "",
      "footer": ""
    },
    {
      "book_name": "Proverbs",
      "chapter": 7,
      "verse": 5,
      "text": [
        "That",
        "they",
        "may",
        "keep",
        "thee",
        "from",
        "the",
        "strange",
        "woman,",
        "from",
        "the",
        "stranger",
        "*which",
        "flattereth",
        "with",
        "her",
        "words."
      ],
      "header": "",
      "footer": ""
    },
    {
      "book_name": "Proverbs",
      "chapter": 7,
      "verse": 6,
      "text": [
        "¶",
        "For",
        "at",
        "the",
        "window",
        "of",
        "my",
        "house",
        "I",
        "looked",
        "through",
        "my",
        "casement,"
      ],
      "header": "",
      "footer": ""
    },
    {
      "book_name": "Proverbs",
      "chapter": 7,
      "verse": 7,
      "text": [
        "And",
        "beheld",
        "among",
        "the",
        "simple",
        "ones,",
        "I",
        "discerned",
        "among",
        "the",
        "youths,",
        "a",
        "young",
        "man",
        "void",
        "of",
        "understanding,"
      ],
      "header": "",
      "footer": ""
    },
    {
      "book_name": "Proverbs",
      "chapter": 7,
      "verse": 8,
      "text": [
        "Passing",
        "through",
        "the",
        "street",
        "near",
        "her",
        "corner;",
        "and",
        "he",
        "went",
        "the",
        "way",
        "to",
        "her",
        "house,"
      ],
      "header": "",
      "footer": ""
    },
    {
      "book_name": "Proverbs",
      "chapter": 7,
      "verse": 9,
      "text": [
        "In",
        "the",
        "twilight,",
        "in",
        "the",
        "evening,",
        "in",
        "the",
        "black",
        "and",
        "dark",
        "night:"
      ],
      "header": "",
      "footer": ""
    },
    {
      "book_name": "Proverbs",
      "chapter": 7,
      "verse": 10,
      "text": [
        "And,",
        "behold,",
        "there",
        "met",
        "him",
        "a",
        "woman",
        "*with",
        "the",
        "attire",
        "of",
        "an",
        "harlot,",
        "and",
        "subtil",
        "of",
        "heart."
      ],
      "header": "",
      "footer": ""
    },
    {
      "book_name": "Proverbs",
      "chapter": 7,
      "verse": 11,
      "text": [
        "(She",
        "*is",
        "loud",
        "and",
        "stubborn;",
        "her",
        "feet",
        "abide",
        "not",
        "in",
        "her",
        "house:"
      ],
      "header": "",
      "footer": ""
    },
    {
      "book_name": "Proverbs",
      "chapter": 7,
      "verse": 12,
      "text": [
        "Now",
        "*is",
        "*she",
        "without,",
        "now",
        "in",
        "the",
        "streets,",
        "and",
        "lieth",
        "in",
        "wait",
        "at",
        "every",
        "corner.)"
      ],
      "header": "",
      "footer": ""
    },
    {
      "book_name": "Proverbs",
      "chapter": 7,
      "verse": 13,
      "text": [
        "So",
        "she",
        "caught",
        "him,",
        "and",
        "kissed",
        "him,",
        "*and",
        "with",
        "an",
        "impudent",
        "face",
        "said",
        "unto",
        "him,"
      ],
      "header": "",
      "footer": ""
    },
    {
      "book_name": "Proverbs",
      "chapter": 7,
      "verse": 14,
      "text": [
        "*I",
        "*have",
        "peace",
        "offerings",
        "with",
        "me;",
        "this",
        "day",
        "have",
        "I",
        "payed",
        "my",
        "vows."
      ],
      "header": "",
      "footer": ""
    },
    {
      "book_name": "Proverbs",
      "chapter": 7,
      "verse": 15,
      "text": [
        "Therefore",
        "came",
        "I",
        "forth",
        "to",
        "meet",
        "thee,",
        "diligently",
        "to",
        "seek",
        "thy",
        "face,",
        "and",
        "I",
        "have",
        "found",
        "thee."
      ],
      "header": "",
      "footer": ""
    },
    {
      "book_name": "Proverbs",
      "chapter": 7,
      "verse": 16,
      "text": [
        "I",
        "have",
        "decked",
        "my",
        "bed",
        "with",
        "coverings",
        "of",
        "tapestry,",
        "with",
        "carved",
        "*works,",
        "with",
        "fine",
        "linen",
        "of",
        "Egypt."
      ],
      "header": "",
      "footer": ""
    },
    {
      "book_name": "Proverbs",
      "chapter": 7,
      "verse": 17,
      "text": [
        "I",
        "have",
        "perfumed",
        "my",
        "bed",
        "with",
        "myrrh,",
        "aloes,",
        "and",
        "cinnamon."
      ],
      "header": "",
      "footer": ""
    },
    {
      "book_name": "Proverbs",
      "chapter": 7,
      "verse": 18,
      "text": [
        "Come,",
        "let",
        "us",
        "take",
        "our",
        "fill",
        "of",
        "love",
        "until",
        "the",
        "morning:",
        "let",
        "us",
        "solace",
        "ourselves",
        "with",
        "loves."
      ],
      "header": "",
      "footer": ""
    },
    {
      "book_name": "Proverbs",
      "chapter": 7,
      "verse": 19,
      "text": [
        "For",
        "the",
        "goodman",
        "*is",
        "not",
        "at",
        "home,",
        "he",
        "is",
        "gone",
        "a",
        "long",
        "journey:"
      ],
      "header": "",
      "footer": ""
    },
    {
      "book_name": "Proverbs",
      "chapter": 7,
      "verse": 20,
      "text": [
        "He",
        "hath",
        "taken",
        "a",
        "bag",
        "of",
        "money",
        "with",
        "him,",
        "*and",
        "will",
        "come",
        "home",
        "at",
        "the",
        "day",
        "appointed."
      ],
      "header": "",
      "footer": ""
    },
    {
      "book_name": "Proverbs",
      "chapter": 7,
      "verse": 21,
      "text": [
        "With",
        "her",
        "much",
        "fair",
        "speech",
        "she",
        "caused",
        "him",
        "to",
        "yield,",
        "with",
        "the",
        "flattering",
        "of",
        "her",
        "lips",
        "she",
        "forced",
        "him."
      ],
      "header": "",
      "footer": ""
    },
    {
      "book_name": "Proverbs",
      "chapter": 7,
      "verse": 22,
      "text": [
        "He",
        "goeth",
        "after",
        "her",
        "straightway,",
        "as",
        "an",
        "ox",
        "goeth",
        "to",
        "the",
        "slaughter,",
        "or",
        "as",
        "a",
        "fool",
        "to",
        "the",
        "correction",
        "of",
        "the",
        "stocks;"
      ],
      "header": "",
      "footer": ""
    },
    {
      "book_name": "Proverbs",
      "chapter": 7,
      "verse": 23,
      "text": [
        "Till",
        "a",
        "dart",
        "strike",
        "through",
        "his",
        "liver;",
        "as",
        "a",
        "bird",
        "hasteth",
        "to",
        "the",
        "snare,",
        "and",
        "knoweth",
        "not",
        "that",
        "it",
        "*is",
        "for",
        "his",
        "life."
      ],
      "header": "",
      "footer": ""
    },
    {
      "book_name": "Proverbs",
      "chapter": 7,
      "verse": 24,
      "text": [
        "¶",
        "Hearken",
        "unto",
        "me",
        "now",
        "therefore,",
        "O",
        "ye",
        "children,",
        "and",
        "attend",
        "to",
        "the",
        "words",
        "of",
        "my",
        "mouth."
      ],
      "header": "",
      "footer": ""
    },
    {
      "book_name": "Proverbs",
      "chapter": 7,
      "verse": 25,
      "text": [
        "Let",
        "not",
        "thine",
        "heart",
        "decline",
        "to",
        "her",
        "ways,",
        "go",
        "not",
        "astray",
        "in",
        "her",
        "paths."
      ],
      "header": "",
      "footer": ""
    },
    {
      "book_name": "Proverbs",
      "chapter": 7,
      "verse": 26,
      "text": [
        "For",
        "she",
        "hath",
        "cast",
        "down",
        "many",
        "wounded:",
        "yea,",
        "many",
        "strong",
        "*men",
        "have",
        "been",
        "slain",
        "by",
        "her."
      ],
      "header": "",
      "footer": ""
    },
    {
      "book_name": "Proverbs",
      "chapter": 7,
      "verse": 27,
      "text": [
        "Her",
        "house",
        "*is",
        "the",
        "way",
        "to",
        "hell,",
        "going",
        "down",
        "to",
        "the",
        "chambers",
        "of",
        "death."
      ],
      "header": "",
      "footer": ""
    }
  ]
}