{
  "book_name": "Proverbs",
  "chapter": 8,
  "verses": [
    {
      "book_name": "Proverbs",
      "chapter": 8,
      "verse": 1,
      "text": [
        "Doth",
        "not",
        "wisdom",
        "cry?",
        "and",
        "understanding",
        "put",
        "forth",
        "her",
        "voice?"
      ],
      "header": "",
      "footer": ""
    },
    {
      "book_name": "Proverbs",
      "chapter": 8,
      "verse": 2,
      "text": [
        "She",
        "standeth",
        "in",
        "the",
        "top",
        "of",
        "high",
        "places,",
        "by",
        "the",
        "way",
        "in",
        "the",
        "places",
        "of",
        "the",
        "paths."
      ],
      "header": "",
      "footer": ""
    },
    {
      "book_name": "Proverbs",
      "chapter": 8,
      "verse": 3,
      "text": [
        "She",
        "crieth",
        "at",
        "the",
        "gates,",
        "at",
        "the",
        "entry",
        "of",
        "the",
        "city,",
        "at",
        "the",
        "coming",
        "in",
        "at",
        "the",
        "doors."
      ],
      "header": "",
      "footer": ""
    },
    {
      "book_name": "Proverbs",
      "chapter": 8,
      "verse": 4,
      "text": [
        "Unto",
        "you,",
        "O",
        "men,",
        "I",
        "call;",
        "and",
        "my",
        "voice",
        "*is",
        "to",
        "the",
        "sons",
        "of",
        "man."
      ],
      "header": "",
      "footer": ""
    },
    {
      "book_name": "Proverbs",
      "chapter": 8,
      "verse": 5,
      "text": [
        "O",
        "ye",
        "simple,",
        "understand",
        "wisdom:",
        "and,",
        "ye",
        "fools,",
        "be",
        "ye",
        "of",
        "an",
        "understanding",
        "heart."
      ],
      "header": "",
      "footer": ""
    },
    {
      "book_name": "Proverbs",
      "chapter": 8,
      "verse": 6,
      "text": [
        "Hear;",
        "for",
        "I",
        "will",
        "speak",
        "of",
        "excellent",
        "things;",
        "and",
        "the",
        "opening",
        "of",
        "my",
        "lips",
        "*shall",
        "*be",
        "right",
        "things."
      ],
      "header": "",
      "footer": ""
    },
    {
      "book_name": "Proverbs",
      "chapter": 8,
      "verse": 7,
      "text": [
        "For",
        "my",
        "mouth",
        "shall",
        "speak",
        "truth;",
        "and",
        "wickedness",
        "*is",
        "an",
        "abomination",
        "to",
        "my",
        "lips."
      ],
      "header": "",
      "footer": ""
    },
    {
      "book_name": "Proverbs",
      "chapter": 8,
      "verse": 8,
      "text": [
        "All",
        "the",
        "words",
        "of",
        "my",
        "mouth",
        "*are",
        "in",
        "righteousness;",
        "*there",
        "*is",
        "nothing",
        "froward",
        "or",
        "perverse",
        "in",
        "them."
      ],
      "header": "",
      "footer": ""
    },
    {
      "book_name": "Proverbs",
      "chapter": 8,
      "verse": 9,
      "text": [
        "They",
        "*are",
        "all",
        "plain",
        "to",
        "him",
        "that",
        "understandeth,",
        "and",
        "right",
        "to",
        "them",
        "that",
        "find",
        "knowledge."
      ],
      "header": "",
      "footer": ""
    },
    {
      "book_name": "Proverbs",
      "chapter": 8,
      "verse": 10,
      "text": [
        "Receive",
        "my",
        "instruction,",
        "and",
        "not",
        "silver;",
        "and",
        "knowledge",
        "rather",
        "than",
        "choice",
        "gold."
      ],
      "header": "",
      "footer": ""
    },
    {
      "book_name": "Proverbs",
      "chapter": 8,
      "verse": 11,
      "text": [
        "For",
        "wisdom",
        "*is",
        "better",
        "than",
        "rubies;",
        "and",
        "all",
        "the",
        "things",
        "that",
        "may",
        "be",
        "desired",
        "are",
        "not",
        "to",
        "be",
        "compared",
        "to",
        "it."
      ],
      "header": "",
      "footer": ""
    },
    {
      "book_name": "Proverbs",
      "chapter": 8,
      "verse": 12,
      "text": [
        "I",
        "wisdom",
        "dwell",
        "with",
        "prudence,",
        "and",
        "find",
        "out",
        "knowledge",
        "of",
        "witty",
        "inventions."
      ],
      "header": "",
      "footer": ""
    },
    {
      "book_name": "Proverbs",
      "chapter": 8,
      "verse": 13,
      "text": [
        "The",
        "fear",
        "of",
        "the",
        "Lᴏʀᴅ",
        "*is",
        "to",
        "hate",
        "evil:",
        "pride,",
        "and",
        "arrogancy,",
        "and",
        "the",
        "evil",
        "way,",
        "and",
        "the",
        "froward",
        "mouth,",
        "do",
        "I",
        "hate."
      ],
      "header": "",
      "footer": ""
    },
    {
      "book_name": "Proverbs",
      "chapter": 8,
      "verse": 14,
      "text": [
        "Counsel",
        "*is",
        "mine,",
        "and",
        "sound",
        "wisdom:",
        "I",
        "*am",
        "understanding;",
        "I",
        "have",
        "strength."
      ],
      "header": "",
      "footer": ""
    },
    {
      "book_name": "Proverbs",
      "chapter": 8,
      "verse": 15,
      "text": [
        "By",
        "me",
        "kings",
        "reign,",
        "and",
        "princes",
        "decree",
        "justice."
      ],
      "header": "",
      "footer": ""
    },
    {
      "book_name": "Proverbs",
      "chapter": 8,
      "verse": 16,
      "text": [
        "By",
        "me",
        "princes",
        "rule,",
        "and",
        "nobles,",
        "*even",
        "all",
        "the",
        "judges",
        "of",
        "the",
        "earth."
      ],
      "header": "",
      "footer": ""
    },
    {
      "book_name": "Proverbs",
      "chapter": 8,
      "verse": 17,
      "text": [
        "I",
        "love",
        "them",
        "that",
        "love",
        "me;",
        "and",
        "those",
        "that",
        "seek",
        "me",
        "early",
        "shall",
        "find",
        "me."
      ],
      "header": "",
      "footer": ""
    },
    {
      "book_name": "Proverbs",
      "chapter": 8,
      "verse": 18,
      "text": [
        "Riches",
        "and",
        "honour",
        "*are",
        "with",
        "me;",
        "*yea,",
        "durable",
        "riches",
        "and",
        "righteousness."
      ],
      "header": "",
      "footer": ""
    },
    {
      "book_name": "Proverbs",
      "chapter": 8,
      "verse": 19,
      "text": [
        "My",
        "fruit",
        "*is",
        "better",
        "than",
        "gold,",
        "yea,",
        "than",
        "fine",
        "gold;",
        "and",
        "my",
        "revenue",
        "than",
        "choice",
        "silver."
      ],
      "header": "",
      "footer": ""
    },
    {
      "book_name": "Proverbs",
      "chapter": 8,
      "verse": 20,
      "text": [
        "I",
        "lead",
        "in",
        "the",
        "way",
        "of",
        "righteousness,",
        "in",
        "the",
        "midst",
        "of",
        "the",
        "paths",
        "of",
        "judgment:"
      ],
      "header": "",
      "footer": ""
    },
    {
      "book_name": "Proverbs",
      "chapter": 8,
      "verse": 21,
      "text": [
        "That",
        "I",
        "may",
        "cause",
        "those",
        "that",
        "love",
        "me",
        "to",
        "inherit",
        "substance;",
        "and",
        "I",
        "will",
        "fill",
        "their",
        "treasures."
      ],
      "header": "",
      "footer": ""
    },
    {
      "book_name": "Proverbs",
      "chapter": 8,
      "verse": 22,
      "text": [
        "The",
        "Lᴏʀᴅ",
        "possessed",
        "me",
        "in",
        "the",
        "beginning",
        "of",
        "his",
        "way,",
        "before",
        "his",
        "works",
        "of",
        "old."
      ],
      "header": "",
      "footer": ""
    },
    {
      "book_name": "Proverbs",
      "chapter": 8,
      "verse": 23,
      "text": [
        "I",
        "was",
        "set",
        "up",
        "from",
        "everlasting,",
        "from",
        "the",
        "beginning,",
        "or",
        "ever",
        "the",
        "earth",
        "was."
      ],
      "header": "",
      "footer": ""
    },
    {
      "book_name": "Proverbs",
      "chapter": 8,
      "verse": 24,
      "text": [
        "When",
        "*there",
        "*were",
        "no",
        "depths,",
        "I",
        "was",
        "brought",
        "forth;",
        "when",
        "*there",
        "*were",
        "no",
        "fountains",
        "abounding",
        "with",
        "water."
      ],
      "header": "",
      "footer": ""
    },
    {
      "book_name": "Proverbs",
      "chapter": 8,
      "verse": 25,
      "text": [
        "Before",
        "the",
        "mountains",
        "were",
        "settled,",
        "before",
        "the",
        "hills",
        "was",
        "I",
        "brought",
        "forth:"
      ],
      "header": "",
      "footer": ""
    },
    {
      "book_name": "Proverbs",
      "chapter": 8,
      "verse": 26,
      "text": [
        "While",
        "as",
        "yet",
        "he",
        "had",
        "not",
        "made",
        "the",
        "earth,",
        "nor",
        "the",
        "fields,",
        "nor",
        "the",
        "highest",
        "part",
        "of",
        "the",
        "dust",
        "of",
        "the",
        "world."
      ],
      "header": "",
      "footer": ""
    },
    {
      "book_name": "Proverbs",
      "chapter": 8,
      "verse": 27,
      "text": [
        "When",
        "he",
        "prepared",
        "the",
        "heavens,",
        "I",
        "*was",
        "there:",
        "when",
        "he",
        "set",
        "a",
        "compass",
        "upon",
        "the",
        "face",
        "of",
        "the",
        "depth:"
      ],
      "header": "",
      "footer": ""
    },
    {
      "book_name": "Proverbs",
      "chapter": 8,
      "verse": 28,
      "text": [
        "When",
        "he",
        "established",
        "the",
        "clouds",
        "above:",
        "when",
        "he",
        "strengthened",
        "the",
        "fountains",
        "of",
        "the",
        "deep:"
      ],
      "header": "",
      "footer": ""
    },
    {
      "book_name": "Proverbs",
      "chapter": 8,
      "verse": 29,
      "text": [
        "When",
        "he",
        "gave",
        "to",
        "the",
        "sea",
        "his",
        "decree,",
        "that",
        "the",
        "waters",
        "should",
        "not",
        "pass",
        "his",
        "commandment:",
        "when",
        "he",
        "appointed",
        "the",
        "foundations",
        "of",
        "the",
        "earth:"
      ],
      "header": "",
      "footer": ""
    },
    {
      "book_name": "Proverbs",
      "chapter": 8,
      "verse": 30,
      "text": [
        "Then",
        "I",
        "was",
        "by",
        "him,",
        "*as",
        "one",
        "brought",
        "up",
        "*with",
        "*him:",
        "and",
        "I",
        "was",
        "daily",
        "*his",
        "delight,",
        "rejoicing",
        "always",
        "before",
        "him;"
      ],
      "header": "",
      "footer": ""
    },
    {
      "book_name": "Proverbs",
      "chapter": 8,
      "verse": 31,
      "text": [
        "Rejoicing",
        "in",
        "the",
        "habitable",
        "part",
        "of",
        "his",
        "earth;",
        "and",
        "my",
        "delights",
        "*were",
        "with",
        "the",
        "sons",
        "of",
        "men."
      ],
      "header": "",
      "footer": ""
    },
    {
      "book_name": "Proverbs",
      "chapter": 8,
      "verse": 32,
      "text": [
        "Now",
        "therefore",
        "hearken",
        "unto",
        "me,",
        "O",
        "ye",
        "children:",
        "for",
        "blessed",
        "*are",
        "*they",
        "*that",
        "keep",
        "my",
        "ways."
      ],
      "header": "",
      "footer": ""
    },
    {
      "book_name": "Proverbs",
      "chapter": 8,
      "verse": 33,
      "text": [
        "Hear",
        "instruction,",
        "and",
        "be",
        "wise,",
        "and",
        "refuse",
        "it",
        "not."
      ],
      "header": "",
      "footer": ""
    },
    {
      "book_name": "Proverbs",
      "chapter": 8,
      "verse": 34,
      "text": [
        "Blessed",
        "*is",
        "the",
        "man",
        "that",
        "heareth",
        "me,",
        "watching",
        "daily",
        "at",
        "my",
        "gates,",
        "waiting",
        "at",
        "the",
        "posts",
        "of",
        "my",
        "doors."
      ],
      "header": "",
      "footer": ""
    },
    {
      "book_name": "Proverbs",
      "chapter": 8,
      "verse": 35,
      "text": [
        "For",
        "whoso",
        "findeth",
        "me",
        "findeth",
        "life,",
        "and",
        "shall",
        "obtain",
        "favour",
        "of",
        "the",
        "Lᴏʀᴅ."
      ],
      "header": "",
      "footer": ""
    },
    {
      "book_name": "Proverbs",
      "chapter": 8,
      "verse": 36,
      "text": [
        "But",
        "he",
        "that",
        "sinneth",
        "against",
        "me",
        "wrongeth",
        "his",
        "own",
        "soul:",
        "all",
        "they",
        "that",
        "hate",
        "me",
        "love",
        "death."
      ],
      "header": "",
      "footer": ""
    }
  ]
}