{
  "book_id": "1PE",
  "book_name": "1 Peter",
  "chapter": 1,
  "header": "",
  "footer": "",
  "language": "English",
  "verses": [
    {
      "verse": 1,
      "text": [
        "Peter,",
        "an",
        "apostle",
        "of",
        "Jesus",
        "Christ,",
        "to",
        "the",
        "strangers",
        "scattered",
        "throughout",
        "Pontus,",
        "Galatia,",
        "Cappadocia,",
        "Asia,",
        "and",
        "Bithynia,"
      ],
      "info": ""
    },
    {
      "verse": 2,
      "text": [
        "Elect",
        "according",
        "to",
        "the",
        "foreknowledge",
        "of",
        "God",
        "the",
        "Father,",
        "through",
        "sanctification",
        "of",
        "the",
        "Spirit,",
        "unto",
        "obedience",
        "and",
        "sprinkling",
        "of",
        "the",
        "blood",
        "of",
        "Jesus",
        "Christ:",
        "Grace",
        "unto",
        "you,",
        "and",
        "peace,",
        "be",
        "multiplied."
      ],
      "info": ""
    },
    {
      "verse": 3,
      "text": [
        "Blessed",
        "*be",
        "the",
        "God",
        "and",
        "Father",
        "of",
        "our",
        "Lord",
        "Jesus",
        "Christ,",
        "which",
        "according",
        "to",
        "his",
        "abundant",
        "mercy",
        "hath",
        "begotten",
        "us",
        "again",
        "unto",
        "a",
        "lively",
        "hope",
        "by",
        "the",
        "resurrection",
        "of",
        "Jesus",
        "Christ",
        "from",
        "the",
        "dead,"
      ],
      "info": ""
    },
    {
      "verse": 4,
      "text": [
        "To",
        "an",
        "inheritance",
        "incorruptible,",
        "and",
        "undefiled,",
        "and",
        "that",
        "fadeth",
        "not",
        "away,",
        "reserved",
        "in",
        "heaven",
        "for",
        "you,"
      ],
      "info": ""
    },
    {
      "verse": 5,
      "text": [
        "Who",
        "are",
        "kept",
        "by",
        "the",
        "power",
        "of",
        "God",
        "through",
        "faith",
        "unto",
        "salvation",
        "ready",
        "to",
        "be",
        "revealed",
        "in",
        "the",
        "last",
        "time."
      ],
      "info": ""
    },
    {
      "verse": 6,
      "text": [
        "Wherein",
        "ye",
        "greatly",
        "rejoice,",
        "though",
        "now",
        "for",
        "a",
        "season,",
        "if",
        "need",
        "be,",
        "ye",
        "are",
        "in",
        "heaviness",
        "through",
        "manifold",
        "temptations:"
      ],
      "info": ""
    },
    {
      "verse": 7,
      "text": [
        "That",
        "the",
        "trial",
        "of",
        "your",
        "faith,",
        "being",
        "much",
        "more",
        "precious",
        "than",
        "of",
        "gold",
        "that",
        "perisheth,",
        "though",
        "it",
        "be",
        "tried",
        "with",
        "fire,",
        "might",
        "be",
        "found",
        "unto",
        "praise",
        "and",
        "honour",
        "and",
        "glory",
        "at",
        "the",
        "appearing",
        "of",
        "Jesus",
        "Christ:"
      ],
      "info": ""
    },
    {
      "verse": 8,
      "text": [
        "Whom",
        "having",
        "not",
        "seen,",
        "ye",
        "love;",
        "in",
        "whom,",
        "though",
        "now",
        "ye",
        "see",
        "*him",
        "not,",
        "yet",
        "believing,",
        "ye",
        "rejoice",
        "with",
        "joy",
        "unspeakable",
        "and",
        "full",
        "of",
        "glory:"
      ],
      "info": ""
    },
    {
      "verse": 9,
      "text": [
        "Receiving",
        "the",
        "end",
        "of",
        "your",
        "faith,",
        "*even",
        "the",
        "salvation",
        "of",
        "*your",
        "souls."
      ],
      "info": ""
    },
    {
      "verse": 10,
      "text": [
        "Of",
        "which",
        "salvation",
        "the",
        "prophets",
        "have",
        "enquired",
        "and",
        "searched",
        "diligently,",
        "who",
        "prophesied",
        "of",
        "the",
        "grace",
        "*that",
        "*should",
        "*come",
        "unto",
        "you:"
      ],
      "info": ""
    },
    {
      "verse": 11,
      "text": [
        "Searching",
        "what,",
        "or",
        "what",
        "manner",
        "of",
        "time",
        "the",
        "Spirit",
        "of",
        "Christ",
        "which",
        "was",
        "in",
        "them",
        "did",
        "signify,",
        "when",
        "it",
        "testified",
        "beforehand",
        "the",
        "sufferings",
        "of",
        "Christ,",
        "and",
        "the",
        "glory",
        "that",
        "should",
        "follow."
      ],
      "info": ""
    },
    {
      "verse": 12,
      "text": [
        "Unto",
        "whom",
        "it",
        "was",
        "revealed,",
        "that",
        "not",
        "unto",
        "themselves,",
        "but",
        "unto",
        "us",
        "they",
        "did",
        "minister",
        "the",
        "things,",
        "which",
        "are",
        "now",
        "reported",
        "unto",
        "you",
        "by",
        "them",
        "that",
        "have",
        "preached",
        "the",
        "gospel",
        "unto",
        "you",
        "with",
        "the",
        "Holy",
        "Ghost",
        "sent",
        "down",
        "from",
        "heaven;",
        "which",
        "things",
        "the",
        "angels",
        "desire",
        "to",
        "look",
        "into."
      ],
      "info": ""
    },
    {
      "verse": 13,
      "text": [
        "Wherefore",
        "gird",
        "up",
        "the",
        "loins",
        "of",
        "your",
        "mind,",
        "be",
        "sober,",
        "and",
        "hope",
        "to",
        "the",
        "end",
        "for",
        "the",
        "grace",
        "that",
        "is",
        "to",
        "be",
        "brought",
        "unto",
        "you",
        "at",
        "the",
        "revelation",
        "of",
        "Jesus",
        "Christ;"
      ],
      "info": ""
    },
    {
      "verse": 14,
      "text": [
        "As",
        "obedient",
        "children,",
        "not",
        "fashioning",
        "yourselves",
        "according",
        "to",
        "the",
        "former",
        "lusts",
        "in",
        "your",
        "ignorance:"
      ],
      "info": ""
    },
    {
      "verse": 15,
      "text": [
        "But",
        "as",
        "he",
        "which",
        "hath",
        "called",
        "you",
        "is",
        "holy,",
        "so",
        "be",
        "ye",
        "holy",
        "in",
        "all",
        "manner",
        "of",
        "conversation;"
      ],
      "info": ""
    },
    {
      "verse": 16,
      "text": [
        "Because",
        "it",
        "is",
        "written,",
        "Be",
        "ye",
        "holy;",
        "for",
        "I",
        "am",
        "holy."
      ],
      "info": ""
    },
    {
      "verse": 17,
      "text": [
        "And",
        "if",
        "ye",
        "call",
        "on",
        "the",
        "Father,",
        "who",
        "without",
        "respect",
        "of",
        "persons",
        "judgeth",
        "according",
        "to",
        "every",
        "man's",
        "work,",
        "pass",
        "the",
        "time",
        "of",
        "your",
        "sojourning",
        "*here",
        "in",
        "fear:"
      ],
      "info": ""
    },
    {
      "verse": 18,
      "text": [
        "Forasmuch",
        "as",
        "ye",
        "know",
        "that",
        "ye",
        "were",
        "not",
        "redeemed",
        "with",
        "corruptible",
        "things,",
        "*as",
        "silver",
        "and",
        "gold,",
        "from",
        "your",
        "vain",
        "conversation",
        "*received",
        "by",
        "tradition",
        "from",
        "your",
        "fathers;"
      ],
      "info": ""
    },
    {
      "verse": 19,
      "text": [
        "But",
        "with",
        "the",
        "precious",
        "blood",
        "of",
        "Christ,",
        "as",
        "of",
        "a",
        "lamb",
        "without",
        "blemish",
        "and",
        "without",
        "spot:"
      ],
      "info": ""
    },
    {
      "verse": 20,
      "text": [
        "Who",
        "verily",
        "was",
        "foreordained",
        "before",
        "the",
        "foundation",
        "of",
        "the",
        "world,",
        "but",
        "was",
        "manifest",
        "in",
        "these",
        "last",
        "times",
        "for",
        "you,"
      ],
      "info": ""
    },
    {
      "verse": 21,
      "text": [
        "Who",
        "by",
        "him",
        "do",
        "believe",
        "in",
        "God,",
        "that",
        "raised",
        "him",
        "up",
        "from",
        "the",
        "dead,",
        "and",
        "gave",
        "him",
        "glory;",
        "that",
        "your",
        "faith",
        "and",
        "hope",
        "might",
        "be",
        "in",
        "God."
      ],
      "info": ""
    },
    {
      "verse": 22,
      "text": [
        "Seeing",
        "ye",
        "have",
        "purified",
        "your",
        "souls",
        "in",
        "obeying",
        "the",
        "truth",
        "through",
        "the",
        "Spirit",
        "unto",
        "unfeigned",
        "love",
        "of",
        "the",
        "brethren,",
        "*see",
        "*that",
        "*ye",
        "love",
        "one",
        "another",
        "with",
        "a",
        "pure",
        "heart",
        "fervently:"
      ],
      "info": ""
    },
    {
      "verse": 23,
      "text": [
        "Being",
        "born",
        "again,",
        "not",
        "of",
        "corruptible",
        "seed,",
        "but",
        "of",
        "incorruptible,",
        "by",
        "the",
        "word",
        "of",
        "God,",
        "which",
        "liveth",
        "and",
        "abideth",
        "for",
        "ever."
      ],
      "info": ""
    },
    {
      "verse": 24,
      "text": [
        "For",
        "all",
        "flesh",
        "*is",
        "as",
        "grass,",
        "and",
        "all",
        "the",
        "glory",
        "of",
        "man",
        "as",
        "the",
        "flower",
        "of",
        "grass.",
        "The",
        "grass",
        "withereth,",
        "and",
        "the",
        "flower",
        "thereof",
        "falleth",
        "away:"
      ],
      "info": ""
    },
    {
      "verse": 25,
      "text": [
        "But",
        "the",
        "word",
        "of",
        "the",
        "Lord",
        "endureth",
        "for",
        "ever.",
        "And",
        "this",
        "is",
        "the",
        "word",
        "which",
        "by",
        "the",
        "gospel",
        "is",
        "preached",
        "unto",
        "you."
      ],
      "info": ""
    }
  ]
}