{
  "book_id": "1PE",
  "book_name": "1 Peter",
  "chapter": 5,
  "header": "",
  "footer": "",
  "language": "English",
  "verses": [
    {
      "verse": 1,
      "text": [
        "The",
        "elders",
        "which",
        "are",
        "among",
        "you",
        "I",
        "exhort,",
        "who",
        "am",
        "also",
        "an",
        "elder,",
        "and",
        "a",
        "witness",
        "of",
        "the",
        "sufferings",
        "of",
        "Christ,",
        "and",
        "also",
        "a",
        "partaker",
        "of",
        "the",
        "glory",
        "that",
        "shall",
        "be",
        "revealed:"
      ],
      "info": ""
    },
    {
      "verse": 2,
      "text": [
        "Feed",
        "the",
        "flock",
        "of",
        "God",
        "which",
        "is",
        "among",
        "you,",
        "taking",
        "the",
        "oversight",
        "*thereof,",
        "not",
        "by",
        "constraint,",
        "but",
        "willingly;",
        "not",
        "for",
        "filthy",
        "lucre,",
        "but",
        "of",
        "a",
        "ready",
        "mind;"
      ],
      "info": ""
    },
    {
      "verse": 3,
      "text": [
        "Neither",
        "as",
        "being",
        "lords",
        "over",
        "*God's",
        "heritage,",
        "but",
        "being",
        "ensamples",
        "to",
        "the",
        "flock."
      ],
      "info": ""
    },
    {
      "verse": 4,
      "text": [
        "And",
        "when",
        "the",
        "chief",
        "Shepherd",
        "shall",
        "appear,",
        "ye",
        "shall",
        "receive",
        "a",
        "crown",
        "of",
        "glory",
        "that",
        "fadeth",
        "not",
        "away."
      ],
      "info": ""
    },
    {
      "verse": 5,
      "text": [
        "Likewise,",
        "ye",
        "younger,",
        "submit",
        "yourselves",
        "unto",
        "the",
        "elder.",
        "Yea,",
        "all",
        "*of",
        "*you",
        "be",
        "subject",
        "one",
        "to",
        "another,",
        "and",
        "be",
        "clothed",
        "with",
        "humility:",
        "for",
        "God",
        "resisteth",
        "the",
        "proud,",
        "and",
        "giveth",
        "grace",
        "to",
        "the",
        "humble."
      ],
      "info": ""
    },
    {
      "verse": 6,
      "text": [
        "Humble",
        "yourselves",
        "therefore",
        "under",
        "the",
        "mighty",
        "hand",
        "of",
        "God,",
        "that",
        "he",
        "may",
        "exalt",
        "you",
        "in",
        "due",
        "time:"
      ],
      "info": ""
    },
    {
      "verse": 7,
      "text": [
        "Casting",
        "all",
        "your",
        "care",
        "upon",
        "him;",
        "for",
        "he",
        "careth",
        "for",
        "you."
      ],
      "info": ""
    },
    {
      "verse": 8,
      "text": [
        "Be",
        "sober,",
        "be",
        "vigilant;",
        "because",
        "your",
        "adversary",
        "the",
        "devil,",
        "as",
        "a",
        "roaring",
        "lion,",
        "walketh",
        "about,",
        "seeking",
        "whom",
        "he",
        "may",
        "devour:"
      ],
      "info": ""
    },
    {
      "verse": 9,
      "text": [
        "Whom",
        "resist",
        "stedfast",
        "in",
        "the",
        "faith,",
        "knowing",
        "that",
        "the",
        "same",
        "afflictions",
        "are",
        "accomplished",
        "in",
        "your",
        "brethren",
        "that",
        "are",
        "in",
        "the",
        "world."
      ],
      "info": ""
    },
    {
      "verse": 10,
      "text": [
        "But",
        "the",
        "God",
        "of",
        "all",
        "grace,",
        "who",
        "hath",
        "called",
        "us",
        "unto",
        "his",
        "eternal",
        "glory",
        "by",
        "Christ",
        "Jesus,",
        "after",
        "that",
        "ye",
        "have",
        "suffered",
        "a",
        "while,",
        "make",
        "you",
        "perfect,",
        "stablish,",
        "strengthen,",
        "settle",
        "*you."
      ],
      "info": ""
    },
    {
      "verse": 11,
      "text": [
        "To",
        "him",
        "*be",
        "glory",
        "and",
        "dominion",
        "for",
        "ever",
        "and",
        "ever.",
        "Amen."
      ],
      "info": ""
    },
    {
      "verse": 12,
      "text": [
        "By",
        "Silvanus,",
        "a",
        "faithful",
        "brother",
        "unto",
        "you,",
        "as",
        "I",
        "suppose,",
        "I",
        "have",
        "written",
        "briefly,",
        "exhorting,",
        "and",
        "testifying",
        "that",
        "this",
        "is",
        "the",
        "true",
        "grace",
        "of",
        "God",
        "wherein",
        "ye",
        "stand."
      ],
      "info": ""
    },
    {
      "verse": 13,
      "text": [
        "The",
        "*church",
        "*that",
        "*is",
        "at",
        "Babylon,",
        "elected",
        "together",
        "with",
        "*you,",
        "saluteth",
        "you;",
        "and",
        "*so",
        "*doth",
        "Marcus",
        "my",
        "son."
      ],
      "info": ""
    },
    {
      "verse": 14,
      "text": [
        "Greet",
        "ye",
        "one",
        "another",
        "with",
        "a",
        "kiss",
        "of",
        "charity.",
        "Peace",
        "*be",
        "with",
        "you",
        "all",
        "that",
        "are",
        "in",
        "Christ",
        "Jesus.",
        "Amen."
      ],
      "info": ""
    }
  ]
}