{
  "book_id": "PRO",
  "book_name": "Proverbs",
  "chapter": 1,
  "header": "",
  "footer": "",
  "language": "English",
  "verses": [
    {
      "verse": 1,
      "text": [
        "The",
        "proverbs",
        "of",
        "Solomon",
        "the",
        "son",
        "of",
        "David,",
        "king",
        "of",
        "Israel;"
      ],
      "info": ""
    },
    {
      "verse": 2,
      "text": [
        "To",
        "know",
        "wisdom",
        "and",
        "instruction;",
        "to",
        "perceive",
        "the",
        "words",
        "of",
        "understanding;"
      ],
      "info": ""
    },
    {
      "verse": 3,
      "text": [
        "To",
        "receive",
        "the",
        "instruction",
        "of",
        "wisdom,",
        "justice,",
        "and",
        "judgment,",
        "and",
        "equity;"
      ],
      "info": ""
    },
    {
      "verse": 4,
      "text": [
        "To",
        "give",
        "subtilty",
        "to",
        "the",
        "simple,",
        "to",
        "the",
        "young",
        "man",
        "knowledge",
        "and",
        "discretion."
      ],
      "info": ""
    },
    {
      "verse": 5,
      "text": [
        "A",
        "wise",
        "*man",
        "will",
        "hear,",
        "and",
        "will",
        "increase",
        "learning;",
        "and",
        "a",
        "man",
        "of",
        "understanding",
        "shall",
        "attain",
        "unto",
        "wise",
        "counsels:"
      ],
      "info": ""
    },
    {
      "verse": 6,
      "text": [
        "To",
        "understand",
        "a",
        "proverb,",
        "and",
        "the",
        "interpretation;",
        "the",
        "words",
        "of",
        "the",
        "wise,",
        "and",
        "their",
        "dark",
        "sayings."
      ],
      "info": ""
    },
    {
      "verse": 7,
      "text": [
        "¶",
        "The",
        "fear",
        "of",
        "the",
        "LORD",
        "*is",
        "the",
        "beginning",
        "of",
        "knowledge:",
        "*but",
        "fools",
        "despise",
        "wisdom",
        "and",
        "instruction."
      ],
      "info": ""
    },
    {
      "verse": 8,
      "text": [
        "My",
        "son,",
        "hear",
        "the",
        "instruction",
        "of",
        "thy",
        "father,",
        "and",
        "forsake",
        "not",
        "the",
        "law",
        "of",
        "thy",
        "mother:"
      ],
      "info": ""
    },
    {
      "verse": 9,
      "text": [
        "For",
        "they",
        "*shall",
        "*be",
        "an",
        "ornament",
        "of",
        "grace",
        "unto",
        "thy",
        "head,",
        "and",
        "chains",
        "about",
        "thy",
        "neck."
      ],
      "info": ""
    },
    {
      "verse": 10,
      "text": [
        "¶",
        "My",
        "son,",
        "if",
        "sinners",
        "entice",
        "thee,",
        "consent",
        "thou",
        "not."
      ],
      "info": ""
    },
    {
      "verse": 11,
      "text": [
        "If",
        "they",
        "say,",
        "Come",
        "with",
        "us,",
        "let",
        "us",
        "lay",
        "wait",
        "for",
        "blood,",
        "let",
        "us",
        "lurk",
        "privily",
        "for",
        "the",
        "innocent",
        "without",
        "cause:"
      ],
      "info": ""
    },
    {
      "verse": 12,
      "text": [
        "Let",
        "us",
        "swallow",
        "them",
        "up",
        "alive",
        "as",
        "the",
        "grave;",
        "and",
        "whole,",
        "as",
        "those",
        "that",
        "go",
        "down",
        "into",
        "the",
        "pit:"
      ],
      "info": ""
    },
    {
      "verse": 13,
      "text": [
        "We",
        "shall",
        "find",
        "all",
        "precious",
        "substance,",
        "we",
        "shall",
        "fill",
        "our",
        "houses",
        "with",
        "spoil:"
      ],
      "info": ""
    },
    {
      "verse": 14,
      "text": [
        "Cast",
        "in",
        "thy",
        "lot",
        "among",
        "us;",
        "let",
        "us",
        "all",
        "have",
        "one",
        "purse:"
      ],
      "info": ""
    },
    {
      "verse": 15,
      "text": [
        "My",
        "son,",
        "walk",
        "not",
        "thou",
        "in",
        "the",
        "way",
        "with",
        "them;",
        "refrain",
        "thy",
        "foot",
        "from",
        "their",
        "path:"
      ],
      "info": ""
    },
    {
      "verse": 16,
      "text": [
        "For",
        "their",
        "feet",
        "run",
        "to",
        "evil,",
        "and",
        "make",
        "haste",
        "to",
        "shed",
        "blood."
      ],
      "info": ""
    },
    {
      "verse": 17,
      "text": [
        "Surely",
        "in",
        "vain",
        "the",
        "net",
        "is",
        "spread",
        "in",
        "the",
        "sight",
        "of",
        "any",
        "bird."
      ],
      "info": ""
    },
    {
      "verse": 18,
      "text": [
        "And",
        "they",
        "lay",
        "wait",
        "for",
        "their",
        "*own",
        "blood;",
        "they",
        "lurk",
        "privily",
        "for",
        "their",
        "*own",
        "lives."
      ],
      "info": ""
    },
    {
      "verse": 19,
      "text": [
        "So",
        "*are",
        "the",
        "ways",
        "of",
        "every",
        "one",
        "that",
        "is",
        "greedy",
        "of",
        "gain;",
        "*which",
        "taketh",
        "away",
        "the",
        "life",
        "of",
        "the",
        "owners",
        "thereof."
      ],
      "info": ""
    },
    {
      "verse": 20,
      "text": [
        "¶",
        "Wisdom",
        "crieth",
        "without;",
        "she",
        "uttereth",
        "her",
        "voice",
        "in",
        "the",
        "streets:"
      ],
      "info": ""
    },
    {
      "verse": 21,
      "text": [
        "She",
        "crieth",
        "in",
        "the",
        "chief",
        "place",
        "of",
        "concourse,",
        "in",
        "the",
        "openings",
        "of",
        "the",
        "gates:",
        "in",
        "the",
        "city",
        "she",
        "uttereth",
        "her",
        "words,",
        "*saying,"
      ],
      "info": ""
    },
    {
      "verse": 22,
      "text": [
        "How",
        "long,",
        "ye",
        "simple",
        "ones,",
        "will",
        "ye",
        "love",
        "simplicity?",
        "and",
        "the",
        "scorners",
        "delight",
        "in",
        "their",
        "scorning,",
        "and",
        "fools",
        "hate",
        "knowledge?"
      ],
      "info": ""
    },
    {
      "verse": 23,
      "text": [
        "Turn",
        "you",
        "at",
        "my",
        "reproof:",
        "behold,",
        "I",
        "will",
        "pour",
        "out",
        "my",
        "spirit",
        "unto",
        "you,",
        "I",
        "will",
        "make",
        "known",
        "my",
        "words",
        "unto",
        "you."
      ],
      "info": ""
    },
    {
      "verse": 24,
      "text": [
        "¶",
        "Because",
        "I",
        "have",
        "called,",
        "and",
        "ye",
        "refused;",
        "I",
        "have",
        "stretched",
        "out",
        "my",
        "hand,",
        "and",
        "no",
        "man",
        "regarded;"
      ],
      "info": ""
    },
    {
      "verse": 25,
      "text": [
        "But",
        "ye",
        "have",
        "set",
        "at",
        "nought",
        "all",
        "my",
        "counsel,",
        "and",
        "would",
        "none",
        "of",
        "my",
        "reproof:"
      ],
      "info": ""
    },
    {
      "verse": 26,
      "text": [
        "I",
        "also",
        "will",
        "laugh",
        "at",
        "your",
        "calamity;",
        "I",
        "will",
        "mock",
        "when",
        "your",
        "fear",
        "cometh;"
      ],
      "info": ""
    },
    {
      "verse": 27,
      "text": [
        "When",
        "your",
        "fear",
        "cometh",
        "as",
        "desolation,",
        "and",
        "your",
        "destruction",
        "cometh",
        "as",
        "a",
        "whirlwind;",
        "when",
        "distress",
        "and",
        "anguish",
        "cometh",
        "upon",
        "you."
      ],
      "info": ""
    },
    {
      "verse": 28,
      "text": [
        "Then",
        "shall",
        "they",
        "call",
        "upon",
        "me,",
        "but",
        "I",
        "will",
        "not",
        "answer;",
        "they",
        "shall",
        "seek",
        "me",
        "early,",
        "but",
        "they",
        "shall",
        "not",
        "find",
        "me:"
      ],
      "info": ""
    },
    {
      "verse": 29,
      "text": [
        "For",
        "that",
        "they",
        "hated",
        "knowledge,",
        "and",
        "did",
        "not",
        "choose",
        "the",
        "fear",
        "of",
        "the",
        "LORD:"
      ],
      "info": ""
    },
    {
      "verse": 30,
      "text": [
        "They",
        "would",
        "none",
        "of",
        "my",
        "counsel:",
        "they",
        "despised",
        "all",
        "my",
        "reproof."
      ],
      "info": ""
    },
    {
      "verse": 31,
      "text": [
        "Therefore",
        "shall",
        "they",
        "eat",
        "of",
        "the",
        "fruit",
        "of",
        "their",
        "own",
        "way,",
        "and",
        "be",
        "filled",
        "with",
        "their",
        "own",
        "devices."
      ],
      "info": ""
    },
    {
      "verse": 32,
      "text": [
        "For",
        "the",
        "turning",
        "away",
        "of",
        "the",
        "simple",
        "shall",
        "slay",
        "them,",
        "and",
        "the",
        "prosperity",
        "of",
        "fools",
        "shall",
        "destroy",
        "them."
      ],
      "info": ""
    },
    {
      "verse": 33,
      "text": [
        "But",
        "whoso",
        "hearkeneth",
        "unto",
        "me",
        "shall",
        "dwell",
        "safely,",
        "and",
        "shall",
        "be",
        "quiet",
        "from",
        "fear",
        "of",
        "evil."
      ],
      "info": ""
    }
  ]
}