{
  "book_id": "PRO",
  "book_name": "Proverbs",
  "chapter": 10,
  "header": "",
  "footer": "",
  "language": "English",
  "verses": [
    {
      "verse": 1,
      "text": [
        "The",
        "proverbs",
        "of",
        "Solomon.",
        "A",
        "wise",
        "son",
        "maketh",
        "a",
        "glad",
        "father:",
        "but",
        "a",
        "foolish",
        "son",
        "*is",
        "the",
        "heaviness",
        "of",
        "his",
        "mother."
      ],
      "info": ""
    },
    {
      "verse": 2,
      "text": [
        "Treasures",
        "of",
        "wickedness",
        "profit",
        "nothing:",
        "but",
        "righteousness",
        "delivereth",
        "from",
        "death."
      ],
      "info": ""
    },
    {
      "verse": 3,
      "text": [
        "The",
        "LORD",
        "will",
        "not",
        "suffer",
        "the",
        "soul",
        "of",
        "the",
        "righteous",
        "to",
        "famish:",
        "but",
        "he",
        "casteth",
        "away",
        "the",
        "substance",
        "of",
        "the",
        "wicked."
      ],
      "info": ""
    },
    {
      "verse": 4,
      "text": [
        "He",
        "becometh",
        "poor",
        "that",
        "dealeth",
        "*with",
        "a",
        "slack",
        "hand:",
        "but",
        "the",
        "hand",
        "of",
        "the",
        "diligent",
        "maketh",
        "rich."
      ],
      "info": ""
    },
    {
      "verse": 5,
      "text": [
        "He",
        "that",
        "gathereth",
        "in",
        "summer",
        "*is",
        "a",
        "wise",
        "son:",
        "*but",
        "he",
        "that",
        "sleepeth",
        "in",
        "harvest",
        "*is",
        "a",
        "son",
        "that",
        "causeth",
        "shame."
      ],
      "info": ""
    },
    {
      "verse": 6,
      "text": [
        "Blessings",
        "*are",
        "upon",
        "the",
        "head",
        "of",
        "the",
        "just:",
        "but",
        "violence",
        "covereth",
        "the",
        "mouth",
        "of",
        "the",
        "wicked."
      ],
      "info": ""
    },
    {
      "verse": 7,
      "text": [
        "The",
        "memory",
        "of",
        "the",
        "just",
        "*is",
        "blessed:",
        "but",
        "the",
        "name",
        "of",
        "the",
        "wicked",
        "shall",
        "rot."
      ],
      "info": ""
    },
    {
      "verse": 8,
      "text": [
        "The",
        "wise",
        "in",
        "heart",
        "will",
        "receive",
        "commandments:",
        "but",
        "a",
        "prating",
        "fool",
        "shall",
        "fall."
      ],
      "info": ""
    },
    {
      "verse": 9,
      "text": [
        "He",
        "that",
        "walketh",
        "uprightly",
        "walketh",
        "surely:",
        "but",
        "he",
        "that",
        "perverteth",
        "his",
        "ways",
        "shall",
        "be",
        "known."
      ],
      "info": ""
    },
    {
      "verse": 10,
      "text": [
        "He",
        "that",
        "winketh",
        "with",
        "the",
        "eye",
        "causeth",
        "sorrow:",
        "but",
        "a",
        "prating",
        "fool",
        "shall",
        "fall."
      ],
      "info": ""
    },
    {
      "verse": 11,
      "text": [
        "The",
        "mouth",
        "of",
        "a",
        "righteous",
        "*man",
        "*is",
        "a",
        "well",
        "of",
        "life:",
        "but",
        "violence",
        "covereth",
        "the",
        "mouth",
        "of",
        "the",
        "wicked."
      ],
      "info": ""
    },
    {
      "verse": 12,
      "text": [
        "Hatred",
        "stirreth",
        "up",
        "strifes:",
        "but",
        "love",
        "covereth",
        "all",
        "sins."
      ],
      "info": ""
    },
    {
      "verse": 13,
      "text": [
        "In",
        "the",
        "lips",
        "of",
        "him",
        "that",
        "hath",
        "understanding",
        "wisdom",
        "is",
        "found:",
        "but",
        "a",
        "rod",
        "*is",
        "for",
        "the",
        "back",
        "of",
        "him",
        "that",
        "is",
        "void",
        "of",
        "understanding."
      ],
      "info": ""
    },
    {
      "verse": 14,
      "text": [
        "Wise",
        "*men",
        "lay",
        "up",
        "knowledge:",
        "but",
        "the",
        "mouth",
        "of",
        "the",
        "foolish",
        "*is",
        "near",
        "destruction."
      ],
      "info": ""
    },
    {
      "verse": 15,
      "text": [
        "The",
        "rich",
        "man's",
        "wealth",
        "*is",
        "his",
        "strong",
        "city:",
        "the",
        "destruction",
        "of",
        "the",
        "poor",
        "*is",
        "their",
        "poverty."
      ],
      "info": ""
    },
    {
      "verse": 16,
      "text": [
        "The",
        "labour",
        "of",
        "the",
        "righteous",
        "*tendeth",
        "to",
        "life:",
        "the",
        "fruit",
        "of",
        "the",
        "wicked",
        "to",
        "sin."
      ],
      "info": ""
    },
    {
      "verse": 17,
      "text": [
        "He",
        "*is",
        "*in",
        "the",
        "way",
        "of",
        "life",
        "that",
        "keepeth",
        "instruction:",
        "but",
        "he",
        "that",
        "refuseth",
        "reproof",
        "erreth."
      ],
      "info": ""
    },
    {
      "verse": 18,
      "text": [
        "He",
        "that",
        "hideth",
        "hatred",
        "*with",
        "lying",
        "lips,",
        "and",
        "he",
        "that",
        "uttereth",
        "a",
        "slander,",
        "*is",
        "a",
        "fool."
      ],
      "info": ""
    },
    {
      "verse": 19,
      "text": [
        "In",
        "the",
        "multitude",
        "of",
        "words",
        "there",
        "wanteth",
        "not",
        "sin:",
        "but",
        "he",
        "that",
        "refraineth",
        "his",
        "lips",
        "*is",
        "wise."
      ],
      "info": ""
    },
    {
      "verse": 20,
      "text": [
        "The",
        "tongue",
        "of",
        "the",
        "just",
        "*is",
        "*as",
        "choice",
        "silver:",
        "the",
        "heart",
        "of",
        "the",
        "wicked",
        "*is",
        "little",
        "worth."
      ],
      "info": ""
    },
    {
      "verse": 21,
      "text": [
        "The",
        "lips",
        "of",
        "the",
        "righteous",
        "feed",
        "many:",
        "but",
        "fools",
        "die",
        "for",
        "want",
        "of",
        "wisdom."
      ],
      "info": ""
    },
    {
      "verse": 22,
      "text": [
        "The",
        "blessing",
        "of",
        "the",
        "LORD,",
        "it",
        "maketh",
        "rich,",
        "and",
        "he",
        "addeth",
        "no",
        "sorrow",
        "with",
        "it."
      ],
      "info": ""
    },
    {
      "verse": 23,
      "text": [
        "*It",
        "*is",
        "as",
        "sport",
        "to",
        "a",
        "fool",
        "to",
        "do",
        "mischief:",
        "but",
        "a",
        "man",
        "of",
        "understanding",
        "hath",
        "wisdom."
      ],
      "info": ""
    },
    {
      "verse": 24,
      "text": [
        "The",
        "fear",
        "of",
        "the",
        "wicked,",
        "it",
        "shall",
        "come",
        "upon",
        "him:",
        "but",
        "the",
        "desire",
        "of",
        "the",
        "righteous",
        "shall",
        "be",
        "granted."
      ],
      "info": ""
    },
    {
      "verse": 25,
      "text": [
        "As",
        "the",
        "whirlwind",
        "passeth,",
        "so",
        "*is",
        "the",
        "wicked",
        "no",
        "*more:",
        "but",
        "the",
        "righteous",
        "*is",
        "an",
        "everlasting",
        "foundation."
      ],
      "info": ""
    },
    {
      "verse": 26,
      "text": [
        "As",
        "vinegar",
        "to",
        "the",
        "teeth,",
        "and",
        "as",
        "smoke",
        "to",
        "the",
        "eyes,",
        "so",
        "*is",
        "the",
        "sluggard",
        "to",
        "them",
        "that",
        "send",
        "him."
      ],
      "info": ""
    },
    {
      "verse": 27,
      "text": [
        "The",
        "fear",
        "of",
        "the",
        "LORD",
        "prolongeth",
        "days:",
        "but",
        "the",
        "years",
        "of",
        "the",
        "wicked",
        "shall",
        "be",
        "shortened."
      ],
      "info": ""
    },
    {
      "verse": 28,
      "text": [
        "The",
        "hope",
        "of",
        "the",
        "righteous",
        "*shall",
        "*be",
        "gladness:",
        "but",
        "the",
        "expectation",
        "of",
        "the",
        "wicked",
        "shall",
        "perish."
      ],
      "info": ""
    },
    {
      "verse": 29,
      "text": [
        "The",
        "way",
        "of",
        "the",
        "LORD",
        "*is",
        "strength",
        "to",
        "the",
        "upright:",
        "but",
        "destruction",
        "*shall",
        "*be",
        "to",
        "the",
        "workers",
        "of",
        "iniquity."
      ],
      "info": ""
    },
    {
      "verse": 30,
      "text": [
        "The",
        "righteous",
        "shall",
        "never",
        "be",
        "removed:",
        "but",
        "the",
        "wicked",
        "shall",
        "not",
        "inhabit",
        "the",
        "earth."
      ],
      "info": ""
    },
    {
      "verse": 31,
      "text": [
        "The",
        "mouth",
        "of",
        "the",
        "just",
        "bringeth",
        "forth",
        "wisdom:",
        "but",
        "the",
        "froward",
        "tongue",
        "shall",
        "be",
        "cut",
        "out."
      ],
      "info": ""
    },
    {
      "verse": 32,
      "text": [
        "The",
        "lips",
        "of",
        "the",
        "righteous",
        "know",
        "what",
        "is",
        "acceptable:",
        "but",
        "the",
        "mouth",
        "of",
        "the",
        "wicked",
        "*speaketh",
        "frowardness."
      ],
      "info": ""
    }
  ]
}