{
  "book_id": "PRO",
  "book_name": "Proverbs",
  "chapter": 14,
  "header": "",
  "footer": "",
  "language": "English",
  "verses": [
    {
      "verse": 1,
      "text": [
        "Every",
        "wise",
        "woman",
        "buildeth",
        "her",
        "house:",
        "but",
        "the",
        "foolish",
        "plucketh",
        "it",
        "down",
        "with",
        "her",
        "hands."
      ],
      "info": ""
    },
    {
      "verse": 2,
      "text": [
        "He",
        "that",
        "walketh",
        "in",
        "his",
        "uprightness",
        "feareth",
        "the",
        "LORD:",
        "but",
        "*he",
        "*that",
        "*is",
        "perverse",
        "in",
        "his",
        "ways",
        "despiseth",
        "him."
      ],
      "info": ""
    },
    {
      "verse": 3,
      "text": [
        "In",
        "the",
        "mouth",
        "of",
        "the",
        "foolish",
        "*is",
        "a",
        "rod",
        "of",
        "pride:",
        "but",
        "the",
        "lips",
        "of",
        "the",
        "wise",
        "shall",
        "preserve",
        "them."
      ],
      "info": ""
    },
    {
      "verse": 4,
      "text": [
        "Where",
        "no",
        "oxen",
        "*are,",
        "the",
        "crib",
        "*is",
        "clean:",
        "but",
        "much",
        "increase",
        "*is",
        "by",
        "the",
        "strength",
        "of",
        "the",
        "ox."
      ],
      "info": ""
    },
    {
      "verse": 5,
      "text": [
        "A",
        "faithful",
        "witness",
        "will",
        "not",
        "lie:",
        "but",
        "a",
        "false",
        "witness",
        "will",
        "utter",
        "lies."
      ],
      "info": ""
    },
    {
      "verse": 6,
      "text": [
        "A",
        "scorner",
        "seeketh",
        "wisdom,",
        "and",
        "*findeth",
        "*it",
        "not:",
        "but",
        "knowledge",
        "*is",
        "easy",
        "unto",
        "him",
        "that",
        "understandeth."
      ],
      "info": ""
    },
    {
      "verse": 7,
      "text": [
        "Go",
        "from",
        "the",
        "presence",
        "of",
        "a",
        "foolish",
        "man,",
        "when",
        "thou",
        "perceivest",
        "not",
        "*in",
        "*him",
        "the",
        "lips",
        "of",
        "knowledge."
      ],
      "info": ""
    },
    {
      "verse": 8,
      "text": [
        "The",
        "wisdom",
        "of",
        "the",
        "prudent",
        "*is",
        "to",
        "understand",
        "his",
        "way:",
        "but",
        "the",
        "folly",
        "of",
        "fools",
        "*is",
        "deceit."
      ],
      "info": ""
    },
    {
      "verse": 9,
      "text": [
        "Fools",
        "make",
        "a",
        "mock",
        "at",
        "sin:",
        "but",
        "among",
        "the",
        "righteous",
        "*there",
        "*is",
        "favour."
      ],
      "info": ""
    },
    {
      "verse": 10,
      "text": [
        "The",
        "heart",
        "knoweth",
        "his",
        "own",
        "bitterness;",
        "and",
        "a",
        "stranger",
        "doth",
        "not",
        "intermeddle",
        "with",
        "his",
        "joy."
      ],
      "info": ""
    },
    {
      "verse": 11,
      "text": [
        "The",
        "house",
        "of",
        "the",
        "wicked",
        "shall",
        "be",
        "overthrown:",
        "but",
        "the",
        "tabernacle",
        "of",
        "the",
        "upright",
        "shall",
        "flourish."
      ],
      "info": ""
    },
    {
      "verse": 12,
      "text": [
        "There",
        "is",
        "a",
        "way",
        "which",
        "seemeth",
        "right",
        "unto",
        "a",
        "man,",
        "but",
        "the",
        "end",
        "thereof",
        "*are",
        "the",
        "ways",
        "of",
        "death."
      ],
      "info": ""
    },
    {
      "verse": 13,
      "text": [
        "Even",
        "in",
        "laughter",
        "the",
        "heart",
        "is",
        "sorrowful;",
        "and",
        "the",
        "end",
        "of",
        "that",
        "mirth",
        "*is",
        "heaviness."
      ],
      "info": ""
    },
    {
      "verse": 14,
      "text": [
        "The",
        "backslider",
        "in",
        "heart",
        "shall",
        "be",
        "filled",
        "with",
        "his",
        "own",
        "ways:",
        "and",
        "a",
        "good",
        "man",
        "*shall",
        "*be",
        "*satisfied",
        "from",
        "himself."
      ],
      "info": ""
    },
    {
      "verse": 15,
      "text": [
        "The",
        "simple",
        "believeth",
        "every",
        "word:",
        "but",
        "the",
        "prudent",
        "*man",
        "looketh",
        "well",
        "to",
        "his",
        "going."
      ],
      "info": ""
    },
    {
      "verse": 16,
      "text": [
        "A",
        "wise",
        "*man",
        "feareth,",
        "and",
        "departeth",
        "from",
        "evil:",
        "but",
        "the",
        "fool",
        "rageth,",
        "and",
        "is",
        "confident."
      ],
      "info": ""
    },
    {
      "verse": 17,
      "text": [
        "*He",
        "*that",
        "*is",
        "soon",
        "angry",
        "dealeth",
        "foolishly:",
        "and",
        "a",
        "man",
        "of",
        "wicked",
        "devices",
        "is",
        "hated."
      ],
      "info": ""
    },
    {
      "verse": 18,
      "text": [
        "The",
        "simple",
        "inherit",
        "folly:",
        "but",
        "the",
        "prudent",
        "are",
        "crowned",
        "with",
        "knowledge."
      ],
      "info": ""
    },
    {
      "verse": 19,
      "text": [
        "The",
        "evil",
        "bow",
        "before",
        "the",
        "good;",
        "and",
        "the",
        "wicked",
        "at",
        "the",
        "gates",
        "of",
        "the",
        "righteous."
      ],
      "info": ""
    },
    {
      "verse": 20,
      "text": [
        "The",
        "poor",
        "is",
        "hated",
        "even",
        "of",
        "his",
        "own",
        "neighbour:",
        "but",
        "the",
        "rich",
        "*hath",
        "many",
        "friends."
      ],
      "info": ""
    },
    {
      "verse": 21,
      "text": [
        "He",
        "that",
        "despiseth",
        "his",
        "neighbour",
        "sinneth:",
        "but",
        "he",
        "that",
        "hath",
        "mercy",
        "on",
        "the",
        "poor,",
        "happy",
        "*is",
        "he."
      ],
      "info": ""
    },
    {
      "verse": 22,
      "text": [
        "Do",
        "they",
        "not",
        "err",
        "that",
        "devise",
        "evil?",
        "but",
        "mercy",
        "and",
        "truth",
        "*shall",
        "*be",
        "to",
        "them",
        "that",
        "devise",
        "good."
      ],
      "info": ""
    },
    {
      "verse": 23,
      "text": [
        "In",
        "all",
        "labour",
        "there",
        "is",
        "profit:",
        "but",
        "the",
        "talk",
        "of",
        "the",
        "lips",
        "*tendeth",
        "only",
        "to",
        "penury."
      ],
      "info": ""
    },
    {
      "verse": 24,
      "text": [
        "The",
        "crown",
        "of",
        "the",
        "wise",
        "*is",
        "their",
        "riches:",
        "*but",
        "the",
        "foolishness",
        "of",
        "fools",
        "*is",
        "folly."
      ],
      "info": ""
    },
    {
      "verse": 25,
      "text": [
        "A",
        "true",
        "witness",
        "delivereth",
        "souls:",
        "but",
        "a",
        "deceitful",
        "*witness",
        "speaketh",
        "lies."
      ],
      "info": ""
    },
    {
      "verse": 26,
      "text": [
        "In",
        "the",
        "fear",
        "of",
        "the",
        "LORD",
        "*is",
        "strong",
        "confidence:",
        "and",
        "his",
        "children",
        "shall",
        "have",
        "a",
        "place",
        "of",
        "refuge."
      ],
      "info": ""
    },
    {
      "verse": 27,
      "text": [
        "The",
        "fear",
        "of",
        "the",
        "LORD",
        "*is",
        "a",
        "fountain",
        "of",
        "life,",
        "to",
        "depart",
        "from",
        "the",
        "snares",
        "of",
        "death."
      ],
      "info": ""
    },
    {
      "verse": 28,
      "text": [
        "In",
        "the",
        "multitude",
        "of",
        "people",
        "*is",
        "the",
        "king's",
        "honour:",
        "but",
        "in",
        "the",
        "want",
        "of",
        "people",
        "*is",
        "the",
        "destruction",
        "of",
        "the",
        "prince."
      ],
      "info": ""
    },
    {
      "verse": 29,
      "text": [
        "*He",
        "*that",
        "*is",
        "slow",
        "to",
        "wrath",
        "*is",
        "of",
        "great",
        "understanding:",
        "but",
        "*he",
        "*that",
        "*is",
        "hasty",
        "of",
        "spirit",
        "exalteth",
        "folly."
      ],
      "info": ""
    },
    {
      "verse": 30,
      "text": [
        "A",
        "sound",
        "heart",
        "*is",
        "the",
        "life",
        "of",
        "the",
        "flesh:",
        "but",
        "envy",
        "the",
        "rottenness",
        "of",
        "the",
        "bones."
      ],
      "info": ""
    },
    {
      "verse": 31,
      "text": [
        "He",
        "that",
        "oppresseth",
        "the",
        "poor",
        "reproacheth",
        "his",
        "Maker:",
        "but",
        "he",
        "that",
        "honoureth",
        "him",
        "hath",
        "mercy",
        "on",
        "the",
        "poor."
      ],
      "info": ""
    },
    {
      "verse": 32,
      "text": [
        "The",
        "wicked",
        "is",
        "driven",
        "away",
        "in",
        "his",
        "wickedness:",
        "but",
        "the",
        "righteous",
        "hath",
        "hope",
        "in",
        "his",
        "death."
      ],
      "info": ""
    },
    {
      "verse": 33,
      "text": [
        "Wisdom",
        "resteth",
        "in",
        "the",
        "heart",
        "of",
        "him",
        "that",
        "hath",
        "understanding:",
        "but",
        "*that",
        "*which",
        "*is",
        "in",
        "the",
        "midst",
        "of",
        "fools",
        "is",
        "made",
        "known."
      ],
      "info": ""
    },
    {
      "verse": 34,
      "text": [
        "Righteousness",
        "exalteth",
        "a",
        "nation:",
        "but",
        "sin",
        "*is",
        "a",
        "reproach",
        "to",
        "any",
        "people."
      ],
      "info": ""
    },
    {
      "verse": 35,
      "text": [
        "The",
        "king's",
        "favour",
        "*is",
        "toward",
        "a",
        "wise",
        "servant:",
        "but",
        "his",
        "wrath",
        "is",
        "*against",
        "him",
        "that",
        "causeth",
        "shame."
      ],
      "info": ""
    }
  ]
}