{
  "book_id": "PRO",
  "book_name": "Proverbs",
  "chapter": 19,
  "header": "",
  "footer": "",
  "language": "English",
  "verses": [
    {
      "verse": 1,
      "text": [
        "Better",
        "*is",
        "the",
        "poor",
        "that",
        "walketh",
        "in",
        "his",
        "integrity,",
        "than",
        "*he",
        "*that",
        "*is",
        "perverse",
        "in",
        "his",
        "lips,",
        "and",
        "is",
        "a",
        "fool."
      ],
      "info": ""
    },
    {
      "verse": 2,
      "text": [
        "Also,",
        "*that",
        "the",
        "soul",
        "*be",
        "without",
        "knowledge,",
        "*it",
        "*is",
        "not",
        "good;",
        "and",
        "he",
        "that",
        "hasteth",
        "with",
        "*his",
        "feet",
        "sinneth."
      ],
      "info": ""
    },
    {
      "verse": 3,
      "text": [
        "The",
        "foolishness",
        "of",
        "man",
        "perverteth",
        "his",
        "way:",
        "and",
        "his",
        "heart",
        "fretteth",
        "against",
        "the",
        "LORD."
      ],
      "info": ""
    },
    {
      "verse": 4,
      "text": [
        "Wealth",
        "maketh",
        "many",
        "friends;",
        "but",
        "the",
        "poor",
        "is",
        "separated",
        "from",
        "his",
        "neighbour."
      ],
      "info": ""
    },
    {
      "verse": 5,
      "text": [
        "A",
        "false",
        "witness",
        "shall",
        "not",
        "be",
        "unpunished,",
        "and",
        "*he",
        "*that",
        "speaketh",
        "lies",
        "shall",
        "not",
        "escape."
      ],
      "info": ""
    },
    {
      "verse": 6,
      "text": [
        "Many",
        "will",
        "intreat",
        "the",
        "favour",
        "of",
        "the",
        "prince:",
        "and",
        "every",
        "man",
        "*is",
        "a",
        "friend",
        "to",
        "him",
        "that",
        "giveth",
        "gifts."
      ],
      "info": ""
    },
    {
      "verse": 7,
      "text": [
        "All",
        "the",
        "brethren",
        "of",
        "the",
        "poor",
        "do",
        "hate",
        "him:",
        "how",
        "much",
        "more",
        "do",
        "his",
        "friends",
        "go",
        "far",
        "from",
        "him?",
        "he",
        "pursueth",
        "*them",
        "*with",
        "words,",
        "*yet",
        "they",
        "*are",
        "wanting",
        "*to",
        "*him."
      ],
      "info": ""
    },
    {
      "verse": 8,
      "text": [
        "He",
        "that",
        "getteth",
        "wisdom",
        "loveth",
        "his",
        "own",
        "soul:",
        "he",
        "that",
        "keepeth",
        "understanding",
        "shall",
        "find",
        "good."
      ],
      "info": ""
    },
    {
      "verse": 9,
      "text": [
        "A",
        "false",
        "witness",
        "shall",
        "not",
        "be",
        "unpunished,",
        "and",
        "*he",
        "*that",
        "speaketh",
        "lies",
        "shall",
        "perish."
      ],
      "info": ""
    },
    {
      "verse": 10,
      "text": [
        "Delight",
        "is",
        "not",
        "seemly",
        "for",
        "a",
        "fool;",
        "much",
        "less",
        "for",
        "a",
        "servant",
        "to",
        "have",
        "rule",
        "over",
        "princes."
      ],
      "info": ""
    },
    {
      "verse": 11,
      "text": [
        "The",
        "discretion",
        "of",
        "a",
        "man",
        "deferreth",
        "his",
        "anger;",
        "and",
        "*it",
        "*is",
        "his",
        "glory",
        "to",
        "pass",
        "over",
        "a",
        "transgression."
      ],
      "info": ""
    },
    {
      "verse": 12,
      "text": [
        "The",
        "king's",
        "wrath",
        "*is",
        "as",
        "the",
        "roaring",
        "of",
        "a",
        "lion;",
        "but",
        "his",
        "favour",
        "*is",
        "as",
        "dew",
        "upon",
        "the",
        "grass."
      ],
      "info": ""
    },
    {
      "verse": 13,
      "text": [
        "A",
        "foolish",
        "son",
        "*is",
        "the",
        "calamity",
        "of",
        "his",
        "father:",
        "and",
        "the",
        "contentions",
        "of",
        "a",
        "wife",
        "*are",
        "a",
        "continual",
        "dropping."
      ],
      "info": ""
    },
    {
      "verse": 14,
      "text": [
        "House",
        "and",
        "riches",
        "*are",
        "the",
        "inheritance",
        "of",
        "fathers:",
        "and",
        "a",
        "prudent",
        "wife",
        "*is",
        "from",
        "the",
        "LORD."
      ],
      "info": ""
    },
    {
      "verse": 15,
      "text": [
        "Slothfulness",
        "casteth",
        "into",
        "a",
        "deep",
        "sleep;",
        "and",
        "an",
        "idle",
        "soul",
        "shall",
        "suffer",
        "hunger."
      ],
      "info": ""
    },
    {
      "verse": 16,
      "text": [
        "He",
        "that",
        "keepeth",
        "the",
        "commandment",
        "keepeth",
        "his",
        "own",
        "soul;",
        "*but",
        "he",
        "that",
        "despiseth",
        "his",
        "ways",
        "shall",
        "die."
      ],
      "info": ""
    },
    {
      "verse": 17,
      "text": [
        "He",
        "that",
        "hath",
        "pity",
        "upon",
        "the",
        "poor",
        "lendeth",
        "unto",
        "the",
        "LORD;",
        "and",
        "that",
        "which",
        "he",
        "hath",
        "given",
        "will",
        "he",
        "pay",
        "him",
        "again."
      ],
      "info": ""
    },
    {
      "verse": 18,
      "text": [
        "Chasten",
        "thy",
        "son",
        "while",
        "there",
        "is",
        "hope,",
        "and",
        "let",
        "not",
        "thy",
        "soul",
        "spare",
        "for",
        "his",
        "crying."
      ],
      "info": ""
    },
    {
      "verse": 19,
      "text": [
        "A",
        "man",
        "of",
        "great",
        "wrath",
        "shall",
        "suffer",
        "punishment:",
        "for",
        "if",
        "thou",
        "deliver",
        "*him,",
        "yet",
        "thou",
        "must",
        "do",
        "it",
        "again."
      ],
      "info": ""
    },
    {
      "verse": 20,
      "text": [
        "Hear",
        "counsel,",
        "and",
        "receive",
        "instruction,",
        "that",
        "thou",
        "mayest",
        "be",
        "wise",
        "in",
        "thy",
        "latter",
        "end."
      ],
      "info": ""
    },
    {
      "verse": 21,
      "text": [
        "*There",
        "*are",
        "many",
        "devices",
        "in",
        "a",
        "man's",
        "heart;",
        "nevertheless",
        "the",
        "counsel",
        "of",
        "the",
        "LORD,",
        "that",
        "shall",
        "stand."
      ],
      "info": ""
    },
    {
      "verse": 22,
      "text": [
        "The",
        "desire",
        "of",
        "a",
        "man",
        "*is",
        "his",
        "kindness:",
        "and",
        "a",
        "poor",
        "man",
        "*is",
        "better",
        "than",
        "a",
        "liar."
      ],
      "info": ""
    },
    {
      "verse": 23,
      "text": [
        "The",
        "fear",
        "of",
        "the",
        "LORD",
        "*tendeth",
        "to",
        "life:",
        "and",
        "*he",
        "*that",
        "*hath",
        "*it",
        "shall",
        "abide",
        "satisfied;",
        "he",
        "shall",
        "not",
        "be",
        "visited",
        "with",
        "evil."
      ],
      "info": ""
    },
    {
      "verse": 24,
      "text": [
        "A",
        "slothful",
        "*man",
        "hideth",
        "his",
        "hand",
        "in",
        "*his",
        "bosom,",
        "and",
        "will",
        "not",
        "so",
        "much",
        "as",
        "bring",
        "it",
        "to",
        "his",
        "mouth",
        "again."
      ],
      "info": ""
    },
    {
      "verse": 25,
      "text": [
        "Smite",
        "a",
        "scorner,",
        "and",
        "the",
        "simple",
        "will",
        "beware:",
        "and",
        "reprove",
        "one",
        "that",
        "hath",
        "understanding,",
        "*and",
        "he",
        "will",
        "understand",
        "knowledge."
      ],
      "info": ""
    },
    {
      "verse": 26,
      "text": [
        "He",
        "that",
        "wasteth",
        "*his",
        "father,",
        "*and",
        "chaseth",
        "away",
        "*his",
        "mother,",
        "*is",
        "a",
        "son",
        "that",
        "causeth",
        "shame,",
        "and",
        "bringeth",
        "reproach."
      ],
      "info": ""
    },
    {
      "verse": 27,
      "text": [
        "Cease,",
        "my",
        "son,",
        "to",
        "hear",
        "the",
        "instruction",
        "*that",
        "*causeth",
        "to",
        "err",
        "from",
        "the",
        "words",
        "of",
        "knowledge."
      ],
      "info": ""
    },
    {
      "verse": 28,
      "text": [
        "An",
        "ungodly",
        "witness",
        "scorneth",
        "judgment:",
        "and",
        "the",
        "mouth",
        "of",
        "the",
        "wicked",
        "devoureth",
        "iniquity."
      ],
      "info": ""
    },
    {
      "verse": 29,
      "text": [
        "Judgments",
        "are",
        "prepared",
        "for",
        "scorners,",
        "and",
        "stripes",
        "for",
        "the",
        "back",
        "of",
        "fools."
      ],
      "info": ""
    }
  ]
}