{
  "book_id": "PRO",
  "book_name": "Proverbs",
  "chapter": 21,
  "header": "",
  "footer": "",
  "language": "English",
  "verses": [
    {
      "verse": 1,
      "text": [
        "The",
        "king's",
        "heart",
        "*is",
        "in",
        "the",
        "hand",
        "of",
        "the",
        "LORD,",
        "*as",
        "the",
        "rivers",
        "of",
        "water:",
        "he",
        "turneth",
        "it",
        "whithersoever",
        "he",
        "will."
      ],
      "info": ""
    },
    {
      "verse": 2,
      "text": [
        "Every",
        "way",
        "of",
        "a",
        "man",
        "*is",
        "right",
        "in",
        "his",
        "own",
        "eyes:",
        "but",
        "the",
        "LORD",
        "pondereth",
        "the",
        "hearts."
      ],
      "info": ""
    },
    {
      "verse": 3,
      "text": [
        "To",
        "do",
        "justice",
        "and",
        "judgment",
        "*is",
        "more",
        "acceptable",
        "to",
        "the",
        "LORD",
        "than",
        "sacrifice."
      ],
      "info": ""
    },
    {
      "verse": 4,
      "text": [
        "An",
        "high",
        "look,",
        "and",
        "a",
        "proud",
        "heart,",
        "*and",
        "the",
        "plowing",
        "of",
        "the",
        "wicked,",
        "*is",
        "sin."
      ],
      "info": ""
    },
    {
      "verse": 5,
      "text": [
        "The",
        "thoughts",
        "of",
        "the",
        "diligent",
        "*tend",
        "only",
        "to",
        "plenteousness;",
        "but",
        "of",
        "every",
        "one",
        "*that",
        "*is",
        "hasty",
        "only",
        "to",
        "want."
      ],
      "info": ""
    },
    {
      "verse": 6,
      "text": [
        "The",
        "getting",
        "of",
        "treasures",
        "by",
        "a",
        "lying",
        "tongue",
        "*is",
        "a",
        "vanity",
        "tossed",
        "to",
        "and",
        "fro",
        "of",
        "them",
        "that",
        "seek",
        "death."
      ],
      "info": ""
    },
    {
      "verse": 7,
      "text": [
        "The",
        "robbery",
        "of",
        "the",
        "wicked",
        "shall",
        "destroy",
        "them;",
        "because",
        "they",
        "refuse",
        "to",
        "do",
        "judgment."
      ],
      "info": ""
    },
    {
      "verse": 8,
      "text": [
        "The",
        "way",
        "of",
        "man",
        "*is",
        "froward",
        "and",
        "strange:",
        "but",
        "*as",
        "*for",
        "the",
        "pure,",
        "his",
        "work",
        "*is",
        "right."
      ],
      "info": ""
    },
    {
      "verse": 9,
      "text": [
        "*It",
        "*is",
        "better",
        "to",
        "dwell",
        "in",
        "a",
        "corner",
        "of",
        "the",
        "housetop,",
        "than",
        "with",
        "a",
        "brawling",
        "woman",
        "in",
        "a",
        "wide",
        "house."
      ],
      "info": ""
    },
    {
      "verse": 10,
      "text": [
        "The",
        "soul",
        "of",
        "the",
        "wicked",
        "desireth",
        "evil:",
        "his",
        "neighbour",
        "findeth",
        "no",
        "favour",
        "in",
        "his",
        "eyes."
      ],
      "info": ""
    },
    {
      "verse": 11,
      "text": [
        "When",
        "the",
        "scorner",
        "is",
        "punished,",
        "the",
        "simple",
        "is",
        "made",
        "wise:",
        "and",
        "when",
        "the",
        "wise",
        "is",
        "instructed,",
        "he",
        "receiveth",
        "knowledge."
      ],
      "info": ""
    },
    {
      "verse": 12,
      "text": [
        "The",
        "righteous",
        "*man",
        "wisely",
        "considereth",
        "the",
        "house",
        "of",
        "the",
        "wicked:",
        "*but",
        "*God",
        "overthroweth",
        "the",
        "wicked",
        "for",
        "*their",
        "wickedness."
      ],
      "info": ""
    },
    {
      "verse": 13,
      "text": [
        "Whoso",
        "stoppeth",
        "his",
        "ears",
        "at",
        "the",
        "cry",
        "of",
        "the",
        "poor,",
        "he",
        "also",
        "shall",
        "cry",
        "himself,",
        "but",
        "shall",
        "not",
        "be",
        "heard."
      ],
      "info": ""
    },
    {
      "verse": 14,
      "text": [
        "A",
        "gift",
        "in",
        "secret",
        "pacifieth",
        "anger:",
        "and",
        "a",
        "reward",
        "in",
        "the",
        "bosom",
        "strong",
        "wrath."
      ],
      "info": ""
    },
    {
      "verse": 15,
      "text": [
        "*It",
        "*is",
        "joy",
        "to",
        "the",
        "just",
        "to",
        "do",
        "judgment:",
        "but",
        "destruction",
        "*shall",
        "*be",
        "to",
        "the",
        "workers",
        "of",
        "iniquity."
      ],
      "info": ""
    },
    {
      "verse": 16,
      "text": [
        "The",
        "man",
        "that",
        "wandereth",
        "out",
        "of",
        "the",
        "way",
        "of",
        "understanding",
        "shall",
        "remain",
        "in",
        "the",
        "congregation",
        "of",
        "the",
        "dead."
      ],
      "info": ""
    },
    {
      "verse": 17,
      "text": [
        "He",
        "that",
        "loveth",
        "pleasure",
        "*shall",
        "*be",
        "a",
        "poor",
        "man:",
        "he",
        "that",
        "loveth",
        "wine",
        "and",
        "oil",
        "shall",
        "not",
        "be",
        "rich."
      ],
      "info": ""
    },
    {
      "verse": 18,
      "text": [
        "The",
        "wicked",
        "*shall",
        "*be",
        "a",
        "ransom",
        "for",
        "the",
        "righteous,",
        "and",
        "the",
        "transgressor",
        "for",
        "the",
        "upright."
      ],
      "info": ""
    },
    {
      "verse": 19,
      "text": [
        "*It",
        "*is",
        "better",
        "to",
        "dwell",
        "in",
        "the",
        "wilderness,",
        "than",
        "with",
        "a",
        "contentious",
        "and",
        "an",
        "angry",
        "woman."
      ],
      "info": ""
    },
    {
      "verse": 20,
      "text": [
        "*There",
        "*is",
        "treasure",
        "to",
        "be",
        "desired",
        "and",
        "oil",
        "in",
        "the",
        "dwelling",
        "of",
        "the",
        "wise;",
        "but",
        "a",
        "foolish",
        "man",
        "spendeth",
        "it",
        "up."
      ],
      "info": ""
    },
    {
      "verse": 21,
      "text": [
        "He",
        "that",
        "followeth",
        "after",
        "righteousness",
        "and",
        "mercy",
        "findeth",
        "life,",
        "righteousness,",
        "and",
        "honour."
      ],
      "info": ""
    },
    {
      "verse": 22,
      "text": [
        "A",
        "wise",
        "*man",
        "scaleth",
        "the",
        "city",
        "of",
        "the",
        "mighty,",
        "and",
        "casteth",
        "down",
        "the",
        "strength",
        "of",
        "the",
        "confidence",
        "thereof."
      ],
      "info": ""
    },
    {
      "verse": 23,
      "text": [
        "Whoso",
        "keepeth",
        "his",
        "mouth",
        "and",
        "his",
        "tongue",
        "keepeth",
        "his",
        "soul",
        "from",
        "troubles."
      ],
      "info": ""
    },
    {
      "verse": 24,
      "text": [
        "Proud",
        "*and",
        "haughty",
        "scorner",
        "*is",
        "his",
        "name,",
        "who",
        "dealeth",
        "in",
        "proud",
        "wrath."
      ],
      "info": ""
    },
    {
      "verse": 25,
      "text": [
        "The",
        "desire",
        "of",
        "the",
        "slothful",
        "killeth",
        "him;",
        "for",
        "his",
        "hands",
        "refuse",
        "to",
        "labour."
      ],
      "info": ""
    },
    {
      "verse": 26,
      "text": [
        "He",
        "coveteth",
        "greedily",
        "all",
        "the",
        "day",
        "long:",
        "but",
        "the",
        "righteous",
        "giveth",
        "and",
        "spareth",
        "not."
      ],
      "info": ""
    },
    {
      "verse": 27,
      "text": [
        "The",
        "sacrifice",
        "of",
        "the",
        "wicked",
        "*is",
        "abomination:",
        "how",
        "much",
        "more,",
        "*when",
        "he",
        "bringeth",
        "it",
        "with",
        "a",
        "wicked",
        "mind?"
      ],
      "info": ""
    },
    {
      "verse": 28,
      "text": [
        "A",
        "false",
        "witness",
        "shall",
        "perish:",
        "but",
        "the",
        "man",
        "that",
        "heareth",
        "speaketh",
        "constantly."
      ],
      "info": ""
    },
    {
      "verse": 29,
      "text": [
        "A",
        "wicked",
        "man",
        "hardeneth",
        "his",
        "face:",
        "but",
        "*as",
        "*for",
        "the",
        "upright,",
        "he",
        "directeth",
        "his",
        "way."
      ],
      "info": ""
    },
    {
      "verse": 30,
      "text": [
        "*There",
        "*is",
        "no",
        "wisdom",
        "nor",
        "understanding",
        "nor",
        "counsel",
        "against",
        "the",
        "LORD."
      ],
      "info": ""
    },
    {
      "verse": 31,
      "text": [
        "The",
        "horse",
        "*is",
        "prepared",
        "against",
        "the",
        "day",
        "of",
        "battle:",
        "but",
        "safety",
        "*is",
        "of",
        "the",
        "LORD."
      ],
      "info": ""
    }
  ]
}