{
  "book_id": "PRO",
  "book_name": "Proverbs",
  "chapter": 31,
  "header": "",
  "footer": "",
  "language": "English",
  "verses": [
    {
      "verse": 1,
      "text": [
        "The",
        "words",
        "of",
        "king",
        "Lemuel,",
        "the",
        "prophecy",
        "that",
        "his",
        "mother",
        "taught",
        "him."
      ],
      "info": ""
    },
    {
      "verse": 2,
      "text": [
        "What,",
        "my",
        "son?",
        "and",
        "what,",
        "the",
        "son",
        "of",
        "my",
        "womb?",
        "and",
        "what,",
        "the",
        "son",
        "of",
        "my",
        "vows?"
      ],
      "info": ""
    },
    {
      "verse": 3,
      "text": [
        "Give",
        "not",
        "thy",
        "strength",
        "unto",
        "women,",
        "nor",
        "thy",
        "ways",
        "to",
        "that",
        "which",
        "destroyeth",
        "kings."
      ],
      "info": ""
    },
    {
      "verse": 4,
      "text": [
        "*It",
        "*is",
        "not",
        "for",
        "kings,",
        "O",
        "Lemuel,",
        "*it",
        "*is",
        "not",
        "for",
        "kings",
        "to",
        "drink",
        "wine;",
        "nor",
        "for",
        "princes",
        "strong",
        "drink:"
      ],
      "info": ""
    },
    {
      "verse": 5,
      "text": [
        "Lest",
        "they",
        "drink,",
        "and",
        "forget",
        "the",
        "law,",
        "and",
        "pervert",
        "the",
        "judgment",
        "of",
        "any",
        "of",
        "the",
        "afflicted."
      ],
      "info": ""
    },
    {
      "verse": 6,
      "text": [
        "Give",
        "strong",
        "drink",
        "unto",
        "him",
        "that",
        "is",
        "ready",
        "to",
        "perish,",
        "and",
        "wine",
        "unto",
        "those",
        "that",
        "be",
        "of",
        "heavy",
        "hearts."
      ],
      "info": ""
    },
    {
      "verse": 7,
      "text": [
        "Let",
        "him",
        "drink,",
        "and",
        "forget",
        "his",
        "poverty,",
        "and",
        "remember",
        "his",
        "misery",
        "no",
        "more."
      ],
      "info": ""
    },
    {
      "verse": 8,
      "text": [
        "Open",
        "thy",
        "mouth",
        "for",
        "the",
        "dumb",
        "in",
        "the",
        "cause",
        "of",
        "all",
        "such",
        "as",
        "are",
        "appointed",
        "to",
        "destruction."
      ],
      "info": ""
    },
    {
      "verse": 9,
      "text": [
        "Open",
        "thy",
        "mouth,",
        "judge",
        "righteously,",
        "and",
        "plead",
        "the",
        "cause",
        "of",
        "the",
        "poor",
        "and",
        "needy."
      ],
      "info": ""
    },
    {
      "verse": 10,
      "text": [
        "¶",
        "Who",
        "can",
        "find",
        "a",
        "virtuous",
        "woman?",
        "for",
        "her",
        "price",
        "*is",
        "far",
        "above",
        "rubies."
      ],
      "info": ""
    },
    {
      "verse": 11,
      "text": [
        "The",
        "heart",
        "of",
        "her",
        "husband",
        "doth",
        "safely",
        "trust",
        "in",
        "her,",
        "so",
        "that",
        "he",
        "shall",
        "have",
        "no",
        "need",
        "of",
        "spoil."
      ],
      "info": ""
    },
    {
      "verse": 12,
      "text": [
        "She",
        "will",
        "do",
        "him",
        "good",
        "and",
        "not",
        "evil",
        "all",
        "the",
        "days",
        "of",
        "her",
        "life."
      ],
      "info": ""
    },
    {
      "verse": 13,
      "text": [
        "She",
        "seeketh",
        "wool,",
        "and",
        "flax,",
        "and",
        "worketh",
        "willingly",
        "with",
        "her",
        "hands."
      ],
      "info": ""
    },
    {
      "verse": 14,
      "text": [
        "She",
        "is",
        "like",
        "the",
        "merchants'",
        "ships;",
        "she",
        "bringeth",
        "her",
        "food",
        "from",
        "afar."
      ],
      "info": ""
    },
    {
      "verse": 15,
      "text": [
        "She",
        "riseth",
        "also",
        "while",
        "it",
        "is",
        "yet",
        "night,",
        "and",
        "giveth",
        "meat",
        "to",
        "her",
        "household,",
        "and",
        "a",
        "portion",
        "to",
        "her",
        "maidens."
      ],
      "info": ""
    },
    {
      "verse": 16,
      "text": [
        "She",
        "considereth",
        "a",
        "field,",
        "and",
        "buyeth",
        "it:",
        "with",
        "the",
        "fruit",
        "of",
        "her",
        "hands",
        "she",
        "planteth",
        "a",
        "vineyard."
      ],
      "info": ""
    },
    {
      "verse": 17,
      "text": [
        "She",
        "girdeth",
        "her",
        "loins",
        "with",
        "strength,",
        "and",
        "strengtheneth",
        "her",
        "arms."
      ],
      "info": ""
    },
    {
      "verse": 18,
      "text": [
        "She",
        "perceiveth",
        "that",
        "her",
        "merchandise",
        "*is",
        "good:",
        "her",
        "candle",
        "goeth",
        "not",
        "out",
        "by",
        "night."
      ],
      "info": ""
    },
    {
      "verse": 19,
      "text": [
        "She",
        "layeth",
        "her",
        "hands",
        "to",
        "the",
        "spindle,",
        "and",
        "her",
        "hands",
        "hold",
        "the",
        "distaff."
      ],
      "info": ""
    },
    {
      "verse": 20,
      "text": [
        "She",
        "stretcheth",
        "out",
        "her",
        "hand",
        "to",
        "the",
        "poor;",
        "yea,",
        "she",
        "reacheth",
        "forth",
        "her",
        "hands",
        "to",
        "the",
        "needy."
      ],
      "info": ""
    },
    {
      "verse": 21,
      "text": [
        "She",
        "is",
        "not",
        "afraid",
        "of",
        "the",
        "snow",
        "for",
        "her",
        "household:",
        "for",
        "all",
        "her",
        "household",
        "*are",
        "clothed",
        "with",
        "scarlet."
      ],
      "info": ""
    },
    {
      "verse": 22,
      "text": [
        "She",
        "maketh",
        "herself",
        "coverings",
        "of",
        "tapestry;",
        "her",
        "clothing",
        "*is",
        "silk",
        "and",
        "purple."
      ],
      "info": ""
    },
    {
      "verse": 23,
      "text": [
        "Her",
        "husband",
        "is",
        "known",
        "in",
        "the",
        "gates,",
        "when",
        "he",
        "sitteth",
        "among",
        "the",
        "elders",
        "of",
        "the",
        "land."
      ],
      "info": ""
    },
    {
      "verse": 24,
      "text": [
        "She",
        "maketh",
        "fine",
        "linen,",
        "and",
        "selleth",
        "*it;",
        "and",
        "delivereth",
        "girdles",
        "unto",
        "the",
        "merchant."
      ],
      "info": ""
    },
    {
      "verse": 25,
      "text": [
        "Strength",
        "and",
        "honour",
        "*are",
        "her",
        "clothing;",
        "and",
        "she",
        "shall",
        "rejoice",
        "in",
        "time",
        "to",
        "come."
      ],
      "info": ""
    },
    {
      "verse": 26,
      "text": [
        "She",
        "openeth",
        "her",
        "mouth",
        "with",
        "wisdom;",
        "and",
        "in",
        "her",
        "tongue",
        "*is",
        "the",
        "law",
        "of",
        "kindness."
      ],
      "info": ""
    },
    {
      "verse": 27,
      "text": [
        "She",
        "looketh",
        "well",
        "to",
        "the",
        "ways",
        "of",
        "her",
        "household,",
        "and",
        "eateth",
        "not",
        "the",
        "bread",
        "of",
        "idleness."
      ],
      "info": ""
    },
    {
      "verse": 28,
      "text": [
        "Her",
        "children",
        "arise",
        "up,",
        "and",
        "call",
        "her",
        "blessed;",
        "her",
        "husband",
        "*also,",
        "and",
        "he",
        "praiseth",
        "her."
      ],
      "info": ""
    },
    {
      "verse": 29,
      "text": [
        "Many",
        "daughters",
        "have",
        "done",
        "virtuously,",
        "but",
        "thou",
        "excellest",
        "them",
        "all."
      ],
      "info": ""
    },
    {
      "verse": 30,
      "text": [
        "Favour",
        "*is",
        "deceitful,",
        "and",
        "beauty",
        "*is",
        "vain:",
        "*but",
        "a",
        "woman",
        "*that",
        "feareth",
        "the",
        "LORD,",
        "she",
        "shall",
        "be",
        "praised."
      ],
      "info": ""
    },
    {
      "verse": 31,
      "text": [
        "Give",
        "her",
        "of",
        "the",
        "fruit",
        "of",
        "her",
        "hands;",
        "and",
        "let",
        "her",
        "own",
        "works",
        "praise",
        "her",
        "in",
        "the",
        "gates."
      ],
      "info": ""
    }
  ]
}