{
  "book_id": "PRO",
  "book_name": "Proverbs",
  "chapter": 6,
  "header": "",
  "footer": "",
  "language": "English",
  "verses": [
    {
      "verse": 1,
      "text": [
        "My",
        "son,",
        "if",
        "thou",
        "be",
        "surety",
        "for",
        "thy",
        "friend,",
        "*if",
        "thou",
        "hast",
        "stricken",
        "thy",
        "hand",
        "with",
        "a",
        "stranger,"
      ],
      "info": ""
    },
    {
      "verse": 2,
      "text": [
        "Thou",
        "art",
        "snared",
        "with",
        "the",
        "words",
        "of",
        "thy",
        "mouth,",
        "thou",
        "art",
        "taken",
        "with",
        "the",
        "words",
        "of",
        "thy",
        "mouth."
      ],
      "info": ""
    },
    {
      "verse": 3,
      "text": [
        "Do",
        "this",
        "now,",
        "my",
        "son,",
        "and",
        "deliver",
        "thyself,",
        "when",
        "thou",
        "art",
        "come",
        "into",
        "the",
        "hand",
        "of",
        "thy",
        "friend;",
        "go,",
        "humble",
        "thyself,",
        "and",
        "make",
        "sure",
        "thy",
        "friend."
      ],
      "info": ""
    },
    {
      "verse": 4,
      "text": [
        "Give",
        "not",
        "sleep",
        "to",
        "thine",
        "eyes,",
        "nor",
        "slumber",
        "to",
        "thine",
        "eyelids."
      ],
      "info": ""
    },
    {
      "verse": 5,
      "text": [
        "Deliver",
        "thyself",
        "as",
        "a",
        "roe",
        "from",
        "the",
        "hand",
        "*of",
        "*the",
        "*hunter,",
        "and",
        "as",
        "a",
        "bird",
        "from",
        "the",
        "hand",
        "of",
        "the",
        "fowler."
      ],
      "info": ""
    },
    {
      "verse": 6,
      "text": [
        "¶",
        "Go",
        "to",
        "the",
        "ant,",
        "thou",
        "sluggard;",
        "consider",
        "her",
        "ways,",
        "and",
        "be",
        "wise:"
      ],
      "info": ""
    },
    {
      "verse": 7,
      "text": [
        "Which",
        "having",
        "no",
        "guide,",
        "overseer,",
        "or",
        "ruler,"
      ],
      "info": ""
    },
    {
      "verse": 8,
      "text": [
        "Provideth",
        "her",
        "meat",
        "in",
        "the",
        "summer,",
        "*and",
        "gathereth",
        "her",
        "food",
        "in",
        "the",
        "harvest."
      ],
      "info": ""
    },
    {
      "verse": 9,
      "text": [
        "How",
        "long",
        "wilt",
        "thou",
        "sleep,",
        "O",
        "sluggard?",
        "when",
        "wilt",
        "thou",
        "arise",
        "out",
        "of",
        "thy",
        "sleep?"
      ],
      "info": ""
    },
    {
      "verse": 10,
      "text": [
        "*Yet",
        "a",
        "little",
        "sleep,",
        "a",
        "little",
        "slumber,",
        "a",
        "little",
        "folding",
        "of",
        "the",
        "hands",
        "to",
        "sleep:"
      ],
      "info": ""
    },
    {
      "verse": 11,
      "text": [
        "So",
        "shall",
        "thy",
        "poverty",
        "come",
        "as",
        "one",
        "that",
        "travelleth,",
        "and",
        "thy",
        "want",
        "as",
        "an",
        "armed",
        "man."
      ],
      "info": ""
    },
    {
      "verse": 12,
      "text": [
        "¶",
        "A",
        "naughty",
        "person,",
        "a",
        "wicked",
        "man,",
        "walketh",
        "with",
        "a",
        "froward",
        "mouth."
      ],
      "info": ""
    },
    {
      "verse": 13,
      "text": [
        "He",
        "winketh",
        "with",
        "his",
        "eyes,",
        "he",
        "speaketh",
        "with",
        "his",
        "feet,",
        "he",
        "teacheth",
        "with",
        "his",
        "fingers;"
      ],
      "info": ""
    },
    {
      "verse": 14,
      "text": [
        "Frowardness",
        "*is",
        "in",
        "his",
        "heart,",
        "he",
        "deviseth",
        "mischief",
        "continually;",
        "he",
        "soweth",
        "discord."
      ],
      "info": ""
    },
    {
      "verse": 15,
      "text": [
        "Therefore",
        "shall",
        "his",
        "calamity",
        "come",
        "suddenly;",
        "suddenly",
        "shall",
        "he",
        "be",
        "broken",
        "without",
        "remedy."
      ],
      "info": ""
    },
    {
      "verse": 16,
      "text": [
        "¶",
        "These",
        "six",
        "*things",
        "doth",
        "the",
        "LORD",
        "hate:",
        "yea,",
        "seven",
        "*are",
        "an",
        "abomination",
        "unto",
        "him:"
      ],
      "info": ""
    },
    {
      "verse": 17,
      "text": [
        "A",
        "proud",
        "look,",
        "a",
        "lying",
        "tongue,",
        "and",
        "hands",
        "that",
        "shed",
        "innocent",
        "blood,"
      ],
      "info": ""
    },
    {
      "verse": 18,
      "text": [
        "An",
        "heart",
        "that",
        "deviseth",
        "wicked",
        "imaginations,",
        "feet",
        "that",
        "be",
        "swift",
        "in",
        "running",
        "to",
        "mischief,"
      ],
      "info": ""
    },
    {
      "verse": 19,
      "text": [
        "A",
        "false",
        "witness",
        "*that",
        "speaketh",
        "lies,",
        "and",
        "he",
        "that",
        "soweth",
        "discord",
        "among",
        "brethren."
      ],
      "info": ""
    },
    {
      "verse": 20,
      "text": [
        "¶",
        "My",
        "son,",
        "keep",
        "thy",
        "father's",
        "commandment,",
        "and",
        "forsake",
        "not",
        "the",
        "law",
        "of",
        "thy",
        "mother:"
      ],
      "info": ""
    },
    {
      "verse": 21,
      "text": [
        "Bind",
        "them",
        "continually",
        "upon",
        "thine",
        "heart,",
        "*and",
        "tie",
        "them",
        "about",
        "thy",
        "neck."
      ],
      "info": ""
    },
    {
      "verse": 22,
      "text": [
        "When",
        "thou",
        "goest,",
        "it",
        "shall",
        "lead",
        "thee;",
        "when",
        "thou",
        "sleepest,",
        "it",
        "shall",
        "keep",
        "thee;",
        "and",
        "*when",
        "thou",
        "awakest,",
        "it",
        "shall",
        "talk",
        "with",
        "thee."
      ],
      "info": ""
    },
    {
      "verse": 23,
      "text": [
        "For",
        "the",
        "commandment",
        "*is",
        "a",
        "lamp;",
        "and",
        "the",
        "law",
        "*is",
        "light;",
        "and",
        "reproofs",
        "of",
        "instruction",
        "*are",
        "the",
        "way",
        "of",
        "life:"
      ],
      "info": ""
    },
    {
      "verse": 24,
      "text": [
        "To",
        "keep",
        "thee",
        "from",
        "the",
        "evil",
        "woman,",
        "from",
        "the",
        "flattery",
        "of",
        "the",
        "tongue",
        "of",
        "a",
        "strange",
        "woman."
      ],
      "info": ""
    },
    {
      "verse": 25,
      "text": [
        "Lust",
        "not",
        "after",
        "her",
        "beauty",
        "in",
        "thine",
        "heart;",
        "neither",
        "let",
        "her",
        "take",
        "thee",
        "with",
        "her",
        "eyelids."
      ],
      "info": ""
    },
    {
      "verse": 26,
      "text": [
        "For",
        "by",
        "means",
        "of",
        "a",
        "whorish",
        "woman",
        "*a",
        "*man",
        "*is",
        "*brought",
        "to",
        "a",
        "piece",
        "of",
        "bread:",
        "and",
        "the",
        "adulteress",
        "will",
        "hunt",
        "for",
        "the",
        "precious",
        "life."
      ],
      "info": ""
    },
    {
      "verse": 27,
      "text": [
        "Can",
        "a",
        "man",
        "take",
        "fire",
        "in",
        "his",
        "bosom,",
        "and",
        "his",
        "clothes",
        "not",
        "be",
        "burned?"
      ],
      "info": ""
    },
    {
      "verse": 28,
      "text": [
        "Can",
        "one",
        "go",
        "upon",
        "hot",
        "coals,",
        "and",
        "his",
        "feet",
        "not",
        "be",
        "burned?"
      ],
      "info": ""
    },
    {
      "verse": 29,
      "text": [
        "So",
        "he",
        "that",
        "goeth",
        "in",
        "to",
        "his",
        "neighbour's",
        "wife;",
        "whosoever",
        "toucheth",
        "her",
        "shall",
        "not",
        "be",
        "innocent."
      ],
      "info": ""
    },
    {
      "verse": 30,
      "text": [
        "*Men",
        "do",
        "not",
        "despise",
        "a",
        "thief,",
        "if",
        "he",
        "steal",
        "to",
        "satisfy",
        "his",
        "soul",
        "when",
        "he",
        "is",
        "hungry;"
      ],
      "info": ""
    },
    {
      "verse": 31,
      "text": [
        "But",
        "*if",
        "he",
        "be",
        "found,",
        "he",
        "shall",
        "restore",
        "sevenfold;",
        "he",
        "shall",
        "give",
        "all",
        "the",
        "substance",
        "of",
        "his",
        "house."
      ],
      "info": ""
    },
    {
      "verse": 32,
      "text": [
        "*But",
        "whoso",
        "committeth",
        "adultery",
        "with",
        "a",
        "woman",
        "lacketh",
        "understanding:",
        "he",
        "*that",
        "doeth",
        "it",
        "destroyeth",
        "his",
        "own",
        "soul."
      ],
      "info": ""
    },
    {
      "verse": 33,
      "text": [
        "A",
        "wound",
        "and",
        "dishonour",
        "shall",
        "he",
        "get;",
        "and",
        "his",
        "reproach",
        "shall",
        "not",
        "be",
        "wiped",
        "away."
      ],
      "info": ""
    },
    {
      "verse": 34,
      "text": [
        "For",
        "jealousy",
        "*is",
        "the",
        "rage",
        "of",
        "a",
        "man:",
        "therefore",
        "he",
        "will",
        "not",
        "spare",
        "in",
        "the",
        "day",
        "of",
        "vengeance."
      ],
      "info": ""
    },
    {
      "verse": 35,
      "text": [
        "He",
        "will",
        "not",
        "regard",
        "any",
        "ransom;",
        "neither",
        "will",
        "he",
        "rest",
        "content,",
        "though",
        "thou",
        "givest",
        "many",
        "gifts."
      ],
      "info": ""
    }
  ]
}