{
  "book_id": "PHP",
  "book_name": "Philippians",
  "chapter": 2,
  "header": "",
  "footer": "",
  "language": "English",
  "verses": [
    {
      "verse": 1,
      "text": [
        "If",
        "*there",
        "*be",
        "therefore",
        "any",
        "consolation",
        "in",
        "Christ,",
        "if",
        "any",
        "comfort",
        "of",
        "love,",
        "if",
        "any",
        "fellowship",
        "of",
        "the",
        "Spirit,",
        "if",
        "any",
        "bowels",
        "and",
        "mercies,"
      ],
      "info": ""
    },
    {
      "verse": 2,
      "text": [
        "Fulfil",
        "ye",
        "my",
        "joy,",
        "that",
        "ye",
        "be",
        "likeminded,",
        "having",
        "the",
        "same",
        "love,",
        "*being",
        "of",
        "one",
        "accord,",
        "of",
        "one",
        "mind."
      ],
      "info": ""
    },
    {
      "verse": 3,
      "text": [
        "*Let",
        "nothing",
        "*be",
        "*done",
        "through",
        "strife",
        "or",
        "vainglory;",
        "but",
        "in",
        "lowliness",
        "of",
        "mind",
        "let",
        "each",
        "esteem",
        "other",
        "better",
        "than",
        "themselves."
      ],
      "info": ""
    },
    {
      "verse": 4,
      "text": [
        "Look",
        "not",
        "every",
        "man",
        "on",
        "his",
        "own",
        "things,",
        "but",
        "every",
        "man",
        "also",
        "on",
        "the",
        "things",
        "of",
        "others."
      ],
      "info": ""
    },
    {
      "verse": 5,
      "text": [
        "Let",
        "this",
        "mind",
        "be",
        "in",
        "you,",
        "which",
        "was",
        "also",
        "in",
        "Christ",
        "Jesus:"
      ],
      "info": ""
    },
    {
      "verse": 6,
      "text": [
        "Who,",
        "being",
        "in",
        "the",
        "form",
        "of",
        "God,",
        "thought",
        "it",
        "not",
        "robbery",
        "to",
        "be",
        "equal",
        "with",
        "God:"
      ],
      "info": ""
    },
    {
      "verse": 7,
      "text": [
        "But",
        "made",
        "himself",
        "of",
        "no",
        "reputation,",
        "and",
        "took",
        "upon",
        "him",
        "the",
        "form",
        "of",
        "a",
        "servant,",
        "and",
        "was",
        "made",
        "in",
        "the",
        "likeness",
        "of",
        "men:"
      ],
      "info": ""
    },
    {
      "verse": 8,
      "text": [
        "And",
        "being",
        "found",
        "in",
        "fashion",
        "as",
        "a",
        "man,",
        "he",
        "humbled",
        "himself,",
        "and",
        "became",
        "obedient",
        "unto",
        "death,",
        "even",
        "the",
        "death",
        "of",
        "the",
        "cross."
      ],
      "info": ""
    },
    {
      "verse": 9,
      "text": [
        "Wherefore",
        "God",
        "also",
        "hath",
        "highly",
        "exalted",
        "him,",
        "and",
        "given",
        "him",
        "a",
        "name",
        "which",
        "is",
        "above",
        "every",
        "name:"
      ],
      "info": ""
    },
    {
      "verse": 10,
      "text": [
        "That",
        "at",
        "the",
        "name",
        "of",
        "Jesus",
        "every",
        "knee",
        "should",
        "bow,",
        "of",
        "*things",
        "in",
        "heaven,",
        "and",
        "*things",
        "in",
        "earth,",
        "and",
        "*things",
        "under",
        "the",
        "earth;"
      ],
      "info": ""
    },
    {
      "verse": 11,
      "text": [
        "And",
        "*that",
        "every",
        "tongue",
        "should",
        "confess",
        "that",
        "Jesus",
        "Christ",
        "*is",
        "Lord,",
        "to",
        "the",
        "glory",
        "of",
        "God",
        "the",
        "Father."
      ],
      "info": ""
    },
    {
      "verse": 12,
      "text": [
        "Wherefore,",
        "my",
        "beloved,",
        "as",
        "ye",
        "have",
        "always",
        "obeyed,",
        "not",
        "as",
        "in",
        "my",
        "presence",
        "only,",
        "but",
        "now",
        "much",
        "more",
        "in",
        "my",
        "absence,",
        "work",
        "out",
        "your",
        "own",
        "salvation",
        "with",
        "fear",
        "and",
        "trembling."
      ],
      "info": ""
    },
    {
      "verse": 13,
      "text": [
        "For",
        "it",
        "is",
        "God",
        "which",
        "worketh",
        "in",
        "you",
        "both",
        "to",
        "will",
        "and",
        "to",
        "do",
        "of",
        "*his",
        "good",
        "pleasure."
      ],
      "info": ""
    },
    {
      "verse": 14,
      "text": [
        "Do",
        "all",
        "things",
        "without",
        "murmurings",
        "and",
        "disputings:"
      ],
      "info": ""
    },
    {
      "verse": 15,
      "text": [
        "That",
        "ye",
        "may",
        "be",
        "blameless",
        "and",
        "harmless,",
        "the",
        "sons",
        "of",
        "God,",
        "without",
        "rebuke,",
        "in",
        "the",
        "midst",
        "of",
        "a",
        "crooked",
        "and",
        "perverse",
        "nation,",
        "among",
        "whom",
        "ye",
        "shine",
        "as",
        "lights",
        "in",
        "the",
        "world;"
      ],
      "info": ""
    },
    {
      "verse": 16,
      "text": [
        "Holding",
        "forth",
        "the",
        "word",
        "of",
        "life;",
        "that",
        "I",
        "may",
        "rejoice",
        "in",
        "the",
        "day",
        "of",
        "Christ,",
        "that",
        "I",
        "have",
        "not",
        "run",
        "in",
        "vain,",
        "neither",
        "laboured",
        "in",
        "vain."
      ],
      "info": ""
    },
    {
      "verse": 17,
      "text": [
        "Yea,",
        "and",
        "if",
        "I",
        "be",
        "offered",
        "upon",
        "the",
        "sacrifice",
        "and",
        "service",
        "of",
        "your",
        "faith,",
        "I",
        "joy,",
        "and",
        "rejoice",
        "with",
        "you",
        "all."
      ],
      "info": ""
    },
    {
      "verse": 18,
      "text": [
        "For",
        "the",
        "same",
        "cause",
        "also",
        "do",
        "ye",
        "joy,",
        "and",
        "rejoice",
        "with",
        "me."
      ],
      "info": ""
    },
    {
      "verse": 19,
      "text": [
        "But",
        "I",
        "trust",
        "in",
        "the",
        "Lord",
        "Jesus",
        "to",
        "send",
        "Timotheus",
        "shortly",
        "unto",
        "you,",
        "that",
        "I",
        "also",
        "may",
        "be",
        "of",
        "good",
        "comfort,",
        "when",
        "I",
        "know",
        "your",
        "state."
      ],
      "info": ""
    },
    {
      "verse": 20,
      "text": [
        "For",
        "I",
        "have",
        "no",
        "man",
        "likeminded,",
        "who",
        "will",
        "naturally",
        "care",
        "for",
        "your",
        "state."
      ],
      "info": ""
    },
    {
      "verse": 21,
      "text": [
        "For",
        "all",
        "seek",
        "their",
        "own,",
        "not",
        "the",
        "things",
        "which",
        "are",
        "Jesus",
        "Christ's."
      ],
      "info": ""
    },
    {
      "verse": 22,
      "text": [
        "But",
        "ye",
        "know",
        "the",
        "proof",
        "of",
        "him,",
        "that,",
        "as",
        "a",
        "son",
        "with",
        "the",
        "father,",
        "he",
        "hath",
        "served",
        "with",
        "me",
        "in",
        "the",
        "gospel."
      ],
      "info": ""
    },
    {
      "verse": 23,
      "text": [
        "Him",
        "therefore",
        "I",
        "hope",
        "to",
        "send",
        "presently,",
        "so",
        "soon",
        "as",
        "I",
        "shall",
        "see",
        "how",
        "it",
        "will",
        "go",
        "with",
        "me."
      ],
      "info": ""
    },
    {
      "verse": 24,
      "text": [
        "But",
        "I",
        "trust",
        "in",
        "the",
        "Lord",
        "that",
        "I",
        "also",
        "myself",
        "shall",
        "come",
        "shortly."
      ],
      "info": ""
    },
    {
      "verse": 25,
      "text": [
        "Yet",
        "I",
        "supposed",
        "it",
        "necessary",
        "to",
        "send",
        "to",
        "you",
        "Epaphroditus,",
        "my",
        "brother,",
        "and",
        "companion",
        "in",
        "labour,",
        "and",
        "fellowsoldier,",
        "but",
        "your",
        "messenger,",
        "and",
        "he",
        "that",
        "ministered",
        "to",
        "my",
        "wants."
      ],
      "info": ""
    },
    {
      "verse": 26,
      "text": [
        "For",
        "he",
        "longed",
        "after",
        "you",
        "all,",
        "and",
        "was",
        "full",
        "of",
        "heaviness,",
        "because",
        "that",
        "ye",
        "had",
        "heard",
        "that",
        "he",
        "had",
        "been",
        "sick."
      ],
      "info": ""
    },
    {
      "verse": 27,
      "text": [
        "For",
        "indeed",
        "he",
        "was",
        "sick",
        "nigh",
        "unto",
        "death:",
        "but",
        "God",
        "had",
        "mercy",
        "on",
        "him;",
        "and",
        "not",
        "on",
        "him",
        "only,",
        "but",
        "on",
        "me",
        "also,",
        "lest",
        "I",
        "should",
        "have",
        "sorrow",
        "upon",
        "sorrow."
      ],
      "info": ""
    },
    {
      "verse": 28,
      "text": [
        "I",
        "sent",
        "him",
        "therefore",
        "the",
        "more",
        "carefully,",
        "that,",
        "when",
        "ye",
        "see",
        "him",
        "again,",
        "ye",
        "may",
        "rejoice,",
        "and",
        "that",
        "I",
        "may",
        "be",
        "the",
        "less",
        "sorrowful."
      ],
      "info": ""
    },
    {
      "verse": 29,
      "text": [
        "Receive",
        "him",
        "therefore",
        "in",
        "the",
        "Lord",
        "with",
        "all",
        "gladness;",
        "and",
        "hold",
        "such",
        "in",
        "reputation:"
      ],
      "info": ""
    },
    {
      "verse": 30,
      "text": [
        "Because",
        "for",
        "the",
        "work",
        "of",
        "Christ",
        "he",
        "was",
        "nigh",
        "unto",
        "death,",
        "not",
        "regarding",
        "his",
        "life,",
        "to",
        "supply",
        "your",
        "lack",
        "of",
        "service",
        "toward",
        "me."
      ],
      "info": ""
    }
  ]
}