{
  "book_id": "PHP",
  "book_name": "Philippians",
  "chapter": 4,
  "header": "",
  "footer": "¶ To</em> <em><em>the</em></em> <em>Philippians</em> <em>written</em> <em>from</em> <em>Rome,</em> <em>by</em> <em>Epaphroditus.",
  "language": "English",
  "verses": [
    {
      "verse": 1,
      "text": [
        "Therefore,",
        "my",
        "brethren",
        "dearly",
        "beloved",
        "and",
        "longed",
        "for,",
        "my",
        "joy",
        "and",
        "crown,",
        "so",
        "stand",
        "fast",
        "in",
        "the",
        "Lord,",
        "*my",
        "dearly",
        "beloved."
      ],
      "info": ""
    },
    {
      "verse": 2,
      "text": [
        "I",
        "beseech",
        "Euodias,",
        "and",
        "beseech",
        "Syntyche,",
        "that",
        "they",
        "be",
        "of",
        "the",
        "same",
        "mind",
        "in",
        "the",
        "Lord."
      ],
      "info": ""
    },
    {
      "verse": 3,
      "text": [
        "And",
        "I",
        "intreat",
        "thee",
        "also,",
        "true",
        "yokefellow,",
        "help",
        "those",
        "women",
        "which",
        "laboured",
        "with",
        "me",
        "in",
        "the",
        "gospel,",
        "with",
        "Clement",
        "also,",
        "and",
        "*with",
        "other",
        "my",
        "fellowlabourers,",
        "whose",
        "names",
        "*are",
        "in",
        "the",
        "book",
        "of",
        "life."
      ],
      "info": ""
    },
    {
      "verse": 4,
      "text": [
        "Rejoice",
        "in",
        "the",
        "Lord",
        "alway:",
        "*and",
        "again",
        "I",
        "say,",
        "Rejoice."
      ],
      "info": ""
    },
    {
      "verse": 5,
      "text": [
        "Let",
        "your",
        "moderation",
        "be",
        "known",
        "unto",
        "all",
        "men.",
        "The",
        "Lord",
        "*is",
        "at",
        "hand."
      ],
      "info": ""
    },
    {
      "verse": 6,
      "text": [
        "Be",
        "careful",
        "for",
        "nothing;",
        "but",
        "in",
        "every",
        "thing",
        "by",
        "prayer",
        "and",
        "supplication",
        "with",
        "thanksgiving",
        "let",
        "your",
        "requests",
        "be",
        "made",
        "known",
        "unto",
        "God."
      ],
      "info": ""
    },
    {
      "verse": 7,
      "text": [
        "And",
        "the",
        "peace",
        "of",
        "God,",
        "which",
        "passeth",
        "all",
        "understanding,",
        "shall",
        "keep",
        "your",
        "hearts",
        "and",
        "minds",
        "through",
        "Christ",
        "Jesus."
      ],
      "info": ""
    },
    {
      "verse": 8,
      "text": [
        "Finally,",
        "brethren,",
        "whatsoever",
        "things",
        "are",
        "true,",
        "whatsoever",
        "things",
        "*are",
        "honest,",
        "whatsoever",
        "things",
        "*are",
        "just,",
        "whatsoever",
        "things",
        "*are",
        "pure,",
        "whatsoever",
        "things",
        "*are",
        "lovely,",
        "whatsoever",
        "things",
        "*are",
        "of",
        "good",
        "report;",
        "if",
        "*there",
        "*be",
        "any",
        "virtue,",
        "and",
        "if",
        "*there",
        "*be",
        "any",
        "praise,",
        "think",
        "on",
        "these",
        "things."
      ],
      "info": ""
    },
    {
      "verse": 9,
      "text": [
        "Those",
        "things,",
        "which",
        "ye",
        "have",
        "both",
        "learned,",
        "and",
        "received,",
        "and",
        "heard,",
        "and",
        "seen",
        "in",
        "me,",
        "do:",
        "and",
        "the",
        "God",
        "of",
        "peace",
        "shall",
        "be",
        "with",
        "you."
      ],
      "info": ""
    },
    {
      "verse": 10,
      "text": [
        "But",
        "I",
        "rejoiced",
        "in",
        "the",
        "Lord",
        "greatly,",
        "that",
        "now",
        "at",
        "the",
        "last",
        "your",
        "care",
        "of",
        "me",
        "hath",
        "flourished",
        "again;",
        "wherein",
        "ye",
        "were",
        "also",
        "careful,",
        "but",
        "ye",
        "lacked",
        "opportunity."
      ],
      "info": ""
    },
    {
      "verse": 11,
      "text": [
        "Not",
        "that",
        "I",
        "speak",
        "in",
        "respect",
        "of",
        "want:",
        "for",
        "I",
        "have",
        "learned,",
        "in",
        "whatsoever",
        "state",
        "I",
        "am,",
        "*therewith",
        "to",
        "be",
        "content."
      ],
      "info": ""
    },
    {
      "verse": 12,
      "text": [
        "I",
        "know",
        "both",
        "how",
        "to",
        "be",
        "abased,",
        "and",
        "I",
        "know",
        "how",
        "to",
        "abound:",
        "every",
        "where",
        "and",
        "in",
        "all",
        "things",
        "I",
        "am",
        "instructed",
        "both",
        "to",
        "be",
        "full",
        "and",
        "to",
        "be",
        "hungry,",
        "both",
        "to",
        "abound",
        "and",
        "to",
        "suffer",
        "need."
      ],
      "info": ""
    },
    {
      "verse": 13,
      "text": [
        "I",
        "can",
        "do",
        "all",
        "things",
        "through",
        "Christ",
        "which",
        "strengtheneth",
        "me."
      ],
      "info": ""
    },
    {
      "verse": 14,
      "text": [
        "Notwithstanding",
        "ye",
        "have",
        "well",
        "done,",
        "that",
        "ye",
        "did",
        "communicate",
        "with",
        "my",
        "affliction."
      ],
      "info": ""
    },
    {
      "verse": 15,
      "text": [
        "Now",
        "ye",
        "Philippians",
        "know",
        "also,",
        "that",
        "in",
        "the",
        "beginning",
        "of",
        "the",
        "gospel,",
        "when",
        "I",
        "departed",
        "from",
        "Macedonia,",
        "no",
        "church",
        "communicated",
        "with",
        "me",
        "as",
        "concerning",
        "giving",
        "and",
        "receiving,",
        "but",
        "ye",
        "only."
      ],
      "info": ""
    },
    {
      "verse": 16,
      "text": [
        "For",
        "even",
        "in",
        "Thessalonica",
        "ye",
        "sent",
        "once",
        "and",
        "again",
        "unto",
        "my",
        "necessity."
      ],
      "info": ""
    },
    {
      "verse": 17,
      "text": [
        "Not",
        "because",
        "I",
        "desire",
        "a",
        "gift:",
        "but",
        "I",
        "desire",
        "fruit",
        "that",
        "may",
        "abound",
        "to",
        "your",
        "account."
      ],
      "info": ""
    },
    {
      "verse": 18,
      "text": [
        "But",
        "I",
        "have",
        "all,",
        "and",
        "abound:",
        "I",
        "am",
        "full,",
        "having",
        "received",
        "of",
        "Epaphroditus",
        "the",
        "things",
        "*which",
        "*were",
        "*sent",
        "from",
        "you,",
        "an",
        "odour",
        "of",
        "a",
        "sweet",
        "smell,",
        "a",
        "sacrifice",
        "acceptable,",
        "wellpleasing",
        "to",
        "God."
      ],
      "info": ""
    },
    {
      "verse": 19,
      "text": [
        "But",
        "my",
        "God",
        "shall",
        "supply",
        "all",
        "your",
        "need",
        "according",
        "to",
        "his",
        "riches",
        "in",
        "glory",
        "by",
        "Christ",
        "Jesus."
      ],
      "info": ""
    },
    {
      "verse": 20,
      "text": [
        "Now",
        "unto",
        "God",
        "and",
        "our",
        "Father",
        "*be",
        "glory",
        "for",
        "ever",
        "and",
        "ever.",
        "Amen."
      ],
      "info": ""
    },
    {
      "verse": 21,
      "text": [
        "Salute",
        "every",
        "saint",
        "in",
        "Christ",
        "Jesus.",
        "The",
        "brethren",
        "which",
        "are",
        "with",
        "me",
        "greet",
        "you."
      ],
      "info": ""
    },
    {
      "verse": 22,
      "text": [
        "All",
        "the",
        "saints",
        "salute",
        "you,",
        "chiefly",
        "they",
        "that",
        "are",
        "of",
        "Caesar's",
        "household."
      ],
      "info": ""
    },
    {
      "verse": 23,
      "text": [
        "The",
        "grace",
        "of",
        "our",
        "Lord",
        "Jesus",
        "Christ",
        "*be",
        "with",
        "you",
        "all.",
        "Amen."
      ],
      "info": ""
    }
  ]
}