{
  "book_name": "Zechariah",
  "chapter": 12,
  "verses": [
    {
      "book_name": "Zechariah",
      "chapter": 12,
      "verse": 1,
      "text": [
        "The",
        "burden",
        "of",
        "the",
        "word",
        "of",
        "the",
        "Lᴏʀᴅ",
        "for",
        "Israel,",
        "saith",
        "the",
        "Lᴏʀᴅ,",
        "which",
        "stretcheth",
        "forth",
        "the",
        "heavens,",
        "and",
        "layeth",
        "the",
        "foundation",
        "of",
        "the",
        "earth,",
        "and",
        "formeth",
        "the",
        "spirit",
        "of",
        "man",
        "within",
        "him."
      ],
      "header": "",
      "footer": ""
    },
    {
      "book_name": "Zechariah",
      "chapter": 12,
      "verse": 2,
      "text": [
        "Behold,",
        "I",
        "will",
        "make",
        "Jerusalem",
        "a",
        "cup",
        "of",
        "trembling",
        "unto",
        "all",
        "the",
        "people",
        "round",
        "about,",
        "when",
        "they",
        "shall",
        "be",
        "in",
        "the",
        "siege",
        "both",
        "against",
        "Judah",
        "*and",
        "against",
        "Jerusalem."
      ],
      "header": "",
      "footer": ""
    },
    {
      "book_name": "Zechariah",
      "chapter": 12,
      "verse": 3,
      "text": [
        "¶",
        "And",
        "in",
        "that",
        "day",
        "will",
        "I",
        "make",
        "Jerusalem",
        "a",
        "burdensome",
        "stone",
        "for",
        "all",
        "people:",
        "all",
        "that",
        "burden",
        "themselves",
        "with",
        "it",
        "shall",
        "be",
        "cut",
        "in",
        "pieces,",
        "though",
        "all",
        "the",
        "people",
        "of",
        "the",
        "earth",
        "be",
        "gathered",
        "together",
        "against",
        "it."
      ],
      "header": "",
      "footer": ""
    },
    {
      "book_name": "Zechariah",
      "chapter": 12,
      "verse": 4,
      "text": [
        "In",
        "that",
        "day,",
        "saith",
        "the",
        "Lᴏʀᴅ,",
        "I",
        "will",
        "smite",
        "every",
        "horse",
        "with",
        "astonishment,",
        "and",
        "his",
        "rider",
        "with",
        "madness:",
        "and",
        "I",
        "will",
        "open",
        "mine",
        "eyes",
        "upon",
        "the",
        "house",
        "of",
        "Judah,",
        "and",
        "will",
        "smite",
        "every",
        "horse",
        "of",
        "the",
        "people",
        "with",
        "blindness."
      ],
      "header": "",
      "footer": ""
    },
    {
      "book_name": "Zechariah",
      "chapter": 12,
      "verse": 5,
      "text": [
        "And",
        "the",
        "governors",
        "of",
        "Judah",
        "shall",
        "say",
        "in",
        "their",
        "heart,",
        "The",
        "inhabitants",
        "of",
        "Jerusalem",
        "*shall",
        "*be",
        "my",
        "strength",
        "in",
        "the",
        "Lᴏʀᴅ",
        "of",
        "hosts",
        "their",
        "God."
      ],
      "header": "",
      "footer": ""
    },
    {
      "book_name": "Zechariah",
      "chapter": 12,
      "verse": 6,
      "text": [
        "¶",
        "In",
        "that",
        "day",
        "will",
        "I",
        "make",
        "the",
        "governors",
        "of",
        "Judah",
        "like",
        "an",
        "hearth",
        "of",
        "fire",
        "among",
        "the",
        "wood,",
        "and",
        "like",
        "a",
        "torch",
        "of",
        "fire",
        "in",
        "a",
        "sheaf;",
        "and",
        "they",
        "shall",
        "devour",
        "all",
        "the",
        "people",
        "round",
        "about,",
        "on",
        "the",
        "right",
        "hand",
        "and",
        "on",
        "the",
        "left:",
        "and",
        "Jerusalem",
        "shall",
        "be",
        "inhabited",
        "again",
        "in",
        "her",
        "own",
        "place,",
        "*even",
        "in",
        "Jerusalem."
      ],
      "header": "",
      "footer": ""
    },
    {
      "book_name": "Zechariah",
      "chapter": 12,
      "verse": 7,
      "text": [
        "The",
        "Lᴏʀᴅ",
        "also",
        "shall",
        "save",
        "the",
        "tents",
        "of",
        "Judah",
        "first,",
        "that",
        "the",
        "glory",
        "of",
        "the",
        "house",
        "of",
        "David",
        "and",
        "the",
        "glory",
        "of",
        "the",
        "inhabitants",
        "of",
        "Jerusalem",
        "do",
        "not",
        "magnify",
        "*themselves",
        "against",
        "Judah."
      ],
      "header": "",
      "footer": ""
    },
    {
      "book_name": "Zechariah",
      "chapter": 12,
      "verse": 8,
      "text": [
        "In",
        "that",
        "day",
        "shall",
        "the",
        "Lᴏʀᴅ",
        "defend",
        "the",
        "inhabitants",
        "of",
        "Jerusalem;",
        "and",
        "he",
        "that",
        "is",
        "feeble",
        "among",
        "them",
        "at",
        "that",
        "day",
        "shall",
        "be",
        "as",
        "David;",
        "and",
        "the",
        "house",
        "of",
        "David",
        "*shall",
        "*be",
        "as",
        "God,",
        "as",
        "the",
        "angel",
        "of",
        "the",
        "Lᴏʀᴅ",
        "before",
        "them."
      ],
      "header": "",
      "footer": ""
    },
    {
      "book_name": "Zechariah",
      "chapter": 12,
      "verse": 9,
      "text": [
        "¶",
        "And",
        "it",
        "shall",
        "come",
        "to",
        "pass",
        "in",
        "that",
        "day,",
        "*that",
        "I",
        "will",
        "seek",
        "to",
        "destroy",
        "all",
        "the",
        "nations",
        "that",
        "come",
        "against",
        "Jerusalem."
      ],
      "header": "",
      "footer": ""
    },
    {
      "book_name": "Zechariah",
      "chapter": 12,
      "verse": 10,
      "text": [
        "And",
        "I",
        "will",
        "pour",
        "upon",
        "the",
        "house",
        "of",
        "David,",
        "and",
        "upon",
        "the",
        "inhabitants",
        "of",
        "Jerusalem,",
        "the",
        "spirit",
        "of",
        "grace",
        "and",
        "of",
        "supplications:",
        "and",
        "they",
        "shall",
        "look",
        "upon",
        "me",
        "whom",
        "they",
        "have",
        "pierced,",
        "and",
        "they",
        "shall",
        "mourn",
        "for",
        "him,",
        "as",
        "one",
        "mourneth",
        "for",
        "*his",
        "only",
        "*son,",
        "and",
        "shall",
        "be",
        "in",
        "bitterness",
        "for",
        "him,",
        "as",
        "one",
        "that",
        "is",
        "in",
        "bitterness",
        "for",
        "*his",
        "firstborn."
      ],
      "header": "",
      "footer": ""
    },
    {
      "book_name": "Zechariah",
      "chapter": 12,
      "verse": 11,
      "text": [
        "In",
        "that",
        "day",
        "shall",
        "there",
        "be",
        "a",
        "great",
        "mourning",
        "in",
        "Jerusalem,",
        "as",
        "the",
        "mourning",
        "of",
        "Hadadrimmon",
        "in",
        "the",
        "valley",
        "of",
        "Megiddon."
      ],
      "header": "",
      "footer": ""
    },
    {
      "book_name": "Zechariah",
      "chapter": 12,
      "verse": 12,
      "text": [
        "And",
        "the",
        "land",
        "shall",
        "mourn,",
        "every",
        "family",
        "apart;",
        "the",
        "family",
        "of",
        "the",
        "house",
        "of",
        "David",
        "apart,",
        "and",
        "their",
        "wives",
        "apart;",
        "the",
        "family",
        "of",
        "the",
        "house",
        "of",
        "Nathan",
        "apart,",
        "and",
        "their",
        "wives",
        "apart;"
      ],
      "header": "",
      "footer": ""
    },
    {
      "book_name": "Zechariah",
      "chapter": 12,
      "verse": 13,
      "text": [
        "The",
        "family",
        "of",
        "the",
        "house",
        "of",
        "Levi",
        "apart,",
        "and",
        "their",
        "wives",
        "apart;",
        "the",
        "family",
        "of",
        "Shimei",
        "apart,",
        "and",
        "their",
        "wives",
        "apart;"
      ],
      "header": "",
      "footer": ""
    },
    {
      "book_name": "Zechariah",
      "chapter": 12,
      "verse": 14,
      "text": [
        "All",
        "the",
        "families",
        "that",
        "remain,",
        "every",
        "family",
        "apart,",
        "and",
        "their",
        "wives",
        "apart."
      ],
      "header": "",
      "footer": ""
    }
  ]
}