{
  "book_name": "Zechariah",
  "chapter": 2,
  "verses": [
    {
      "book_name": "Zechariah",
      "chapter": 2,
      "verse": 1,
      "text": [
        "I",
        "lifted",
        "up",
        "mine",
        "eyes",
        "again,",
        "and",
        "looked,",
        "and",
        "behold",
        "a",
        "man",
        "with",
        "a",
        "measuring",
        "line",
        "in",
        "his",
        "hand."
      ],
      "header": "",
      "footer": ""
    },
    {
      "book_name": "Zechariah",
      "chapter": 2,
      "verse": 2,
      "text": [
        "Then",
        "said",
        "I,",
        "Whither",
        "goest",
        "thou?",
        "And",
        "he",
        "said",
        "unto",
        "me,",
        "To",
        "measure",
        "Jerusalem,",
        "to",
        "see",
        "what",
        "*is",
        "the",
        "breadth",
        "thereof,",
        "and",
        "what",
        "*is",
        "the",
        "length",
        "thereof."
      ],
      "header": "",
      "footer": ""
    },
    {
      "book_name": "Zechariah",
      "chapter": 2,
      "verse": 3,
      "text": [
        "And,",
        "behold,",
        "the",
        "angel",
        "that",
        "talked",
        "with",
        "me",
        "went",
        "forth,",
        "and",
        "another",
        "angel",
        "went",
        "out",
        "to",
        "meet",
        "him,"
      ],
      "header": "",
      "footer": ""
    },
    {
      "book_name": "Zechariah",
      "chapter": 2,
      "verse": 4,
      "text": [
        "And",
        "said",
        "unto",
        "him,",
        "Run,",
        "speak",
        "to",
        "this",
        "young",
        "man,",
        "saying,",
        "Jerusalem",
        "shall",
        "be",
        "inhabited",
        "*as",
        "towns",
        "without",
        "walls",
        "for",
        "the",
        "multitude",
        "of",
        "men",
        "and",
        "cattle",
        "therein:"
      ],
      "header": "",
      "footer": ""
    },
    {
      "book_name": "Zechariah",
      "chapter": 2,
      "verse": 5,
      "text": [
        "For",
        "I,",
        "saith",
        "the",
        "Lᴏʀᴅ,",
        "will",
        "be",
        "unto",
        "her",
        "a",
        "wall",
        "of",
        "fire",
        "round",
        "about,",
        "and",
        "will",
        "be",
        "the",
        "glory",
        "in",
        "the",
        "midst",
        "of",
        "her."
      ],
      "header": "",
      "footer": ""
    },
    {
      "book_name": "Zechariah",
      "chapter": 2,
      "verse": 6,
      "text": [
        "¶",
        "Ho,",
        "ho,",
        "*come",
        "*forth,",
        "and",
        "flee",
        "from",
        "the",
        "land",
        "of",
        "the",
        "north,",
        "saith",
        "the",
        "Lᴏʀᴅ:",
        "for",
        "I",
        "have",
        "spread",
        "you",
        "abroad",
        "as",
        "the",
        "four",
        "winds",
        "of",
        "the",
        "heaven,",
        "saith",
        "the",
        "Lᴏʀᴅ."
      ],
      "header": "",
      "footer": ""
    },
    {
      "book_name": "Zechariah",
      "chapter": 2,
      "verse": 7,
      "text": [
        "Deliver",
        "thyself,",
        "O",
        "Zion,",
        "that",
        "dwellest",
        "*with",
        "the",
        "daughter",
        "of",
        "Babylon."
      ],
      "header": "",
      "footer": ""
    },
    {
      "book_name": "Zechariah",
      "chapter": 2,
      "verse": 8,
      "text": [
        "For",
        "thus",
        "saith",
        "the",
        "Lᴏʀᴅ",
        "of",
        "hosts;",
        "After",
        "the",
        "glory",
        "hath",
        "he",
        "sent",
        "me",
        "unto",
        "the",
        "nations",
        "which",
        "spoiled",
        "you:",
        "for",
        "he",
        "that",
        "toucheth",
        "you",
        "toucheth",
        "the",
        "apple",
        "of",
        "his",
        "eye."
      ],
      "header": "",
      "footer": ""
    },
    {
      "book_name": "Zechariah",
      "chapter": 2,
      "verse": 9,
      "text": [
        "For,",
        "behold,",
        "I",
        "will",
        "shake",
        "mine",
        "hand",
        "upon",
        "them,",
        "and",
        "they",
        "shall",
        "be",
        "a",
        "spoil",
        "to",
        "their",
        "servants:",
        "and",
        "ye",
        "shall",
        "know",
        "that",
        "the",
        "Lᴏʀᴅ",
        "of",
        "hosts",
        "hath",
        "sent",
        "me."
      ],
      "header": "",
      "footer": ""
    },
    {
      "book_name": "Zechariah",
      "chapter": 2,
      "verse": 10,
      "text": [
        "¶",
        "Sing",
        "and",
        "rejoice,",
        "O",
        "daughter",
        "of",
        "Zion:",
        "for,",
        "lo,",
        "I",
        "come,",
        "and",
        "I",
        "will",
        "dwell",
        "in",
        "the",
        "midst",
        "of",
        "thee,",
        "saith",
        "the",
        "Lᴏʀᴅ."
      ],
      "header": "",
      "footer": ""
    },
    {
      "book_name": "Zechariah",
      "chapter": 2,
      "verse": 11,
      "text": [
        "And",
        "many",
        "nations",
        "shall",
        "be",
        "joined",
        "to",
        "the",
        "Lᴏʀᴅ",
        "in",
        "that",
        "day,",
        "and",
        "shall",
        "be",
        "my",
        "people:",
        "and",
        "I",
        "will",
        "dwell",
        "in",
        "the",
        "midst",
        "of",
        "thee,",
        "and",
        "thou",
        "shalt",
        "know",
        "that",
        "the",
        "Lᴏʀᴅ",
        "of",
        "hosts",
        "hath",
        "sent",
        "me",
        "unto",
        "thee."
      ],
      "header": "",
      "footer": ""
    },
    {
      "book_name": "Zechariah",
      "chapter": 2,
      "verse": 12,
      "text": [
        "And",
        "the",
        "Lᴏʀᴅ",
        "shall",
        "inherit",
        "Judah",
        "his",
        "portion",
        "in",
        "the",
        "holy",
        "land,",
        "and",
        "shall",
        "choose",
        "Jerusalem",
        "again."
      ],
      "header": "",
      "footer": ""
    },
    {
      "book_name": "Zechariah",
      "chapter": 2,
      "verse": 13,
      "text": [
        "Be",
        "silent,",
        "O",
        "all",
        "flesh,",
        "before",
        "the",
        "Lᴏʀᴅ:",
        "for",
        "he",
        "is",
        "raised",
        "up",
        "out",
        "of",
        "his",
        "holy",
        "habitation."
      ],
      "header": "",
      "footer": ""
    }
  ]
}