{
  "book_name": "Zechariah",
  "chapter": 4,
  "verses": [
    {
      "book_name": "Zechariah",
      "chapter": 4,
      "verse": 1,
      "text": [
        "And",
        "the",
        "angel",
        "that",
        "talked",
        "with",
        "me",
        "came",
        "again,",
        "and",
        "waked",
        "me,",
        "as",
        "a",
        "man",
        "that",
        "is",
        "wakened",
        "out",
        "of",
        "his",
        "sleep,"
      ],
      "header": "",
      "footer": ""
    },
    {
      "book_name": "Zechariah",
      "chapter": 4,
      "verse": 2,
      "text": [
        "And",
        "said",
        "unto",
        "me,",
        "What",
        "seest",
        "thou?",
        "And",
        "I",
        "said,",
        "I",
        "have",
        "looked,",
        "and",
        "behold",
        "a",
        "candlestick",
        "all",
        "*of",
        "gold,",
        "with",
        "a",
        "bowl",
        "upon",
        "the",
        "top",
        "of",
        "it,",
        "and",
        "his",
        "seven",
        "lamps",
        "thereon,",
        "and",
        "seven",
        "pipes",
        "to",
        "the",
        "seven",
        "lamps,",
        "which",
        "*are",
        "upon",
        "the",
        "top",
        "thereof:"
      ],
      "header": "",
      "footer": ""
    },
    {
      "book_name": "Zechariah",
      "chapter": 4,
      "verse": 3,
      "text": [
        "And",
        "two",
        "olive",
        "trees",
        "by",
        "it,",
        "one",
        "upon",
        "the",
        "right",
        "*side",
        "of",
        "the",
        "bowl,",
        "and",
        "the",
        "other",
        "upon",
        "the",
        "left",
        "*side",
        "thereof."
      ],
      "header": "",
      "footer": ""
    },
    {
      "book_name": "Zechariah",
      "chapter": 4,
      "verse": 4,
      "text": [
        "So",
        "I",
        "answered",
        "and",
        "spake",
        "to",
        "the",
        "angel",
        "that",
        "talked",
        "with",
        "me,",
        "saying,",
        "What",
        "*are",
        "these,",
        "my",
        "lord?"
      ],
      "header": "",
      "footer": ""
    },
    {
      "book_name": "Zechariah",
      "chapter": 4,
      "verse": 5,
      "text": [
        "Then",
        "the",
        "angel",
        "that",
        "talked",
        "with",
        "me",
        "answered",
        "and",
        "said",
        "unto",
        "me,",
        "Knowest",
        "thou",
        "not",
        "what",
        "these",
        "be?",
        "And",
        "I",
        "said,",
        "No,",
        "my",
        "lord."
      ],
      "header": "",
      "footer": ""
    },
    {
      "book_name": "Zechariah",
      "chapter": 4,
      "verse": 6,
      "text": [
        "Then",
        "he",
        "answered",
        "and",
        "spake",
        "unto",
        "me,",
        "saying,",
        "This",
        "*is",
        "the",
        "word",
        "of",
        "the",
        "Lᴏʀᴅ",
        "unto",
        "Zerubbabel,",
        "saying,",
        "Not",
        "by",
        "might,",
        "nor",
        "by",
        "power,",
        "but",
        "by",
        "my",
        "spirit,",
        "saith",
        "the",
        "Lᴏʀᴅ",
        "of",
        "hosts."
      ],
      "header": "",
      "footer": ""
    },
    {
      "book_name": "Zechariah",
      "chapter": 4,
      "verse": 7,
      "text": [
        "Who",
        "*art",
        "thou,",
        "O",
        "great",
        "mountain?",
        "before",
        "Zerubbabel",
        "*thou",
        "*shalt",
        "*become",
        "a",
        "plain:",
        "and",
        "he",
        "shall",
        "bring",
        "forth",
        "the",
        "headstone",
        "*thereof",
        "*with",
        "shoutings,",
        "*crying,",
        "Grace,",
        "grace",
        "unto",
        "it."
      ],
      "header": "",
      "footer": ""
    },
    {
      "book_name": "Zechariah",
      "chapter": 4,
      "verse": 8,
      "text": [
        "Moreover",
        "the",
        "word",
        "of",
        "the",
        "Lᴏʀᴅ",
        "came",
        "unto",
        "me,",
        "saying,"
      ],
      "header": "",
      "footer": ""
    },
    {
      "book_name": "Zechariah",
      "chapter": 4,
      "verse": 9,
      "text": [
        "The",
        "hands",
        "of",
        "Zerubbabel",
        "have",
        "laid",
        "the",
        "foundation",
        "of",
        "this",
        "house;",
        "his",
        "hands",
        "shall",
        "also",
        "finish",
        "it;",
        "and",
        "thou",
        "shalt",
        "know",
        "that",
        "the",
        "Lᴏʀᴅ",
        "of",
        "hosts",
        "hath",
        "sent",
        "me",
        "unto",
        "you."
      ],
      "header": "",
      "footer": ""
    },
    {
      "book_name": "Zechariah",
      "chapter": 4,
      "verse": 10,
      "text": [
        "For",
        "who",
        "hath",
        "despised",
        "the",
        "day",
        "of",
        "small",
        "things?",
        "for",
        "they",
        "shall",
        "rejoice,",
        "and",
        "shall",
        "see",
        "the",
        "plummet",
        "in",
        "the",
        "hand",
        "of",
        "Zerubbabel",
        "*with",
        "those",
        "seven;",
        "they",
        "*are",
        "the",
        "eyes",
        "of",
        "the",
        "Lᴏʀᴅ,",
        "which",
        "run",
        "to",
        "and",
        "fro",
        "through",
        "the",
        "whole",
        "earth."
      ],
      "header": "",
      "footer": ""
    },
    {
      "book_name": "Zechariah",
      "chapter": 4,
      "verse": 11,
      "text": [
        "¶",
        "Then",
        "answered",
        "I,",
        "and",
        "said",
        "unto",
        "him,",
        "What",
        "*are",
        "these",
        "two",
        "olive",
        "trees",
        "upon",
        "the",
        "right",
        "*side",
        "of",
        "the",
        "candlestick",
        "and",
        "upon",
        "the",
        "left",
        "*side",
        "thereof?"
      ],
      "header": "",
      "footer": ""
    },
    {
      "book_name": "Zechariah",
      "chapter": 4,
      "verse": 12,
      "text": [
        "And",
        "I",
        "answered",
        "again,",
        "and",
        "said",
        "unto",
        "him,",
        "What",
        "*be",
        "*these",
        "two",
        "olive",
        "branches",
        "which",
        "through",
        "the",
        "two",
        "golden",
        "pipes",
        "empty",
        "the",
        "golden",
        "*oil",
        "out",
        "of",
        "themselves?"
      ],
      "header": "",
      "footer": ""
    },
    {
      "book_name": "Zechariah",
      "chapter": 4,
      "verse": 13,
      "text": [
        "And",
        "he",
        "answered",
        "me",
        "and",
        "said,",
        "Knowest",
        "thou",
        "not",
        "what",
        "these",
        "*be?",
        "And",
        "I",
        "said,",
        "No,",
        "my",
        "lord."
      ],
      "header": "",
      "footer": ""
    },
    {
      "book_name": "Zechariah",
      "chapter": 4,
      "verse": 14,
      "text": [
        "Then",
        "said",
        "he,",
        "These",
        "*are",
        "the",
        "two",
        "anointed",
        "ones,",
        "that",
        "stand",
        "by",
        "the",
        "Lord",
        "of",
        "the",
        "whole",
        "earth."
      ],
      "header": "",
      "footer": ""
    }
  ]
}