{
  "book_name": "Zechariah",
  "chapter": 5,
  "verses": [
    {
      "book_name": "Zechariah",
      "chapter": 5,
      "verse": 1,
      "text": [
        "Then",
        "I",
        "turned,",
        "and",
        "lifted",
        "up",
        "mine",
        "eyes,",
        "and",
        "looked,",
        "and",
        "behold",
        "a",
        "flying",
        "roll."
      ],
      "header": "",
      "footer": ""
    },
    {
      "book_name": "Zechariah",
      "chapter": 5,
      "verse": 2,
      "text": [
        "And",
        "he",
        "said",
        "unto",
        "me,",
        "What",
        "seest",
        "thou?",
        "And",
        "I",
        "answered,",
        "I",
        "see",
        "a",
        "flying",
        "roll;",
        "the",
        "length",
        "thereof",
        "*is",
        "twenty",
        "cubits,",
        "and",
        "the",
        "breadth",
        "thereof",
        "ten",
        "cubits."
      ],
      "header": "",
      "footer": ""
    },
    {
      "book_name": "Zechariah",
      "chapter": 5,
      "verse": 3,
      "text": [
        "Then",
        "said",
        "he",
        "unto",
        "me,",
        "This",
        "*is",
        "the",
        "curse",
        "that",
        "goeth",
        "forth",
        "over",
        "the",
        "face",
        "of",
        "the",
        "whole",
        "earth:",
        "for",
        "every",
        "one",
        "that",
        "stealeth",
        "shall",
        "be",
        "cut",
        "off",
        "*as",
        "on",
        "this",
        "side",
        "according",
        "to",
        "it;",
        "and",
        "every",
        "one",
        "that",
        "sweareth",
        "shall",
        "be",
        "cut",
        "off",
        "*as",
        "on",
        "that",
        "side",
        "according",
        "to",
        "it."
      ],
      "header": "",
      "footer": ""
    },
    {
      "book_name": "Zechariah",
      "chapter": 5,
      "verse": 4,
      "text": [
        "I",
        "will",
        "bring",
        "it",
        "forth,",
        "saith",
        "the",
        "Lᴏʀᴅ",
        "of",
        "hosts,",
        "and",
        "it",
        "shall",
        "enter",
        "into",
        "the",
        "house",
        "of",
        "the",
        "thief,",
        "and",
        "into",
        "the",
        "house",
        "of",
        "him",
        "that",
        "sweareth",
        "falsely",
        "by",
        "my",
        "name:",
        "and",
        "it",
        "shall",
        "remain",
        "in",
        "the",
        "midst",
        "of",
        "his",
        "house,",
        "and",
        "shall",
        "consume",
        "it",
        "with",
        "the",
        "timber",
        "thereof",
        "and",
        "the",
        "stones",
        "thereof."
      ],
      "header": "",
      "footer": ""
    },
    {
      "book_name": "Zechariah",
      "chapter": 5,
      "verse": 5,
      "text": [
        "¶",
        "Then",
        "the",
        "angel",
        "that",
        "talked",
        "with",
        "me",
        "went",
        "forth,",
        "and",
        "said",
        "unto",
        "me,",
        "Lift",
        "up",
        "now",
        "thine",
        "eyes,",
        "and",
        "see",
        "what",
        "*is",
        "this",
        "that",
        "goeth",
        "forth."
      ],
      "header": "",
      "footer": ""
    },
    {
      "book_name": "Zechariah",
      "chapter": 5,
      "verse": 6,
      "text": [
        "And",
        "I",
        "said,",
        "What",
        "*is",
        "it?",
        "And",
        "he",
        "said,",
        "This",
        "*is",
        "an",
        "ephah",
        "that",
        "goeth",
        "forth.",
        "He",
        "said",
        "moreover,",
        "This",
        "*is",
        "their",
        "resemblance",
        "through",
        "all",
        "the",
        "earth."
      ],
      "header": "",
      "footer": ""
    },
    {
      "book_name": "Zechariah",
      "chapter": 5,
      "verse": 7,
      "text": [
        "And,",
        "behold,",
        "there",
        "was",
        "lifted",
        "up",
        "a",
        "talent",
        "of",
        "lead:",
        "and",
        "this",
        "*is",
        "a",
        "woman",
        "that",
        "sitteth",
        "in",
        "the",
        "midst",
        "of",
        "the",
        "ephah."
      ],
      "header": "",
      "footer": ""
    },
    {
      "book_name": "Zechariah",
      "chapter": 5,
      "verse": 8,
      "text": [
        "And",
        "he",
        "said,",
        "This",
        "*is",
        "wickedness.",
        "And",
        "he",
        "cast",
        "it",
        "into",
        "the",
        "midst",
        "of",
        "the",
        "ephah;",
        "and",
        "he",
        "cast",
        "the",
        "weight",
        "of",
        "lead",
        "upon",
        "the",
        "mouth",
        "thereof."
      ],
      "header": "",
      "footer": ""
    },
    {
      "book_name": "Zechariah",
      "chapter": 5,
      "verse": 9,
      "text": [
        "Then",
        "lifted",
        "I",
        "up",
        "mine",
        "eyes,",
        "and",
        "looked,",
        "and,",
        "behold,",
        "there",
        "came",
        "out",
        "two",
        "women,",
        "and",
        "the",
        "wind",
        "*was",
        "in",
        "their",
        "wings;",
        "for",
        "they",
        "had",
        "wings",
        "like",
        "the",
        "wings",
        "of",
        "a",
        "stork:",
        "and",
        "they",
        "lifted",
        "up",
        "the",
        "ephah",
        "between",
        "the",
        "earth",
        "and",
        "the",
        "heaven."
      ],
      "header": "",
      "footer": ""
    },
    {
      "book_name": "Zechariah",
      "chapter": 5,
      "verse": 10,
      "text": [
        "Then",
        "said",
        "I",
        "to",
        "the",
        "angel",
        "that",
        "talked",
        "with",
        "me,",
        "Whither",
        "do",
        "these",
        "bear",
        "the",
        "ephah?"
      ],
      "header": "",
      "footer": ""
    },
    {
      "book_name": "Zechariah",
      "chapter": 5,
      "verse": 11,
      "text": [
        "And",
        "he",
        "said",
        "unto",
        "me,",
        "To",
        "build",
        "it",
        "an",
        "house",
        "in",
        "the",
        "land",
        "of",
        "Shinar:",
        "and",
        "it",
        "shall",
        "be",
        "established,",
        "and",
        "set",
        "there",
        "upon",
        "her",
        "own",
        "base."
      ],
      "header": "",
      "footer": ""
    }
  ]
}