{
  "book_name": "Ecclesiastes",
  "chapter": 1,
  "verses": [
    {
      "book_name": "Ecclesiastes",
      "chapter": 1,
      "verse": 1,
      "text": [
        "The",
        "words",
        "of",
        "the",
        "Preacher,",
        "the",
        "son",
        "of",
        "David,",
        "king",
        "in",
        "Jerusalem."
      ],
      "header": "",
      "footer": ""
    },
    {
      "book_name": "Ecclesiastes",
      "chapter": 1,
      "verse": 2,
      "text": [
        "Vanity",
        "of",
        "vanities,",
        "saith",
        "the",
        "Preacher,",
        "vanity",
        "of",
        "vanities;",
        "all",
        "*is",
        "vanity."
      ],
      "header": "",
      "footer": ""
    },
    {
      "book_name": "Ecclesiastes",
      "chapter": 1,
      "verse": 3,
      "text": [
        "What",
        "profit",
        "hath",
        "a",
        "man",
        "of",
        "all",
        "his",
        "labour",
        "which",
        "he",
        "taketh",
        "under",
        "the",
        "sun?"
      ],
      "header": "",
      "footer": ""
    },
    {
      "book_name": "Ecclesiastes",
      "chapter": 1,
      "verse": 4,
      "text": [
        "*One",
        "generation",
        "passeth",
        "away,",
        "and",
        "*another",
        "generation",
        "cometh:",
        "but",
        "the",
        "earth",
        "abideth",
        "for",
        "ever."
      ],
      "header": "",
      "footer": ""
    },
    {
      "book_name": "Ecclesiastes",
      "chapter": 1,
      "verse": 5,
      "text": [
        "The",
        "sun",
        "also",
        "ariseth,",
        "and",
        "the",
        "sun",
        "goeth",
        "down,",
        "and",
        "hasteth",
        "to",
        "his",
        "place",
        "where",
        "he",
        "arose."
      ],
      "header": "",
      "footer": ""
    },
    {
      "book_name": "Ecclesiastes",
      "chapter": 1,
      "verse": 6,
      "text": [
        "The",
        "wind",
        "goeth",
        "toward",
        "the",
        "south,",
        "and",
        "turneth",
        "about",
        "unto",
        "the",
        "north;",
        "it",
        "whirleth",
        "about",
        "continually,",
        "and",
        "the",
        "wind",
        "returneth",
        "again",
        "according",
        "to",
        "his",
        "circuits."
      ],
      "header": "",
      "footer": ""
    },
    {
      "book_name": "Ecclesiastes",
      "chapter": 1,
      "verse": 7,
      "text": [
        "All",
        "the",
        "rivers",
        "run",
        "into",
        "the",
        "sea;",
        "yet",
        "the",
        "sea",
        "*is",
        "not",
        "full;",
        "unto",
        "the",
        "place",
        "from",
        "whence",
        "the",
        "rivers",
        "come,",
        "thither",
        "they",
        "return",
        "again."
      ],
      "header": "",
      "footer": ""
    },
    {
      "book_name": "Ecclesiastes",
      "chapter": 1,
      "verse": 8,
      "text": [
        "All",
        "things",
        "*are",
        "full",
        "of",
        "labour;",
        "man",
        "cannot",
        "utter",
        "*it:",
        "the",
        "eye",
        "is",
        "not",
        "satisfied",
        "with",
        "seeing,",
        "nor",
        "the",
        "ear",
        "filled",
        "with",
        "hearing."
      ],
      "header": "",
      "footer": ""
    },
    {
      "book_name": "Ecclesiastes",
      "chapter": 1,
      "verse": 9,
      "text": [
        "The",
        "thing",
        "that",
        "hath",
        "been,",
        "it",
        "*is",
        "*that",
        "which",
        "shall",
        "be;",
        "and",
        "that",
        "which",
        "is",
        "done",
        "*is",
        "that",
        "which",
        "shall",
        "be",
        "done:",
        "and",
        "*there",
        "*is",
        "no",
        "new",
        "*thing",
        "under",
        "the",
        "sun."
      ],
      "header": "",
      "footer": ""
    },
    {
      "book_name": "Ecclesiastes",
      "chapter": 1,
      "verse": 10,
      "text": [
        "Is",
        "there",
        "*any",
        "thing",
        "whereof",
        "it",
        "may",
        "be",
        "said,",
        "See,",
        "this",
        "*is",
        "new?",
        "it",
        "hath",
        "been",
        "already",
        "of",
        "old",
        "time,",
        "which",
        "was",
        "before",
        "us."
      ],
      "header": "",
      "footer": ""
    },
    {
      "book_name": "Ecclesiastes",
      "chapter": 1,
      "verse": 11,
      "text": [
        "*There",
        "*is",
        "no",
        "remembrance",
        "of",
        "former",
        "*things;",
        "neither",
        "shall",
        "there",
        "be",
        "*any",
        "remembrance",
        "of",
        "*things",
        "that",
        "are",
        "to",
        "come",
        "with",
        "*those",
        "that",
        "shall",
        "come",
        "after."
      ],
      "header": "",
      "footer": ""
    },
    {
      "book_name": "Ecclesiastes",
      "chapter": 1,
      "verse": 12,
      "text": [
        "¶",
        "I",
        "the",
        "Preacher",
        "was",
        "king",
        "over",
        "Israel",
        "in",
        "Jerusalem."
      ],
      "header": "",
      "footer": ""
    },
    {
      "book_name": "Ecclesiastes",
      "chapter": 1,
      "verse": 13,
      "text": [
        "And",
        "I",
        "gave",
        "my",
        "heart",
        "to",
        "seek",
        "and",
        "search",
        "out",
        "by",
        "wisdom",
        "concerning",
        "all",
        "*things",
        "that",
        "are",
        "done",
        "under",
        "heaven:",
        "this",
        "sore",
        "travail",
        "hath",
        "God",
        "given",
        "to",
        "the",
        "sons",
        "of",
        "man",
        "to",
        "be",
        "exercised",
        "therewith."
      ],
      "header": "",
      "footer": ""
    },
    {
      "book_name": "Ecclesiastes",
      "chapter": 1,
      "verse": 14,
      "text": [
        "I",
        "have",
        "seen",
        "all",
        "the",
        "works",
        "that",
        "are",
        "done",
        "under",
        "the",
        "sun;",
        "and,",
        "behold,",
        "all",
        "*is",
        "vanity",
        "and",
        "vexation",
        "of",
        "spirit."
      ],
      "header": "",
      "footer": ""
    },
    {
      "book_name": "Ecclesiastes",
      "chapter": 1,
      "verse": 15,
      "text": [
        "*That",
        "*which",
        "*is",
        "crooked",
        "cannot",
        "be",
        "made",
        "straight:",
        "and",
        "that",
        "which",
        "is",
        "wanting",
        "cannot",
        "be",
        "numbered."
      ],
      "header": "",
      "footer": ""
    },
    {
      "book_name": "Ecclesiastes",
      "chapter": 1,
      "verse": 16,
      "text": [
        "I",
        "communed",
        "with",
        "mine",
        "own",
        "heart,",
        "saying,",
        "Lo,",
        "I",
        "am",
        "come",
        "to",
        "great",
        "estate,",
        "and",
        "have",
        "gotten",
        "more",
        "wisdom",
        "than",
        "all",
        "*they",
        "that",
        "have",
        "been",
        "before",
        "me",
        "in",
        "Jerusalem:",
        "yea,",
        "my",
        "heart",
        "had",
        "great",
        "experience",
        "of",
        "wisdom",
        "and",
        "knowledge."
      ],
      "header": "",
      "footer": ""
    },
    {
      "book_name": "Ecclesiastes",
      "chapter": 1,
      "verse": 17,
      "text": [
        "And",
        "I",
        "gave",
        "my",
        "heart",
        "to",
        "know",
        "wisdom,",
        "and",
        "to",
        "know",
        "madness",
        "and",
        "folly:",
        "I",
        "perceived",
        "that",
        "this",
        "also",
        "is",
        "vexation",
        "of",
        "spirit."
      ],
      "header": "",
      "footer": ""
    },
    {
      "book_name": "Ecclesiastes",
      "chapter": 1,
      "verse": 18,
      "text": [
        "For",
        "in",
        "much",
        "wisdom",
        "*is",
        "much",
        "grief:",
        "and",
        "he",
        "that",
        "increaseth",
        "knowledge",
        "increaseth",
        "sorrow."
      ],
      "header": "",
      "footer": ""
    }
  ]
}