{
  "book_name": "2 Chronicles",
  "chapter": 17,
  "verses": [
    {
      "book_name": "2 Chronicles",
      "chapter": 17,
      "verse": 1,
      "text": [
        "And",
        "Jehoshaphat",
        "his",
        "son",
        "reigned",
        "in",
        "his",
        "stead,",
        "and",
        "strengthened",
        "himself",
        "against",
        "Israel."
      ],
      "header": "",
      "footer": ""
    },
    {
      "book_name": "2 Chronicles",
      "chapter": 17,
      "verse": 2,
      "text": [
        "And",
        "he",
        "placed",
        "forces",
        "in",
        "all",
        "the",
        "fenced",
        "cities",
        "of",
        "Judah,",
        "and",
        "set",
        "garrisons",
        "in",
        "the",
        "land",
        "of",
        "Judah,",
        "and",
        "in",
        "the",
        "cities",
        "of",
        "Ephraim,",
        "which",
        "Asa",
        "his",
        "father",
        "had",
        "taken."
      ],
      "header": "",
      "footer": ""
    },
    {
      "book_name": "2 Chronicles",
      "chapter": 17,
      "verse": 3,
      "text": [
        "And",
        "the",
        "Lᴏʀᴅ",
        "was",
        "with",
        "Jehoshaphat,",
        "because",
        "he",
        "walked",
        "in",
        "the",
        "first",
        "ways",
        "of",
        "his",
        "father",
        "David,",
        "and",
        "sought",
        "not",
        "unto",
        "Baalim;"
      ],
      "header": "",
      "footer": ""
    },
    {
      "book_name": "2 Chronicles",
      "chapter": 17,
      "verse": 4,
      "text": [
        "But",
        "sought",
        "to",
        "the",
        "*Lᴏʀᴅ",
        "God",
        "of",
        "his",
        "father,",
        "and",
        "walked",
        "in",
        "his",
        "commandments,",
        "and",
        "not",
        "after",
        "the",
        "doings",
        "of",
        "Israel."
      ],
      "header": "",
      "footer": ""
    },
    {
      "book_name": "2 Chronicles",
      "chapter": 17,
      "verse": 5,
      "text": [
        "Therefore",
        "the",
        "Lᴏʀᴅ",
        "stablished",
        "the",
        "kingdom",
        "in",
        "his",
        "hand;",
        "and",
        "all",
        "Judah",
        "brought",
        "to",
        "Jehoshaphat",
        "presents;",
        "and",
        "he",
        "had",
        "riches",
        "and",
        "honour",
        "in",
        "abundance."
      ],
      "header": "",
      "footer": ""
    },
    {
      "book_name": "2 Chronicles",
      "chapter": 17,
      "verse": 6,
      "text": [
        "And",
        "his",
        "heart",
        "was",
        "lifted",
        "up",
        "in",
        "the",
        "ways",
        "of",
        "the",
        "Lᴏʀᴅ:",
        "moreover",
        "he",
        "took",
        "away",
        "the",
        "high",
        "places",
        "and",
        "groves",
        "out",
        "of",
        "Judah."
      ],
      "header": "",
      "footer": ""
    },
    {
      "book_name": "2 Chronicles",
      "chapter": 17,
      "verse": 7,
      "text": [
        "¶",
        "Also",
        "in",
        "the",
        "third",
        "year",
        "of",
        "his",
        "reign",
        "he",
        "sent",
        "to",
        "his",
        "princes,",
        "*even",
        "to",
        "Benhail,",
        "and",
        "to",
        "Obadiah,",
        "and",
        "to",
        "Zechariah,",
        "and",
        "to",
        "Nethaneel,",
        "and",
        "to",
        "Michaiah,",
        "to",
        "teach",
        "in",
        "the",
        "cities",
        "of",
        "Judah."
      ],
      "header": "",
      "footer": ""
    },
    {
      "book_name": "2 Chronicles",
      "chapter": 17,
      "verse": 8,
      "text": [
        "And",
        "with",
        "them",
        "*he",
        "*sent",
        "Levites,",
        "*even",
        "Shemaiah,",
        "and",
        "Nethaniah,",
        "and",
        "Zebadiah,",
        "and",
        "Asahel,",
        "and",
        "Shemiramoth,",
        "and",
        "Jehonathan,",
        "and",
        "Adonijah,",
        "and",
        "Tobijah,",
        "and",
        "Tobadonijah,",
        "Levites;",
        "and",
        "with",
        "them",
        "Elishama",
        "and",
        "Jehoram,",
        "priests."
      ],
      "header": "",
      "footer": ""
    },
    {
      "book_name": "2 Chronicles",
      "chapter": 17,
      "verse": 9,
      "text": [
        "And",
        "they",
        "taught",
        "in",
        "Judah,",
        "and",
        "*had",
        "the",
        "book",
        "of",
        "the",
        "law",
        "of",
        "the",
        "Lᴏʀᴅ",
        "with",
        "them,",
        "and",
        "went",
        "about",
        "throughout",
        "all",
        "the",
        "cities",
        "of",
        "Judah,",
        "and",
        "taught",
        "the",
        "people."
      ],
      "header": "",
      "footer": ""
    },
    {
      "book_name": "2 Chronicles",
      "chapter": 17,
      "verse": 10,
      "text": [
        "¶",
        "And",
        "the",
        "fear",
        "of",
        "the",
        "Lᴏʀᴅ",
        "fell",
        "upon",
        "all",
        "the",
        "kingdoms",
        "of",
        "the",
        "lands",
        "that",
        "*were",
        "round",
        "about",
        "Judah,",
        "so",
        "that",
        "they",
        "made",
        "no",
        "war",
        "against",
        "Jehoshaphat."
      ],
      "header": "",
      "footer": ""
    },
    {
      "book_name": "2 Chronicles",
      "chapter": 17,
      "verse": 11,
      "text": [
        "Also",
        "*some",
        "of",
        "the",
        "Philistines",
        "brought",
        "Jehoshaphat",
        "presents,",
        "and",
        "tribute",
        "silver;",
        "and",
        "the",
        "Arabians",
        "brought",
        "him",
        "flocks,",
        "seven",
        "thousand",
        "and",
        "seven",
        "hundred",
        "rams,",
        "and",
        "seven",
        "thousand",
        "and",
        "seven",
        "hundred",
        "he",
        "goats."
      ],
      "header": "",
      "footer": ""
    },
    {
      "book_name": "2 Chronicles",
      "chapter": 17,
      "verse": 12,
      "text": [
        "¶",
        "And",
        "Jehoshaphat",
        "waxed",
        "great",
        "exceedingly;",
        "and",
        "he",
        "built",
        "in",
        "Judah",
        "castles,",
        "and",
        "cities",
        "of",
        "store."
      ],
      "header": "",
      "footer": ""
    },
    {
      "book_name": "2 Chronicles",
      "chapter": 17,
      "verse": 13,
      "text": [
        "And",
        "he",
        "had",
        "much",
        "business",
        "in",
        "the",
        "cities",
        "of",
        "Judah:",
        "and",
        "the",
        "men",
        "of",
        "war,",
        "mighty",
        "men",
        "of",
        "valour,",
        "*were",
        "in",
        "Jerusalem."
      ],
      "header": "",
      "footer": ""
    },
    {
      "book_name": "2 Chronicles",
      "chapter": 17,
      "verse": 14,
      "text": [
        "And",
        "these",
        "*are",
        "the",
        "numbers",
        "of",
        "them",
        "according",
        "to",
        "the",
        "house",
        "of",
        "their",
        "fathers:",
        "Of",
        "Judah,",
        "the",
        "captains",
        "of",
        "thousands;",
        "Adnah",
        "the",
        "chief,",
        "and",
        "with",
        "him",
        "mighty",
        "men",
        "of",
        "valour",
        "three",
        "hundred",
        "thousand."
      ],
      "header": "",
      "footer": ""
    },
    {
      "book_name": "2 Chronicles",
      "chapter": 17,
      "verse": 15,
      "text": [
        "And",
        "next",
        "to",
        "him",
        "*was",
        "Jehohanan",
        "the",
        "captain,",
        "and",
        "with",
        "him",
        "two",
        "hundred",
        "and",
        "fourscore",
        "thousand."
      ],
      "header": "",
      "footer": ""
    },
    {
      "book_name": "2 Chronicles",
      "chapter": 17,
      "verse": 16,
      "text": [
        "And",
        "next",
        "him",
        "*was",
        "Amasiah",
        "the",
        "son",
        "of",
        "Zichri,",
        "who",
        "willingly",
        "offered",
        "himself",
        "unto",
        "the",
        "Lᴏʀᴅ;",
        "and",
        "with",
        "him",
        "two",
        "hundred",
        "thousand",
        "mighty",
        "men",
        "of",
        "valour."
      ],
      "header": "",
      "footer": ""
    },
    {
      "book_name": "2 Chronicles",
      "chapter": 17,
      "verse": 17,
      "text": [
        "And",
        "of",
        "Benjamin;",
        "Eliada",
        "a",
        "mighty",
        "man",
        "of",
        "valour,",
        "and",
        "with",
        "him",
        "armed",
        "men",
        "with",
        "bow",
        "and",
        "shield",
        "two",
        "hundred",
        "thousand."
      ],
      "header": "",
      "footer": ""
    },
    {
      "book_name": "2 Chronicles",
      "chapter": 17,
      "verse": 18,
      "text": [
        "And",
        "next",
        "him",
        "*was",
        "Jehozabad,",
        "and",
        "with",
        "him",
        "an",
        "hundred",
        "and",
        "fourscore",
        "thousand",
        "ready",
        "prepared",
        "for",
        "the",
        "war."
      ],
      "header": "",
      "footer": ""
    },
    {
      "book_name": "2 Chronicles",
      "chapter": 17,
      "verse": 19,
      "text": [
        "These",
        "waited",
        "on",
        "the",
        "king,",
        "beside",
        "*those",
        "whom",
        "the",
        "king",
        "put",
        "in",
        "the",
        "fenced",
        "cities",
        "throughout",
        "all",
        "Judah."
      ],
      "header": "",
      "footer": ""
    }
  ]
}