{
  "book_name": "2 Chronicles",
  "chapter": 27,
  "verses": [
    {
      "book_name": "2 Chronicles",
      "chapter": 27,
      "verse": 1,
      "text": [
        "Jotham",
        "*was",
        "twenty",
        "and",
        "five",
        "years",
        "old",
        "when",
        "he",
        "began",
        "to",
        "reign,",
        "and",
        "he",
        "reigned",
        "sixteen",
        "years",
        "in",
        "Jerusalem.",
        "His",
        "mother's",
        "name",
        "also",
        "*was",
        "Jerushah,",
        "the",
        "daughter",
        "of",
        "Zadok."
      ],
      "header": "",
      "footer": ""
    },
    {
      "book_name": "2 Chronicles",
      "chapter": 27,
      "verse": 2,
      "text": [
        "And",
        "he",
        "did",
        "*that",
        "*which",
        "*was",
        "right",
        "in",
        "the",
        "sight",
        "of",
        "the",
        "Lᴏʀᴅ,",
        "according",
        "to",
        "all",
        "that",
        "his",
        "father",
        "Uzziah",
        "did:",
        "howbeit",
        "he",
        "entered",
        "not",
        "into",
        "the",
        "temple",
        "of",
        "the",
        "Lᴏʀᴅ.",
        "And",
        "the",
        "people",
        "did",
        "yet",
        "corruptly."
      ],
      "header": "",
      "footer": ""
    },
    {
      "book_name": "2 Chronicles",
      "chapter": 27,
      "verse": 3,
      "text": [
        "He",
        "built",
        "the",
        "high",
        "gate",
        "of",
        "the",
        "house",
        "of",
        "the",
        "Lᴏʀᴅ,",
        "and",
        "on",
        "the",
        "wall",
        "of",
        "Ophel",
        "he",
        "built",
        "much."
      ],
      "header": "",
      "footer": ""
    },
    {
      "book_name": "2 Chronicles",
      "chapter": 27,
      "verse": 4,
      "text": [
        "Moreover",
        "he",
        "built",
        "cities",
        "in",
        "the",
        "mountains",
        "of",
        "Judah,",
        "and",
        "in",
        "the",
        "forests",
        "he",
        "built",
        "castles",
        "and",
        "towers."
      ],
      "header": "",
      "footer": ""
    },
    {
      "book_name": "2 Chronicles",
      "chapter": 27,
      "verse": 5,
      "text": [
        "¶",
        "He",
        "fought",
        "also",
        "with",
        "the",
        "king",
        "of",
        "the",
        "Ammonites,",
        "and",
        "prevailed",
        "against",
        "them.",
        "And",
        "the",
        "children",
        "of",
        "Ammon",
        "gave",
        "him",
        "the",
        "same",
        "year",
        "an",
        "hundred",
        "talents",
        "of",
        "silver,",
        "and",
        "ten",
        "thousand",
        "measures",
        "of",
        "wheat,",
        "and",
        "ten",
        "thousand",
        "of",
        "barley.",
        "So",
        "much",
        "did",
        "the",
        "children",
        "of",
        "Ammon",
        "pay",
        "unto",
        "him,",
        "both",
        "the",
        "second",
        "year,",
        "and",
        "the",
        "third."
      ],
      "header": "",
      "footer": ""
    },
    {
      "book_name": "2 Chronicles",
      "chapter": 27,
      "verse": 6,
      "text": [
        "So",
        "Jotham",
        "became",
        "mighty,",
        "because",
        "he",
        "prepared",
        "his",
        "ways",
        "before",
        "the",
        "Lᴏʀᴅ",
        "his",
        "God."
      ],
      "header": "",
      "footer": ""
    },
    {
      "book_name": "2 Chronicles",
      "chapter": 27,
      "verse": 7,
      "text": [
        "¶",
        "Now",
        "the",
        "rest",
        "of",
        "the",
        "acts",
        "of",
        "Jotham,",
        "and",
        "all",
        "his",
        "wars,",
        "and",
        "his",
        "ways,",
        "lo,",
        "they",
        "*are",
        "written",
        "in",
        "the",
        "book",
        "of",
        "the",
        "kings",
        "of",
        "Israel",
        "and",
        "Judah."
      ],
      "header": "",
      "footer": ""
    },
    {
      "book_name": "2 Chronicles",
      "chapter": 27,
      "verse": 8,
      "text": [
        "He",
        "was",
        "five",
        "and",
        "twenty",
        "years",
        "old",
        "when",
        "he",
        "began",
        "to",
        "reign,",
        "and",
        "reigned",
        "sixteen",
        "years",
        "in",
        "Jerusalem."
      ],
      "header": "",
      "footer": ""
    },
    {
      "book_name": "2 Chronicles",
      "chapter": 27,
      "verse": 9,
      "text": [
        "¶",
        "And",
        "Jotham",
        "slept",
        "with",
        "his",
        "fathers,",
        "and",
        "they",
        "buried",
        "him",
        "in",
        "the",
        "city",
        "of",
        "David:",
        "and",
        "Ahaz",
        "his",
        "son",
        "reigned",
        "in",
        "his",
        "stead."
      ],
      "header": "",
      "footer": ""
    }
  ]
}