{
  "book_name": "Acts",
  "chapter": 11,
  "verses": [
    {
      "book_name": "Acts",
      "chapter": 11,
      "verse": 1,
      "text": [
        "And",
        "the",
        "apostles",
        "and",
        "brethren",
        "that",
        "were",
        "in",
        "Judæa",
        "heard",
        "that",
        "the",
        "Gentiles",
        "had",
        "also",
        "received",
        "the",
        "word",
        "of",
        "God."
      ],
      "header": "",
      "footer": ""
    },
    {
      "book_name": "Acts",
      "chapter": 11,
      "verse": 2,
      "text": [
        "And",
        "when",
        "Peter",
        "was",
        "come",
        "up",
        "to",
        "Jerusalem,",
        "they",
        "that",
        "were",
        "of",
        "the",
        "circumcision",
        "contended",
        "with",
        "him,"
      ],
      "header": "",
      "footer": ""
    },
    {
      "book_name": "Acts",
      "chapter": 11,
      "verse": 3,
      "text": [
        "Saying,",
        "Thou",
        "wentest",
        "in",
        "to",
        "men",
        "uncircumcised,",
        "and",
        "didst",
        "eat",
        "with",
        "them."
      ],
      "header": "",
      "footer": ""
    },
    {
      "book_name": "Acts",
      "chapter": 11,
      "verse": 4,
      "text": [
        "But",
        "Peter",
        "rehearsed",
        "*the",
        "*matter",
        "from",
        "the",
        "beginning,",
        "and",
        "expounded",
        "*it",
        "by",
        "order",
        "unto",
        "them,",
        "saying,"
      ],
      "header": "",
      "footer": ""
    },
    {
      "book_name": "Acts",
      "chapter": 11,
      "verse": 5,
      "text": [
        "I",
        "was",
        "in",
        "the",
        "city",
        "of",
        "Joppa",
        "praying:",
        "and",
        "in",
        "a",
        "trance",
        "I",
        "saw",
        "a",
        "vision,",
        "A",
        "certain",
        "vessel",
        "descend,",
        "as",
        "it",
        "had",
        "been",
        "a",
        "great",
        "sheet,",
        "let",
        "down",
        "from",
        "heaven",
        "by",
        "four",
        "corners;",
        "and",
        "it",
        "came",
        "even",
        "to",
        "me:"
      ],
      "header": "",
      "footer": ""
    },
    {
      "book_name": "Acts",
      "chapter": 11,
      "verse": 6,
      "text": [
        "Upon",
        "the",
        "which",
        "when",
        "I",
        "had",
        "fastened",
        "mine",
        "eyes,",
        "I",
        "considered,",
        "and",
        "saw",
        "fourfooted",
        "beasts",
        "of",
        "the",
        "earth,",
        "and",
        "wild",
        "beasts,",
        "and",
        "creeping",
        "things,",
        "and",
        "fowls",
        "of",
        "the",
        "air."
      ],
      "header": "",
      "footer": ""
    },
    {
      "book_name": "Acts",
      "chapter": 11,
      "verse": 7,
      "text": [
        "And",
        "I",
        "heard",
        "a",
        "voice",
        "saying",
        "unto",
        "me,",
        "Arise,",
        "Peter;",
        "slay",
        "and",
        "eat."
      ],
      "header": "",
      "footer": ""
    },
    {
      "book_name": "Acts",
      "chapter": 11,
      "verse": 8,
      "text": [
        "But",
        "I",
        "said,",
        "Not",
        "so,",
        "Lord:",
        "for",
        "nothing",
        "common",
        "or",
        "unclean",
        "hath",
        "at",
        "any",
        "time",
        "entered",
        "into",
        "my",
        "mouth."
      ],
      "header": "",
      "footer": ""
    },
    {
      "book_name": "Acts",
      "chapter": 11,
      "verse": 9,
      "text": [
        "But",
        "the",
        "voice",
        "answered",
        "me",
        "again",
        "from",
        "heaven,",
        "What",
        "God",
        "hath",
        "cleansed,",
        "*that",
        "call",
        "not",
        "thou",
        "common."
      ],
      "header": "",
      "footer": ""
    },
    {
      "book_name": "Acts",
      "chapter": 11,
      "verse": 10,
      "text": [
        "And",
        "this",
        "was",
        "done",
        "three",
        "times:",
        "and",
        "all",
        "were",
        "drawn",
        "up",
        "again",
        "into",
        "heaven."
      ],
      "header": "",
      "footer": ""
    },
    {
      "book_name": "Acts",
      "chapter": 11,
      "verse": 11,
      "text": [
        "And,",
        "behold,",
        "immediately",
        "there",
        "were",
        "three",
        "men",
        "already",
        "come",
        "unto",
        "the",
        "house",
        "where",
        "I",
        "was,",
        "sent",
        "from",
        "Caesarea",
        "unto",
        "me."
      ],
      "header": "",
      "footer": ""
    },
    {
      "book_name": "Acts",
      "chapter": 11,
      "verse": 12,
      "text": [
        "And",
        "the",
        "spirit",
        "bade",
        "me",
        "go",
        "with",
        "them,",
        "nothing",
        "doubting.",
        "Moreover",
        "these",
        "six",
        "brethren",
        "accompanied",
        "me,",
        "and",
        "we",
        "entered",
        "into",
        "the",
        "man's",
        "house:"
      ],
      "header": "",
      "footer": ""
    },
    {
      "book_name": "Acts",
      "chapter": 11,
      "verse": 13,
      "text": [
        "And",
        "he",
        "shewed",
        "us",
        "how",
        "he",
        "had",
        "seen",
        "an",
        "angel",
        "in",
        "his",
        "house,",
        "which",
        "stood",
        "and",
        "said",
        "unto",
        "him,",
        "Send",
        "men",
        "to",
        "Joppa,",
        "and",
        "call",
        "for",
        "Simon,",
        "whose",
        "surname",
        "is",
        "Peter;"
      ],
      "header": "",
      "footer": ""
    },
    {
      "book_name": "Acts",
      "chapter": 11,
      "verse": 14,
      "text": [
        "Who",
        "shall",
        "tell",
        "thee",
        "words,",
        "whereby",
        "thou",
        "and",
        "all",
        "thy",
        "house",
        "shall",
        "be",
        "saved."
      ],
      "header": "",
      "footer": ""
    },
    {
      "book_name": "Acts",
      "chapter": 11,
      "verse": 15,
      "text": [
        "And",
        "as",
        "I",
        "began",
        "to",
        "speak,",
        "the",
        "Holy",
        "Ghost",
        "fell",
        "on",
        "them,",
        "as",
        "on",
        "us",
        "at",
        "the",
        "beginning."
      ],
      "header": "",
      "footer": ""
    },
    {
      "book_name": "Acts",
      "chapter": 11,
      "verse": 16,
      "text": [
        "Then",
        "remembered",
        "I",
        "the",
        "word",
        "of",
        "the",
        "Lord,",
        "how",
        "that",
        "he",
        "said,",
        "John",
        "indeed",
        "baptized",
        "with",
        "water;",
        "but",
        "ye",
        "shall",
        "be",
        "baptized",
        "with",
        "the",
        "Holy",
        "Ghost."
      ],
      "header": "",
      "footer": ""
    },
    {
      "book_name": "Acts",
      "chapter": 11,
      "verse": 17,
      "text": [
        "Forasmuch",
        "then",
        "as",
        "God",
        "gave",
        "them",
        "the",
        "like",
        "gift",
        "as",
        "*he",
        "*did",
        "unto",
        "us,",
        "who",
        "believed",
        "on",
        "the",
        "Lord",
        "Jesus",
        "Christ;",
        "what",
        "was",
        "I,",
        "that",
        "I",
        "could",
        "withstand",
        "God?"
      ],
      "header": "",
      "footer": ""
    },
    {
      "book_name": "Acts",
      "chapter": 11,
      "verse": 18,
      "text": [
        "When",
        "they",
        "heard",
        "these",
        "things,",
        "they",
        "held",
        "their",
        "peace,",
        "and",
        "glorified",
        "God,",
        "saying,",
        "Then",
        "hath",
        "God",
        "also",
        "to",
        "the",
        "Gentiles",
        "granted",
        "repentance",
        "unto",
        "life."
      ],
      "header": "",
      "footer": ""
    },
    {
      "book_name": "Acts",
      "chapter": 11,
      "verse": 19,
      "text": [
        "¶",
        "Now",
        "they",
        "which",
        "were",
        "scattered",
        "abroad",
        "upon",
        "the",
        "persecution",
        "that",
        "arose",
        "about",
        "Stephen",
        "travelled",
        "as",
        "far",
        "as",
        "Phenice,",
        "and",
        "Cyprus,",
        "and",
        "Antioch,",
        "preaching",
        "the",
        "word",
        "to",
        "none",
        "but",
        "unto",
        "the",
        "Jews",
        "only."
      ],
      "header": "",
      "footer": ""
    },
    {
      "book_name": "Acts",
      "chapter": 11,
      "verse": 20,
      "text": [
        "And",
        "some",
        "of",
        "them",
        "were",
        "men",
        "of",
        "Cyprus",
        "and",
        "Cyrene,",
        "which,",
        "when",
        "they",
        "were",
        "come",
        "to",
        "Antioch,",
        "spake",
        "unto",
        "the",
        "Grecians,",
        "preaching",
        "the",
        "Lord",
        "Jesus."
      ],
      "header": "",
      "footer": ""
    },
    {
      "book_name": "Acts",
      "chapter": 11,
      "verse": 21,
      "text": [
        "And",
        "the",
        "hand",
        "of",
        "the",
        "Lord",
        "was",
        "with",
        "them:",
        "and",
        "a",
        "great",
        "number",
        "believed,",
        "and",
        "turned",
        "unto",
        "the",
        "Lord."
      ],
      "header": "",
      "footer": ""
    },
    {
      "book_name": "Acts",
      "chapter": 11,
      "verse": 22,
      "text": [
        "¶",
        "Then",
        "tidings",
        "of",
        "these",
        "things",
        "came",
        "unto",
        "the",
        "ears",
        "of",
        "the",
        "church",
        "which",
        "was",
        "in",
        "Jerusalem:",
        "and",
        "they",
        "sent",
        "forth",
        "Barnabas,",
        "that",
        "he",
        "should",
        "go",
        "as",
        "far",
        "as",
        "Antioch."
      ],
      "header": "",
      "footer": ""
    },
    {
      "book_name": "Acts",
      "chapter": 11,
      "verse": 23,
      "text": [
        "Who,",
        "when",
        "he",
        "came,",
        "and",
        "had",
        "seen",
        "the",
        "grace",
        "of",
        "God,",
        "was",
        "glad,",
        "and",
        "exhorted",
        "them",
        "all,",
        "that",
        "with",
        "purpose",
        "of",
        "heart",
        "they",
        "would",
        "cleave",
        "unto",
        "the",
        "Lord."
      ],
      "header": "",
      "footer": ""
    },
    {
      "book_name": "Acts",
      "chapter": 11,
      "verse": 24,
      "text": [
        "For",
        "he",
        "was",
        "a",
        "good",
        "man,",
        "and",
        "full",
        "of",
        "the",
        "Holy",
        "Ghost",
        "and",
        "of",
        "faith:",
        "and",
        "much",
        "people",
        "was",
        "added",
        "unto",
        "the",
        "Lord."
      ],
      "header": "",
      "footer": ""
    },
    {
      "book_name": "Acts",
      "chapter": 11,
      "verse": 25,
      "text": [
        "Then",
        "departed",
        "Barnabas",
        "to",
        "Tarsus,",
        "for",
        "to",
        "seek",
        "Saul:"
      ],
      "header": "",
      "footer": ""
    },
    {
      "book_name": "Acts",
      "chapter": 11,
      "verse": 26,
      "text": [
        "And",
        "when",
        "he",
        "had",
        "found",
        "him,",
        "he",
        "brought",
        "him",
        "unto",
        "Antioch.",
        "And",
        "it",
        "came",
        "to",
        "pass,",
        "that",
        "a",
        "whole",
        "year",
        "they",
        "assembled",
        "themselves",
        "with",
        "the",
        "church,",
        "and",
        "taught",
        "much",
        "people.",
        "And",
        "the",
        "disciples",
        "were",
        "called",
        "Christians",
        "first",
        "in",
        "Antioch."
      ],
      "header": "",
      "footer": ""
    },
    {
      "book_name": "Acts",
      "chapter": 11,
      "verse": 27,
      "text": [
        "¶",
        "And",
        "in",
        "these",
        "days",
        "came",
        "prophets",
        "from",
        "Jerusalem",
        "unto",
        "Antioch."
      ],
      "header": "",
      "footer": ""
    },
    {
      "book_name": "Acts",
      "chapter": 11,
      "verse": 28,
      "text": [
        "And",
        "there",
        "stood",
        "up",
        "one",
        "of",
        "them",
        "named",
        "Agabus,",
        "and",
        "signified",
        "by",
        "the",
        "spirit",
        "that",
        "there",
        "should",
        "be",
        "great",
        "dearth",
        "throughout",
        "all",
        "the",
        "world:",
        "which",
        "came",
        "to",
        "pass",
        "in",
        "the",
        "days",
        "of",
        "Claudius",
        "Caesar."
      ],
      "header": "",
      "footer": ""
    },
    {
      "book_name": "Acts",
      "chapter": 11,
      "verse": 29,
      "text": [
        "Then",
        "the",
        "disciples,",
        "every",
        "man",
        "according",
        "to",
        "his",
        "ability,",
        "determined",
        "to",
        "send",
        "relief",
        "unto",
        "the",
        "brethren",
        "which",
        "dwelt",
        "in",
        "Judæa:"
      ],
      "header": "",
      "footer": ""
    },
    {
      "book_name": "Acts",
      "chapter": 11,
      "verse": 30,
      "text": [
        "Which",
        "also",
        "they",
        "did,",
        "and",
        "sent",
        "it",
        "to",
        "the",
        "elders",
        "by",
        "the",
        "hands",
        "of",
        "Barnabas",
        "and",
        "Saul."
      ],
      "header": "",
      "footer": ""
    }
  ]
}