{
  "book_name": "1 Timothy",
  "chapter": 5,
  "verses": [
    {
      "book_name": "1 Timothy",
      "chapter": 5,
      "verse": 1,
      "text": [
        "Rebuke",
        "not",
        "an",
        "elder,",
        "but",
        "intreat",
        "*him",
        "as",
        "a",
        "father;",
        "*and",
        "the",
        "younger",
        "men",
        "as",
        "brethren;"
      ],
      "header": "",
      "footer": ""
    },
    {
      "book_name": "1 Timothy",
      "chapter": 5,
      "verse": 2,
      "text": [
        "The",
        "elder",
        "women",
        "as",
        "mothers;",
        "the",
        "younger",
        "as",
        "sisters,",
        "with",
        "all",
        "purity."
      ],
      "header": "",
      "footer": ""
    },
    {
      "book_name": "1 Timothy",
      "chapter": 5,
      "verse": 3,
      "text": [
        "Honour",
        "widows",
        "that",
        "are",
        "widows",
        "indeed."
      ],
      "header": "",
      "footer": ""
    },
    {
      "book_name": "1 Timothy",
      "chapter": 5,
      "verse": 4,
      "text": [
        "But",
        "if",
        "any",
        "widow",
        "have",
        "children",
        "or",
        "nephews,",
        "let",
        "them",
        "learn",
        "first",
        "to",
        "shew",
        "piety",
        "at",
        "home,",
        "and",
        "to",
        "requite",
        "their",
        "parents:",
        "for",
        "that",
        "is",
        "good",
        "and",
        "acceptable",
        "before",
        "God."
      ],
      "header": "",
      "footer": ""
    },
    {
      "book_name": "1 Timothy",
      "chapter": 5,
      "verse": 5,
      "text": [
        "Now",
        "she",
        "that",
        "is",
        "a",
        "widow",
        "indeed,",
        "and",
        "desolate,",
        "trusteth",
        "in",
        "God,",
        "and",
        "continueth",
        "in",
        "supplications",
        "and",
        "prayers",
        "night",
        "and",
        "day."
      ],
      "header": "",
      "footer": ""
    },
    {
      "book_name": "1 Timothy",
      "chapter": 5,
      "verse": 6,
      "text": [
        "But",
        "she",
        "that",
        "liveth",
        "in",
        "pleasure",
        "is",
        "dead",
        "while",
        "she",
        "liveth."
      ],
      "header": "",
      "footer": ""
    },
    {
      "book_name": "1 Timothy",
      "chapter": 5,
      "verse": 7,
      "text": [
        "And",
        "these",
        "things",
        "give",
        "in",
        "charge,",
        "that",
        "they",
        "may",
        "be",
        "blameless."
      ],
      "header": "",
      "footer": ""
    },
    {
      "book_name": "1 Timothy",
      "chapter": 5,
      "verse": 8,
      "text": [
        "But",
        "if",
        "any",
        "provide",
        "not",
        "for",
        "his",
        "own,",
        "and",
        "specially",
        "for",
        "those",
        "of",
        "his",
        "own",
        "house,",
        "he",
        "hath",
        "denied",
        "the",
        "faith,",
        "and",
        "is",
        "worse",
        "than",
        "an",
        "infidel."
      ],
      "header": "",
      "footer": ""
    },
    {
      "book_name": "1 Timothy",
      "chapter": 5,
      "verse": 9,
      "text": [
        "Let",
        "not",
        "a",
        "widow",
        "be",
        "taken",
        "into",
        "the",
        "number",
        "under",
        "threescore",
        "years",
        "old,",
        "having",
        "been",
        "the",
        "wife",
        "of",
        "one",
        "man,"
      ],
      "header": "",
      "footer": ""
    },
    {
      "book_name": "1 Timothy",
      "chapter": 5,
      "verse": 10,
      "text": [
        "Well",
        "reported",
        "of",
        "for",
        "good",
        "works;",
        "if",
        "she",
        "have",
        "brought",
        "up",
        "children,",
        "if",
        "she",
        "have",
        "lodged",
        "strangers,",
        "if",
        "she",
        "have",
        "washed",
        "the",
        "saints'",
        "feet,",
        "if",
        "she",
        "have",
        "relieved",
        "the",
        "afflicted,",
        "if",
        "she",
        "have",
        "diligently",
        "followed",
        "every",
        "good",
        "work."
      ],
      "header": "",
      "footer": ""
    },
    {
      "book_name": "1 Timothy",
      "chapter": 5,
      "verse": 11,
      "text": [
        "But",
        "the",
        "younger",
        "widows",
        "refuse:",
        "for",
        "when",
        "they",
        "have",
        "begun",
        "to",
        "wax",
        "wanton",
        "against",
        "Christ,",
        "they",
        "will",
        "marry;"
      ],
      "header": "",
      "footer": ""
    },
    {
      "book_name": "1 Timothy",
      "chapter": 5,
      "verse": 12,
      "text": [
        "Having",
        "damnation,",
        "because",
        "they",
        "have",
        "cast",
        "off",
        "their",
        "first",
        "faith."
      ],
      "header": "",
      "footer": ""
    },
    {
      "book_name": "1 Timothy",
      "chapter": 5,
      "verse": 13,
      "text": [
        "And",
        "withal",
        "they",
        "learn",
        "*to",
        "*be",
        "idle,",
        "wandering",
        "about",
        "from",
        "house",
        "to",
        "house;",
        "and",
        "not",
        "only",
        "idle,",
        "but",
        "tattlers",
        "also",
        "and",
        "busybodies,",
        "speaking",
        "things",
        "which",
        "they",
        "ought",
        "not."
      ],
      "header": "",
      "footer": ""
    },
    {
      "book_name": "1 Timothy",
      "chapter": 5,
      "verse": 14,
      "text": [
        "I",
        "will",
        "therefore",
        "that",
        "the",
        "younger",
        "women",
        "marry,",
        "bear",
        "children,",
        "guide",
        "the",
        "house,",
        "give",
        "none",
        "occasion",
        "to",
        "the",
        "adversary",
        "to",
        "speak",
        "reproachfully."
      ],
      "header": "",
      "footer": ""
    },
    {
      "book_name": "1 Timothy",
      "chapter": 5,
      "verse": 15,
      "text": [
        "For",
        "some",
        "are",
        "already",
        "turned",
        "aside",
        "after",
        "Satan."
      ],
      "header": "",
      "footer": ""
    },
    {
      "book_name": "1 Timothy",
      "chapter": 5,
      "verse": 16,
      "text": [
        "If",
        "any",
        "man",
        "or",
        "woman",
        "that",
        "believeth",
        "have",
        "widows,",
        "let",
        "them",
        "relieve",
        "them,",
        "and",
        "let",
        "not",
        "the",
        "church",
        "be",
        "charged;",
        "that",
        "it",
        "may",
        "relieve",
        "them",
        "that",
        "are",
        "widows",
        "indeed."
      ],
      "header": "",
      "footer": ""
    },
    {
      "book_name": "1 Timothy",
      "chapter": 5,
      "verse": 17,
      "text": [
        "Let",
        "the",
        "elders",
        "that",
        "rule",
        "well",
        "be",
        "counted",
        "worthy",
        "of",
        "double",
        "honour,",
        "especially",
        "they",
        "who",
        "labour",
        "in",
        "the",
        "word",
        "and",
        "doctrine."
      ],
      "header": "",
      "footer": ""
    },
    {
      "book_name": "1 Timothy",
      "chapter": 5,
      "verse": 18,
      "text": [
        "For",
        "the",
        "scripture",
        "saith,",
        "Thou",
        "shalt",
        "not",
        "muzzle",
        "the",
        "ox",
        "that",
        "treadeth",
        "out",
        "the",
        "corn.",
        "And,",
        "The",
        "labourer",
        "*is",
        "worthy",
        "of",
        "his",
        "reward."
      ],
      "header": "",
      "footer": ""
    },
    {
      "book_name": "1 Timothy",
      "chapter": 5,
      "verse": 19,
      "text": [
        "Against",
        "an",
        "elder",
        "receive",
        "not",
        "an",
        "accusation,",
        "but",
        "before",
        "two",
        "or",
        "three",
        "witnesses."
      ],
      "header": "",
      "footer": ""
    },
    {
      "book_name": "1 Timothy",
      "chapter": 5,
      "verse": 20,
      "text": [
        "Them",
        "that",
        "sin",
        "rebuke",
        "before",
        "all,",
        "that",
        "others",
        "also",
        "may",
        "fear."
      ],
      "header": "",
      "footer": ""
    },
    {
      "book_name": "1 Timothy",
      "chapter": 5,
      "verse": 21,
      "text": [
        "I",
        "charge",
        "*thee",
        "before",
        "God,",
        "and",
        "the",
        "Lord",
        "Jesus",
        "Christ,",
        "and",
        "the",
        "elect",
        "angels,",
        "that",
        "thou",
        "observe",
        "these",
        "things",
        "without",
        "preferring",
        "one",
        "before",
        "another,",
        "doing",
        "nothing",
        "by",
        "partiality."
      ],
      "header": "",
      "footer": ""
    },
    {
      "book_name": "1 Timothy",
      "chapter": 5,
      "verse": 22,
      "text": [
        "Lay",
        "hands",
        "suddenly",
        "on",
        "no",
        "man,",
        "neither",
        "be",
        "partaker",
        "of",
        "other",
        "men's",
        "sins:",
        "keep",
        "thyself",
        "pure."
      ],
      "header": "",
      "footer": ""
    },
    {
      "book_name": "1 Timothy",
      "chapter": 5,
      "verse": 23,
      "text": [
        "Drink",
        "no",
        "longer",
        "water,",
        "but",
        "use",
        "a",
        "little",
        "wine",
        "for",
        "thy",
        "stomach's",
        "sake",
        "and",
        "thine",
        "often",
        "infirmities."
      ],
      "header": "",
      "footer": ""
    },
    {
      "book_name": "1 Timothy",
      "chapter": 5,
      "verse": 24,
      "text": [
        "Some",
        "men's",
        "sins",
        "are",
        "open",
        "beforehand,",
        "going",
        "before",
        "to",
        "judgment;",
        "and",
        "some",
        "*men",
        "they",
        "follow",
        "after."
      ],
      "header": "",
      "footer": ""
    },
    {
      "book_name": "1 Timothy",
      "chapter": 5,
      "verse": 25,
      "text": [
        "Likewise",
        "also",
        "the",
        "good",
        "works",
        "*of",
        "*some",
        "are",
        "manifest",
        "beforehand;",
        "and",
        "they",
        "that",
        "are",
        "otherwise",
        "cannot",
        "be",
        "hid."
      ],
      "header": "",
      "footer": ""
    }
  ]
}