{
  "book_name": "Amos",
  "chapter": 3,
  "verses": [
    {
      "book_name": "Amos",
      "chapter": 3,
      "verse": 1,
      "text": [
        "Hear",
        "this",
        "word",
        "that",
        "the",
        "Lᴏʀᴅ",
        "hath",
        "spoken",
        "against",
        "you,",
        "O",
        "children",
        "of",
        "Israel,",
        "against",
        "the",
        "whole",
        "family",
        "which",
        "I",
        "brought",
        "up",
        "from",
        "the",
        "land",
        "of",
        "Egypt,",
        "saying,"
      ],
      "header": "",
      "footer": ""
    },
    {
      "book_name": "Amos",
      "chapter": 3,
      "verse": 2,
      "text": [
        "You",
        "only",
        "have",
        "I",
        "known",
        "of",
        "all",
        "the",
        "families",
        "of",
        "the",
        "earth:",
        "therefore",
        "I",
        "will",
        "punish",
        "you",
        "for",
        "all",
        "your",
        "iniquities."
      ],
      "header": "",
      "footer": ""
    },
    {
      "book_name": "Amos",
      "chapter": 3,
      "verse": 3,
      "text": [
        "Can",
        "two",
        "walk",
        "together,",
        "except",
        "they",
        "be",
        "agreed?"
      ],
      "header": "",
      "footer": ""
    },
    {
      "book_name": "Amos",
      "chapter": 3,
      "verse": 4,
      "text": [
        "Will",
        "a",
        "lion",
        "roar",
        "in",
        "the",
        "forest,",
        "when",
        "he",
        "hath",
        "no",
        "prey?",
        "will",
        "a",
        "young",
        "lion",
        "cry",
        "out",
        "of",
        "his",
        "den,",
        "if",
        "he",
        "have",
        "taken",
        "nothing?"
      ],
      "header": "",
      "footer": ""
    },
    {
      "book_name": "Amos",
      "chapter": 3,
      "verse": 5,
      "text": [
        "Can",
        "a",
        "bird",
        "fall",
        "in",
        "a",
        "snare",
        "upon",
        "the",
        "earth,",
        "where",
        "no",
        "gin",
        "*is",
        "for",
        "him?",
        "shall",
        "*one",
        "take",
        "up",
        "a",
        "snare",
        "from",
        "the",
        "earth,",
        "and",
        "have",
        "taken",
        "nothing",
        "at",
        "all?"
      ],
      "header": "",
      "footer": ""
    },
    {
      "book_name": "Amos",
      "chapter": 3,
      "verse": 6,
      "text": [
        "Shall",
        "a",
        "trumpet",
        "be",
        "blown",
        "in",
        "the",
        "city,",
        "and",
        "the",
        "people",
        "not",
        "be",
        "afraid?",
        "shall",
        "there",
        "be",
        "evil",
        "in",
        "a",
        "city,",
        "and",
        "the",
        "Lᴏʀᴅ",
        "hath",
        "not",
        "done",
        "*it?"
      ],
      "header": "",
      "footer": ""
    },
    {
      "book_name": "Amos",
      "chapter": 3,
      "verse": 7,
      "text": [
        "Surely",
        "the",
        "Lord",
        "Gᴏᴅ",
        "will",
        "do",
        "nothing,",
        "but",
        "he",
        "revealeth",
        "his",
        "secret",
        "unto",
        "his",
        "servants",
        "the",
        "prophets."
      ],
      "header": "",
      "footer": ""
    },
    {
      "book_name": "Amos",
      "chapter": 3,
      "verse": 8,
      "text": [
        "The",
        "lion",
        "hath",
        "roared,",
        "who",
        "will",
        "not",
        "fear?",
        "the",
        "Lord",
        "Gᴏᴅ",
        "hath",
        "spoken,",
        "who",
        "can",
        "but",
        "prophesy?"
      ],
      "header": "",
      "footer": ""
    },
    {
      "book_name": "Amos",
      "chapter": 3,
      "verse": 9,
      "text": [
        "¶",
        "Publish",
        "in",
        "the",
        "palaces",
        "at",
        "Ashdod,",
        "and",
        "in",
        "the",
        "palaces",
        "in",
        "the",
        "land",
        "of",
        "Egypt,",
        "and",
        "say,",
        "Assemble",
        "yourselves",
        "upon",
        "the",
        "mountains",
        "of",
        "Samaria,",
        "and",
        "behold",
        "the",
        "great",
        "tumults",
        "in",
        "the",
        "midst",
        "thereof,",
        "and",
        "the",
        "oppressed",
        "in",
        "the",
        "midst",
        "thereof."
      ],
      "header": "",
      "footer": ""
    },
    {
      "book_name": "Amos",
      "chapter": 3,
      "verse": 10,
      "text": [
        "For",
        "they",
        "know",
        "not",
        "to",
        "do",
        "right,",
        "saith",
        "the",
        "Lᴏʀᴅ,",
        "who",
        "store",
        "up",
        "violence",
        "and",
        "robbery",
        "in",
        "their",
        "palaces."
      ],
      "header": "",
      "footer": ""
    },
    {
      "book_name": "Amos",
      "chapter": 3,
      "verse": 11,
      "text": [
        "Therefore",
        "thus",
        "saith",
        "the",
        "Lord",
        "Gᴏᴅ;",
        "An",
        "adversary",
        "*there",
        "*shall",
        "*be",
        "even",
        "round",
        "about",
        "the",
        "land;",
        "and",
        "he",
        "shall",
        "bring",
        "down",
        "thy",
        "strength",
        "from",
        "thee,",
        "and",
        "thy",
        "palaces",
        "shall",
        "be",
        "spoiled."
      ],
      "header": "",
      "footer": ""
    },
    {
      "book_name": "Amos",
      "chapter": 3,
      "verse": 12,
      "text": [
        "Thus",
        "saith",
        "the",
        "Lᴏʀᴅ;",
        "As",
        "the",
        "shepherd",
        "taketh",
        "out",
        "of",
        "the",
        "mouth",
        "of",
        "the",
        "lion",
        "two",
        "legs,",
        "or",
        "a",
        "piece",
        "of",
        "an",
        "ear;",
        "so",
        "shall",
        "the",
        "children",
        "of",
        "Israel",
        "be",
        "taken",
        "out",
        "that",
        "dwell",
        "in",
        "Samaria",
        "in",
        "the",
        "corner",
        "of",
        "a",
        "bed,",
        "and",
        "in",
        "Damascus",
        "*in",
        "a",
        "couch."
      ],
      "header": "",
      "footer": ""
    },
    {
      "book_name": "Amos",
      "chapter": 3,
      "verse": 13,
      "text": [
        "Hear",
        "ye,",
        "and",
        "testify",
        "in",
        "the",
        "house",
        "of",
        "Jacob,",
        "saith",
        "the",
        "Lord",
        "Gᴏᴅ,",
        "the",
        "God",
        "of",
        "hosts,"
      ],
      "header": "",
      "footer": ""
    },
    {
      "book_name": "Amos",
      "chapter": 3,
      "verse": 14,
      "text": [
        "That",
        "in",
        "the",
        "day",
        "that",
        "I",
        "shall",
        "visit",
        "the",
        "transgressions",
        "of",
        "Israel",
        "upon",
        "him",
        "I",
        "will",
        "also",
        "visit",
        "the",
        "altars",
        "of",
        "Bethel:",
        "and",
        "the",
        "horns",
        "of",
        "the",
        "altar",
        "shall",
        "be",
        "cut",
        "off,",
        "and",
        "fall",
        "to",
        "the",
        "ground."
      ],
      "header": "",
      "footer": ""
    },
    {
      "book_name": "Amos",
      "chapter": 3,
      "verse": 15,
      "text": [
        "And",
        "I",
        "will",
        "smite",
        "the",
        "winter",
        "house",
        "with",
        "the",
        "summer",
        "house;",
        "and",
        "the",
        "houses",
        "of",
        "ivory",
        "shall",
        "perish,",
        "and",
        "the",
        "great",
        "houses",
        "shall",
        "have",
        "an",
        "end,",
        "saith",
        "the",
        "Lᴏʀᴅ."
      ],
      "header": "",
      "footer": ""
    }
  ]
}