{
  "book_id": "PSA",
  "book_name": "Psalms",
  "chapter": 1,
  "header": "",
  "footer": "",
  "language": "English",
  "verses": [
    {
      "verse": 1,
      "text": [
        "Blessed",
        "*is",
        "the",
        "man",
        "that",
        "walketh",
        "not",
        "in",
        "the",
        "counsel",
        "of",
        "the",
        "ungodly,",
        "nor",
        "standeth",
        "in",
        "the",
        "way",
        "of",
        "sinners,",
        "nor",
        "sitteth",
        "in",
        "the",
        "seat",
        "of",
        "the",
        "scornful."
      ],
      "info": ""
    },
    {
      "verse": 2,
      "text": [
        "But",
        "his",
        "delight",
        "*is",
        "in",
        "the",
        "law",
        "of",
        "the",
        "LORD;",
        "and",
        "in",
        "his",
        "law",
        "doth",
        "he",
        "meditate",
        "day",
        "and",
        "night."
      ],
      "info": ""
    },
    {
      "verse": 3,
      "text": [
        "And",
        "he",
        "shall",
        "be",
        "like",
        "a",
        "tree",
        "planted",
        "by",
        "the",
        "rivers",
        "of",
        "water,",
        "that",
        "bringeth",
        "forth",
        "his",
        "fruit",
        "in",
        "his",
        "season;",
        "his",
        "leaf",
        "also",
        "shall",
        "not",
        "wither;",
        "and",
        "whatsoever",
        "he",
        "doeth",
        "shall",
        "prosper."
      ],
      "info": ""
    },
    {
      "verse": 4,
      "text": [
        "The",
        "ungodly",
        "*are",
        "not",
        "so:",
        "but",
        "*are",
        "like",
        "the",
        "chaff",
        "which",
        "the",
        "wind",
        "driveth",
        "away."
      ],
      "info": ""
    },
    {
      "verse": 5,
      "text": [
        "Therefore",
        "the",
        "ungodly",
        "shall",
        "not",
        "stand",
        "in",
        "the",
        "judgment,",
        "nor",
        "sinners",
        "in",
        "the",
        "congregation",
        "of",
        "the",
        "righteous."
      ],
      "info": ""
    },
    {
      "verse": 6,
      "text": [
        "For",
        "the",
        "LORD",
        "knoweth",
        "the",
        "way",
        "of",
        "the",
        "righteous:",
        "but",
        "the",
        "way",
        "of",
        "the",
        "ungodly",
        "shall",
        "perish."
      ],
      "info": ""
    }
  ]
}