{
  "book_id": "PSA",
  "book_name": "Psalms",
  "chapter": 102,
  "header": "",
  "footer": "",
  "language": "English",
  "verses": [
    {
      "verse": 1,
      "text": [
        "(A",
        "Prayer",
        "of",
        "the",
        "afflicted,",
        "when",
        "he",
        "is",
        "overwhelmed,",
        "and",
        "poureth",
        "out",
        "his",
        "complaint",
        "before",
        "the",
        "LORD.)",
        "Hear",
        "my",
        "prayer,",
        "O",
        "LORD,",
        "and",
        "let",
        "my",
        "cry",
        "come",
        "unto",
        "thee."
      ],
      "info": ""
    },
    {
      "verse": 2,
      "text": [
        "Hide",
        "not",
        "thy",
        "face",
        "from",
        "me",
        "in",
        "the",
        "day",
        "*when",
        "I",
        "am",
        "in",
        "trouble;",
        "incline",
        "thine",
        "ear",
        "unto",
        "me:",
        "in",
        "the",
        "day",
        "*when",
        "I",
        "call",
        "answer",
        "me",
        "speedily."
      ],
      "info": ""
    },
    {
      "verse": 3,
      "text": [
        "For",
        "my",
        "days",
        "are",
        "consumed",
        "like",
        "smoke,",
        "and",
        "my",
        "bones",
        "are",
        "burned",
        "as",
        "an",
        "hearth."
      ],
      "info": ""
    },
    {
      "verse": 4,
      "text": [
        "My",
        "heart",
        "is",
        "smitten,",
        "and",
        "withered",
        "like",
        "grass;",
        "so",
        "that",
        "I",
        "forget",
        "to",
        "eat",
        "my",
        "bread."
      ],
      "info": ""
    },
    {
      "verse": 5,
      "text": [
        "By",
        "reason",
        "of",
        "the",
        "voice",
        "of",
        "my",
        "groaning",
        "my",
        "bones",
        "cleave",
        "to",
        "my",
        "skin."
      ],
      "info": ""
    },
    {
      "verse": 6,
      "text": [
        "I",
        "am",
        "like",
        "a",
        "pelican",
        "of",
        "the",
        "wilderness:",
        "I",
        "am",
        "like",
        "an",
        "owl",
        "of",
        "the",
        "desert."
      ],
      "info": ""
    },
    {
      "verse": 7,
      "text": [
        "I",
        "watch,",
        "and",
        "am",
        "as",
        "a",
        "sparrow",
        "alone",
        "upon",
        "the",
        "house",
        "top."
      ],
      "info": ""
    },
    {
      "verse": 8,
      "text": [
        "Mine",
        "enemies",
        "reproach",
        "me",
        "all",
        "the",
        "day;",
        "*and",
        "they",
        "that",
        "are",
        "mad",
        "against",
        "me",
        "are",
        "sworn",
        "against",
        "me."
      ],
      "info": ""
    },
    {
      "verse": 9,
      "text": [
        "For",
        "I",
        "have",
        "eaten",
        "ashes",
        "like",
        "bread,",
        "and",
        "mingled",
        "my",
        "drink",
        "with",
        "weeping,"
      ],
      "info": ""
    },
    {
      "verse": 10,
      "text": [
        "Because",
        "of",
        "thine",
        "indignation",
        "and",
        "thy",
        "wrath:",
        "for",
        "thou",
        "hast",
        "lifted",
        "me",
        "up,",
        "and",
        "cast",
        "me",
        "down."
      ],
      "info": ""
    },
    {
      "verse": 11,
      "text": [
        "My",
        "days",
        "*are",
        "like",
        "a",
        "shadow",
        "that",
        "declineth;",
        "and",
        "I",
        "am",
        "withered",
        "like",
        "grass."
      ],
      "info": ""
    },
    {
      "verse": 12,
      "text": [
        "But",
        "thou,",
        "O",
        "LORD,",
        "shalt",
        "endure",
        "for",
        "ever;",
        "and",
        "thy",
        "remembrance",
        "unto",
        "all",
        "generations."
      ],
      "info": ""
    },
    {
      "verse": 13,
      "text": [
        "Thou",
        "shalt",
        "arise,",
        "*and",
        "have",
        "mercy",
        "upon",
        "Zion:",
        "for",
        "the",
        "time",
        "to",
        "favour",
        "her,",
        "yea,",
        "the",
        "set",
        "time,",
        "is",
        "come."
      ],
      "info": ""
    },
    {
      "verse": 14,
      "text": [
        "For",
        "thy",
        "servants",
        "take",
        "pleasure",
        "in",
        "her",
        "stones,",
        "and",
        "favour",
        "the",
        "dust",
        "thereof."
      ],
      "info": ""
    },
    {
      "verse": 15,
      "text": [
        "So",
        "the",
        "heathen",
        "shall",
        "fear",
        "the",
        "name",
        "of",
        "the",
        "LORD,",
        "and",
        "all",
        "the",
        "kings",
        "of",
        "the",
        "earth",
        "thy",
        "glory."
      ],
      "info": ""
    },
    {
      "verse": 16,
      "text": [
        "When",
        "the",
        "LORD",
        "shall",
        "build",
        "up",
        "Zion,",
        "he",
        "shall",
        "appear",
        "in",
        "his",
        "glory."
      ],
      "info": ""
    },
    {
      "verse": 17,
      "text": [
        "He",
        "will",
        "regard",
        "the",
        "prayer",
        "of",
        "the",
        "destitute,",
        "and",
        "not",
        "despise",
        "their",
        "prayer."
      ],
      "info": ""
    },
    {
      "verse": 18,
      "text": [
        "This",
        "shall",
        "be",
        "written",
        "for",
        "the",
        "generation",
        "to",
        "come:",
        "and",
        "the",
        "people",
        "which",
        "shall",
        "be",
        "created",
        "shall",
        "praise",
        "the",
        "LORD."
      ],
      "info": ""
    },
    {
      "verse": 19,
      "text": [
        "For",
        "he",
        "hath",
        "looked",
        "down",
        "from",
        "the",
        "height",
        "of",
        "his",
        "sanctuary;",
        "from",
        "heaven",
        "did",
        "the",
        "LORD",
        "behold",
        "the",
        "earth;"
      ],
      "info": ""
    },
    {
      "verse": 20,
      "text": [
        "To",
        "hear",
        "the",
        "groaning",
        "of",
        "the",
        "prisoner;",
        "to",
        "loose",
        "those",
        "that",
        "are",
        "appointed",
        "to",
        "death;"
      ],
      "info": ""
    },
    {
      "verse": 21,
      "text": [
        "To",
        "declare",
        "the",
        "name",
        "of",
        "the",
        "LORD",
        "in",
        "Zion,",
        "and",
        "his",
        "praise",
        "in",
        "Jerusalem;"
      ],
      "info": ""
    },
    {
      "verse": 22,
      "text": [
        "When",
        "the",
        "people",
        "are",
        "gathered",
        "together,",
        "and",
        "the",
        "kingdoms,",
        "to",
        "serve",
        "the",
        "LORD."
      ],
      "info": ""
    },
    {
      "verse": 23,
      "text": [
        "He",
        "weakened",
        "my",
        "strength",
        "in",
        "the",
        "way;",
        "he",
        "shortened",
        "my",
        "days."
      ],
      "info": ""
    },
    {
      "verse": 24,
      "text": [
        "I",
        "said,",
        "O",
        "my",
        "God,",
        "take",
        "me",
        "not",
        "away",
        "in",
        "the",
        "midst",
        "of",
        "my",
        "days:",
        "thy",
        "years",
        "*are",
        "throughout",
        "all",
        "generations."
      ],
      "info": ""
    },
    {
      "verse": 25,
      "text": [
        "Of",
        "old",
        "hast",
        "thou",
        "laid",
        "the",
        "foundation",
        "of",
        "the",
        "earth:",
        "and",
        "the",
        "heavens",
        "*are",
        "the",
        "work",
        "of",
        "thy",
        "hands."
      ],
      "info": ""
    },
    {
      "verse": 26,
      "text": [
        "They",
        "shall",
        "perish,",
        "but",
        "thou",
        "shalt",
        "endure:",
        "yea,",
        "all",
        "of",
        "them",
        "shall",
        "wax",
        "old",
        "like",
        "a",
        "garment;",
        "as",
        "a",
        "vesture",
        "shalt",
        "thou",
        "change",
        "them,",
        "and",
        "they",
        "shall",
        "be",
        "changed:"
      ],
      "info": ""
    },
    {
      "verse": 27,
      "text": [
        "But",
        "thou",
        "*art",
        "the",
        "same,",
        "and",
        "thy",
        "years",
        "shall",
        "have",
        "no",
        "end."
      ],
      "info": ""
    },
    {
      "verse": 28,
      "text": [
        "The",
        "children",
        "of",
        "thy",
        "servants",
        "shall",
        "continue,",
        "and",
        "their",
        "seed",
        "shall",
        "be",
        "established",
        "before",
        "thee."
      ],
      "info": ""
    }
  ]
}