{
  "book_id": "PSA",
  "book_name": "Psalms",
  "chapter": 106,
  "header": "",
  "footer": "",
  "language": "English",
  "verses": [
    {
      "verse": 1,
      "text": [
        "Praise",
        "ye",
        "the",
        "LORD.",
        "O",
        "give",
        "thanks",
        "unto",
        "the",
        "LORD;",
        "for",
        "*he",
        "*is",
        "good:",
        "for",
        "his",
        "mercy",
        "*endureth",
        "for",
        "ever."
      ],
      "info": ""
    },
    {
      "verse": 2,
      "text": [
        "Who",
        "can",
        "utter",
        "the",
        "mighty",
        "acts",
        "of",
        "the",
        "LORD?",
        "*who",
        "can",
        "shew",
        "forth",
        "all",
        "his",
        "praise?"
      ],
      "info": ""
    },
    {
      "verse": 3,
      "text": [
        "Blessed",
        "*are",
        "they",
        "that",
        "keep",
        "judgment,",
        "*and",
        "he",
        "that",
        "doeth",
        "righteousness",
        "at",
        "all",
        "times."
      ],
      "info": ""
    },
    {
      "verse": 4,
      "text": [
        "Remember",
        "me,",
        "O",
        "LORD,",
        "with",
        "the",
        "favour",
        "*that",
        "*thou",
        "*bearest",
        "*unto",
        "thy",
        "people:",
        "O",
        "visit",
        "me",
        "with",
        "thy",
        "salvation;"
      ],
      "info": ""
    },
    {
      "verse": 5,
      "text": [
        "That",
        "I",
        "may",
        "see",
        "the",
        "good",
        "of",
        "thy",
        "chosen,",
        "that",
        "I",
        "may",
        "rejoice",
        "in",
        "the",
        "gladness",
        "of",
        "thy",
        "nation,",
        "that",
        "I",
        "may",
        "glory",
        "with",
        "thine",
        "inheritance."
      ],
      "info": ""
    },
    {
      "verse": 6,
      "text": [
        "We",
        "have",
        "sinned",
        "with",
        "our",
        "fathers,",
        "we",
        "have",
        "committed",
        "iniquity,",
        "we",
        "have",
        "done",
        "wickedly."
      ],
      "info": ""
    },
    {
      "verse": 7,
      "text": [
        "Our",
        "fathers",
        "understood",
        "not",
        "thy",
        "wonders",
        "in",
        "Egypt;",
        "they",
        "remembered",
        "not",
        "the",
        "multitude",
        "of",
        "thy",
        "mercies;",
        "but",
        "provoked",
        "*him",
        "at",
        "the",
        "sea,",
        "*even",
        "at",
        "the",
        "Red",
        "sea."
      ],
      "info": ""
    },
    {
      "verse": 8,
      "text": [
        "Nevertheless",
        "he",
        "saved",
        "them",
        "for",
        "his",
        "name's",
        "sake,",
        "that",
        "he",
        "might",
        "make",
        "his",
        "mighty",
        "power",
        "to",
        "be",
        "known."
      ],
      "info": ""
    },
    {
      "verse": 9,
      "text": [
        "He",
        "rebuked",
        "the",
        "Red",
        "sea",
        "also,",
        "and",
        "it",
        "was",
        "dried",
        "up:",
        "so",
        "he",
        "led",
        "them",
        "through",
        "the",
        "depths,",
        "as",
        "through",
        "the",
        "wilderness."
      ],
      "info": ""
    },
    {
      "verse": 10,
      "text": [
        "And",
        "he",
        "saved",
        "them",
        "from",
        "the",
        "hand",
        "of",
        "him",
        "that",
        "hated",
        "*them,",
        "and",
        "redeemed",
        "them",
        "from",
        "the",
        "hand",
        "of",
        "the",
        "enemy."
      ],
      "info": ""
    },
    {
      "verse": 11,
      "text": [
        "And",
        "the",
        "waters",
        "covered",
        "their",
        "enemies:",
        "there",
        "was",
        "not",
        "one",
        "of",
        "them",
        "left."
      ],
      "info": ""
    },
    {
      "verse": 12,
      "text": [
        "Then",
        "believed",
        "they",
        "his",
        "words;",
        "they",
        "sang",
        "his",
        "praise."
      ],
      "info": ""
    },
    {
      "verse": 13,
      "text": [
        "They",
        "soon",
        "forgat",
        "his",
        "works;",
        "they",
        "waited",
        "not",
        "for",
        "his",
        "counsel:"
      ],
      "info": ""
    },
    {
      "verse": 14,
      "text": [
        "But",
        "lusted",
        "exceedingly",
        "in",
        "the",
        "wilderness,",
        "and",
        "tempted",
        "God",
        "in",
        "the",
        "desert."
      ],
      "info": ""
    },
    {
      "verse": 15,
      "text": [
        "And",
        "he",
        "gave",
        "them",
        "their",
        "request;",
        "but",
        "sent",
        "leanness",
        "into",
        "their",
        "soul."
      ],
      "info": ""
    },
    {
      "verse": 16,
      "text": [
        "They",
        "envied",
        "Moses",
        "also",
        "in",
        "the",
        "camp,",
        "*and",
        "Aaron",
        "the",
        "saint",
        "of",
        "the",
        "LORD."
      ],
      "info": ""
    },
    {
      "verse": 17,
      "text": [
        "The",
        "earth",
        "opened",
        "and",
        "swallowed",
        "up",
        "Dathan,",
        "and",
        "covered",
        "the",
        "company",
        "of",
        "Abiram."
      ],
      "info": ""
    },
    {
      "verse": 18,
      "text": [
        "And",
        "a",
        "fire",
        "was",
        "kindled",
        "in",
        "their",
        "company;",
        "the",
        "flame",
        "burned",
        "up",
        "the",
        "wicked."
      ],
      "info": ""
    },
    {
      "verse": 19,
      "text": [
        "They",
        "made",
        "a",
        "calf",
        "in",
        "Horeb,",
        "and",
        "worshipped",
        "the",
        "molten",
        "image."
      ],
      "info": ""
    },
    {
      "verse": 20,
      "text": [
        "Thus",
        "they",
        "changed",
        "their",
        "glory",
        "into",
        "the",
        "similitude",
        "of",
        "an",
        "ox",
        "that",
        "eateth",
        "grass."
      ],
      "info": ""
    },
    {
      "verse": 21,
      "text": [
        "They",
        "forgat",
        "God",
        "their",
        "saviour,",
        "which",
        "had",
        "done",
        "great",
        "things",
        "in",
        "Egypt;"
      ],
      "info": ""
    },
    {
      "verse": 22,
      "text": [
        "Wondrous",
        "works",
        "in",
        "the",
        "land",
        "of",
        "Ham,",
        "*and",
        "terrible",
        "things",
        "by",
        "the",
        "Red",
        "sea."
      ],
      "info": ""
    },
    {
      "verse": 23,
      "text": [
        "Therefore",
        "he",
        "said",
        "that",
        "he",
        "would",
        "destroy",
        "them,",
        "had",
        "not",
        "Moses",
        "his",
        "chosen",
        "stood",
        "before",
        "him",
        "in",
        "the",
        "breach,",
        "to",
        "turn",
        "away",
        "his",
        "wrath,",
        "lest",
        "he",
        "should",
        "destroy",
        "*them."
      ],
      "info": ""
    },
    {
      "verse": 24,
      "text": [
        "Yea,",
        "they",
        "despised",
        "the",
        "pleasant",
        "land,",
        "they",
        "believed",
        "not",
        "his",
        "word:"
      ],
      "info": ""
    },
    {
      "verse": 25,
      "text": [
        "But",
        "murmured",
        "in",
        "their",
        "tents,",
        "*and",
        "hearkened",
        "not",
        "unto",
        "the",
        "voice",
        "of",
        "the",
        "LORD."
      ],
      "info": ""
    },
    {
      "verse": 26,
      "text": [
        "Therefore",
        "he",
        "lifted",
        "up",
        "his",
        "hand",
        "against",
        "them,",
        "to",
        "overthrow",
        "them",
        "in",
        "the",
        "wilderness:"
      ],
      "info": ""
    },
    {
      "verse": 27,
      "text": [
        "To",
        "overthrow",
        "their",
        "seed",
        "also",
        "among",
        "the",
        "nations,",
        "and",
        "to",
        "scatter",
        "them",
        "in",
        "the",
        "lands."
      ],
      "info": ""
    },
    {
      "verse": 28,
      "text": [
        "They",
        "joined",
        "themselves",
        "also",
        "unto",
        "Baalpeor,",
        "and",
        "ate",
        "the",
        "sacrifices",
        "of",
        "the",
        "dead."
      ],
      "info": ""
    },
    {
      "verse": 29,
      "text": [
        "Thus",
        "they",
        "provoked",
        "*him",
        "to",
        "anger",
        "with",
        "their",
        "inventions:",
        "and",
        "the",
        "plague",
        "brake",
        "in",
        "upon",
        "them."
      ],
      "info": ""
    },
    {
      "verse": 30,
      "text": [
        "Then",
        "stood",
        "up",
        "Phinehas,",
        "and",
        "executed",
        "judgment:",
        "and",
        "*so",
        "the",
        "plague",
        "was",
        "stayed."
      ],
      "info": ""
    },
    {
      "verse": 31,
      "text": [
        "And",
        "that",
        "was",
        "counted",
        "unto",
        "him",
        "for",
        "righteousness",
        "unto",
        "all",
        "generations",
        "for",
        "evermore."
      ],
      "info": ""
    },
    {
      "verse": 32,
      "text": [
        "They",
        "angered",
        "*him",
        "also",
        "at",
        "the",
        "waters",
        "of",
        "strife,",
        "so",
        "that",
        "it",
        "went",
        "ill",
        "with",
        "Moses",
        "for",
        "their",
        "sakes:"
      ],
      "info": ""
    },
    {
      "verse": 33,
      "text": [
        "Because",
        "they",
        "provoked",
        "his",
        "spirit,",
        "so",
        "that",
        "he",
        "spake",
        "unadvisedly",
        "with",
        "his",
        "lips."
      ],
      "info": ""
    },
    {
      "verse": 34,
      "text": [
        "They",
        "did",
        "not",
        "destroy",
        "the",
        "nations,",
        "concerning",
        "whom",
        "the",
        "LORD",
        "commanded",
        "them:"
      ],
      "info": ""
    },
    {
      "verse": 35,
      "text": [
        "But",
        "were",
        "mingled",
        "among",
        "the",
        "heathen,",
        "and",
        "learned",
        "their",
        "works."
      ],
      "info": ""
    },
    {
      "verse": 36,
      "text": [
        "And",
        "they",
        "served",
        "their",
        "idols:",
        "which",
        "were",
        "a",
        "snare",
        "unto",
        "them."
      ],
      "info": ""
    },
    {
      "verse": 37,
      "text": [
        "Yea,",
        "they",
        "sacrificed",
        "their",
        "sons",
        "and",
        "their",
        "daughters",
        "unto",
        "devils,"
      ],
      "info": ""
    },
    {
      "verse": 38,
      "text": [
        "And",
        "shed",
        "innocent",
        "blood,",
        "*even",
        "the",
        "blood",
        "of",
        "their",
        "sons",
        "and",
        "of",
        "their",
        "daughters,",
        "whom",
        "they",
        "sacrificed",
        "unto",
        "the",
        "idols",
        "of",
        "Canaan:",
        "and",
        "the",
        "land",
        "was",
        "polluted",
        "with",
        "blood."
      ],
      "info": ""
    },
    {
      "verse": 39,
      "text": [
        "Thus",
        "were",
        "they",
        "defiled",
        "with",
        "their",
        "own",
        "works,",
        "and",
        "went",
        "a",
        "whoring",
        "with",
        "their",
        "own",
        "inventions."
      ],
      "info": ""
    },
    {
      "verse": 40,
      "text": [
        "Therefore",
        "was",
        "the",
        "wrath",
        "of",
        "the",
        "LORD",
        "kindled",
        "against",
        "his",
        "people,",
        "insomuch",
        "that",
        "he",
        "abhorred",
        "his",
        "own",
        "inheritance."
      ],
      "info": ""
    },
    {
      "verse": 41,
      "text": [
        "And",
        "he",
        "gave",
        "them",
        "into",
        "the",
        "hand",
        "of",
        "the",
        "heathen;",
        "and",
        "they",
        "that",
        "hated",
        "them",
        "ruled",
        "over",
        "them."
      ],
      "info": ""
    },
    {
      "verse": 42,
      "text": [
        "Their",
        "enemies",
        "also",
        "oppressed",
        "them,",
        "and",
        "they",
        "were",
        "brought",
        "into",
        "subjection",
        "under",
        "their",
        "hand."
      ],
      "info": ""
    },
    {
      "verse": 43,
      "text": [
        "Many",
        "times",
        "did",
        "he",
        "deliver",
        "them;",
        "but",
        "they",
        "provoked",
        "*him",
        "with",
        "their",
        "counsel,",
        "and",
        "were",
        "brought",
        "low",
        "for",
        "their",
        "iniquity."
      ],
      "info": ""
    },
    {
      "verse": 44,
      "text": [
        "Nevertheless",
        "he",
        "regarded",
        "their",
        "affliction,",
        "when",
        "he",
        "heard",
        "their",
        "cry:"
      ],
      "info": ""
    },
    {
      "verse": 45,
      "text": [
        "And",
        "he",
        "remembered",
        "for",
        "them",
        "his",
        "covenant,",
        "and",
        "repented",
        "according",
        "to",
        "the",
        "multitude",
        "of",
        "his",
        "mercies."
      ],
      "info": ""
    },
    {
      "verse": 46,
      "text": [
        "He",
        "made",
        "them",
        "also",
        "to",
        "be",
        "pitied",
        "of",
        "all",
        "those",
        "that",
        "carried",
        "them",
        "captives."
      ],
      "info": ""
    },
    {
      "verse": 47,
      "text": [
        "Save",
        "us,",
        "O",
        "LORD",
        "our",
        "God,",
        "and",
        "gather",
        "us",
        "from",
        "among",
        "the",
        "heathen,",
        "to",
        "give",
        "thanks",
        "unto",
        "thy",
        "holy",
        "name,",
        "*and",
        "to",
        "triumph",
        "in",
        "thy",
        "praise."
      ],
      "info": ""
    },
    {
      "verse": 48,
      "text": [
        "Blessed",
        "*be",
        "the",
        "LORD",
        "God",
        "of",
        "Israel",
        "from",
        "everlasting",
        "to",
        "everlasting:",
        "and",
        "let",
        "all",
        "the",
        "people",
        "say,",
        "Amen.",
        "Praise",
        "ye",
        "the",
        "LORD."
      ],
      "info": ""
    }
  ]
}