{
  "book_id": "PSA",
  "book_name": "Psalms",
  "chapter": 111,
  "header": "",
  "footer": "",
  "language": "English",
  "verses": [
    {
      "verse": 1,
      "text": [
        "Praise",
        "ye",
        "the",
        "LORD.",
        "I",
        "will",
        "praise",
        "the",
        "LORD",
        "with",
        "*my",
        "whole",
        "heart,",
        "in",
        "the",
        "assembly",
        "of",
        "the",
        "upright,",
        "and",
        "*in",
        "the",
        "congregation."
      ],
      "info": ""
    },
    {
      "verse": 2,
      "text": [
        "The",
        "works",
        "of",
        "the",
        "LORD",
        "*are",
        "great,",
        "sought",
        "out",
        "of",
        "all",
        "them",
        "that",
        "have",
        "pleasure",
        "therein."
      ],
      "info": ""
    },
    {
      "verse": 3,
      "text": [
        "His",
        "work",
        "*is",
        "honourable",
        "and",
        "glorious:",
        "and",
        "his",
        "righteousness",
        "endureth",
        "for",
        "ever."
      ],
      "info": ""
    },
    {
      "verse": 4,
      "text": [
        "He",
        "hath",
        "made",
        "his",
        "wonderful",
        "works",
        "to",
        "be",
        "remembered:",
        "the",
        "LORD",
        "*is",
        "gracious",
        "and",
        "full",
        "of",
        "compassion."
      ],
      "info": ""
    },
    {
      "verse": 5,
      "text": [
        "He",
        "hath",
        "given",
        "meat",
        "unto",
        "them",
        "that",
        "fear",
        "him:",
        "he",
        "will",
        "ever",
        "be",
        "mindful",
        "of",
        "his",
        "covenant."
      ],
      "info": ""
    },
    {
      "verse": 6,
      "text": [
        "He",
        "hath",
        "shewed",
        "his",
        "people",
        "the",
        "power",
        "of",
        "his",
        "works,",
        "that",
        "he",
        "may",
        "give",
        "them",
        "the",
        "heritage",
        "of",
        "the",
        "heathen."
      ],
      "info": ""
    },
    {
      "verse": 7,
      "text": [
        "The",
        "works",
        "of",
        "his",
        "hands",
        "*are",
        "verity",
        "and",
        "judgment;",
        "all",
        "his",
        "commandments",
        "*are",
        "sure."
      ],
      "info": ""
    },
    {
      "verse": 8,
      "text": [
        "They",
        "stand",
        "fast",
        "for",
        "ever",
        "and",
        "ever,",
        "*and",
        "*are",
        "done",
        "in",
        "truth",
        "and",
        "uprightness."
      ],
      "info": ""
    },
    {
      "verse": 9,
      "text": [
        "He",
        "sent",
        "redemption",
        "unto",
        "his",
        "people:",
        "he",
        "hath",
        "commanded",
        "his",
        "covenant",
        "for",
        "ever:",
        "holy",
        "and",
        "reverend",
        "*is",
        "his",
        "name."
      ],
      "info": ""
    },
    {
      "verse": 10,
      "text": [
        "The",
        "fear",
        "of",
        "the",
        "LORD",
        "*is",
        "the",
        "beginning",
        "of",
        "wisdom:",
        "a",
        "good",
        "understanding",
        "have",
        "all",
        "they",
        "that",
        "do",
        "*his",
        "*commandments:",
        "his",
        "praise",
        "endureth",
        "for",
        "ever."
      ],
      "info": ""
    }
  ]
}