{
  "book_id": "PSA",
  "book_name": "Psalms",
  "chapter": 112,
  "header": "",
  "footer": "",
  "language": "English",
  "verses": [
    {
      "verse": 1,
      "text": [
        "Praise",
        "ye",
        "the",
        "LORD.",
        "Blessed",
        "*is",
        "the",
        "man",
        "*that",
        "feareth",
        "the",
        "LORD,",
        "*that",
        "delighteth",
        "greatly",
        "in",
        "his",
        "commandments."
      ],
      "info": ""
    },
    {
      "verse": 2,
      "text": [
        "His",
        "seed",
        "shall",
        "be",
        "mighty",
        "upon",
        "earth:",
        "the",
        "generation",
        "of",
        "the",
        "upright",
        "shall",
        "be",
        "blessed."
      ],
      "info": ""
    },
    {
      "verse": 3,
      "text": [
        "Wealth",
        "and",
        "riches",
        "*shall",
        "*be",
        "in",
        "his",
        "house:",
        "and",
        "his",
        "righteousness",
        "endureth",
        "for",
        "ever."
      ],
      "info": ""
    },
    {
      "verse": 4,
      "text": [
        "Unto",
        "the",
        "upright",
        "there",
        "ariseth",
        "light",
        "in",
        "the",
        "darkness:",
        "*he",
        "*is",
        "gracious,",
        "and",
        "full",
        "of",
        "compassion,",
        "and",
        "righteous."
      ],
      "info": ""
    },
    {
      "verse": 5,
      "text": [
        "A",
        "good",
        "man",
        "sheweth",
        "favour,",
        "and",
        "lendeth:",
        "he",
        "will",
        "guide",
        "his",
        "affairs",
        "with",
        "discretion."
      ],
      "info": ""
    },
    {
      "verse": 6,
      "text": [
        "Surely",
        "he",
        "shall",
        "not",
        "be",
        "moved",
        "for",
        "ever:",
        "the",
        "righteous",
        "shall",
        "be",
        "in",
        "everlasting",
        "remembrance."
      ],
      "info": ""
    },
    {
      "verse": 7,
      "text": [
        "He",
        "shall",
        "not",
        "be",
        "afraid",
        "of",
        "evil",
        "tidings:",
        "his",
        "heart",
        "is",
        "fixed,",
        "trusting",
        "in",
        "the",
        "LORD."
      ],
      "info": ""
    },
    {
      "verse": 8,
      "text": [
        "His",
        "heart",
        "*is",
        "established,",
        "he",
        "shall",
        "not",
        "be",
        "afraid,",
        "until",
        "he",
        "see",
        "*his",
        "*desire",
        "upon",
        "his",
        "enemies."
      ],
      "info": ""
    },
    {
      "verse": 9,
      "text": [
        "He",
        "hath",
        "dispersed,",
        "he",
        "hath",
        "given",
        "to",
        "the",
        "poor;",
        "his",
        "righteousness",
        "endureth",
        "for",
        "ever;",
        "his",
        "horn",
        "shall",
        "be",
        "exalted",
        "with",
        "honour."
      ],
      "info": ""
    },
    {
      "verse": 10,
      "text": [
        "The",
        "wicked",
        "shall",
        "see",
        "*it,",
        "and",
        "be",
        "grieved;",
        "he",
        "shall",
        "gnash",
        "with",
        "his",
        "teeth,",
        "and",
        "melt",
        "away:",
        "the",
        "desire",
        "of",
        "the",
        "wicked",
        "shall",
        "perish."
      ],
      "info": ""
    }
  ]
}