{
  "book_id": "PSA",
  "book_name": "Psalms",
  "chapter": 116,
  "header": "",
  "footer": "",
  "language": "English",
  "verses": [
    {
      "verse": 1,
      "text": [
        "I",
        "love",
        "the",
        "LORD,",
        "because",
        "he",
        "hath",
        "heard",
        "my",
        "voice",
        "*and",
        "my",
        "supplications."
      ],
      "info": ""
    },
    {
      "verse": 2,
      "text": [
        "Because",
        "he",
        "hath",
        "inclined",
        "his",
        "ear",
        "unto",
        "me,",
        "therefore",
        "will",
        "I",
        "call",
        "upon",
        "*him",
        "as",
        "long",
        "as",
        "I",
        "live."
      ],
      "info": ""
    },
    {
      "verse": 3,
      "text": [
        "The",
        "sorrows",
        "of",
        "death",
        "compassed",
        "me,",
        "and",
        "the",
        "pains",
        "of",
        "hell",
        "gat",
        "hold",
        "upon",
        "me:",
        "I",
        "found",
        "trouble",
        "and",
        "sorrow."
      ],
      "info": ""
    },
    {
      "verse": 4,
      "text": [
        "Then",
        "called",
        "I",
        "upon",
        "the",
        "name",
        "of",
        "the",
        "LORD;",
        "O",
        "LORD,",
        "I",
        "beseech",
        "thee,",
        "deliver",
        "my",
        "soul."
      ],
      "info": ""
    },
    {
      "verse": 5,
      "text": [
        "Gracious",
        "*is",
        "the",
        "LORD,",
        "and",
        "righteous;",
        "yea,",
        "our",
        "God",
        "*is",
        "merciful."
      ],
      "info": ""
    },
    {
      "verse": 6,
      "text": [
        "The",
        "LORD",
        "preserveth",
        "the",
        "simple:",
        "I",
        "was",
        "brought",
        "low,",
        "and",
        "he",
        "helped",
        "me."
      ],
      "info": ""
    },
    {
      "verse": 7,
      "text": [
        "Return",
        "unto",
        "thy",
        "rest,",
        "O",
        "my",
        "soul;",
        "for",
        "the",
        "LORD",
        "hath",
        "dealt",
        "bountifully",
        "with",
        "thee."
      ],
      "info": ""
    },
    {
      "verse": 8,
      "text": [
        "For",
        "thou",
        "hast",
        "delivered",
        "my",
        "soul",
        "from",
        "death,",
        "mine",
        "eyes",
        "from",
        "tears,",
        "*and",
        "my",
        "feet",
        "from",
        "falling."
      ],
      "info": ""
    },
    {
      "verse": 9,
      "text": [
        "I",
        "will",
        "walk",
        "before",
        "the",
        "LORD",
        "in",
        "the",
        "land",
        "of",
        "the",
        "living."
      ],
      "info": ""
    },
    {
      "verse": 10,
      "text": [
        "I",
        "believed,",
        "therefore",
        "have",
        "I",
        "spoken:",
        "I",
        "was",
        "greatly",
        "afflicted:"
      ],
      "info": ""
    },
    {
      "verse": 11,
      "text": [
        "I",
        "said",
        "in",
        "my",
        "haste,",
        "All",
        "men",
        "*are",
        "liars."
      ],
      "info": ""
    },
    {
      "verse": 12,
      "text": [
        "What",
        "shall",
        "I",
        "render",
        "unto",
        "the",
        "LORD",
        "*for",
        "all",
        "his",
        "benefits",
        "toward",
        "me?"
      ],
      "info": ""
    },
    {
      "verse": 13,
      "text": [
        "I",
        "will",
        "take",
        "the",
        "cup",
        "of",
        "salvation,",
        "and",
        "call",
        "upon",
        "the",
        "name",
        "of",
        "the",
        "LORD."
      ],
      "info": ""
    },
    {
      "verse": 14,
      "text": [
        "I",
        "will",
        "pay",
        "my",
        "vows",
        "unto",
        "the",
        "LORD",
        "now",
        "in",
        "the",
        "presence",
        "of",
        "all",
        "his",
        "people."
      ],
      "info": ""
    },
    {
      "verse": 15,
      "text": [
        "Precious",
        "in",
        "the",
        "sight",
        "of",
        "the",
        "LORD",
        "*is",
        "the",
        "death",
        "of",
        "his",
        "saints."
      ],
      "info": ""
    },
    {
      "verse": 16,
      "text": [
        "O",
        "LORD,",
        "truly",
        "I",
        "*am",
        "thy",
        "servant;",
        "I",
        "*am",
        "thy",
        "servant,",
        "*and",
        "the",
        "son",
        "of",
        "thine",
        "handmaid:",
        "thou",
        "hast",
        "loosed",
        "my",
        "bonds."
      ],
      "info": ""
    },
    {
      "verse": 17,
      "text": [
        "I",
        "will",
        "offer",
        "to",
        "thee",
        "the",
        "sacrifice",
        "of",
        "thanksgiving,",
        "and",
        "will",
        "call",
        "upon",
        "the",
        "name",
        "of",
        "the",
        "LORD."
      ],
      "info": ""
    },
    {
      "verse": 18,
      "text": [
        "I",
        "will",
        "pay",
        "my",
        "vows",
        "unto",
        "the",
        "LORD",
        "now",
        "in",
        "the",
        "presence",
        "of",
        "all",
        "his",
        "people,"
      ],
      "info": ""
    },
    {
      "verse": 19,
      "text": [
        "In",
        "the",
        "courts",
        "of",
        "the",
        "LORD'S",
        "house,",
        "in",
        "the",
        "midst",
        "of",
        "thee,",
        "O",
        "Jerusalem.",
        "Praise",
        "ye",
        "the",
        "LORD."
      ],
      "info": ""
    }
  ]
}