{
  "book_id": "PSA",
  "book_name": "Psalms",
  "chapter": 121,
  "header": "",
  "footer": "",
  "language": "English",
  "verses": [
    {
      "verse": 1,
      "text": [
        "(A",
        "Song",
        "of",
        "degrees.)",
        "I",
        "will",
        "lift",
        "up",
        "mine",
        "eyes",
        "unto",
        "the",
        "hills,",
        "from",
        "whence",
        "cometh",
        "my",
        "help."
      ],
      "info": ""
    },
    {
      "verse": 2,
      "text": [
        "My",
        "help",
        "*cometh",
        "from",
        "the",
        "LORD,",
        "which",
        "made",
        "heaven",
        "and",
        "earth."
      ],
      "info": ""
    },
    {
      "verse": 3,
      "text": [
        "He",
        "will",
        "not",
        "suffer",
        "thy",
        "foot",
        "to",
        "be",
        "moved:",
        "he",
        "that",
        "keepeth",
        "thee",
        "will",
        "not",
        "slumber."
      ],
      "info": ""
    },
    {
      "verse": 4,
      "text": [
        "Behold,",
        "he",
        "that",
        "keepeth",
        "Israel",
        "shall",
        "neither",
        "slumber",
        "nor",
        "sleep."
      ],
      "info": ""
    },
    {
      "verse": 5,
      "text": [
        "The",
        "LORD",
        "*is",
        "thy",
        "keeper:",
        "the",
        "LORD",
        "*is",
        "thy",
        "shade",
        "upon",
        "thy",
        "right",
        "hand."
      ],
      "info": ""
    },
    {
      "verse": 6,
      "text": [
        "The",
        "sun",
        "shall",
        "not",
        "smite",
        "thee",
        "by",
        "day,",
        "nor",
        "the",
        "moon",
        "by",
        "night."
      ],
      "info": ""
    },
    {
      "verse": 7,
      "text": [
        "The",
        "LORD",
        "shall",
        "preserve",
        "thee",
        "from",
        "all",
        "evil:",
        "he",
        "shall",
        "preserve",
        "thy",
        "soul."
      ],
      "info": ""
    },
    {
      "verse": 8,
      "text": [
        "The",
        "LORD",
        "shall",
        "preserve",
        "thy",
        "going",
        "out",
        "and",
        "thy",
        "coming",
        "in",
        "from",
        "this",
        "time",
        "forth,",
        "and",
        "even",
        "for",
        "evermore."
      ],
      "info": ""
    }
  ]
}