{
  "book_id": "PSA",
  "book_name": "Psalms",
  "chapter": 122,
  "header": "",
  "footer": "",
  "language": "English",
  "verses": [
    {
      "verse": 1,
      "text": [
        "(A",
        "Song",
        "of",
        "degrees",
        "of",
        "David.)",
        "I",
        "was",
        "glad",
        "when",
        "they",
        "said",
        "unto",
        "me,",
        "Let",
        "us",
        "go",
        "into",
        "the",
        "house",
        "of",
        "the",
        "LORD."
      ],
      "info": ""
    },
    {
      "verse": 2,
      "text": [
        "Our",
        "feet",
        "shall",
        "stand",
        "within",
        "thy",
        "gates,",
        "O",
        "Jerusalem."
      ],
      "info": ""
    },
    {
      "verse": 3,
      "text": [
        "Jerusalem",
        "is",
        "builded",
        "as",
        "a",
        "city",
        "that",
        "is",
        "compact",
        "together:"
      ],
      "info": ""
    },
    {
      "verse": 4,
      "text": [
        "Whither",
        "the",
        "tribes",
        "go",
        "up,",
        "the",
        "tribes",
        "of",
        "the",
        "LORD,",
        "unto",
        "the",
        "testimony",
        "of",
        "Israel,",
        "to",
        "give",
        "thanks",
        "unto",
        "the",
        "name",
        "of",
        "the",
        "LORD."
      ],
      "info": ""
    },
    {
      "verse": 5,
      "text": [
        "For",
        "there",
        "are",
        "set",
        "thrones",
        "of",
        "judgment,",
        "the",
        "thrones",
        "of",
        "the",
        "house",
        "of",
        "David."
      ],
      "info": ""
    },
    {
      "verse": 6,
      "text": [
        "Pray",
        "for",
        "the",
        "peace",
        "of",
        "Jerusalem:",
        "they",
        "shall",
        "prosper",
        "that",
        "love",
        "thee."
      ],
      "info": ""
    },
    {
      "verse": 7,
      "text": [
        "Peace",
        "be",
        "within",
        "thy",
        "walls,",
        "*and",
        "prosperity",
        "within",
        "thy",
        "palaces."
      ],
      "info": ""
    },
    {
      "verse": 8,
      "text": [
        "For",
        "my",
        "brethren",
        "and",
        "companions'",
        "sakes,",
        "I",
        "will",
        "now",
        "say,",
        "Peace",
        "*be",
        "within",
        "thee."
      ],
      "info": ""
    },
    {
      "verse": 9,
      "text": [
        "Because",
        "of",
        "the",
        "house",
        "of",
        "the",
        "LORD",
        "our",
        "God",
        "I",
        "will",
        "seek",
        "thy",
        "good."
      ],
      "info": ""
    }
  ]
}