{
  "book_id": "PSA",
  "book_name": "Psalms",
  "chapter": 126,
  "header": "",
  "footer": "",
  "language": "English",
  "verses": [
    {
      "verse": 1,
      "text": [
        "(A",
        "Song",
        "of",
        "degrees.)",
        "When",
        "the",
        "LORD",
        "turned",
        "again",
        "the",
        "captivity",
        "of",
        "Zion,",
        "we",
        "were",
        "like",
        "them",
        "that",
        "dream."
      ],
      "info": ""
    },
    {
      "verse": 2,
      "text": [
        "Then",
        "was",
        "our",
        "mouth",
        "filled",
        "with",
        "laughter,",
        "and",
        "our",
        "tongue",
        "with",
        "singing:",
        "then",
        "said",
        "they",
        "among",
        "the",
        "heathen,",
        "The",
        "LORD",
        "hath",
        "done",
        "great",
        "things",
        "for",
        "them."
      ],
      "info": ""
    },
    {
      "verse": 3,
      "text": [
        "The",
        "LORD",
        "hath",
        "done",
        "great",
        "things",
        "for",
        "us;",
        "*whereof",
        "we",
        "are",
        "glad."
      ],
      "info": ""
    },
    {
      "verse": 4,
      "text": [
        "Turn",
        "again",
        "our",
        "captivity,",
        "O",
        "LORD,",
        "as",
        "the",
        "streams",
        "in",
        "the",
        "south."
      ],
      "info": ""
    },
    {
      "verse": 5,
      "text": [
        "They",
        "that",
        "sow",
        "in",
        "tears",
        "shall",
        "reap",
        "in",
        "joy."
      ],
      "info": ""
    },
    {
      "verse": 6,
      "text": [
        "He",
        "that",
        "goeth",
        "forth",
        "and",
        "weepeth,",
        "bearing",
        "precious",
        "seed,",
        "shall",
        "doubtless",
        "come",
        "again",
        "with",
        "rejoicing,",
        "bringing",
        "his",
        "sheaves",
        "*with",
        "*him."
      ],
      "info": ""
    }
  ]
}