{
  "book_id": "PSA",
  "book_name": "Psalms",
  "chapter": 127,
  "header": "",
  "footer": "",
  "language": "English",
  "verses": [
    {
      "verse": 1,
      "text": [
        "(A",
        "Song",
        "of",
        "degrees",
        "for",
        "Solomon.)",
        "Except",
        "the",
        "LORD",
        "build",
        "the",
        "house,",
        "they",
        "labour",
        "in",
        "vain",
        "that",
        "build",
        "it:",
        "except",
        "the",
        "LORD",
        "keep",
        "the",
        "city,",
        "the",
        "watchman",
        "waketh",
        "*but",
        "in",
        "vain."
      ],
      "info": ""
    },
    {
      "verse": 2,
      "text": [
        "*It",
        "*is",
        "vain",
        "for",
        "you",
        "to",
        "rise",
        "up",
        "early,",
        "to",
        "sit",
        "up",
        "late,",
        "to",
        "eat",
        "the",
        "bread",
        "of",
        "sorrows:",
        "*for",
        "so",
        "he",
        "giveth",
        "his",
        "beloved",
        "sleep."
      ],
      "info": ""
    },
    {
      "verse": 3,
      "text": [
        "Lo,",
        "children",
        "*are",
        "an",
        "heritage",
        "of",
        "the",
        "LORD:",
        "*and",
        "the",
        "fruit",
        "of",
        "the",
        "womb",
        "*is",
        "*his",
        "reward."
      ],
      "info": ""
    },
    {
      "verse": 4,
      "text": [
        "As",
        "arrows",
        "*are",
        "in",
        "the",
        "hand",
        "of",
        "a",
        "mighty",
        "man;",
        "so",
        "*are",
        "children",
        "of",
        "the",
        "youth."
      ],
      "info": ""
    },
    {
      "verse": 5,
      "text": [
        "Happy",
        "*is",
        "the",
        "man",
        "that",
        "hath",
        "his",
        "quiver",
        "full",
        "of",
        "them:",
        "they",
        "shall",
        "not",
        "be",
        "ashamed,",
        "but",
        "they",
        "shall",
        "speak",
        "with",
        "the",
        "enemies",
        "in",
        "the",
        "gate."
      ],
      "info": ""
    }
  ]
}