{
  "book_id": "PSA",
  "book_name": "Psalms",
  "chapter": 128,
  "header": "",
  "footer": "",
  "language": "English",
  "verses": [
    {
      "verse": 1,
      "text": [
        "(A",
        "Song",
        "of",
        "degrees.)",
        "Blessed",
        "*is",
        "every",
        "one",
        "that",
        "feareth",
        "the",
        "LORD;",
        "that",
        "walketh",
        "in",
        "his",
        "ways."
      ],
      "info": ""
    },
    {
      "verse": 2,
      "text": [
        "For",
        "thou",
        "shalt",
        "eat",
        "the",
        "labour",
        "of",
        "thine",
        "hands:",
        "happy",
        "*shalt",
        "thou",
        "*be,",
        "and",
        "*it",
        "*shall",
        "*be",
        "well",
        "with",
        "thee."
      ],
      "info": ""
    },
    {
      "verse": 3,
      "text": [
        "Thy",
        "wife",
        "*shall",
        "*be",
        "as",
        "a",
        "fruitful",
        "vine",
        "by",
        "the",
        "sides",
        "of",
        "thine",
        "house:",
        "thy",
        "children",
        "like",
        "olive",
        "plants",
        "round",
        "about",
        "thy",
        "table."
      ],
      "info": ""
    },
    {
      "verse": 4,
      "text": [
        "Behold,",
        "that",
        "thus",
        "shall",
        "the",
        "man",
        "be",
        "blessed",
        "that",
        "feareth",
        "the",
        "LORD."
      ],
      "info": ""
    },
    {
      "verse": 5,
      "text": [
        "The",
        "LORD",
        "shall",
        "bless",
        "thee",
        "out",
        "of",
        "Zion:",
        "and",
        "thou",
        "shalt",
        "see",
        "the",
        "good",
        "of",
        "Jerusalem",
        "all",
        "the",
        "days",
        "of",
        "thy",
        "life."
      ],
      "info": ""
    },
    {
      "verse": 6,
      "text": [
        "Yea,",
        "thou",
        "shalt",
        "see",
        "thy",
        "children's",
        "children,",
        "*and",
        "peace",
        "upon",
        "Israel."
      ],
      "info": ""
    }
  ]
}