{
  "book_id": "PSA",
  "book_name": "Psalms",
  "chapter": 134,
  "header": "",
  "footer": "",
  "language": "English",
  "verses": [
    {
      "verse": 1,
      "text": [
        "(A",
        "Song",
        "of",
        "degrees.)",
        "Behold,",
        "bless",
        "ye",
        "the",
        "LORD,",
        "all",
        "*ye",
        "servants",
        "of",
        "the",
        "LORD,",
        "which",
        "by",
        "night",
        "stand",
        "in",
        "the",
        "house",
        "of",
        "the",
        "LORD."
      ],
      "info": ""
    },
    {
      "verse": 2,
      "text": [
        "Lift",
        "up",
        "your",
        "hands",
        "*in",
        "the",
        "sanctuary,",
        "and",
        "bless",
        "the",
        "LORD."
      ],
      "info": ""
    },
    {
      "verse": 3,
      "text": [
        "The",
        "LORD",
        "that",
        "made",
        "heaven",
        "and",
        "earth",
        "bless",
        "thee",
        "out",
        "of",
        "Zion."
      ],
      "info": ""
    }
  ]
}