{
  "book_id": "PSA",
  "book_name": "Psalms",
  "chapter": 136,
  "header": "",
  "footer": "",
  "language": "English",
  "verses": [
    {
      "verse": 1,
      "text": [
        "O",
        "give",
        "thanks",
        "unto",
        "the",
        "LORD;",
        "for",
        "*he",
        "*is",
        "good:",
        "for",
        "his",
        "mercy",
        "*endureth",
        "for",
        "ever."
      ],
      "info": ""
    },
    {
      "verse": 2,
      "text": [
        "O",
        "give",
        "thanks",
        "unto",
        "the",
        "God",
        "of",
        "gods:",
        "for",
        "his",
        "mercy",
        "*endureth",
        "for",
        "ever."
      ],
      "info": ""
    },
    {
      "verse": 3,
      "text": [
        "O",
        "give",
        "thanks",
        "to",
        "the",
        "Lord",
        "of",
        "lords:",
        "for",
        "his",
        "mercy",
        "*endureth",
        "for",
        "ever."
      ],
      "info": ""
    },
    {
      "verse": 4,
      "text": [
        "To",
        "him",
        "who",
        "alone",
        "doeth",
        "great",
        "wonders:",
        "for",
        "his",
        "mercy",
        "*endureth",
        "for",
        "ever."
      ],
      "info": ""
    },
    {
      "verse": 5,
      "text": [
        "To",
        "him",
        "that",
        "by",
        "wisdom",
        "made",
        "the",
        "heavens:",
        "for",
        "his",
        "mercy",
        "*endureth",
        "for",
        "ever."
      ],
      "info": ""
    },
    {
      "verse": 6,
      "text": [
        "To",
        "him",
        "that",
        "stretched",
        "out",
        "the",
        "earth",
        "above",
        "the",
        "waters:",
        "for",
        "his",
        "mercy",
        "*endureth",
        "for",
        "ever."
      ],
      "info": ""
    },
    {
      "verse": 7,
      "text": [
        "To",
        "him",
        "that",
        "made",
        "great",
        "lights:",
        "for",
        "his",
        "mercy",
        "*endureth",
        "for",
        "ever:"
      ],
      "info": ""
    },
    {
      "verse": 8,
      "text": [
        "The",
        "sun",
        "to",
        "rule",
        "by",
        "day:",
        "for",
        "his",
        "mercy",
        "*endureth",
        "for",
        "ever:"
      ],
      "info": ""
    },
    {
      "verse": 9,
      "text": [
        "The",
        "moon",
        "and",
        "stars",
        "to",
        "rule",
        "by",
        "night:",
        "for",
        "his",
        "mercy",
        "*endureth",
        "for",
        "ever."
      ],
      "info": ""
    },
    {
      "verse": 10,
      "text": [
        "To",
        "him",
        "that",
        "smote",
        "Egypt",
        "in",
        "their",
        "firstborn:",
        "for",
        "his",
        "mercy",
        "*endureth",
        "for",
        "ever:"
      ],
      "info": ""
    },
    {
      "verse": 11,
      "text": [
        "And",
        "brought",
        "out",
        "Israel",
        "from",
        "among",
        "them:",
        "for",
        "his",
        "mercy",
        "*endureth",
        "for",
        "ever:"
      ],
      "info": ""
    },
    {
      "verse": 12,
      "text": [
        "With",
        "a",
        "strong",
        "hand,",
        "and",
        "with",
        "a",
        "stretched",
        "out",
        "arm:",
        "for",
        "his",
        "mercy",
        "*endureth",
        "for",
        "ever."
      ],
      "info": ""
    },
    {
      "verse": 13,
      "text": [
        "To",
        "him",
        "which",
        "divided",
        "the",
        "Red",
        "sea",
        "into",
        "parts:",
        "for",
        "his",
        "mercy",
        "*endureth",
        "for",
        "ever:"
      ],
      "info": ""
    },
    {
      "verse": 14,
      "text": [
        "And",
        "made",
        "Israel",
        "to",
        "pass",
        "through",
        "the",
        "midst",
        "of",
        "it:",
        "for",
        "his",
        "mercy",
        "*endureth",
        "for",
        "ever:"
      ],
      "info": ""
    },
    {
      "verse": 15,
      "text": [
        "But",
        "overthrew",
        "Pharaoh",
        "and",
        "his",
        "host",
        "in",
        "the",
        "Red",
        "sea:",
        "for",
        "his",
        "mercy",
        "*endureth",
        "for",
        "ever."
      ],
      "info": ""
    },
    {
      "verse": 16,
      "text": [
        "To",
        "him",
        "which",
        "led",
        "his",
        "people",
        "through",
        "the",
        "wilderness:",
        "for",
        "his",
        "mercy",
        "*endureth",
        "for",
        "ever."
      ],
      "info": ""
    },
    {
      "verse": 17,
      "text": [
        "To",
        "him",
        "which",
        "smote",
        "great",
        "kings:",
        "for",
        "his",
        "mercy",
        "*endureth",
        "for",
        "ever:"
      ],
      "info": ""
    },
    {
      "verse": 18,
      "text": [
        "And",
        "slew",
        "famous",
        "kings:",
        "for",
        "his",
        "mercy",
        "*endureth",
        "for",
        "ever:"
      ],
      "info": ""
    },
    {
      "verse": 19,
      "text": [
        "Sihon",
        "king",
        "of",
        "the",
        "Amorites:",
        "for",
        "his",
        "mercy",
        "*endureth",
        "for",
        "ever:"
      ],
      "info": ""
    },
    {
      "verse": 20,
      "text": [
        "And",
        "Og",
        "the",
        "king",
        "of",
        "Bashan:",
        "for",
        "his",
        "mercy",
        "*endureth",
        "for",
        "ever:"
      ],
      "info": ""
    },
    {
      "verse": 21,
      "text": [
        "And",
        "gave",
        "their",
        "land",
        "for",
        "an",
        "heritage:",
        "for",
        "his",
        "mercy",
        "*endureth",
        "for",
        "ever:"
      ],
      "info": ""
    },
    {
      "verse": 22,
      "text": [
        "*Even",
        "an",
        "heritage",
        "unto",
        "Israel",
        "his",
        "servant:",
        "for",
        "his",
        "mercy",
        "*endureth",
        "for",
        "ever."
      ],
      "info": ""
    },
    {
      "verse": 23,
      "text": [
        "Who",
        "remembered",
        "us",
        "in",
        "our",
        "low",
        "estate:",
        "for",
        "his",
        "mercy",
        "*endureth",
        "for",
        "ever:"
      ],
      "info": ""
    },
    {
      "verse": 24,
      "text": [
        "And",
        "hath",
        "redeemed",
        "us",
        "from",
        "our",
        "enemies:",
        "for",
        "his",
        "mercy",
        "*endureth",
        "for",
        "ever."
      ],
      "info": ""
    },
    {
      "verse": 25,
      "text": [
        "Who",
        "giveth",
        "food",
        "to",
        "all",
        "flesh:",
        "for",
        "his",
        "mercy",
        "*endureth",
        "for",
        "ever."
      ],
      "info": ""
    },
    {
      "verse": 26,
      "text": [
        "O",
        "give",
        "thanks",
        "unto",
        "the",
        "God",
        "of",
        "heaven:",
        "for",
        "his",
        "mercy",
        "*endureth",
        "for",
        "ever."
      ],
      "info": ""
    }
  ]
}