{
  "book_id": "PSA",
  "book_name": "Psalms",
  "chapter": 137,
  "header": "",
  "footer": "",
  "language": "English",
  "verses": [
    {
      "verse": 1,
      "text": [
        "By",
        "the",
        "rivers",
        "of",
        "Babylon,",
        "there",
        "we",
        "sat",
        "down,",
        "yea,",
        "we",
        "wept,",
        "when",
        "we",
        "remembered",
        "Zion."
      ],
      "info": ""
    },
    {
      "verse": 2,
      "text": [
        "We",
        "hanged",
        "our",
        "harps",
        "upon",
        "the",
        "willows",
        "in",
        "the",
        "midst",
        "thereof."
      ],
      "info": ""
    },
    {
      "verse": 3,
      "text": [
        "For",
        "there",
        "they",
        "that",
        "carried",
        "us",
        "away",
        "captive",
        "required",
        "of",
        "us",
        "a",
        "song;",
        "and",
        "they",
        "that",
        "wasted",
        "us",
        "*required",
        "*of",
        "*us",
        "mirth,",
        "*saying,",
        "Sing",
        "us",
        "*one",
        "of",
        "the",
        "songs",
        "of",
        "Zion."
      ],
      "info": ""
    },
    {
      "verse": 4,
      "text": [
        "How",
        "shall",
        "we",
        "sing",
        "the",
        "LORD'S",
        "song",
        "in",
        "a",
        "strange",
        "land?"
      ],
      "info": ""
    },
    {
      "verse": 5,
      "text": [
        "If",
        "I",
        "forget",
        "thee,",
        "O",
        "Jerusalem,",
        "let",
        "my",
        "right",
        "hand",
        "forget",
        "*her",
        "*cunning."
      ],
      "info": ""
    },
    {
      "verse": 6,
      "text": [
        "If",
        "I",
        "do",
        "not",
        "remember",
        "thee,",
        "let",
        "my",
        "tongue",
        "cleave",
        "to",
        "the",
        "roof",
        "of",
        "my",
        "mouth;",
        "if",
        "I",
        "prefer",
        "not",
        "Jerusalem",
        "above",
        "my",
        "chief",
        "joy."
      ],
      "info": ""
    },
    {
      "verse": 7,
      "text": [
        "Remember,",
        "O",
        "LORD,",
        "the",
        "children",
        "of",
        "Edom",
        "in",
        "the",
        "day",
        "of",
        "Jerusalem;",
        "who",
        "said,",
        "Rase",
        "*it,",
        "rase",
        "*it,",
        "*even",
        "to",
        "the",
        "foundation",
        "thereof."
      ],
      "info": ""
    },
    {
      "verse": 8,
      "text": [
        "O",
        "daughter",
        "of",
        "Babylon,",
        "who",
        "art",
        "to",
        "be",
        "destroyed;",
        "happy",
        "*shall",
        "*he",
        "*be,",
        "that",
        "rewardeth",
        "thee",
        "as",
        "thou",
        "hast",
        "served",
        "us."
      ],
      "info": ""
    },
    {
      "verse": 9,
      "text": [
        "Happy",
        "*shall",
        "*he",
        "*be,",
        "that",
        "taketh",
        "and",
        "dasheth",
        "thy",
        "little",
        "ones",
        "against",
        "the",
        "stones."
      ],
      "info": ""
    }
  ]
}