{
  "book_id": "PSA",
  "book_name": "Psalms",
  "chapter": 138,
  "header": "",
  "footer": "",
  "language": "English",
  "verses": [
    {
      "verse": 1,
      "text": [
        "(*A",
        "*Psalm",
        "of",
        "David.)",
        "I",
        "will",
        "praise",
        "thee",
        "with",
        "my",
        "whole",
        "heart:",
        "before",
        "the",
        "gods",
        "will",
        "I",
        "sing",
        "praise",
        "unto",
        "thee."
      ],
      "info": ""
    },
    {
      "verse": 2,
      "text": [
        "I",
        "will",
        "worship",
        "toward",
        "thy",
        "holy",
        "temple,",
        "and",
        "praise",
        "thy",
        "name",
        "for",
        "thy",
        "lovingkindness",
        "and",
        "for",
        "thy",
        "truth:",
        "for",
        "thou",
        "hast",
        "magnified",
        "thy",
        "word",
        "above",
        "all",
        "thy",
        "name."
      ],
      "info": ""
    },
    {
      "verse": 3,
      "text": [
        "In",
        "the",
        "day",
        "when",
        "I",
        "cried",
        "thou",
        "answeredst",
        "me,",
        "*and",
        "strengthenedst",
        "me",
        "*with",
        "strength",
        "in",
        "my",
        "soul."
      ],
      "info": ""
    },
    {
      "verse": 4,
      "text": [
        "All",
        "the",
        "kings",
        "of",
        "the",
        "earth",
        "shall",
        "praise",
        "thee,",
        "O",
        "LORD,",
        "when",
        "they",
        "hear",
        "the",
        "words",
        "of",
        "thy",
        "mouth."
      ],
      "info": ""
    },
    {
      "verse": 5,
      "text": [
        "Yea,",
        "they",
        "shall",
        "sing",
        "in",
        "the",
        "ways",
        "of",
        "the",
        "LORD:",
        "for",
        "great",
        "*is",
        "the",
        "glory",
        "of",
        "the",
        "LORD."
      ],
      "info": ""
    },
    {
      "verse": 6,
      "text": [
        "Though",
        "the",
        "LORD",
        "*be",
        "high,",
        "yet",
        "hath",
        "he",
        "respect",
        "unto",
        "the",
        "lowly:",
        "but",
        "the",
        "proud",
        "he",
        "knoweth",
        "afar",
        "off."
      ],
      "info": ""
    },
    {
      "verse": 7,
      "text": [
        "Though",
        "I",
        "walk",
        "in",
        "the",
        "midst",
        "of",
        "trouble,",
        "thou",
        "wilt",
        "revive",
        "me:",
        "thou",
        "shalt",
        "stretch",
        "forth",
        "thine",
        "hand",
        "against",
        "the",
        "wrath",
        "of",
        "mine",
        "enemies,",
        "and",
        "thy",
        "right",
        "hand",
        "shall",
        "save",
        "me."
      ],
      "info": ""
    },
    {
      "verse": 8,
      "text": [
        "The",
        "LORD",
        "will",
        "perfect",
        "*that",
        "*which",
        "concerneth",
        "me:",
        "thy",
        "mercy,",
        "O",
        "LORD,",
        "*endureth",
        "for",
        "ever:",
        "forsake",
        "not",
        "the",
        "works",
        "of",
        "thine",
        "own",
        "hands."
      ],
      "info": ""
    }
  ]
}