{
  "book_id": "PSA",
  "book_name": "Psalms",
  "chapter": 139,
  "header": "",
  "footer": "",
  "language": "English",
  "verses": [
    {
      "verse": 1,
      "text": [
        "(To",
        "the",
        "chief",
        "Musician,",
        "A",
        "Psalm",
        "of",
        "David.)",
        "O",
        "LORD,",
        "thou",
        "hast",
        "searched",
        "me,",
        "and",
        "known",
        "*me."
      ],
      "info": ""
    },
    {
      "verse": 2,
      "text": [
        "Thou",
        "knowest",
        "my",
        "downsitting",
        "and",
        "mine",
        "uprising,",
        "thou",
        "understandest",
        "my",
        "thought",
        "afar",
        "off."
      ],
      "info": ""
    },
    {
      "verse": 3,
      "text": [
        "Thou",
        "compassest",
        "my",
        "path",
        "and",
        "my",
        "lying",
        "down,",
        "and",
        "art",
        "acquainted",
        "*with",
        "all",
        "my",
        "ways."
      ],
      "info": ""
    },
    {
      "verse": 4,
      "text": [
        "For",
        "*there",
        "*is",
        "not",
        "a",
        "word",
        "in",
        "my",
        "tongue,",
        "*but,",
        "lo,",
        "O",
        "LORD,",
        "thou",
        "knowest",
        "it",
        "altogether."
      ],
      "info": ""
    },
    {
      "verse": 5,
      "text": [
        "Thou",
        "hast",
        "beset",
        "me",
        "behind",
        "and",
        "before,",
        "and",
        "laid",
        "thine",
        "hand",
        "upon",
        "me."
      ],
      "info": ""
    },
    {
      "verse": 6,
      "text": [
        "*Such",
        "knowledge",
        "*is",
        "too",
        "wonderful",
        "for",
        "me;",
        "it",
        "is",
        "high,",
        "I",
        "cannot",
        "*attain",
        "unto",
        "it."
      ],
      "info": ""
    },
    {
      "verse": 7,
      "text": [
        "Whither",
        "shall",
        "I",
        "go",
        "from",
        "thy",
        "spirit?",
        "or",
        "whither",
        "shall",
        "I",
        "flee",
        "from",
        "thy",
        "presence?"
      ],
      "info": ""
    },
    {
      "verse": 8,
      "text": [
        "If",
        "I",
        "ascend",
        "up",
        "into",
        "heaven,",
        "thou",
        "*art",
        "there:",
        "if",
        "I",
        "make",
        "my",
        "bed",
        "in",
        "hell,",
        "behold,",
        "thou",
        "*art",
        "*there."
      ],
      "info": ""
    },
    {
      "verse": 9,
      "text": [
        "*If",
        "I",
        "take",
        "the",
        "wings",
        "of",
        "the",
        "morning,",
        "*and",
        "dwell",
        "in",
        "the",
        "uttermost",
        "parts",
        "of",
        "the",
        "sea;"
      ],
      "info": ""
    },
    {
      "verse": 10,
      "text": [
        "Even",
        "there",
        "shall",
        "thy",
        "hand",
        "lead",
        "me,",
        "and",
        "thy",
        "right",
        "hand",
        "shall",
        "hold",
        "me."
      ],
      "info": ""
    },
    {
      "verse": 11,
      "text": [
        "If",
        "I",
        "say,",
        "Surely",
        "the",
        "darkness",
        "shall",
        "cover",
        "me;",
        "even",
        "the",
        "night",
        "shall",
        "be",
        "light",
        "about",
        "me."
      ],
      "info": ""
    },
    {
      "verse": 12,
      "text": [
        "Yea,",
        "the",
        "darkness",
        "hideth",
        "not",
        "from",
        "thee;",
        "but",
        "the",
        "night",
        "shineth",
        "as",
        "the",
        "day:",
        "the",
        "darkness",
        "and",
        "the",
        "light",
        "*are",
        "both",
        "alike",
        "*to",
        "*thee."
      ],
      "info": ""
    },
    {
      "verse": 13,
      "text": [
        "For",
        "thou",
        "hast",
        "possessed",
        "my",
        "reins:",
        "thou",
        "hast",
        "covered",
        "me",
        "in",
        "my",
        "mother's",
        "womb."
      ],
      "info": ""
    },
    {
      "verse": 14,
      "text": [
        "I",
        "will",
        "praise",
        "thee;",
        "for",
        "I",
        "am",
        "fearfully",
        "*and",
        "wonderfully",
        "made:",
        "marvellous",
        "*are",
        "thy",
        "works;",
        "and",
        "*that",
        "my",
        "soul",
        "knoweth",
        "right",
        "well."
      ],
      "info": ""
    },
    {
      "verse": 15,
      "text": [
        "My",
        "substance",
        "was",
        "not",
        "hid",
        "from",
        "thee,",
        "when",
        "I",
        "was",
        "made",
        "in",
        "secret,",
        "*and",
        "curiously",
        "wrought",
        "in",
        "the",
        "lowest",
        "parts",
        "of",
        "the",
        "earth."
      ],
      "info": ""
    },
    {
      "verse": 16,
      "text": [
        "Thine",
        "eyes",
        "did",
        "see",
        "my",
        "substance,",
        "yet",
        "being",
        "unperfect;",
        "and",
        "in",
        "thy",
        "book",
        "all",
        "*my",
        "*members",
        "were",
        "written,",
        "*which",
        "in",
        "continuance",
        "were",
        "fashioned,",
        "when",
        "*as",
        "*yet",
        "*there",
        "*was",
        "none",
        "of",
        "them."
      ],
      "info": ""
    },
    {
      "verse": 17,
      "text": [
        "How",
        "precious",
        "also",
        "are",
        "thy",
        "thoughts",
        "unto",
        "me,",
        "O",
        "God!",
        "how",
        "great",
        "is",
        "the",
        "sum",
        "of",
        "them!"
      ],
      "info": ""
    },
    {
      "verse": 18,
      "text": [
        "*If",
        "I",
        "should",
        "count",
        "them,",
        "they",
        "are",
        "more",
        "in",
        "number",
        "than",
        "the",
        "sand:",
        "when",
        "I",
        "awake,",
        "I",
        "am",
        "still",
        "with",
        "thee."
      ],
      "info": ""
    },
    {
      "verse": 19,
      "text": [
        "Surely",
        "thou",
        "wilt",
        "slay",
        "the",
        "wicked,",
        "O",
        "God:",
        "depart",
        "from",
        "me",
        "therefore,",
        "ye",
        "bloody",
        "men."
      ],
      "info": ""
    },
    {
      "verse": 20,
      "text": [
        "For",
        "they",
        "speak",
        "against",
        "thee",
        "wickedly,",
        "*and",
        "thine",
        "enemies",
        "take",
        "*thy",
        "*name",
        "in",
        "vain."
      ],
      "info": ""
    },
    {
      "verse": 21,
      "text": [
        "Do",
        "not",
        "I",
        "hate",
        "them,",
        "O",
        "LORD,",
        "that",
        "hate",
        "thee?",
        "and",
        "am",
        "not",
        "I",
        "grieved",
        "with",
        "those",
        "that",
        "rise",
        "up",
        "against",
        "thee?"
      ],
      "info": ""
    },
    {
      "verse": 22,
      "text": [
        "I",
        "hate",
        "them",
        "with",
        "perfect",
        "hatred:",
        "I",
        "count",
        "them",
        "mine",
        "enemies."
      ],
      "info": ""
    },
    {
      "verse": 23,
      "text": [
        "Search",
        "me,",
        "O",
        "God,",
        "and",
        "know",
        "my",
        "heart:",
        "try",
        "me,",
        "and",
        "know",
        "my",
        "thoughts:"
      ],
      "info": ""
    },
    {
      "verse": 24,
      "text": [
        "And",
        "see",
        "if",
        "*there",
        "*be",
        "*any",
        "wicked",
        "way",
        "in",
        "me,",
        "and",
        "lead",
        "me",
        "in",
        "the",
        "way",
        "everlasting."
      ],
      "info": ""
    }
  ]
}