{
  "book_id": "PSA",
  "book_name": "Psalms",
  "chapter": 14,
  "header": "",
  "footer": "",
  "language": "English",
  "verses": [
    {
      "verse": 1,
      "text": [
        "(To",
        "the",
        "chief",
        "Musician,",
        "*A",
        "*Psalm",
        "of",
        "David.)",
        "The",
        "fool",
        "hath",
        "said",
        "in",
        "his",
        "heart,",
        "*There",
        "*is",
        "no",
        "God.",
        "They",
        "are",
        "corrupt,",
        "they",
        "have",
        "done",
        "abominable",
        "works,",
        "*there",
        "*is",
        "none",
        "that",
        "doeth",
        "good."
      ],
      "info": ""
    },
    {
      "verse": 2,
      "text": [
        "The",
        "LORD",
        "looked",
        "down",
        "from",
        "heaven",
        "upon",
        "the",
        "children",
        "of",
        "men,",
        "to",
        "see",
        "if",
        "there",
        "were",
        "any",
        "that",
        "did",
        "understand,",
        "*and",
        "seek",
        "God."
      ],
      "info": ""
    },
    {
      "verse": 3,
      "text": [
        "They",
        "are",
        "all",
        "gone",
        "aside,",
        "they",
        "are",
        "*all",
        "together",
        "become",
        "filthy:",
        "*there",
        "*is",
        "none",
        "that",
        "doeth",
        "good,",
        "no,",
        "not",
        "one."
      ],
      "info": ""
    },
    {
      "verse": 4,
      "text": [
        "Have",
        "all",
        "the",
        "workers",
        "of",
        "iniquity",
        "no",
        "knowledge?",
        "who",
        "eat",
        "up",
        "my",
        "people",
        "*as",
        "they",
        "eat",
        "bread,",
        "and",
        "call",
        "not",
        "upon",
        "the",
        "LORD."
      ],
      "info": ""
    },
    {
      "verse": 5,
      "text": [
        "There",
        "were",
        "they",
        "in",
        "great",
        "fear:",
        "for",
        "God",
        "*is",
        "in",
        "the",
        "generation",
        "of",
        "the",
        "righteous."
      ],
      "info": ""
    },
    {
      "verse": 6,
      "text": [
        "Ye",
        "have",
        "shamed",
        "the",
        "counsel",
        "of",
        "the",
        "poor,",
        "because",
        "the",
        "LORD",
        "*is",
        "his",
        "refuge."
      ],
      "info": ""
    },
    {
      "verse": 7,
      "text": [
        "Oh",
        "that",
        "the",
        "salvation",
        "of",
        "Israel",
        "*were",
        "*come",
        "out",
        "of",
        "Zion!",
        "when",
        "the",
        "LORD",
        "bringeth",
        "back",
        "the",
        "captivity",
        "of",
        "his",
        "people,",
        "Jacob",
        "shall",
        "rejoice,",
        "*and",
        "Israel",
        "shall",
        "be",
        "glad."
      ],
      "info": ""
    }
  ]
}