{
  "book_id": "PSA",
  "book_name": "Psalms",
  "chapter": 142,
  "header": "",
  "footer": "",
  "language": "English",
  "verses": [
    {
      "verse": 1,
      "text": [
        "(Maschil",
        "of",
        "David;",
        "A",
        "Prayer",
        "when",
        "he",
        "was",
        "in",
        "the",
        "cave.)",
        "I",
        "cried",
        "unto",
        "the",
        "LORD",
        "with",
        "my",
        "voice;",
        "with",
        "my",
        "voice",
        "unto",
        "the",
        "LORD",
        "did",
        "I",
        "make",
        "my",
        "supplication."
      ],
      "info": ""
    },
    {
      "verse": 2,
      "text": [
        "I",
        "poured",
        "out",
        "my",
        "complaint",
        "before",
        "him;",
        "I",
        "shewed",
        "before",
        "him",
        "my",
        "trouble."
      ],
      "info": ""
    },
    {
      "verse": 3,
      "text": [
        "When",
        "my",
        "spirit",
        "was",
        "overwhelmed",
        "within",
        "me,",
        "then",
        "thou",
        "knewest",
        "my",
        "path.",
        "In",
        "the",
        "way",
        "wherein",
        "I",
        "walked",
        "have",
        "they",
        "privily",
        "laid",
        "a",
        "snare",
        "for",
        "me."
      ],
      "info": ""
    },
    {
      "verse": 4,
      "text": [
        "I",
        "looked",
        "on",
        "*my",
        "right",
        "hand,",
        "and",
        "beheld,",
        "but",
        "*there",
        "*was",
        "no",
        "man",
        "that",
        "would",
        "know",
        "me:",
        "refuge",
        "failed",
        "me;",
        "no",
        "man",
        "cared",
        "for",
        "my",
        "soul."
      ],
      "info": ""
    },
    {
      "verse": 5,
      "text": [
        "I",
        "cried",
        "unto",
        "thee,",
        "O",
        "LORD:",
        "I",
        "said,",
        "Thou",
        "*art",
        "my",
        "refuge",
        "*and",
        "my",
        "portion",
        "in",
        "the",
        "land",
        "of",
        "the",
        "living."
      ],
      "info": ""
    },
    {
      "verse": 6,
      "text": [
        "Attend",
        "unto",
        "my",
        "cry;",
        "for",
        "I",
        "am",
        "brought",
        "very",
        "low:",
        "deliver",
        "me",
        "from",
        "my",
        "persecutors;",
        "for",
        "they",
        "are",
        "stronger",
        "than",
        "I."
      ],
      "info": ""
    },
    {
      "verse": 7,
      "text": [
        "Bring",
        "my",
        "soul",
        "out",
        "of",
        "prison,",
        "that",
        "I",
        "may",
        "praise",
        "thy",
        "name:",
        "the",
        "righteous",
        "shall",
        "compass",
        "me",
        "about;",
        "for",
        "thou",
        "shalt",
        "deal",
        "bountifully",
        "with",
        "me."
      ],
      "info": ""
    }
  ]
}