{
  "book_id": "PSA",
  "book_name": "Psalms",
  "chapter": 148,
  "header": "",
  "footer": "",
  "language": "English",
  "verses": [
    {
      "verse": 1,
      "text": [
        "Praise",
        "ye",
        "the",
        "LORD.",
        "Praise",
        "ye",
        "the",
        "LORD",
        "from",
        "the",
        "heavens:",
        "praise",
        "him",
        "in",
        "the",
        "heights."
      ],
      "info": ""
    },
    {
      "verse": 2,
      "text": [
        "Praise",
        "ye",
        "him,",
        "all",
        "his",
        "angels:",
        "praise",
        "ye",
        "him,",
        "all",
        "his",
        "hosts."
      ],
      "info": ""
    },
    {
      "verse": 3,
      "text": [
        "Praise",
        "ye",
        "him,",
        "sun",
        "and",
        "moon:",
        "praise",
        "him,",
        "all",
        "ye",
        "stars",
        "of",
        "light."
      ],
      "info": ""
    },
    {
      "verse": 4,
      "text": [
        "Praise",
        "him,",
        "ye",
        "heavens",
        "of",
        "heavens,",
        "and",
        "ye",
        "waters",
        "that",
        "*be",
        "above",
        "the",
        "heavens."
      ],
      "info": ""
    },
    {
      "verse": 5,
      "text": [
        "Let",
        "them",
        "praise",
        "the",
        "name",
        "of",
        "the",
        "LORD:",
        "for",
        "he",
        "commanded,",
        "and",
        "they",
        "were",
        "created."
      ],
      "info": ""
    },
    {
      "verse": 6,
      "text": [
        "He",
        "hath",
        "also",
        "stablished",
        "them",
        "for",
        "ever",
        "and",
        "ever:",
        "he",
        "hath",
        "made",
        "a",
        "decree",
        "which",
        "shall",
        "not",
        "pass."
      ],
      "info": ""
    },
    {
      "verse": 7,
      "text": [
        "Praise",
        "the",
        "LORD",
        "from",
        "the",
        "earth,",
        "ye",
        "dragons,",
        "and",
        "all",
        "deeps:"
      ],
      "info": ""
    },
    {
      "verse": 8,
      "text": [
        "Fire,",
        "and",
        "hail;",
        "snow,",
        "and",
        "vapour;",
        "stormy",
        "wind",
        "fulfilling",
        "his",
        "word:"
      ],
      "info": ""
    },
    {
      "verse": 9,
      "text": [
        "Mountains,",
        "and",
        "all",
        "hills;",
        "fruitful",
        "trees,",
        "and",
        "all",
        "cedars:"
      ],
      "info": ""
    },
    {
      "verse": 10,
      "text": [
        "Beasts,",
        "and",
        "all",
        "cattle;",
        "creeping",
        "things,",
        "and",
        "flying",
        "fowl:"
      ],
      "info": ""
    },
    {
      "verse": 11,
      "text": [
        "Kings",
        "of",
        "the",
        "earth,",
        "and",
        "all",
        "people;",
        "princes,",
        "and",
        "all",
        "judges",
        "of",
        "the",
        "earth:"
      ],
      "info": ""
    },
    {
      "verse": 12,
      "text": [
        "Both",
        "young",
        "men,",
        "and",
        "maidens;",
        "old",
        "men,",
        "and",
        "children:"
      ],
      "info": ""
    },
    {
      "verse": 13,
      "text": [
        "Let",
        "them",
        "praise",
        "the",
        "name",
        "of",
        "the",
        "LORD:",
        "for",
        "his",
        "name",
        "alone",
        "is",
        "excellent;",
        "his",
        "glory",
        "*is",
        "above",
        "the",
        "earth",
        "and",
        "heaven."
      ],
      "info": ""
    },
    {
      "verse": 14,
      "text": [
        "He",
        "also",
        "exalteth",
        "the",
        "horn",
        "of",
        "his",
        "people,",
        "the",
        "praise",
        "of",
        "all",
        "his",
        "saints;",
        "*even",
        "of",
        "the",
        "children",
        "of",
        "Israel,",
        "a",
        "people",
        "near",
        "unto",
        "him.",
        "Praise",
        "ye",
        "the",
        "LORD."
      ],
      "info": ""
    }
  ]
}