{
  "book_id": "PSA",
  "book_name": "Psalms",
  "chapter": 21,
  "header": "",
  "footer": "",
  "language": "English",
  "verses": [
    {
      "verse": 1,
      "text": [
        "(To",
        "the",
        "chief",
        "Musician,",
        "A",
        "Psalm",
        "of",
        "David.)",
        "The",
        "king",
        "shall",
        "joy",
        "in",
        "thy",
        "strength,",
        "O",
        "LORD;",
        "and",
        "in",
        "thy",
        "salvation",
        "how",
        "greatly",
        "shall",
        "he",
        "rejoice!"
      ],
      "info": ""
    },
    {
      "verse": 2,
      "text": [
        "Thou",
        "hast",
        "given",
        "him",
        "his",
        "heart's",
        "desire,",
        "and",
        "hast",
        "not",
        "withholden",
        "the",
        "request",
        "of",
        "his",
        "lips.",
        "Selah."
      ],
      "info": ""
    },
    {
      "verse": 3,
      "text": [
        "For",
        "thou",
        "preventest",
        "him",
        "with",
        "the",
        "blessings",
        "of",
        "goodness:",
        "thou",
        "settest",
        "a",
        "crown",
        "of",
        "pure",
        "gold",
        "on",
        "his",
        "head."
      ],
      "info": ""
    },
    {
      "verse": 4,
      "text": [
        "He",
        "asked",
        "life",
        "of",
        "thee,",
        "*and",
        "thou",
        "gavest",
        "*it",
        "him,",
        "*even",
        "length",
        "of",
        "days",
        "for",
        "ever",
        "and",
        "ever."
      ],
      "info": ""
    },
    {
      "verse": 5,
      "text": [
        "His",
        "glory",
        "*is",
        "great",
        "in",
        "thy",
        "salvation:",
        "honour",
        "and",
        "majesty",
        "hast",
        "thou",
        "laid",
        "upon",
        "him."
      ],
      "info": ""
    },
    {
      "verse": 6,
      "text": [
        "For",
        "thou",
        "hast",
        "made",
        "him",
        "most",
        "blessed",
        "for",
        "ever:",
        "thou",
        "hast",
        "made",
        "him",
        "exceeding",
        "glad",
        "with",
        "thy",
        "countenance."
      ],
      "info": ""
    },
    {
      "verse": 7,
      "text": [
        "For",
        "the",
        "king",
        "trusteth",
        "in",
        "the",
        "LORD,",
        "and",
        "through",
        "the",
        "mercy",
        "of",
        "the",
        "most",
        "High",
        "he",
        "shall",
        "not",
        "be",
        "moved."
      ],
      "info": ""
    },
    {
      "verse": 8,
      "text": [
        "Thine",
        "hand",
        "shall",
        "find",
        "out",
        "all",
        "thine",
        "enemies:",
        "thy",
        "right",
        "hand",
        "shall",
        "find",
        "out",
        "those",
        "that",
        "hate",
        "thee."
      ],
      "info": ""
    },
    {
      "verse": 9,
      "text": [
        "Thou",
        "shalt",
        "make",
        "them",
        "as",
        "a",
        "fiery",
        "oven",
        "in",
        "the",
        "time",
        "of",
        "thine",
        "anger:",
        "the",
        "LORD",
        "shall",
        "swallow",
        "them",
        "up",
        "in",
        "his",
        "wrath,",
        "and",
        "the",
        "fire",
        "shall",
        "devour",
        "them."
      ],
      "info": ""
    },
    {
      "verse": 10,
      "text": [
        "Their",
        "fruit",
        "shalt",
        "thou",
        "destroy",
        "from",
        "the",
        "earth,",
        "and",
        "their",
        "seed",
        "from",
        "among",
        "the",
        "children",
        "of",
        "men."
      ],
      "info": ""
    },
    {
      "verse": 11,
      "text": [
        "For",
        "they",
        "intended",
        "evil",
        "against",
        "thee:",
        "they",
        "imagined",
        "a",
        "mischievous",
        "device,",
        "*which",
        "they",
        "are",
        "not",
        "able",
        "*to",
        "*perform."
      ],
      "info": ""
    },
    {
      "verse": 12,
      "text": [
        "Therefore",
        "shalt",
        "thou",
        "make",
        "them",
        "turn",
        "their",
        "back,",
        "*when",
        "thou",
        "shalt",
        "make",
        "ready",
        "*thine",
        "*arrows",
        "upon",
        "thy",
        "strings",
        "against",
        "the",
        "face",
        "of",
        "them."
      ],
      "info": ""
    },
    {
      "verse": 13,
      "text": [
        "Be",
        "thou",
        "exalted,",
        "LORD,",
        "in",
        "thine",
        "own",
        "strength:",
        "*so",
        "will",
        "we",
        "sing",
        "and",
        "praise",
        "thy",
        "power."
      ],
      "info": ""
    }
  ]
}