{
  "book_id": "PSA",
  "book_name": "Psalms",
  "chapter": 22,
  "header": "",
  "footer": "",
  "language": "English",
  "verses": [
    {
      "verse": 1,
      "text": [
        "(To",
        "the",
        "chief",
        "Musician",
        "upon",
        "Aijeleth",
        "Shahar,",
        "A",
        "Psalm",
        "of",
        "David.)",
        "My",
        "God,",
        "my",
        "God,",
        "why",
        "hast",
        "thou",
        "forsaken",
        "me?",
        "*why",
        "*art",
        "*thou",
        "*so",
        "far",
        "from",
        "helping",
        "me,",
        "*and",
        "*from",
        "the",
        "words",
        "of",
        "my",
        "roaring?"
      ],
      "info": ""
    },
    {
      "verse": 2,
      "text": [
        "O",
        "my",
        "God,",
        "I",
        "cry",
        "in",
        "the",
        "daytime,",
        "but",
        "thou",
        "hearest",
        "not;",
        "and",
        "in",
        "the",
        "night",
        "season,",
        "and",
        "am",
        "not",
        "silent."
      ],
      "info": ""
    },
    {
      "verse": 3,
      "text": [
        "But",
        "thou",
        "*art",
        "holy,",
        "*O",
        "*thou",
        "that",
        "inhabitest",
        "the",
        "praises",
        "of",
        "Israel."
      ],
      "info": ""
    },
    {
      "verse": 4,
      "text": [
        "Our",
        "fathers",
        "trusted",
        "in",
        "thee:",
        "they",
        "trusted,",
        "and",
        "thou",
        "didst",
        "deliver",
        "them."
      ],
      "info": ""
    },
    {
      "verse": 5,
      "text": [
        "They",
        "cried",
        "unto",
        "thee,",
        "and",
        "were",
        "delivered:",
        "they",
        "trusted",
        "in",
        "thee,",
        "and",
        "were",
        "not",
        "confounded."
      ],
      "info": ""
    },
    {
      "verse": 6,
      "text": [
        "But",
        "I",
        "*am",
        "a",
        "worm,",
        "and",
        "no",
        "man;",
        "a",
        "reproach",
        "of",
        "men,",
        "and",
        "despised",
        "of",
        "the",
        "people."
      ],
      "info": ""
    },
    {
      "verse": 7,
      "text": [
        "All",
        "they",
        "that",
        "see",
        "me",
        "laugh",
        "me",
        "to",
        "scorn:",
        "they",
        "shoot",
        "out",
        "the",
        "lip,",
        "they",
        "shake",
        "the",
        "head,",
        "*saying,"
      ],
      "info": ""
    },
    {
      "verse": 8,
      "text": [
        "He",
        "trusted",
        "on",
        "the",
        "LORD",
        "*that",
        "he",
        "would",
        "deliver",
        "him:",
        "let",
        "him",
        "deliver",
        "him,",
        "seeing",
        "he",
        "delighted",
        "in",
        "him."
      ],
      "info": ""
    },
    {
      "verse": 9,
      "text": [
        "But",
        "thou",
        "*art",
        "he",
        "that",
        "took",
        "me",
        "out",
        "of",
        "the",
        "womb:",
        "thou",
        "didst",
        "make",
        "me",
        "hope",
        "*when",
        "*I",
        "*was",
        "upon",
        "my",
        "mother's",
        "breasts."
      ],
      "info": ""
    },
    {
      "verse": 10,
      "text": [
        "I",
        "was",
        "cast",
        "upon",
        "thee",
        "from",
        "the",
        "womb:",
        "thou",
        "*art",
        "my",
        "God",
        "from",
        "my",
        "mother's",
        "belly."
      ],
      "info": ""
    },
    {
      "verse": 11,
      "text": [
        "Be",
        "not",
        "far",
        "from",
        "me;",
        "for",
        "trouble",
        "*is",
        "near;",
        "for",
        "*there",
        "*is",
        "none",
        "to",
        "help."
      ],
      "info": ""
    },
    {
      "verse": 12,
      "text": [
        "Many",
        "bulls",
        "have",
        "compassed",
        "me:",
        "strong",
        "*bulls",
        "of",
        "Bashan",
        "have",
        "beset",
        "me",
        "round."
      ],
      "info": ""
    },
    {
      "verse": 13,
      "text": [
        "They",
        "gaped",
        "upon",
        "me",
        "*with",
        "their",
        "mouths,",
        "*as",
        "a",
        "ravening",
        "and",
        "a",
        "roaring",
        "lion."
      ],
      "info": ""
    },
    {
      "verse": 14,
      "text": [
        "I",
        "am",
        "poured",
        "out",
        "like",
        "water,",
        "and",
        "all",
        "my",
        "bones",
        "are",
        "out",
        "of",
        "joint:",
        "my",
        "heart",
        "is",
        "like",
        "wax;",
        "it",
        "is",
        "melted",
        "in",
        "the",
        "midst",
        "of",
        "my",
        "bowels."
      ],
      "info": ""
    },
    {
      "verse": 15,
      "text": [
        "My",
        "strength",
        "is",
        "dried",
        "up",
        "like",
        "a",
        "potsherd;",
        "and",
        "my",
        "tongue",
        "cleaveth",
        "to",
        "my",
        "jaws;",
        "and",
        "thou",
        "hast",
        "brought",
        "me",
        "into",
        "the",
        "dust",
        "of",
        "death."
      ],
      "info": ""
    },
    {
      "verse": 16,
      "text": [
        "For",
        "dogs",
        "have",
        "compassed",
        "me:",
        "the",
        "assembly",
        "of",
        "the",
        "wicked",
        "have",
        "inclosed",
        "me:",
        "they",
        "pierced",
        "my",
        "hands",
        "and",
        "my",
        "feet."
      ],
      "info": ""
    },
    {
      "verse": 17,
      "text": [
        "I",
        "may",
        "tell",
        "all",
        "my",
        "bones:",
        "they",
        "look",
        "*and",
        "stare",
        "upon",
        "me."
      ],
      "info": ""
    },
    {
      "verse": 18,
      "text": [
        "They",
        "part",
        "my",
        "garments",
        "among",
        "them,",
        "and",
        "cast",
        "lots",
        "upon",
        "my",
        "vesture."
      ],
      "info": ""
    },
    {
      "verse": 19,
      "text": [
        "But",
        "be",
        "not",
        "thou",
        "far",
        "from",
        "me,",
        "O",
        "LORD:",
        "O",
        "my",
        "strength,",
        "haste",
        "thee",
        "to",
        "help",
        "me."
      ],
      "info": ""
    },
    {
      "verse": 20,
      "text": [
        "Deliver",
        "my",
        "soul",
        "from",
        "the",
        "sword;",
        "my",
        "darling",
        "from",
        "the",
        "power",
        "of",
        "the",
        "dog."
      ],
      "info": ""
    },
    {
      "verse": 21,
      "text": [
        "Save",
        "me",
        "from",
        "the",
        "lion's",
        "mouth:",
        "for",
        "thou",
        "hast",
        "heard",
        "me",
        "from",
        "the",
        "horns",
        "of",
        "the",
        "unicorns."
      ],
      "info": ""
    },
    {
      "verse": 22,
      "text": [
        "I",
        "will",
        "declare",
        "thy",
        "name",
        "unto",
        "my",
        "brethren:",
        "in",
        "the",
        "midst",
        "of",
        "the",
        "congregation",
        "will",
        "I",
        "praise",
        "thee."
      ],
      "info": ""
    },
    {
      "verse": 23,
      "text": [
        "Ye",
        "that",
        "fear",
        "the",
        "LORD,",
        "praise",
        "him;",
        "all",
        "ye",
        "the",
        "seed",
        "of",
        "Jacob,",
        "glorify",
        "him;",
        "and",
        "fear",
        "him,",
        "all",
        "ye",
        "the",
        "seed",
        "of",
        "Israel."
      ],
      "info": ""
    },
    {
      "verse": 24,
      "text": [
        "For",
        "he",
        "hath",
        "not",
        "despised",
        "nor",
        "abhorred",
        "the",
        "affliction",
        "of",
        "the",
        "afflicted;",
        "neither",
        "hath",
        "he",
        "hid",
        "his",
        "face",
        "from",
        "him;",
        "but",
        "when",
        "he",
        "cried",
        "unto",
        "him,",
        "he",
        "heard."
      ],
      "info": ""
    },
    {
      "verse": 25,
      "text": [
        "My",
        "praise",
        "*shall",
        "*be",
        "of",
        "thee",
        "in",
        "the",
        "great",
        "congregation:",
        "I",
        "will",
        "pay",
        "my",
        "vows",
        "before",
        "them",
        "that",
        "fear",
        "him."
      ],
      "info": ""
    },
    {
      "verse": 26,
      "text": [
        "The",
        "meek",
        "shall",
        "eat",
        "and",
        "be",
        "satisfied:",
        "they",
        "shall",
        "praise",
        "the",
        "LORD",
        "that",
        "seek",
        "him:",
        "your",
        "heart",
        "shall",
        "live",
        "for",
        "ever."
      ],
      "info": ""
    },
    {
      "verse": 27,
      "text": [
        "All",
        "the",
        "ends",
        "of",
        "the",
        "world",
        "shall",
        "remember",
        "and",
        "turn",
        "unto",
        "the",
        "LORD:",
        "and",
        "all",
        "the",
        "kindreds",
        "of",
        "the",
        "nations",
        "shall",
        "worship",
        "before",
        "thee."
      ],
      "info": ""
    },
    {
      "verse": 28,
      "text": [
        "For",
        "the",
        "kingdom",
        "*is",
        "the",
        "LORD'S:",
        "and",
        "he",
        "*is",
        "the",
        "governor",
        "among",
        "the",
        "nations."
      ],
      "info": ""
    },
    {
      "verse": 29,
      "text": [
        "All",
        "*they",
        "*that",
        "*be",
        "fat",
        "upon",
        "earth",
        "shall",
        "eat",
        "and",
        "worship:",
        "all",
        "they",
        "that",
        "go",
        "down",
        "to",
        "the",
        "dust",
        "shall",
        "bow",
        "before",
        "him:",
        "and",
        "none",
        "can",
        "keep",
        "alive",
        "his",
        "own",
        "soul."
      ],
      "info": ""
    },
    {
      "verse": 30,
      "text": [
        "A",
        "seed",
        "shall",
        "serve",
        "him;",
        "it",
        "shall",
        "be",
        "accounted",
        "to",
        "the",
        "Lord",
        "for",
        "a",
        "generation."
      ],
      "info": ""
    },
    {
      "verse": 31,
      "text": [
        "They",
        "shall",
        "come,",
        "and",
        "shall",
        "declare",
        "his",
        "righteousness",
        "unto",
        "a",
        "people",
        "that",
        "shall",
        "be",
        "born,",
        "that",
        "he",
        "hath",
        "done",
        "*this."
      ],
      "info": ""
    }
  ]
}