{
  "book_id": "PSA",
  "book_name": "Psalms",
  "chapter": 30,
  "header": "",
  "footer": "",
  "language": "English",
  "verses": [
    {
      "verse": 1,
      "text": [
        "(A",
        "Psalm",
        "*and",
        "Song",
        "*at",
        "the",
        "dedication",
        "of",
        "the",
        "house",
        "of",
        "David.)",
        "I",
        "will",
        "extol",
        "thee,",
        "O",
        "LORD;",
        "for",
        "thou",
        "hast",
        "lifted",
        "me",
        "up,",
        "and",
        "hast",
        "not",
        "made",
        "my",
        "foes",
        "to",
        "rejoice",
        "over",
        "me."
      ],
      "info": ""
    },
    {
      "verse": 2,
      "text": [
        "O",
        "LORD",
        "my",
        "God,",
        "I",
        "cried",
        "unto",
        "thee,",
        "and",
        "thou",
        "hast",
        "healed",
        "me."
      ],
      "info": ""
    },
    {
      "verse": 3,
      "text": [
        "O",
        "LORD,",
        "thou",
        "hast",
        "brought",
        "up",
        "my",
        "soul",
        "from",
        "the",
        "grave:",
        "thou",
        "hast",
        "kept",
        "me",
        "alive,",
        "that",
        "I",
        "should",
        "not",
        "go",
        "down",
        "to",
        "the",
        "pit."
      ],
      "info": ""
    },
    {
      "verse": 4,
      "text": [
        "Sing",
        "unto",
        "the",
        "LORD,",
        "O",
        "ye",
        "saints",
        "of",
        "his,",
        "and",
        "give",
        "thanks",
        "at",
        "the",
        "remembrance",
        "of",
        "his",
        "holiness."
      ],
      "info": ""
    },
    {
      "verse": 5,
      "text": [
        "For",
        "his",
        "anger",
        "*endureth",
        "*but",
        "a",
        "moment;",
        "in",
        "his",
        "favour",
        "*is",
        "life:",
        "weeping",
        "may",
        "endure",
        "for",
        "a",
        "night,",
        "but",
        "joy",
        "*cometh",
        "in",
        "the",
        "morning."
      ],
      "info": ""
    },
    {
      "verse": 6,
      "text": [
        "And",
        "in",
        "my",
        "prosperity",
        "I",
        "said,",
        "I",
        "shall",
        "never",
        "be",
        "moved."
      ],
      "info": ""
    },
    {
      "verse": 7,
      "text": [
        "LORD,",
        "by",
        "thy",
        "favour",
        "thou",
        "hast",
        "made",
        "my",
        "mountain",
        "to",
        "stand",
        "strong:",
        "thou",
        "didst",
        "hide",
        "thy",
        "face,",
        "*and",
        "I",
        "was",
        "troubled."
      ],
      "info": ""
    },
    {
      "verse": 8,
      "text": [
        "I",
        "cried",
        "to",
        "thee,",
        "O",
        "LORD;",
        "and",
        "unto",
        "the",
        "LORD",
        "I",
        "made",
        "supplication."
      ],
      "info": ""
    },
    {
      "verse": 9,
      "text": [
        "What",
        "profit",
        "*is",
        "*there",
        "in",
        "my",
        "blood,",
        "when",
        "I",
        "go",
        "down",
        "to",
        "the",
        "pit?",
        "Shall",
        "the",
        "dust",
        "praise",
        "thee?",
        "shall",
        "it",
        "declare",
        "thy",
        "truth?"
      ],
      "info": ""
    },
    {
      "verse": 10,
      "text": [
        "Hear,",
        "O",
        "LORD,",
        "and",
        "have",
        "mercy",
        "upon",
        "me:",
        "LORD,",
        "be",
        "thou",
        "my",
        "helper."
      ],
      "info": ""
    },
    {
      "verse": 11,
      "text": [
        "Thou",
        "hast",
        "turned",
        "for",
        "me",
        "my",
        "mourning",
        "into",
        "dancing:",
        "thou",
        "hast",
        "put",
        "off",
        "my",
        "sackcloth,",
        "and",
        "girded",
        "me",
        "with",
        "gladness;"
      ],
      "info": ""
    },
    {
      "verse": 12,
      "text": [
        "To",
        "the",
        "end",
        "that",
        "*my",
        "glory",
        "may",
        "sing",
        "praise",
        "to",
        "thee,",
        "and",
        "not",
        "be",
        "silent.",
        "O",
        "LORD",
        "my",
        "God,",
        "I",
        "will",
        "give",
        "thanks",
        "unto",
        "thee",
        "for",
        "ever."
      ],
      "info": ""
    }
  ]
}