{
  "book_id": "PSA",
  "book_name": "Psalms",
  "chapter": 41,
  "header": "",
  "footer": "",
  "language": "English",
  "verses": [
    {
      "verse": 1,
      "text": [
        "(To",
        "the",
        "chief",
        "Musician,",
        "A",
        "Psalm",
        "of",
        "David.)",
        "Blessed",
        "*is",
        "he",
        "that",
        "considereth",
        "the",
        "poor:",
        "the",
        "LORD",
        "will",
        "deliver",
        "him",
        "in",
        "time",
        "of",
        "trouble."
      ],
      "info": ""
    },
    {
      "verse": 2,
      "text": [
        "The",
        "LORD",
        "will",
        "preserve",
        "him,",
        "and",
        "keep",
        "him",
        "alive;",
        "*and",
        "he",
        "shall",
        "be",
        "blessed",
        "upon",
        "the",
        "earth:",
        "and",
        "thou",
        "wilt",
        "not",
        "deliver",
        "him",
        "unto",
        "the",
        "will",
        "of",
        "his",
        "enemies."
      ],
      "info": ""
    },
    {
      "verse": 3,
      "text": [
        "The",
        "LORD",
        "will",
        "strengthen",
        "him",
        "upon",
        "the",
        "bed",
        "of",
        "languishing:",
        "thou",
        "wilt",
        "make",
        "all",
        "his",
        "bed",
        "in",
        "his",
        "sickness."
      ],
      "info": ""
    },
    {
      "verse": 4,
      "text": [
        "I",
        "said,",
        "LORD,",
        "be",
        "merciful",
        "unto",
        "me:",
        "heal",
        "my",
        "soul;",
        "for",
        "I",
        "have",
        "sinned",
        "against",
        "thee."
      ],
      "info": ""
    },
    {
      "verse": 5,
      "text": [
        "Mine",
        "enemies",
        "speak",
        "evil",
        "of",
        "me,",
        "When",
        "shall",
        "he",
        "die,",
        "and",
        "his",
        "name",
        "perish?"
      ],
      "info": ""
    },
    {
      "verse": 6,
      "text": [
        "And",
        "if",
        "he",
        "come",
        "to",
        "see",
        "*me,",
        "he",
        "speaketh",
        "vanity:",
        "his",
        "heart",
        "gathereth",
        "iniquity",
        "to",
        "itself;",
        "*when",
        "he",
        "goeth",
        "abroad,",
        "he",
        "telleth",
        "*it."
      ],
      "info": ""
    },
    {
      "verse": 7,
      "text": [
        "All",
        "that",
        "hate",
        "me",
        "whisper",
        "together",
        "against",
        "me:",
        "against",
        "me",
        "do",
        "they",
        "devise",
        "my",
        "hurt."
      ],
      "info": ""
    },
    {
      "verse": 8,
      "text": [
        "An",
        "evil",
        "disease,",
        "*say",
        "*they,",
        "cleaveth",
        "fast",
        "unto",
        "him:",
        "and",
        "*now",
        "that",
        "he",
        "lieth",
        "he",
        "shall",
        "rise",
        "up",
        "no",
        "more."
      ],
      "info": ""
    },
    {
      "verse": 9,
      "text": [
        "Yea,",
        "mine",
        "own",
        "familiar",
        "friend,",
        "in",
        "whom",
        "I",
        "trusted,",
        "which",
        "did",
        "eat",
        "of",
        "my",
        "bread,",
        "hath",
        "lifted",
        "up",
        "*his",
        "heel",
        "against",
        "me."
      ],
      "info": ""
    },
    {
      "verse": 10,
      "text": [
        "But",
        "thou,",
        "O",
        "LORD,",
        "be",
        "merciful",
        "unto",
        "me,",
        "and",
        "raise",
        "me",
        "up,",
        "that",
        "I",
        "may",
        "requite",
        "them."
      ],
      "info": ""
    },
    {
      "verse": 11,
      "text": [
        "By",
        "this",
        "I",
        "know",
        "that",
        "thou",
        "favourest",
        "me,",
        "because",
        "mine",
        "enemy",
        "doth",
        "not",
        "triumph",
        "over",
        "me."
      ],
      "info": ""
    },
    {
      "verse": 12,
      "text": [
        "And",
        "as",
        "for",
        "me,",
        "thou",
        "upholdest",
        "me",
        "in",
        "mine",
        "integrity,",
        "and",
        "settest",
        "me",
        "before",
        "thy",
        "face",
        "for",
        "ever."
      ],
      "info": ""
    },
    {
      "verse": 13,
      "text": [
        "Blessed",
        "*be",
        "the",
        "LORD",
        "God",
        "of",
        "Israel",
        "from",
        "everlasting,",
        "and",
        "to",
        "everlasting.",
        "Amen,",
        "and",
        "Amen."
      ],
      "info": ""
    }
  ]
}