{
  "book_id": "PSA",
  "book_name": "Psalms",
  "chapter": 45,
  "header": "",
  "footer": "",
  "language": "English",
  "verses": [
    {
      "verse": 1,
      "text": [
        "(To",
        "the",
        "chief",
        "Musician",
        "upon",
        "Shoshannim,",
        "for",
        "the",
        "sons",
        "of",
        "Korah,",
        "Maschil,",
        "A",
        "Song",
        "of",
        "loves.)",
        "My",
        "heart",
        "is",
        "inditing",
        "a",
        "good",
        "matter:",
        "I",
        "speak",
        "of",
        "the",
        "things",
        "which",
        "I",
        "have",
        "made",
        "touching",
        "the",
        "king:",
        "my",
        "tongue",
        "*is",
        "the",
        "pen",
        "of",
        "a",
        "ready",
        "writer."
      ],
      "info": ""
    },
    {
      "verse": 2,
      "text": [
        "Thou",
        "art",
        "fairer",
        "than",
        "the",
        "children",
        "of",
        "men:",
        "grace",
        "is",
        "poured",
        "into",
        "thy",
        "lips:",
        "therefore",
        "God",
        "hath",
        "blessed",
        "thee",
        "for",
        "ever."
      ],
      "info": ""
    },
    {
      "verse": 3,
      "text": [
        "Gird",
        "thy",
        "sword",
        "upon",
        "*thy",
        "thigh,",
        "O",
        "*most",
        "mighty,",
        "with",
        "thy",
        "glory",
        "and",
        "thy",
        "majesty."
      ],
      "info": ""
    },
    {
      "verse": 4,
      "text": [
        "And",
        "in",
        "thy",
        "majesty",
        "ride",
        "prosperously",
        "because",
        "of",
        "truth",
        "and",
        "meekness",
        "*and",
        "righteousness;",
        "and",
        "thy",
        "right",
        "hand",
        "shall",
        "teach",
        "thee",
        "terrible",
        "things."
      ],
      "info": ""
    },
    {
      "verse": 5,
      "text": [
        "Thine",
        "arrows",
        "*are",
        "sharp",
        "in",
        "the",
        "heart",
        "of",
        "the",
        "king's",
        "enemies;",
        "*whereby",
        "the",
        "people",
        "fall",
        "under",
        "thee."
      ],
      "info": ""
    },
    {
      "verse": 6,
      "text": [
        "Thy",
        "throne,",
        "O",
        "God,",
        "*is",
        "for",
        "ever",
        "and",
        "ever:",
        "the",
        "sceptre",
        "of",
        "thy",
        "kingdom",
        "*is",
        "a",
        "right",
        "sceptre."
      ],
      "info": ""
    },
    {
      "verse": 7,
      "text": [
        "Thou",
        "lovest",
        "righteousness,",
        "and",
        "hatest",
        "wickedness:",
        "therefore",
        "God,",
        "thy",
        "God,",
        "hath",
        "anointed",
        "thee",
        "with",
        "the",
        "oil",
        "of",
        "gladness",
        "above",
        "thy",
        "fellows."
      ],
      "info": ""
    },
    {
      "verse": 8,
      "text": [
        "All",
        "thy",
        "garments",
        "*smell",
        "of",
        "myrrh,",
        "and",
        "aloes,",
        "*and",
        "cassia,",
        "out",
        "of",
        "the",
        "ivory",
        "palaces,",
        "whereby",
        "they",
        "have",
        "made",
        "thee",
        "glad."
      ],
      "info": ""
    },
    {
      "verse": 9,
      "text": [
        "Kings'",
        "daughters",
        "*were",
        "among",
        "thy",
        "honourable",
        "women:",
        "upon",
        "thy",
        "right",
        "hand",
        "did",
        "stand",
        "the",
        "queen",
        "in",
        "gold",
        "of",
        "Ophir."
      ],
      "info": ""
    },
    {
      "verse": 10,
      "text": [
        "Hearken,",
        "O",
        "daughter,",
        "and",
        "consider,",
        "and",
        "incline",
        "thine",
        "ear;",
        "forget",
        "also",
        "thine",
        "own",
        "people,",
        "and",
        "thy",
        "father's",
        "house;"
      ],
      "info": ""
    },
    {
      "verse": 11,
      "text": [
        "So",
        "shall",
        "the",
        "king",
        "greatly",
        "desire",
        "thy",
        "beauty:",
        "for",
        "he",
        "*is",
        "thy",
        "Lord;",
        "and",
        "worship",
        "thou",
        "him."
      ],
      "info": ""
    },
    {
      "verse": 12,
      "text": [
        "And",
        "the",
        "daughter",
        "of",
        "Tyre",
        "*shall",
        "*be",
        "*there",
        "with",
        "a",
        "gift;",
        "*even",
        "the",
        "rich",
        "among",
        "the",
        "people",
        "shall",
        "intreat",
        "thy",
        "favour."
      ],
      "info": ""
    },
    {
      "verse": 13,
      "text": [
        "The",
        "king's",
        "daughter",
        "*is",
        "all",
        "glorious",
        "within:",
        "her",
        "clothing",
        "*is",
        "of",
        "wrought",
        "gold."
      ],
      "info": ""
    },
    {
      "verse": 14,
      "text": [
        "She",
        "shall",
        "be",
        "brought",
        "unto",
        "the",
        "king",
        "in",
        "raiment",
        "of",
        "needlework:",
        "the",
        "virgins",
        "her",
        "companions",
        "that",
        "follow",
        "her",
        "shall",
        "be",
        "brought",
        "unto",
        "thee."
      ],
      "info": ""
    },
    {
      "verse": 15,
      "text": [
        "With",
        "gladness",
        "and",
        "rejoicing",
        "shall",
        "they",
        "be",
        "brought:",
        "they",
        "shall",
        "enter",
        "into",
        "the",
        "king's",
        "palace."
      ],
      "info": ""
    },
    {
      "verse": 16,
      "text": [
        "Instead",
        "of",
        "thy",
        "fathers",
        "shall",
        "be",
        "thy",
        "children,",
        "whom",
        "thou",
        "mayest",
        "make",
        "princes",
        "in",
        "all",
        "the",
        "earth."
      ],
      "info": ""
    },
    {
      "verse": 17,
      "text": [
        "I",
        "will",
        "make",
        "thy",
        "name",
        "to",
        "be",
        "remembered",
        "in",
        "all",
        "generations:",
        "therefore",
        "shall",
        "the",
        "people",
        "praise",
        "thee",
        "for",
        "ever",
        "and",
        "ever."
      ],
      "info": ""
    }
  ]
}