{
  "book_id": "PSA",
  "book_name": "Psalms",
  "chapter": 46,
  "header": "",
  "footer": "",
  "language": "English",
  "verses": [
    {
      "verse": 1,
      "text": [
        "(To",
        "the",
        "chief",
        "Musician",
        "for",
        "the",
        "sons",
        "of",
        "Korah,",
        "A",
        "Song",
        "upon",
        "Alamoth.)",
        "God",
        "*is",
        "our",
        "refuge",
        "and",
        "strength,",
        "a",
        "very",
        "present",
        "help",
        "in",
        "trouble."
      ],
      "info": ""
    },
    {
      "verse": 2,
      "text": [
        "Therefore",
        "will",
        "not",
        "we",
        "fear,",
        "though",
        "the",
        "earth",
        "be",
        "removed,",
        "and",
        "though",
        "the",
        "mountains",
        "be",
        "carried",
        "into",
        "the",
        "midst",
        "of",
        "the",
        "sea;"
      ],
      "info": ""
    },
    {
      "verse": 3,
      "text": [
        "*Though",
        "the",
        "waters",
        "thereof",
        "roar",
        "*and",
        "be",
        "troubled,",
        "*though",
        "the",
        "mountains",
        "shake",
        "with",
        "the",
        "swelling",
        "thereof.",
        "Selah."
      ],
      "info": ""
    },
    {
      "verse": 4,
      "text": [
        "*There",
        "*is",
        "a",
        "river,",
        "the",
        "streams",
        "whereof",
        "shall",
        "make",
        "glad",
        "the",
        "city",
        "of",
        "God,",
        "the",
        "holy",
        "*place",
        "of",
        "the",
        "tabernacles",
        "of",
        "the",
        "most",
        "High."
      ],
      "info": ""
    },
    {
      "verse": 5,
      "text": [
        "God",
        "*is",
        "in",
        "the",
        "midst",
        "of",
        "her;",
        "she",
        "shall",
        "not",
        "be",
        "moved:",
        "God",
        "shall",
        "help",
        "her,",
        "*and",
        "*that",
        "right",
        "early."
      ],
      "info": ""
    },
    {
      "verse": 6,
      "text": [
        "The",
        "heathen",
        "raged,",
        "the",
        "kingdoms",
        "were",
        "moved:",
        "he",
        "uttered",
        "his",
        "voice,",
        "the",
        "earth",
        "melted."
      ],
      "info": ""
    },
    {
      "verse": 7,
      "text": [
        "The",
        "LORD",
        "of",
        "hosts",
        "*is",
        "with",
        "us;",
        "the",
        "God",
        "of",
        "Jacob",
        "*is",
        "our",
        "refuge.",
        "Selah."
      ],
      "info": ""
    },
    {
      "verse": 8,
      "text": [
        "Come,",
        "behold",
        "the",
        "works",
        "of",
        "the",
        "LORD,",
        "what",
        "desolations",
        "he",
        "hath",
        "made",
        "in",
        "the",
        "earth."
      ],
      "info": ""
    },
    {
      "verse": 9,
      "text": [
        "He",
        "maketh",
        "wars",
        "to",
        "cease",
        "unto",
        "the",
        "end",
        "of",
        "the",
        "earth;",
        "he",
        "breaketh",
        "the",
        "bow,",
        "and",
        "cutteth",
        "the",
        "spear",
        "in",
        "sunder;",
        "he",
        "burneth",
        "the",
        "chariot",
        "in",
        "the",
        "fire."
      ],
      "info": ""
    },
    {
      "verse": 10,
      "text": [
        "Be",
        "still,",
        "and",
        "know",
        "that",
        "I",
        "*am",
        "God:",
        "I",
        "will",
        "be",
        "exalted",
        "among",
        "the",
        "heathen,",
        "I",
        "will",
        "be",
        "exalted",
        "in",
        "the",
        "earth."
      ],
      "info": ""
    },
    {
      "verse": 11,
      "text": [
        "The",
        "LORD",
        "of",
        "hosts",
        "*is",
        "with",
        "us;",
        "the",
        "God",
        "of",
        "Jacob",
        "*is",
        "our",
        "refuge.",
        "Selah."
      ],
      "info": ""
    }
  ]
}