{
  "book_id": "PSA",
  "book_name": "Psalms",
  "chapter": 50,
  "header": "",
  "footer": "",
  "language": "English",
  "verses": [
    {
      "verse": 1,
      "text": [
        "(A",
        "Psalm",
        "of",
        "Asaph.)",
        "The",
        "mighty",
        "God,",
        "*even",
        "the",
        "LORD,",
        "hath",
        "spoken,",
        "and",
        "called",
        "the",
        "earth",
        "from",
        "the",
        "rising",
        "of",
        "the",
        "sun",
        "unto",
        "the",
        "going",
        "down",
        "thereof."
      ],
      "info": ""
    },
    {
      "verse": 2,
      "text": [
        "Out",
        "of",
        "Zion,",
        "the",
        "perfection",
        "of",
        "beauty,",
        "God",
        "hath",
        "shined."
      ],
      "info": ""
    },
    {
      "verse": 3,
      "text": [
        "Our",
        "God",
        "shall",
        "come,",
        "and",
        "shall",
        "not",
        "keep",
        "silence:",
        "a",
        "fire",
        "shall",
        "devour",
        "before",
        "him,",
        "and",
        "it",
        "shall",
        "be",
        "very",
        "tempestuous",
        "round",
        "about",
        "him."
      ],
      "info": ""
    },
    {
      "verse": 4,
      "text": [
        "He",
        "shall",
        "call",
        "to",
        "the",
        "heavens",
        "from",
        "above,",
        "and",
        "to",
        "the",
        "earth,",
        "that",
        "he",
        "may",
        "judge",
        "his",
        "people."
      ],
      "info": ""
    },
    {
      "verse": 5,
      "text": [
        "Gather",
        "my",
        "saints",
        "together",
        "unto",
        "me;",
        "those",
        "that",
        "have",
        "made",
        "a",
        "covenant",
        "with",
        "me",
        "by",
        "sacrifice."
      ],
      "info": ""
    },
    {
      "verse": 6,
      "text": [
        "And",
        "the",
        "heavens",
        "shall",
        "declare",
        "his",
        "righteousness:",
        "for",
        "God",
        "*is",
        "judge",
        "himself.",
        "Selah."
      ],
      "info": ""
    },
    {
      "verse": 7,
      "text": [
        "Hear,",
        "O",
        "my",
        "people,",
        "and",
        "I",
        "will",
        "speak;",
        "O",
        "Israel,",
        "and",
        "I",
        "will",
        "testify",
        "against",
        "thee:",
        "I",
        "*am",
        "God,",
        "*even",
        "thy",
        "God."
      ],
      "info": ""
    },
    {
      "verse": 8,
      "text": [
        "I",
        "will",
        "not",
        "reprove",
        "thee",
        "for",
        "thy",
        "sacrifices",
        "or",
        "thy",
        "burnt",
        "offerings,",
        "*to",
        "*have",
        "*been",
        "continually",
        "before",
        "me."
      ],
      "info": ""
    },
    {
      "verse": 9,
      "text": [
        "I",
        "will",
        "take",
        "no",
        "bullock",
        "out",
        "of",
        "thy",
        "house,",
        "*nor",
        "he",
        "goats",
        "out",
        "of",
        "thy",
        "folds."
      ],
      "info": ""
    },
    {
      "verse": 10,
      "text": [
        "For",
        "every",
        "beast",
        "of",
        "the",
        "forest",
        "*is",
        "mine,",
        "*and",
        "the",
        "cattle",
        "upon",
        "a",
        "thousand",
        "hills."
      ],
      "info": ""
    },
    {
      "verse": 11,
      "text": [
        "I",
        "know",
        "all",
        "the",
        "fowls",
        "of",
        "the",
        "mountains:",
        "and",
        "the",
        "wild",
        "beasts",
        "of",
        "the",
        "field",
        "*are",
        "mine."
      ],
      "info": ""
    },
    {
      "verse": 12,
      "text": [
        "If",
        "I",
        "were",
        "hungry,",
        "I",
        "would",
        "not",
        "tell",
        "thee:",
        "for",
        "the",
        "world",
        "*is",
        "mine,",
        "and",
        "the",
        "fulness",
        "thereof."
      ],
      "info": ""
    },
    {
      "verse": 13,
      "text": [
        "Will",
        "I",
        "eat",
        "the",
        "flesh",
        "of",
        "bulls,",
        "or",
        "drink",
        "the",
        "blood",
        "of",
        "goats?"
      ],
      "info": ""
    },
    {
      "verse": 14,
      "text": [
        "Offer",
        "unto",
        "God",
        "thanksgiving;",
        "and",
        "pay",
        "thy",
        "vows",
        "unto",
        "the",
        "most",
        "High:"
      ],
      "info": ""
    },
    {
      "verse": 15,
      "text": [
        "And",
        "call",
        "upon",
        "me",
        "in",
        "the",
        "day",
        "of",
        "trouble:",
        "I",
        "will",
        "deliver",
        "thee,",
        "and",
        "thou",
        "shalt",
        "glorify",
        "me."
      ],
      "info": ""
    },
    {
      "verse": 16,
      "text": [
        "But",
        "unto",
        "the",
        "wicked",
        "God",
        "saith,",
        "What",
        "hast",
        "thou",
        "to",
        "do",
        "to",
        "declare",
        "my",
        "statutes,",
        "or",
        "*that",
        "thou",
        "shouldest",
        "take",
        "my",
        "covenant",
        "in",
        "thy",
        "mouth?"
      ],
      "info": ""
    },
    {
      "verse": 17,
      "text": [
        "Seeing",
        "thou",
        "hatest",
        "instruction,",
        "and",
        "castest",
        "my",
        "words",
        "behind",
        "thee."
      ],
      "info": ""
    },
    {
      "verse": 18,
      "text": [
        "When",
        "thou",
        "sawest",
        "a",
        "thief,",
        "then",
        "thou",
        "consentedst",
        "with",
        "him,",
        "and",
        "hast",
        "been",
        "partaker",
        "with",
        "adulterers."
      ],
      "info": ""
    },
    {
      "verse": 19,
      "text": [
        "Thou",
        "givest",
        "thy",
        "mouth",
        "to",
        "evil,",
        "and",
        "thy",
        "tongue",
        "frameth",
        "deceit."
      ],
      "info": ""
    },
    {
      "verse": 20,
      "text": [
        "Thou",
        "sittest",
        "*and",
        "speakest",
        "against",
        "thy",
        "brother;",
        "thou",
        "slanderest",
        "thine",
        "own",
        "mother's",
        "son."
      ],
      "info": ""
    },
    {
      "verse": 21,
      "text": [
        "These",
        "*things",
        "hast",
        "thou",
        "done,",
        "and",
        "I",
        "kept",
        "silence;",
        "thou",
        "thoughtest",
        "that",
        "I",
        "was",
        "altogether",
        "*such",
        "*an",
        "*one",
        "as",
        "thyself:",
        "*but",
        "I",
        "will",
        "reprove",
        "thee,",
        "and",
        "set",
        "*them",
        "in",
        "order",
        "before",
        "thine",
        "eyes."
      ],
      "info": ""
    },
    {
      "verse": 22,
      "text": [
        "Now",
        "consider",
        "this,",
        "ye",
        "that",
        "forget",
        "God,",
        "lest",
        "I",
        "tear",
        "*you",
        "in",
        "pieces,",
        "and",
        "*there",
        "*be",
        "none",
        "to",
        "deliver."
      ],
      "info": ""
    },
    {
      "verse": 23,
      "text": [
        "Whoso",
        "offereth",
        "praise",
        "glorifieth",
        "me:",
        "and",
        "to",
        "him",
        "that",
        "ordereth",
        "*his",
        "conversation",
        "*aright",
        "will",
        "I",
        "shew",
        "the",
        "salvation",
        "of",
        "God."
      ],
      "info": ""
    }
  ]
}