{
  "book_id": "PSA",
  "book_name": "Psalms",
  "chapter": 52,
  "header": "",
  "footer": "",
  "language": "English",
  "verses": [
    {
      "verse": 1,
      "text": [
        "(To",
        "the",
        "chief",
        "Musician,",
        "Maschil,",
        "*A",
        "*Psalm",
        "of",
        "David,",
        "when",
        "Doeg",
        "the",
        "Edomite",
        "came",
        "and",
        "told",
        "Saul,",
        "and",
        "said",
        "unto",
        "him,",
        "David",
        "is",
        "come",
        "to",
        "the",
        "house",
        "of",
        "Ahimelech.)",
        "Why",
        "boastest",
        "thou",
        "thyself",
        "in",
        "mischief,",
        "O",
        "mighty",
        "man?",
        "the",
        "goodness",
        "of",
        "God",
        "*endureth",
        "continually."
      ],
      "info": ""
    },
    {
      "verse": 2,
      "text": [
        "Thy",
        "tongue",
        "deviseth",
        "mischiefs;",
        "like",
        "a",
        "sharp",
        "razor,",
        "working",
        "deceitfully."
      ],
      "info": ""
    },
    {
      "verse": 3,
      "text": [
        "Thou",
        "lovest",
        "evil",
        "more",
        "than",
        "good;",
        "*and",
        "lying",
        "rather",
        "than",
        "to",
        "speak",
        "righteousness.",
        "Selah."
      ],
      "info": ""
    },
    {
      "verse": 4,
      "text": [
        "Thou",
        "lovest",
        "all",
        "devouring",
        "words,",
        "O",
        "*thou",
        "deceitful",
        "tongue."
      ],
      "info": ""
    },
    {
      "verse": 5,
      "text": [
        "God",
        "shall",
        "likewise",
        "destroy",
        "thee",
        "for",
        "ever,",
        "he",
        "shall",
        "take",
        "thee",
        "away,",
        "and",
        "pluck",
        "thee",
        "out",
        "of",
        "*thy",
        "dwelling",
        "place,",
        "and",
        "root",
        "thee",
        "out",
        "of",
        "the",
        "land",
        "of",
        "the",
        "living.",
        "Selah."
      ],
      "info": ""
    },
    {
      "verse": 6,
      "text": [
        "The",
        "righteous",
        "also",
        "shall",
        "see,",
        "and",
        "fear,",
        "and",
        "shall",
        "laugh",
        "at",
        "him:"
      ],
      "info": ""
    },
    {
      "verse": 7,
      "text": [
        "Lo,",
        "*this",
        "*is",
        "the",
        "man",
        "*that",
        "made",
        "not",
        "God",
        "his",
        "strength;",
        "but",
        "trusted",
        "in",
        "the",
        "abundance",
        "of",
        "his",
        "riches,",
        "*and",
        "strengthened",
        "himself",
        "in",
        "his",
        "wickedness."
      ],
      "info": ""
    },
    {
      "verse": 8,
      "text": [
        "But",
        "I",
        "*am",
        "like",
        "a",
        "green",
        "olive",
        "tree",
        "in",
        "the",
        "house",
        "of",
        "God:",
        "I",
        "trust",
        "in",
        "the",
        "mercy",
        "of",
        "God",
        "for",
        "ever",
        "and",
        "ever."
      ],
      "info": ""
    },
    {
      "verse": 9,
      "text": [
        "I",
        "will",
        "praise",
        "thee",
        "for",
        "ever,",
        "because",
        "thou",
        "hast",
        "done",
        "*it:",
        "and",
        "I",
        "will",
        "wait",
        "on",
        "thy",
        "name;",
        "for",
        "*it",
        "*is",
        "good",
        "before",
        "thy",
        "saints."
      ],
      "info": ""
    }
  ]
}