{
  "book_id": "PSA",
  "book_name": "Psalms",
  "chapter": 54,
  "header": "",
  "footer": "",
  "language": "English",
  "verses": [
    {
      "verse": 1,
      "text": [
        "(To",
        "the",
        "chief",
        "Musician",
        "on",
        "Neginoth,",
        "Maschil,",
        "*A",
        "*Psalm",
        "of",
        "David,",
        "when",
        "the",
        "Ziphims",
        "came",
        "and",
        "said",
        "to",
        "Saul,",
        "Doth",
        "not",
        "David",
        "hide",
        "himself",
        "with",
        "us?)",
        "Save",
        "me,",
        "O",
        "God,",
        "by",
        "thy",
        "name,",
        "and",
        "judge",
        "me",
        "by",
        "thy",
        "strength."
      ],
      "info": ""
    },
    {
      "verse": 2,
      "text": [
        "Hear",
        "my",
        "prayer,",
        "O",
        "God;",
        "give",
        "ear",
        "to",
        "the",
        "words",
        "of",
        "my",
        "mouth."
      ],
      "info": ""
    },
    {
      "verse": 3,
      "text": [
        "For",
        "strangers",
        "are",
        "risen",
        "up",
        "against",
        "me,",
        "and",
        "oppressors",
        "seek",
        "after",
        "my",
        "soul:",
        "they",
        "have",
        "not",
        "set",
        "God",
        "before",
        "them.",
        "Selah."
      ],
      "info": ""
    },
    {
      "verse": 4,
      "text": [
        "Behold,",
        "God",
        "*is",
        "mine",
        "helper:",
        "the",
        "Lord",
        "*is",
        "with",
        "them",
        "that",
        "uphold",
        "my",
        "soul."
      ],
      "info": ""
    },
    {
      "verse": 5,
      "text": [
        "He",
        "shall",
        "reward",
        "evil",
        "unto",
        "mine",
        "enemies:",
        "cut",
        "them",
        "off",
        "in",
        "thy",
        "truth."
      ],
      "info": ""
    },
    {
      "verse": 6,
      "text": [
        "I",
        "will",
        "freely",
        "sacrifice",
        "unto",
        "thee:",
        "I",
        "will",
        "praise",
        "thy",
        "name,",
        "O",
        "LORD;",
        "for",
        "*it",
        "*is",
        "good."
      ],
      "info": ""
    },
    {
      "verse": 7,
      "text": [
        "For",
        "he",
        "hath",
        "delivered",
        "me",
        "out",
        "of",
        "all",
        "trouble:",
        "and",
        "mine",
        "eye",
        "hath",
        "seen",
        "*his",
        "*desire",
        "upon",
        "mine",
        "enemies."
      ],
      "info": ""
    }
  ]
}