{
  "book_id": "PSA",
  "book_name": "Psalms",
  "chapter": 61,
  "header": "",
  "footer": "",
  "language": "English",
  "verses": [
    {
      "verse": 1,
      "text": [
        "(To",
        "the",
        "chief",
        "Musician",
        "upon",
        "Neginah,",
        "*A",
        "*Psalm",
        "of",
        "David.)",
        "Hear",
        "my",
        "cry,",
        "O",
        "God;",
        "attend",
        "unto",
        "my",
        "prayer."
      ],
      "info": ""
    },
    {
      "verse": 2,
      "text": [
        "From",
        "the",
        "end",
        "of",
        "the",
        "earth",
        "will",
        "I",
        "cry",
        "unto",
        "thee,",
        "when",
        "my",
        "heart",
        "is",
        "overwhelmed:",
        "lead",
        "me",
        "to",
        "the",
        "rock",
        "*that",
        "is",
        "higher",
        "than",
        "I."
      ],
      "info": ""
    },
    {
      "verse": 3,
      "text": [
        "For",
        "thou",
        "hast",
        "been",
        "a",
        "shelter",
        "for",
        "me,",
        "*and",
        "a",
        "strong",
        "tower",
        "from",
        "the",
        "enemy."
      ],
      "info": ""
    },
    {
      "verse": 4,
      "text": [
        "I",
        "will",
        "abide",
        "in",
        "thy",
        "tabernacle",
        "for",
        "ever:",
        "I",
        "will",
        "trust",
        "in",
        "the",
        "covert",
        "of",
        "thy",
        "wings.",
        "Selah."
      ],
      "info": ""
    },
    {
      "verse": 5,
      "text": [
        "For",
        "thou,",
        "O",
        "God,",
        "hast",
        "heard",
        "my",
        "vows:",
        "thou",
        "hast",
        "given",
        "*me",
        "the",
        "heritage",
        "of",
        "those",
        "that",
        "fear",
        "thy",
        "name."
      ],
      "info": ""
    },
    {
      "verse": 6,
      "text": [
        "Thou",
        "wilt",
        "prolong",
        "the",
        "king's",
        "life:",
        "*and",
        "his",
        "years",
        "as",
        "many",
        "generations."
      ],
      "info": ""
    },
    {
      "verse": 7,
      "text": [
        "He",
        "shall",
        "abide",
        "before",
        "God",
        "for",
        "ever:",
        "O",
        "prepare",
        "mercy",
        "and",
        "truth,",
        "*which",
        "may",
        "preserve",
        "him."
      ],
      "info": ""
    },
    {
      "verse": 8,
      "text": [
        "So",
        "will",
        "I",
        "sing",
        "praise",
        "unto",
        "thy",
        "name",
        "for",
        "ever,",
        "that",
        "I",
        "may",
        "daily",
        "perform",
        "my",
        "vows."
      ],
      "info": ""
    }
  ]
}