{
  "book_id": "PSA",
  "book_name": "Psalms",
  "chapter": 62,
  "header": "",
  "footer": "",
  "language": "English",
  "verses": [
    {
      "verse": 1,
      "text": [
        "(To",
        "the",
        "chief",
        "Musician,",
        "to",
        "Jeduthun,",
        "A",
        "Psalm",
        "of",
        "David.)",
        "Truly",
        "my",
        "soul",
        "waiteth",
        "upon",
        "God:",
        "from",
        "him",
        "*cometh",
        "my",
        "salvation."
      ],
      "info": ""
    },
    {
      "verse": 2,
      "text": [
        "He",
        "only",
        "*is",
        "my",
        "rock",
        "and",
        "my",
        "salvation;",
        "*he",
        "*is",
        "my",
        "defence;",
        "I",
        "shall",
        "not",
        "be",
        "greatly",
        "moved."
      ],
      "info": ""
    },
    {
      "verse": 3,
      "text": [
        "How",
        "long",
        "will",
        "ye",
        "imagine",
        "mischief",
        "against",
        "a",
        "man?",
        "ye",
        "shall",
        "be",
        "slain",
        "all",
        "of",
        "you:",
        "as",
        "a",
        "bowing",
        "wall",
        "*shall",
        "*ye",
        "*be,",
        "*and",
        "*as",
        "a",
        "tottering",
        "fence."
      ],
      "info": ""
    },
    {
      "verse": 4,
      "text": [
        "They",
        "only",
        "consult",
        "to",
        "cast",
        "*him",
        "down",
        "from",
        "his",
        "excellency:",
        "they",
        "delight",
        "in",
        "lies:",
        "they",
        "bless",
        "with",
        "their",
        "mouth,",
        "but",
        "they",
        "curse",
        "inwardly.",
        "Selah."
      ],
      "info": ""
    },
    {
      "verse": 5,
      "text": [
        "My",
        "soul,",
        "wait",
        "thou",
        "only",
        "upon",
        "God;",
        "for",
        "my",
        "expectation",
        "*is",
        "from",
        "him."
      ],
      "info": ""
    },
    {
      "verse": 6,
      "text": [
        "He",
        "only",
        "*is",
        "my",
        "rock",
        "and",
        "my",
        "salvation:",
        "*he",
        "*is",
        "my",
        "defence;",
        "I",
        "shall",
        "not",
        "be",
        "moved."
      ],
      "info": ""
    },
    {
      "verse": 7,
      "text": [
        "In",
        "God",
        "*is",
        "my",
        "salvation",
        "and",
        "my",
        "glory:",
        "the",
        "rock",
        "of",
        "my",
        "strength,",
        "*and",
        "my",
        "refuge,",
        "*is",
        "in",
        "God."
      ],
      "info": ""
    },
    {
      "verse": 8,
      "text": [
        "Trust",
        "in",
        "him",
        "at",
        "all",
        "times;",
        "*ye",
        "people,",
        "pour",
        "out",
        "your",
        "heart",
        "before",
        "him:",
        "God",
        "*is",
        "a",
        "refuge",
        "for",
        "us.",
        "Selah."
      ],
      "info": ""
    },
    {
      "verse": 9,
      "text": [
        "Surely",
        "men",
        "of",
        "low",
        "degree",
        "*are",
        "vanity,",
        "*and",
        "men",
        "of",
        "high",
        "degree",
        "*are",
        "a",
        "lie:",
        "to",
        "be",
        "laid",
        "in",
        "the",
        "balance,",
        "they",
        "*are",
        "altogether",
        "*lighter",
        "than",
        "vanity."
      ],
      "info": ""
    },
    {
      "verse": 10,
      "text": [
        "Trust",
        "not",
        "in",
        "oppression,",
        "and",
        "become",
        "not",
        "vain",
        "in",
        "robbery:",
        "if",
        "riches",
        "increase,",
        "set",
        "not",
        "your",
        "heart",
        "*upon",
        "*them."
      ],
      "info": ""
    },
    {
      "verse": 11,
      "text": [
        "God",
        "hath",
        "spoken",
        "once;",
        "twice",
        "have",
        "I",
        "heard",
        "this;",
        "that",
        "power",
        "*belongeth",
        "unto",
        "God."
      ],
      "info": ""
    },
    {
      "verse": 12,
      "text": [
        "Also",
        "unto",
        "thee,",
        "O",
        "Lord,",
        "*belongeth",
        "mercy:",
        "for",
        "thou",
        "renderest",
        "to",
        "every",
        "man",
        "according",
        "to",
        "his",
        "work."
      ],
      "info": ""
    }
  ]
}