{
  "book_id": "PSA",
  "book_name": "Psalms",
  "chapter": 65,
  "header": "",
  "footer": "",
  "language": "English",
  "verses": [
    {
      "verse": 1,
      "text": [
        "(To",
        "the",
        "chief",
        "Musician,",
        "A",
        "Psalm",
        "*and",
        "Song",
        "of",
        "David.)",
        "Praise",
        "waiteth",
        "for",
        "thee,",
        "O",
        "God,",
        "in",
        "Sion:",
        "and",
        "unto",
        "thee",
        "shall",
        "the",
        "vow",
        "be",
        "performed."
      ],
      "info": ""
    },
    {
      "verse": 2,
      "text": [
        "O",
        "thou",
        "that",
        "hearest",
        "prayer,",
        "unto",
        "thee",
        "shall",
        "all",
        "flesh",
        "come."
      ],
      "info": ""
    },
    {
      "verse": 3,
      "text": [
        "Iniquities",
        "prevail",
        "against",
        "me:",
        "*as",
        "*for",
        "our",
        "transgressions,",
        "thou",
        "shalt",
        "purge",
        "them",
        "away."
      ],
      "info": ""
    },
    {
      "verse": 4,
      "text": [
        "Blessed",
        "*is",
        "*the",
        "*man",
        "*whom",
        "thou",
        "choosest,",
        "and",
        "causest",
        "to",
        "approach",
        "*unto",
        "*thee,",
        "*that",
        "he",
        "may",
        "dwell",
        "in",
        "thy",
        "courts:",
        "we",
        "shall",
        "be",
        "satisfied",
        "with",
        "the",
        "goodness",
        "of",
        "thy",
        "house,",
        "*even",
        "of",
        "thy",
        "holy",
        "temple."
      ],
      "info": ""
    },
    {
      "verse": 5,
      "text": [
        "*By",
        "terrible",
        "things",
        "in",
        "righteousness",
        "wilt",
        "thou",
        "answer",
        "us,",
        "O",
        "God",
        "of",
        "our",
        "salvation;",
        "*who",
        "*art",
        "the",
        "confidence",
        "of",
        "all",
        "the",
        "ends",
        "of",
        "the",
        "earth,",
        "and",
        "of",
        "them",
        "that",
        "are",
        "afar",
        "off",
        "*upon",
        "the",
        "sea:"
      ],
      "info": ""
    },
    {
      "verse": 6,
      "text": [
        "Which",
        "by",
        "his",
        "strength",
        "setteth",
        "fast",
        "the",
        "mountains;",
        "*being",
        "girded",
        "with",
        "power:"
      ],
      "info": ""
    },
    {
      "verse": 7,
      "text": [
        "Which",
        "stilleth",
        "the",
        "noise",
        "of",
        "the",
        "seas,",
        "the",
        "noise",
        "of",
        "their",
        "waves,",
        "and",
        "the",
        "tumult",
        "of",
        "the",
        "people."
      ],
      "info": ""
    },
    {
      "verse": 8,
      "text": [
        "They",
        "also",
        "that",
        "dwell",
        "in",
        "the",
        "uttermost",
        "parts",
        "are",
        "afraid",
        "at",
        "thy",
        "tokens:",
        "thou",
        "makest",
        "the",
        "outgoings",
        "of",
        "the",
        "morning",
        "and",
        "evening",
        "to",
        "rejoice."
      ],
      "info": ""
    },
    {
      "verse": 9,
      "text": [
        "Thou",
        "visitest",
        "the",
        "earth,",
        "and",
        "waterest",
        "it:",
        "thou",
        "greatly",
        "enrichest",
        "it",
        "with",
        "the",
        "river",
        "of",
        "God,",
        "*which",
        "is",
        "full",
        "of",
        "water:",
        "thou",
        "preparest",
        "them",
        "corn,",
        "when",
        "thou",
        "hast",
        "so",
        "provided",
        "for",
        "it."
      ],
      "info": ""
    },
    {
      "verse": 10,
      "text": [
        "Thou",
        "waterest",
        "the",
        "ridges",
        "thereof",
        "abundantly:",
        "thou",
        "settlest",
        "the",
        "furrows",
        "thereof:",
        "thou",
        "makest",
        "it",
        "soft",
        "with",
        "showers:",
        "thou",
        "blessest",
        "the",
        "springing",
        "thereof."
      ],
      "info": ""
    },
    {
      "verse": 11,
      "text": [
        "Thou",
        "crownest",
        "the",
        "year",
        "with",
        "thy",
        "goodness;",
        "and",
        "thy",
        "paths",
        "drop",
        "fatness."
      ],
      "info": ""
    },
    {
      "verse": 12,
      "text": [
        "They",
        "drop",
        "*upon",
        "the",
        "pastures",
        "of",
        "the",
        "wilderness:",
        "and",
        "the",
        "little",
        "hills",
        "rejoice",
        "on",
        "every",
        "side."
      ],
      "info": ""
    },
    {
      "verse": 13,
      "text": [
        "The",
        "pastures",
        "are",
        "clothed",
        "with",
        "flocks;",
        "the",
        "valleys",
        "also",
        "are",
        "covered",
        "over",
        "with",
        "corn;",
        "they",
        "shout",
        "for",
        "joy,",
        "they",
        "also",
        "sing."
      ],
      "info": ""
    }
  ]
}