{
  "book_id": "PSA",
  "book_name": "Psalms",
  "chapter": 75,
  "header": "",
  "footer": "",
  "language": "English",
  "verses": [
    {
      "verse": 1,
      "text": [
        "(To",
        "the",
        "chief",
        "Musician,",
        "Altaschith,",
        "A",
        "Psalm",
        "*or",
        "Song",
        "of",
        "Asaph.)",
        "Unto",
        "thee,",
        "O",
        "God,",
        "do",
        "we",
        "give",
        "thanks,",
        "*unto",
        "*thee",
        "do",
        "we",
        "give",
        "thanks:",
        "for",
        "*that",
        "thy",
        "name",
        "is",
        "near",
        "thy",
        "wondrous",
        "works",
        "declare."
      ],
      "info": ""
    },
    {
      "verse": 2,
      "text": [
        "When",
        "I",
        "shall",
        "receive",
        "the",
        "congregation",
        "I",
        "will",
        "judge",
        "uprightly."
      ],
      "info": ""
    },
    {
      "verse": 3,
      "text": [
        "The",
        "earth",
        "and",
        "all",
        "the",
        "inhabitants",
        "thereof",
        "are",
        "dissolved:",
        "I",
        "bear",
        "up",
        "the",
        "pillars",
        "of",
        "it.",
        "Selah."
      ],
      "info": ""
    },
    {
      "verse": 4,
      "text": [
        "I",
        "said",
        "unto",
        "the",
        "fools,",
        "Deal",
        "not",
        "foolishly:",
        "and",
        "to",
        "the",
        "wicked,",
        "Lift",
        "not",
        "up",
        "the",
        "horn:"
      ],
      "info": ""
    },
    {
      "verse": 5,
      "text": [
        "Lift",
        "not",
        "up",
        "your",
        "horn",
        "on",
        "high:",
        "speak",
        "*not",
        "*with",
        "a",
        "stiff",
        "neck."
      ],
      "info": ""
    },
    {
      "verse": 6,
      "text": [
        "For",
        "promotion",
        "*cometh",
        "neither",
        "from",
        "the",
        "east,",
        "nor",
        "from",
        "the",
        "west,",
        "nor",
        "from",
        "the",
        "south."
      ],
      "info": ""
    },
    {
      "verse": 7,
      "text": [
        "But",
        "God",
        "*is",
        "the",
        "judge:",
        "he",
        "putteth",
        "down",
        "one,",
        "and",
        "setteth",
        "up",
        "another."
      ],
      "info": ""
    },
    {
      "verse": 8,
      "text": [
        "For",
        "in",
        "the",
        "hand",
        "of",
        "the",
        "LORD",
        "*there",
        "*is",
        "a",
        "cup,",
        "and",
        "the",
        "wine",
        "is",
        "red;",
        "it",
        "is",
        "full",
        "of",
        "mixture;",
        "and",
        "he",
        "poureth",
        "out",
        "of",
        "the",
        "same:",
        "but",
        "the",
        "dregs",
        "thereof,",
        "all",
        "the",
        "wicked",
        "of",
        "the",
        "earth",
        "shall",
        "wring",
        "*them",
        "out,",
        "*and",
        "drink",
        "*them."
      ],
      "info": ""
    },
    {
      "verse": 9,
      "text": [
        "But",
        "I",
        "will",
        "declare",
        "for",
        "ever;",
        "I",
        "will",
        "sing",
        "praises",
        "to",
        "the",
        "God",
        "of",
        "Jacob."
      ],
      "info": ""
    },
    {
      "verse": 10,
      "text": [
        "All",
        "the",
        "horns",
        "of",
        "the",
        "wicked",
        "also",
        "will",
        "I",
        "cut",
        "off;",
        "*but",
        "the",
        "horns",
        "of",
        "the",
        "righteous",
        "shall",
        "be",
        "exalted."
      ],
      "info": ""
    }
  ]
}