{
  "book_id": "PSA",
  "book_name": "Psalms",
  "chapter": 76,
  "header": "",
  "footer": "",
  "language": "English",
  "verses": [
    {
      "verse": 1,
      "text": [
        "(To",
        "the",
        "chief",
        "Musician",
        "on",
        "Neginoth,",
        "A",
        "Psalm",
        "*or",
        "Song",
        "of",
        "Asaph.)",
        "In",
        "Judah",
        "*is",
        "God",
        "known:",
        "his",
        "name",
        "*is",
        "great",
        "in",
        "Israel."
      ],
      "info": ""
    },
    {
      "verse": 2,
      "text": [
        "In",
        "Salem",
        "also",
        "is",
        "his",
        "tabernacle,",
        "and",
        "his",
        "dwelling",
        "place",
        "in",
        "Zion."
      ],
      "info": ""
    },
    {
      "verse": 3,
      "text": [
        "There",
        "brake",
        "he",
        "the",
        "arrows",
        "of",
        "the",
        "bow,",
        "the",
        "shield,",
        "and",
        "the",
        "sword,",
        "and",
        "the",
        "battle.",
        "Selah."
      ],
      "info": ""
    },
    {
      "verse": 4,
      "text": [
        "Thou",
        "*art",
        "more",
        "glorious",
        "*and",
        "excellent",
        "than",
        "the",
        "mountains",
        "of",
        "prey."
      ],
      "info": ""
    },
    {
      "verse": 5,
      "text": [
        "The",
        "stouthearted",
        "are",
        "spoiled,",
        "they",
        "have",
        "slept",
        "their",
        "sleep:",
        "and",
        "none",
        "of",
        "the",
        "men",
        "of",
        "might",
        "have",
        "found",
        "their",
        "hands."
      ],
      "info": ""
    },
    {
      "verse": 6,
      "text": [
        "At",
        "thy",
        "rebuke,",
        "O",
        "God",
        "of",
        "Jacob,",
        "both",
        "the",
        "chariot",
        "and",
        "horse",
        "are",
        "cast",
        "into",
        "a",
        "dead",
        "sleep."
      ],
      "info": ""
    },
    {
      "verse": 7,
      "text": [
        "Thou,",
        "*even",
        "thou,",
        "*art",
        "to",
        "be",
        "feared:",
        "and",
        "who",
        "may",
        "stand",
        "in",
        "thy",
        "sight",
        "when",
        "once",
        "thou",
        "art",
        "angry?"
      ],
      "info": ""
    },
    {
      "verse": 8,
      "text": [
        "Thou",
        "didst",
        "cause",
        "judgment",
        "to",
        "be",
        "heard",
        "from",
        "heaven;",
        "the",
        "earth",
        "feared,",
        "and",
        "was",
        "still,"
      ],
      "info": ""
    },
    {
      "verse": 9,
      "text": [
        "When",
        "God",
        "arose",
        "to",
        "judgment,",
        "to",
        "save",
        "all",
        "the",
        "meek",
        "of",
        "the",
        "earth.",
        "Selah."
      ],
      "info": ""
    },
    {
      "verse": 10,
      "text": [
        "Surely",
        "the",
        "wrath",
        "of",
        "man",
        "shall",
        "praise",
        "thee:",
        "the",
        "remainder",
        "of",
        "wrath",
        "shalt",
        "thou",
        "restrain."
      ],
      "info": ""
    },
    {
      "verse": 11,
      "text": [
        "Vow,",
        "and",
        "pay",
        "unto",
        "the",
        "LORD",
        "your",
        "God:",
        "let",
        "all",
        "that",
        "be",
        "round",
        "about",
        "him",
        "bring",
        "presents",
        "unto",
        "him",
        "that",
        "ought",
        "to",
        "be",
        "feared."
      ],
      "info": ""
    },
    {
      "verse": 12,
      "text": [
        "He",
        "shall",
        "cut",
        "off",
        "the",
        "spirit",
        "of",
        "princes:",
        "*he",
        "*is",
        "terrible",
        "to",
        "the",
        "kings",
        "of",
        "the",
        "earth."
      ],
      "info": ""
    }
  ]
}