{
  "book_id": "PSA",
  "book_name": "Psalms",
  "chapter": 77,
  "header": "",
  "footer": "",
  "language": "English",
  "verses": [
    {
      "verse": 1,
      "text": [
        "(To",
        "the",
        "chief",
        "Musician,",
        "to",
        "Jeduthun,",
        "A",
        "Psalm",
        "of",
        "Asaph.)",
        "I",
        "cried",
        "unto",
        "God",
        "with",
        "my",
        "voice,",
        "*even",
        "unto",
        "God",
        "with",
        "my",
        "voice;",
        "and",
        "he",
        "gave",
        "ear",
        "unto",
        "me."
      ],
      "info": ""
    },
    {
      "verse": 2,
      "text": [
        "In",
        "the",
        "day",
        "of",
        "my",
        "trouble",
        "I",
        "sought",
        "the",
        "Lord:",
        "my",
        "sore",
        "ran",
        "in",
        "the",
        "night,",
        "and",
        "ceased",
        "not:",
        "my",
        "soul",
        "refused",
        "to",
        "be",
        "comforted."
      ],
      "info": ""
    },
    {
      "verse": 3,
      "text": [
        "I",
        "remembered",
        "God,",
        "and",
        "was",
        "troubled:",
        "I",
        "complained,",
        "and",
        "my",
        "spirit",
        "was",
        "overwhelmed.",
        "Selah."
      ],
      "info": ""
    },
    {
      "verse": 4,
      "text": [
        "Thou",
        "holdest",
        "mine",
        "eyes",
        "waking:",
        "I",
        "am",
        "so",
        "troubled",
        "that",
        "I",
        "cannot",
        "speak."
      ],
      "info": ""
    },
    {
      "verse": 5,
      "text": [
        "I",
        "have",
        "considered",
        "the",
        "days",
        "of",
        "old,",
        "the",
        "years",
        "of",
        "ancient",
        "times."
      ],
      "info": ""
    },
    {
      "verse": 6,
      "text": [
        "I",
        "call",
        "to",
        "remembrance",
        "my",
        "song",
        "in",
        "the",
        "night:",
        "I",
        "commune",
        "with",
        "mine",
        "own",
        "heart:",
        "and",
        "my",
        "spirit",
        "made",
        "diligent",
        "search."
      ],
      "info": ""
    },
    {
      "verse": 7,
      "text": [
        "Will",
        "the",
        "Lord",
        "cast",
        "off",
        "for",
        "ever?",
        "and",
        "will",
        "he",
        "be",
        "favourable",
        "no",
        "more?"
      ],
      "info": ""
    },
    {
      "verse": 8,
      "text": [
        "Is",
        "his",
        "mercy",
        "clean",
        "gone",
        "for",
        "ever?",
        "doth",
        "*his",
        "promise",
        "fail",
        "for",
        "evermore?"
      ],
      "info": ""
    },
    {
      "verse": 9,
      "text": [
        "Hath",
        "God",
        "forgotten",
        "to",
        "be",
        "gracious?",
        "hath",
        "he",
        "in",
        "anger",
        "shut",
        "up",
        "his",
        "tender",
        "mercies?",
        "Selah."
      ],
      "info": ""
    },
    {
      "verse": 10,
      "text": [
        "And",
        "I",
        "said,",
        "This",
        "*is",
        "my",
        "infirmity:",
        "*but",
        "*I",
        "*will",
        "*remember",
        "the",
        "years",
        "of",
        "the",
        "right",
        "hand",
        "of",
        "the",
        "most",
        "High."
      ],
      "info": ""
    },
    {
      "verse": 11,
      "text": [
        "I",
        "will",
        "remember",
        "the",
        "works",
        "of",
        "the",
        "LORD:",
        "surely",
        "I",
        "will",
        "remember",
        "thy",
        "wonders",
        "of",
        "old."
      ],
      "info": ""
    },
    {
      "verse": 12,
      "text": [
        "I",
        "will",
        "meditate",
        "also",
        "of",
        "all",
        "thy",
        "work,",
        "and",
        "talk",
        "of",
        "thy",
        "doings."
      ],
      "info": ""
    },
    {
      "verse": 13,
      "text": [
        "Thy",
        "way,",
        "O",
        "God,",
        "*is",
        "in",
        "the",
        "sanctuary:",
        "who",
        "*is",
        "*so",
        "great",
        "a",
        "God",
        "as",
        "*our",
        "God?"
      ],
      "info": ""
    },
    {
      "verse": 14,
      "text": [
        "Thou",
        "*art",
        "the",
        "God",
        "that",
        "doest",
        "wonders:",
        "thou",
        "hast",
        "declared",
        "thy",
        "strength",
        "among",
        "the",
        "people."
      ],
      "info": ""
    },
    {
      "verse": 15,
      "text": [
        "Thou",
        "hast",
        "with",
        "*thine",
        "arm",
        "redeemed",
        "thy",
        "people,",
        "the",
        "sons",
        "of",
        "Jacob",
        "and",
        "Joseph.",
        "Selah."
      ],
      "info": ""
    },
    {
      "verse": 16,
      "text": [
        "The",
        "waters",
        "saw",
        "thee,",
        "O",
        "God,",
        "the",
        "waters",
        "saw",
        "thee;",
        "they",
        "were",
        "afraid:",
        "the",
        "depths",
        "also",
        "were",
        "troubled."
      ],
      "info": ""
    },
    {
      "verse": 17,
      "text": [
        "The",
        "clouds",
        "poured",
        "out",
        "water:",
        "the",
        "skies",
        "sent",
        "out",
        "a",
        "sound:",
        "thine",
        "arrows",
        "also",
        "went",
        "abroad."
      ],
      "info": ""
    },
    {
      "verse": 18,
      "text": [
        "The",
        "voice",
        "of",
        "thy",
        "thunder",
        "*was",
        "in",
        "the",
        "heaven:",
        "the",
        "lightnings",
        "lightened",
        "the",
        "world:",
        "the",
        "earth",
        "trembled",
        "and",
        "shook."
      ],
      "info": ""
    },
    {
      "verse": 19,
      "text": [
        "Thy",
        "way",
        "*is",
        "in",
        "the",
        "sea,",
        "and",
        "thy",
        "path",
        "in",
        "the",
        "great",
        "waters,",
        "and",
        "thy",
        "footsteps",
        "are",
        "not",
        "known."
      ],
      "info": ""
    },
    {
      "verse": 20,
      "text": [
        "Thou",
        "leddest",
        "thy",
        "people",
        "like",
        "a",
        "flock",
        "by",
        "the",
        "hand",
        "of",
        "Moses",
        "and",
        "Aaron."
      ],
      "info": ""
    }
  ]
}