{
  "book_id": "PSA",
  "book_name": "Psalms",
  "chapter": 78,
  "header": "",
  "footer": "",
  "language": "English",
  "verses": [
    {
      "verse": 1,
      "text": [
        "(Maschil",
        "of",
        "Asaph.)",
        "Give",
        "ear,",
        "O",
        "my",
        "people,",
        "*to",
        "my",
        "law:",
        "incline",
        "your",
        "ears",
        "to",
        "the",
        "words",
        "of",
        "my",
        "mouth."
      ],
      "info": ""
    },
    {
      "verse": 2,
      "text": [
        "I",
        "will",
        "open",
        "my",
        "mouth",
        "in",
        "a",
        "parable:",
        "I",
        "will",
        "utter",
        "dark",
        "sayings",
        "of",
        "old:"
      ],
      "info": ""
    },
    {
      "verse": 3,
      "text": [
        "Which",
        "we",
        "have",
        "heard",
        "and",
        "known,",
        "and",
        "our",
        "fathers",
        "have",
        "told",
        "us."
      ],
      "info": ""
    },
    {
      "verse": 4,
      "text": [
        "We",
        "will",
        "not",
        "hide",
        "*them",
        "from",
        "their",
        "children,",
        "shewing",
        "to",
        "the",
        "generation",
        "to",
        "come",
        "the",
        "praises",
        "of",
        "the",
        "LORD,",
        "and",
        "his",
        "strength,",
        "and",
        "his",
        "wonderful",
        "works",
        "that",
        "he",
        "hath",
        "done."
      ],
      "info": ""
    },
    {
      "verse": 5,
      "text": [
        "For",
        "he",
        "established",
        "a",
        "testimony",
        "in",
        "Jacob,",
        "and",
        "appointed",
        "a",
        "law",
        "in",
        "Israel,",
        "which",
        "he",
        "commanded",
        "our",
        "fathers,",
        "that",
        "they",
        "should",
        "make",
        "them",
        "known",
        "to",
        "their",
        "children:"
      ],
      "info": ""
    },
    {
      "verse": 6,
      "text": [
        "That",
        "the",
        "generation",
        "to",
        "come",
        "might",
        "know",
        "*them,",
        "*even",
        "the",
        "children",
        "*which",
        "should",
        "be",
        "born;",
        "*who",
        "should",
        "arise",
        "and",
        "declare",
        "*them",
        "to",
        "their",
        "children:"
      ],
      "info": ""
    },
    {
      "verse": 7,
      "text": [
        "That",
        "they",
        "might",
        "set",
        "their",
        "hope",
        "in",
        "God,",
        "and",
        "not",
        "forget",
        "the",
        "works",
        "of",
        "God,",
        "but",
        "keep",
        "his",
        "commandments:"
      ],
      "info": ""
    },
    {
      "verse": 8,
      "text": [
        "And",
        "might",
        "not",
        "be",
        "as",
        "their",
        "fathers,",
        "a",
        "stubborn",
        "and",
        "rebellious",
        "generation;",
        "a",
        "generation",
        "*that",
        "set",
        "not",
        "their",
        "heart",
        "aright,",
        "and",
        "whose",
        "spirit",
        "was",
        "not",
        "stedfast",
        "with",
        "God."
      ],
      "info": ""
    },
    {
      "verse": 9,
      "text": [
        "The",
        "children",
        "of",
        "Ephraim,",
        "*being",
        "armed,",
        "*and",
        "carrying",
        "bows,",
        "turned",
        "back",
        "in",
        "the",
        "day",
        "of",
        "battle."
      ],
      "info": ""
    },
    {
      "verse": 10,
      "text": [
        "They",
        "kept",
        "not",
        "the",
        "covenant",
        "of",
        "God,",
        "and",
        "refused",
        "to",
        "walk",
        "in",
        "his",
        "law;"
      ],
      "info": ""
    },
    {
      "verse": 11,
      "text": [
        "And",
        "forgat",
        "his",
        "works,",
        "and",
        "his",
        "wonders",
        "that",
        "he",
        "had",
        "shewed",
        "them."
      ],
      "info": ""
    },
    {
      "verse": 12,
      "text": [
        "Marvellous",
        "things",
        "did",
        "he",
        "in",
        "the",
        "sight",
        "of",
        "their",
        "fathers,",
        "in",
        "the",
        "land",
        "of",
        "Egypt,",
        "*in",
        "the",
        "field",
        "of",
        "Zoan."
      ],
      "info": ""
    },
    {
      "verse": 13,
      "text": [
        "He",
        "divided",
        "the",
        "sea,",
        "and",
        "caused",
        "them",
        "to",
        "pass",
        "through;",
        "and",
        "he",
        "made",
        "the",
        "waters",
        "to",
        "stand",
        "as",
        "an",
        "heap."
      ],
      "info": ""
    },
    {
      "verse": 14,
      "text": [
        "In",
        "the",
        "daytime",
        "also",
        "he",
        "led",
        "them",
        "with",
        "a",
        "cloud,",
        "and",
        "all",
        "the",
        "night",
        "with",
        "a",
        "light",
        "of",
        "fire."
      ],
      "info": ""
    },
    {
      "verse": 15,
      "text": [
        "He",
        "clave",
        "the",
        "rocks",
        "in",
        "the",
        "wilderness,",
        "and",
        "gave",
        "*them",
        "drink",
        "as",
        "*out",
        "*of",
        "the",
        "great",
        "depths."
      ],
      "info": ""
    },
    {
      "verse": 16,
      "text": [
        "He",
        "brought",
        "streams",
        "also",
        "out",
        "of",
        "the",
        "rock,",
        "and",
        "caused",
        "waters",
        "to",
        "run",
        "down",
        "like",
        "rivers."
      ],
      "info": ""
    },
    {
      "verse": 17,
      "text": [
        "And",
        "they",
        "sinned",
        "yet",
        "more",
        "against",
        "him",
        "by",
        "provoking",
        "the",
        "most",
        "High",
        "in",
        "the",
        "wilderness."
      ],
      "info": ""
    },
    {
      "verse": 18,
      "text": [
        "And",
        "they",
        "tempted",
        "God",
        "in",
        "their",
        "heart",
        "by",
        "asking",
        "meat",
        "for",
        "their",
        "lust."
      ],
      "info": ""
    },
    {
      "verse": 19,
      "text": [
        "Yea,",
        "they",
        "spake",
        "against",
        "God;",
        "they",
        "said,",
        "Can",
        "God",
        "furnish",
        "a",
        "table",
        "in",
        "the",
        "wilderness?"
      ],
      "info": ""
    },
    {
      "verse": 20,
      "text": [
        "Behold,",
        "he",
        "smote",
        "the",
        "rock,",
        "that",
        "the",
        "waters",
        "gushed",
        "out,",
        "and",
        "the",
        "streams",
        "overflowed;",
        "can",
        "he",
        "give",
        "bread",
        "also?",
        "can",
        "he",
        "provide",
        "flesh",
        "for",
        "his",
        "people?"
      ],
      "info": ""
    },
    {
      "verse": 21,
      "text": [
        "Therefore",
        "the",
        "LORD",
        "heard",
        "*this,",
        "and",
        "was",
        "wroth:",
        "so",
        "a",
        "fire",
        "was",
        "kindled",
        "against",
        "Jacob,",
        "and",
        "anger",
        "also",
        "came",
        "up",
        "against",
        "Israel;"
      ],
      "info": ""
    },
    {
      "verse": 22,
      "text": [
        "Because",
        "they",
        "believed",
        "not",
        "in",
        "God,",
        "and",
        "trusted",
        "not",
        "in",
        "his",
        "salvation:"
      ],
      "info": ""
    },
    {
      "verse": 23,
      "text": [
        "Though",
        "he",
        "had",
        "commanded",
        "the",
        "clouds",
        "from",
        "above,",
        "and",
        "opened",
        "the",
        "doors",
        "of",
        "heaven,"
      ],
      "info": ""
    },
    {
      "verse": 24,
      "text": [
        "And",
        "had",
        "rained",
        "down",
        "manna",
        "upon",
        "them",
        "to",
        "eat,",
        "and",
        "had",
        "given",
        "them",
        "of",
        "the",
        "corn",
        "of",
        "heaven."
      ],
      "info": ""
    },
    {
      "verse": 25,
      "text": [
        "Man",
        "did",
        "eat",
        "angels'",
        "food:",
        "he",
        "sent",
        "them",
        "meat",
        "to",
        "the",
        "full."
      ],
      "info": ""
    },
    {
      "verse": 26,
      "text": [
        "He",
        "caused",
        "an",
        "east",
        "wind",
        "to",
        "blow",
        "in",
        "the",
        "heaven:",
        "and",
        "by",
        "his",
        "power",
        "he",
        "brought",
        "in",
        "the",
        "south",
        "wind."
      ],
      "info": ""
    },
    {
      "verse": 27,
      "text": [
        "He",
        "rained",
        "flesh",
        "also",
        "upon",
        "them",
        "as",
        "dust,",
        "and",
        "feathered",
        "fowls",
        "like",
        "as",
        "the",
        "sand",
        "of",
        "the",
        "sea:"
      ],
      "info": ""
    },
    {
      "verse": 28,
      "text": [
        "And",
        "he",
        "let",
        "*it",
        "fall",
        "in",
        "the",
        "midst",
        "of",
        "their",
        "camp,",
        "round",
        "about",
        "their",
        "habitations."
      ],
      "info": ""
    },
    {
      "verse": 29,
      "text": [
        "So",
        "they",
        "did",
        "eat,",
        "and",
        "were",
        "well",
        "filled:",
        "for",
        "he",
        "gave",
        "them",
        "their",
        "own",
        "desire;"
      ],
      "info": ""
    },
    {
      "verse": 30,
      "text": [
        "They",
        "were",
        "not",
        "estranged",
        "from",
        "their",
        "lust.",
        "But",
        "while",
        "their",
        "meat",
        "*was",
        "yet",
        "in",
        "their",
        "mouths,"
      ],
      "info": ""
    },
    {
      "verse": 31,
      "text": [
        "The",
        "wrath",
        "of",
        "God",
        "came",
        "upon",
        "them,",
        "and",
        "slew",
        "the",
        "fattest",
        "of",
        "them,",
        "and",
        "smote",
        "down",
        "the",
        "chosen",
        "*men",
        "of",
        "Israel."
      ],
      "info": ""
    },
    {
      "verse": 32,
      "text": [
        "For",
        "all",
        "this",
        "they",
        "sinned",
        "still,",
        "and",
        "believed",
        "not",
        "for",
        "his",
        "wondrous",
        "works."
      ],
      "info": ""
    },
    {
      "verse": 33,
      "text": [
        "Therefore",
        "their",
        "days",
        "did",
        "he",
        "consume",
        "in",
        "vanity,",
        "and",
        "their",
        "years",
        "in",
        "trouble."
      ],
      "info": ""
    },
    {
      "verse": 34,
      "text": [
        "When",
        "he",
        "slew",
        "them,",
        "then",
        "they",
        "sought",
        "him:",
        "and",
        "they",
        "returned",
        "and",
        "enquired",
        "early",
        "after",
        "God."
      ],
      "info": ""
    },
    {
      "verse": 35,
      "text": [
        "And",
        "they",
        "remembered",
        "that",
        "God",
        "*was",
        "their",
        "rock,",
        "and",
        "the",
        "high",
        "God",
        "their",
        "redeemer."
      ],
      "info": ""
    },
    {
      "verse": 36,
      "text": [
        "Nevertheless",
        "they",
        "did",
        "flatter",
        "him",
        "with",
        "their",
        "mouth,",
        "and",
        "they",
        "lied",
        "unto",
        "him",
        "with",
        "their",
        "tongues."
      ],
      "info": ""
    },
    {
      "verse": 37,
      "text": [
        "For",
        "their",
        "heart",
        "was",
        "not",
        "right",
        "with",
        "him,",
        "neither",
        "were",
        "they",
        "stedfast",
        "in",
        "his",
        "covenant."
      ],
      "info": ""
    },
    {
      "verse": 38,
      "text": [
        "But",
        "he,",
        "*being",
        "full",
        "of",
        "compassion,",
        "forgave",
        "*their",
        "iniquity,",
        "and",
        "destroyed",
        "*them",
        "not:",
        "yea,",
        "many",
        "a",
        "time",
        "turned",
        "he",
        "his",
        "anger",
        "away,",
        "and",
        "did",
        "not",
        "stir",
        "up",
        "all",
        "his",
        "wrath."
      ],
      "info": ""
    },
    {
      "verse": 39,
      "text": [
        "For",
        "he",
        "remembered",
        "that",
        "they",
        "*were",
        "*but",
        "flesh;",
        "a",
        "wind",
        "that",
        "passeth",
        "away,",
        "and",
        "cometh",
        "not",
        "again."
      ],
      "info": ""
    },
    {
      "verse": 40,
      "text": [
        "How",
        "oft",
        "did",
        "they",
        "provoke",
        "him",
        "in",
        "the",
        "wilderness,",
        "*and",
        "grieve",
        "him",
        "in",
        "the",
        "desert!"
      ],
      "info": ""
    },
    {
      "verse": 41,
      "text": [
        "Yea,",
        "they",
        "turned",
        "back",
        "and",
        "tempted",
        "God,",
        "and",
        "limited",
        "the",
        "Holy",
        "One",
        "of",
        "Israel."
      ],
      "info": ""
    },
    {
      "verse": 42,
      "text": [
        "They",
        "remembered",
        "not",
        "his",
        "hand,",
        "*nor",
        "the",
        "day",
        "when",
        "he",
        "delivered",
        "them",
        "from",
        "the",
        "enemy."
      ],
      "info": ""
    },
    {
      "verse": 43,
      "text": [
        "How",
        "he",
        "had",
        "wrought",
        "his",
        "signs",
        "in",
        "Egypt,",
        "and",
        "his",
        "wonders",
        "in",
        "the",
        "field",
        "of",
        "Zoan:"
      ],
      "info": ""
    },
    {
      "verse": 44,
      "text": [
        "And",
        "had",
        "turned",
        "their",
        "rivers",
        "into",
        "blood;",
        "and",
        "their",
        "floods,",
        "that",
        "they",
        "could",
        "not",
        "drink."
      ],
      "info": ""
    },
    {
      "verse": 45,
      "text": [
        "He",
        "sent",
        "divers",
        "sorts",
        "of",
        "flies",
        "among",
        "them,",
        "which",
        "devoured",
        "them;",
        "and",
        "frogs,",
        "which",
        "destroyed",
        "them."
      ],
      "info": ""
    },
    {
      "verse": 46,
      "text": [
        "He",
        "gave",
        "also",
        "their",
        "increase",
        "unto",
        "the",
        "caterpiller,",
        "and",
        "their",
        "labour",
        "unto",
        "the",
        "locust."
      ],
      "info": ""
    },
    {
      "verse": 47,
      "text": [
        "He",
        "destroyed",
        "their",
        "vines",
        "with",
        "hail,",
        "and",
        "their",
        "sycomore",
        "trees",
        "with",
        "frost."
      ],
      "info": ""
    },
    {
      "verse": 48,
      "text": [
        "He",
        "gave",
        "up",
        "their",
        "cattle",
        "also",
        "to",
        "the",
        "hail,",
        "and",
        "their",
        "flocks",
        "to",
        "hot",
        "thunderbolts."
      ],
      "info": ""
    },
    {
      "verse": 49,
      "text": [
        "He",
        "cast",
        "upon",
        "them",
        "the",
        "fierceness",
        "of",
        "his",
        "anger,",
        "wrath,",
        "and",
        "indignation,",
        "and",
        "trouble,",
        "by",
        "sending",
        "evil",
        "angels",
        "*among",
        "*them."
      ],
      "info": ""
    },
    {
      "verse": 50,
      "text": [
        "He",
        "made",
        "a",
        "way",
        "to",
        "his",
        "anger;",
        "he",
        "spared",
        "not",
        "their",
        "soul",
        "from",
        "death,",
        "but",
        "gave",
        "their",
        "life",
        "over",
        "to",
        "the",
        "pestilence;"
      ],
      "info": ""
    },
    {
      "verse": 51,
      "text": [
        "And",
        "smote",
        "all",
        "the",
        "firstborn",
        "in",
        "Egypt;",
        "the",
        "chief",
        "of",
        "*their",
        "strength",
        "in",
        "the",
        "tabernacles",
        "of",
        "Ham:"
      ],
      "info": ""
    },
    {
      "verse": 52,
      "text": [
        "But",
        "made",
        "his",
        "own",
        "people",
        "to",
        "go",
        "forth",
        "like",
        "sheep,",
        "and",
        "guided",
        "them",
        "in",
        "the",
        "wilderness",
        "like",
        "a",
        "flock."
      ],
      "info": ""
    },
    {
      "verse": 53,
      "text": [
        "And",
        "he",
        "led",
        "them",
        "on",
        "safely,",
        "so",
        "that",
        "they",
        "feared",
        "not:",
        "but",
        "the",
        "sea",
        "overwhelmed",
        "their",
        "enemies."
      ],
      "info": ""
    },
    {
      "verse": 54,
      "text": [
        "And",
        "he",
        "brought",
        "them",
        "to",
        "the",
        "border",
        "of",
        "his",
        "sanctuary,",
        "*even",
        "*to",
        "this",
        "mountain,",
        "*which",
        "his",
        "right",
        "hand",
        "had",
        "purchased."
      ],
      "info": ""
    },
    {
      "verse": 55,
      "text": [
        "He",
        "cast",
        "out",
        "the",
        "heathen",
        "also",
        "before",
        "them,",
        "and",
        "divided",
        "them",
        "an",
        "inheritance",
        "by",
        "line,",
        "and",
        "made",
        "the",
        "tribes",
        "of",
        "Israel",
        "to",
        "dwell",
        "in",
        "their",
        "tents."
      ],
      "info": ""
    },
    {
      "verse": 56,
      "text": [
        "Yet",
        "they",
        "tempted",
        "and",
        "provoked",
        "the",
        "most",
        "high",
        "God,",
        "and",
        "kept",
        "not",
        "his",
        "testimonies:"
      ],
      "info": ""
    },
    {
      "verse": 57,
      "text": [
        "But",
        "turned",
        "back,",
        "and",
        "dealt",
        "unfaithfully",
        "like",
        "their",
        "fathers:",
        "they",
        "were",
        "turned",
        "aside",
        "like",
        "a",
        "deceitful",
        "bow."
      ],
      "info": ""
    },
    {
      "verse": 58,
      "text": [
        "For",
        "they",
        "provoked",
        "him",
        "to",
        "anger",
        "with",
        "their",
        "high",
        "places,",
        "and",
        "moved",
        "him",
        "to",
        "jealousy",
        "with",
        "their",
        "graven",
        "images."
      ],
      "info": ""
    },
    {
      "verse": 59,
      "text": [
        "When",
        "God",
        "heard",
        "*this,",
        "he",
        "was",
        "wroth,",
        "and",
        "greatly",
        "abhorred",
        "Israel:"
      ],
      "info": ""
    },
    {
      "verse": 60,
      "text": [
        "So",
        "that",
        "he",
        "forsook",
        "the",
        "tabernacle",
        "of",
        "Shiloh,",
        "the",
        "tent",
        "*which",
        "he",
        "placed",
        "among",
        "men;"
      ],
      "info": ""
    },
    {
      "verse": 61,
      "text": [
        "And",
        "delivered",
        "his",
        "strength",
        "into",
        "captivity,",
        "and",
        "his",
        "glory",
        "into",
        "the",
        "enemy's",
        "hand."
      ],
      "info": ""
    },
    {
      "verse": 62,
      "text": [
        "He",
        "gave",
        "his",
        "people",
        "over",
        "also",
        "unto",
        "the",
        "sword;",
        "and",
        "was",
        "wroth",
        "with",
        "his",
        "inheritance."
      ],
      "info": ""
    },
    {
      "verse": 63,
      "text": [
        "The",
        "fire",
        "consumed",
        "their",
        "young",
        "men;",
        "and",
        "their",
        "maidens",
        "were",
        "not",
        "given",
        "to",
        "marriage."
      ],
      "info": ""
    },
    {
      "verse": 64,
      "text": [
        "Their",
        "priests",
        "fell",
        "by",
        "the",
        "sword;",
        "and",
        "their",
        "widows",
        "made",
        "no",
        "lamentation."
      ],
      "info": ""
    },
    {
      "verse": 65,
      "text": [
        "Then",
        "the",
        "Lord",
        "awaked",
        "as",
        "one",
        "out",
        "of",
        "sleep,",
        "*and",
        "like",
        "a",
        "mighty",
        "man",
        "that",
        "shouteth",
        "by",
        "reason",
        "of",
        "wine."
      ],
      "info": ""
    },
    {
      "verse": 66,
      "text": [
        "And",
        "he",
        "smote",
        "his",
        "enemies",
        "in",
        "the",
        "hinder",
        "parts:",
        "he",
        "put",
        "them",
        "to",
        "a",
        "perpetual",
        "reproach."
      ],
      "info": ""
    },
    {
      "verse": 67,
      "text": [
        "Moreover",
        "he",
        "refused",
        "the",
        "tabernacle",
        "of",
        "Joseph,",
        "and",
        "chose",
        "not",
        "the",
        "tribe",
        "of",
        "Ephraim:"
      ],
      "info": ""
    },
    {
      "verse": 68,
      "text": [
        "But",
        "chose",
        "the",
        "tribe",
        "of",
        "Judah,",
        "the",
        "mount",
        "Zion",
        "which",
        "he",
        "loved."
      ],
      "info": ""
    },
    {
      "verse": 69,
      "text": [
        "And",
        "he",
        "built",
        "his",
        "sanctuary",
        "like",
        "high",
        "*palaces,",
        "like",
        "the",
        "earth",
        "which",
        "he",
        "hath",
        "established",
        "for",
        "ever."
      ],
      "info": ""
    },
    {
      "verse": 70,
      "text": [
        "He",
        "chose",
        "David",
        "also",
        "his",
        "servant,",
        "and",
        "took",
        "him",
        "from",
        "the",
        "sheepfolds:"
      ],
      "info": ""
    },
    {
      "verse": 71,
      "text": [
        "From",
        "following",
        "the",
        "ewes",
        "great",
        "with",
        "young",
        "he",
        "brought",
        "him",
        "to",
        "feed",
        "Jacob",
        "his",
        "people,",
        "and",
        "Israel",
        "his",
        "inheritance."
      ],
      "info": ""
    },
    {
      "verse": 72,
      "text": [
        "So",
        "he",
        "fed",
        "them",
        "according",
        "to",
        "the",
        "integrity",
        "of",
        "his",
        "heart;",
        "and",
        "guided",
        "them",
        "by",
        "the",
        "skilfulness",
        "of",
        "his",
        "hands."
      ],
      "info": ""
    }
  ]
}