{
  "book_id": "PSA",
  "book_name": "Psalms",
  "chapter": 81,
  "header": "",
  "footer": "",
  "language": "English",
  "verses": [
    {
      "verse": 1,
      "text": [
        "(To",
        "the",
        "chief",
        "Musician",
        "upon",
        "Gittith,",
        "*A",
        "*Psalm",
        "of",
        "Asaph.)",
        "Sing",
        "aloud",
        "unto",
        "God",
        "our",
        "strength:",
        "make",
        "a",
        "joyful",
        "noise",
        "unto",
        "the",
        "God",
        "of",
        "Jacob."
      ],
      "info": ""
    },
    {
      "verse": 2,
      "text": [
        "Take",
        "a",
        "psalm,",
        "and",
        "bring",
        "hither",
        "the",
        "timbrel,",
        "the",
        "pleasant",
        "harp",
        "with",
        "the",
        "psaltery."
      ],
      "info": ""
    },
    {
      "verse": 3,
      "text": [
        "Blow",
        "up",
        "the",
        "trumpet",
        "in",
        "the",
        "new",
        "moon,",
        "in",
        "the",
        "time",
        "appointed,",
        "on",
        "our",
        "solemn",
        "feast",
        "day."
      ],
      "info": ""
    },
    {
      "verse": 4,
      "text": [
        "For",
        "this",
        "*was",
        "a",
        "statute",
        "for",
        "Israel,",
        "*and",
        "a",
        "law",
        "of",
        "the",
        "God",
        "of",
        "Jacob."
      ],
      "info": ""
    },
    {
      "verse": 5,
      "text": [
        "This",
        "he",
        "ordained",
        "in",
        "Joseph",
        "*for",
        "a",
        "testimony,",
        "when",
        "he",
        "went",
        "out",
        "through",
        "the",
        "land",
        "of",
        "Egypt:",
        "*where",
        "I",
        "heard",
        "a",
        "language",
        "*that",
        "I",
        "understood",
        "not."
      ],
      "info": ""
    },
    {
      "verse": 6,
      "text": [
        "I",
        "removed",
        "his",
        "shoulder",
        "from",
        "the",
        "burden:",
        "his",
        "hands",
        "were",
        "delivered",
        "from",
        "the",
        "pots."
      ],
      "info": ""
    },
    {
      "verse": 7,
      "text": [
        "Thou",
        "calledst",
        "in",
        "trouble,",
        "and",
        "I",
        "delivered",
        "thee;",
        "I",
        "answered",
        "thee",
        "in",
        "the",
        "secret",
        "place",
        "of",
        "thunder:",
        "I",
        "proved",
        "thee",
        "at",
        "the",
        "waters",
        "of",
        "Meribah.",
        "Selah."
      ],
      "info": ""
    },
    {
      "verse": 8,
      "text": [
        "Hear,",
        "O",
        "my",
        "people,",
        "and",
        "I",
        "will",
        "testify",
        "unto",
        "thee:",
        "O",
        "Israel,",
        "if",
        "thou",
        "wilt",
        "hearken",
        "unto",
        "me;"
      ],
      "info": ""
    },
    {
      "verse": 9,
      "text": [
        "There",
        "shall",
        "no",
        "strange",
        "god",
        "be",
        "in",
        "thee;",
        "neither",
        "shalt",
        "thou",
        "worship",
        "any",
        "strange",
        "god."
      ],
      "info": ""
    },
    {
      "verse": 10,
      "text": [
        "I",
        "*am",
        "the",
        "LORD",
        "thy",
        "God,",
        "which",
        "brought",
        "thee",
        "out",
        "of",
        "the",
        "land",
        "of",
        "Egypt:",
        "open",
        "thy",
        "mouth",
        "wide,",
        "and",
        "I",
        "will",
        "fill",
        "it."
      ],
      "info": ""
    },
    {
      "verse": 11,
      "text": [
        "But",
        "my",
        "people",
        "would",
        "not",
        "hearken",
        "to",
        "my",
        "voice;",
        "and",
        "Israel",
        "would",
        "none",
        "of",
        "me."
      ],
      "info": ""
    },
    {
      "verse": 12,
      "text": [
        "So",
        "I",
        "gave",
        "them",
        "up",
        "unto",
        "their",
        "own",
        "hearts'",
        "lust:",
        "*and",
        "they",
        "walked",
        "in",
        "their",
        "own",
        "counsels."
      ],
      "info": ""
    },
    {
      "verse": 13,
      "text": [
        "Oh",
        "that",
        "my",
        "people",
        "had",
        "hearkened",
        "unto",
        "me,",
        "*and",
        "Israel",
        "had",
        "walked",
        "in",
        "my",
        "ways!"
      ],
      "info": ""
    },
    {
      "verse": 14,
      "text": [
        "I",
        "should",
        "soon",
        "have",
        "subdued",
        "their",
        "enemies,",
        "and",
        "turned",
        "my",
        "hand",
        "against",
        "their",
        "adversaries."
      ],
      "info": ""
    },
    {
      "verse": 15,
      "text": [
        "The",
        "haters",
        "of",
        "the",
        "LORD",
        "should",
        "have",
        "submitted",
        "themselves",
        "unto",
        "him:",
        "but",
        "their",
        "time",
        "should",
        "have",
        "endured",
        "for",
        "ever."
      ],
      "info": ""
    },
    {
      "verse": 16,
      "text": [
        "He",
        "should",
        "have",
        "fed",
        "them",
        "also",
        "with",
        "the",
        "finest",
        "of",
        "the",
        "wheat:",
        "and",
        "with",
        "honey",
        "out",
        "of",
        "the",
        "rock",
        "should",
        "I",
        "have",
        "satisfied",
        "thee."
      ],
      "info": ""
    }
  ]
}