{
  "book_id": "PSA",
  "book_name": "Psalms",
  "chapter": 82,
  "header": "",
  "footer": "",
  "language": "English",
  "verses": [
    {
      "verse": 1,
      "text": [
        "(A",
        "Psalm",
        "of",
        "Asaph.)",
        "God",
        "standeth",
        "in",
        "the",
        "congregation",
        "of",
        "the",
        "mighty;",
        "he",
        "judgeth",
        "among",
        "the",
        "gods."
      ],
      "info": ""
    },
    {
      "verse": 2,
      "text": [
        "How",
        "long",
        "will",
        "ye",
        "judge",
        "unjustly,",
        "and",
        "accept",
        "the",
        "persons",
        "of",
        "the",
        "wicked?",
        "Selah."
      ],
      "info": ""
    },
    {
      "verse": 3,
      "text": [
        "Defend",
        "the",
        "poor",
        "and",
        "fatherless:",
        "do",
        "justice",
        "to",
        "the",
        "afflicted",
        "and",
        "needy."
      ],
      "info": ""
    },
    {
      "verse": 4,
      "text": [
        "Deliver",
        "the",
        "poor",
        "and",
        "needy:",
        "rid",
        "*them",
        "out",
        "of",
        "the",
        "hand",
        "of",
        "the",
        "wicked."
      ],
      "info": ""
    },
    {
      "verse": 5,
      "text": [
        "They",
        "know",
        "not,",
        "neither",
        "will",
        "they",
        "understand;",
        "they",
        "walk",
        "on",
        "in",
        "darkness:",
        "all",
        "the",
        "foundations",
        "of",
        "the",
        "earth",
        "are",
        "out",
        "of",
        "course."
      ],
      "info": ""
    },
    {
      "verse": 6,
      "text": [
        "I",
        "have",
        "said,",
        "Ye",
        "*are",
        "gods;",
        "and",
        "all",
        "of",
        "you",
        "*are",
        "children",
        "of",
        "the",
        "most",
        "High."
      ],
      "info": ""
    },
    {
      "verse": 7,
      "text": [
        "But",
        "ye",
        "shall",
        "die",
        "like",
        "men,",
        "and",
        "fall",
        "like",
        "one",
        "of",
        "the",
        "princes."
      ],
      "info": ""
    },
    {
      "verse": 8,
      "text": [
        "Arise,",
        "O",
        "God,",
        "judge",
        "the",
        "earth:",
        "for",
        "thou",
        "shalt",
        "inherit",
        "all",
        "nations."
      ],
      "info": ""
    }
  ]
}