{
  "book_id": "PSA",
  "book_name": "Psalms",
  "chapter": 83,
  "header": "",
  "footer": "",
  "language": "English",
  "verses": [
    {
      "verse": 1,
      "text": [
        "(A",
        "Song",
        "*or",
        "Psalm",
        "of",
        "Asaph.)",
        "Keep",
        "not",
        "thou",
        "silence,",
        "O",
        "God:",
        "hold",
        "not",
        "thy",
        "peace,",
        "and",
        "be",
        "not",
        "still,",
        "O",
        "God."
      ],
      "info": ""
    },
    {
      "verse": 2,
      "text": [
        "For,",
        "lo,",
        "thine",
        "enemies",
        "make",
        "a",
        "tumult:",
        "and",
        "they",
        "that",
        "hate",
        "thee",
        "have",
        "lifted",
        "up",
        "the",
        "head."
      ],
      "info": ""
    },
    {
      "verse": 3,
      "text": [
        "They",
        "have",
        "taken",
        "crafty",
        "counsel",
        "against",
        "thy",
        "people,",
        "and",
        "consulted",
        "against",
        "thy",
        "hidden",
        "ones."
      ],
      "info": ""
    },
    {
      "verse": 4,
      "text": [
        "They",
        "have",
        "said,",
        "Come,",
        "and",
        "let",
        "us",
        "cut",
        "them",
        "off",
        "from",
        "*being",
        "a",
        "nation;",
        "that",
        "the",
        "name",
        "of",
        "Israel",
        "may",
        "be",
        "no",
        "more",
        "in",
        "remembrance."
      ],
      "info": ""
    },
    {
      "verse": 5,
      "text": [
        "For",
        "they",
        "have",
        "consulted",
        "together",
        "with",
        "one",
        "consent:",
        "they",
        "are",
        "confederate",
        "against",
        "thee:"
      ],
      "info": ""
    },
    {
      "verse": 6,
      "text": [
        "The",
        "tabernacles",
        "of",
        "Edom,",
        "and",
        "the",
        "Ishmaelites;",
        "of",
        "Moab,",
        "and",
        "the",
        "Hagarenes;"
      ],
      "info": ""
    },
    {
      "verse": 7,
      "text": [
        "Gebal,",
        "and",
        "Ammon,",
        "and",
        "Amalek;",
        "the",
        "Philistines",
        "with",
        "the",
        "inhabitants",
        "of",
        "Tyre;"
      ],
      "info": ""
    },
    {
      "verse": 8,
      "text": [
        "Assur",
        "also",
        "is",
        "joined",
        "with",
        "them:",
        "they",
        "have",
        "holpen",
        "the",
        "children",
        "of",
        "Lot.",
        "Selah."
      ],
      "info": ""
    },
    {
      "verse": 9,
      "text": [
        "Do",
        "unto",
        "them",
        "as",
        "*unto",
        "the",
        "Midianites;",
        "as",
        "*to",
        "Sisera,",
        "as",
        "*to",
        "Jabin,",
        "at",
        "the",
        "brook",
        "of",
        "Kison:"
      ],
      "info": ""
    },
    {
      "verse": 10,
      "text": [
        "*Which",
        "perished",
        "at",
        "Endor:",
        "they",
        "became",
        "*as",
        "dung",
        "for",
        "the",
        "earth."
      ],
      "info": ""
    },
    {
      "verse": 11,
      "text": [
        "Make",
        "their",
        "nobles",
        "like",
        "Oreb,",
        "and",
        "like",
        "Zeeb:",
        "yea,",
        "all",
        "their",
        "princes",
        "as",
        "Zebah,",
        "and",
        "as",
        "Zalmunna:"
      ],
      "info": ""
    },
    {
      "verse": 12,
      "text": [
        "Who",
        "said,",
        "Let",
        "us",
        "take",
        "to",
        "ourselves",
        "the",
        "houses",
        "of",
        "God",
        "in",
        "possession."
      ],
      "info": ""
    },
    {
      "verse": 13,
      "text": [
        "O",
        "my",
        "God,",
        "make",
        "them",
        "like",
        "a",
        "wheel;",
        "as",
        "the",
        "stubble",
        "before",
        "the",
        "wind."
      ],
      "info": ""
    },
    {
      "verse": 14,
      "text": [
        "As",
        "the",
        "fire",
        "burneth",
        "a",
        "wood,",
        "and",
        "as",
        "the",
        "flame",
        "setteth",
        "the",
        "mountains",
        "on",
        "fire;"
      ],
      "info": ""
    },
    {
      "verse": 15,
      "text": [
        "So",
        "persecute",
        "them",
        "with",
        "thy",
        "tempest,",
        "and",
        "make",
        "them",
        "afraid",
        "with",
        "thy",
        "storm."
      ],
      "info": ""
    },
    {
      "verse": 16,
      "text": [
        "Fill",
        "their",
        "faces",
        "with",
        "shame;",
        "that",
        "they",
        "may",
        "seek",
        "thy",
        "name,",
        "O",
        "LORD."
      ],
      "info": ""
    },
    {
      "verse": 17,
      "text": [
        "Let",
        "them",
        "be",
        "confounded",
        "and",
        "troubled",
        "for",
        "ever;",
        "yea,",
        "let",
        "them",
        "be",
        "put",
        "to",
        "shame,",
        "and",
        "perish:"
      ],
      "info": ""
    },
    {
      "verse": 18,
      "text": [
        "That",
        "*men",
        "may",
        "know",
        "that",
        "thou,",
        "whose",
        "name",
        "alone",
        "*is",
        "JEHOVAH,",
        "*art",
        "the",
        "most",
        "high",
        "over",
        "all",
        "the",
        "earth."
      ],
      "info": ""
    }
  ]
}