{
  "book_id": "PSA",
  "book_name": "Psalms",
  "chapter": 84,
  "header": "",
  "footer": "",
  "language": "English",
  "verses": [
    {
      "verse": 1,
      "text": [
        "(To",
        "the",
        "chief",
        "Musician",
        "upon",
        "Gittith,",
        "A",
        "Psalm",
        "for",
        "the",
        "sons",
        "of",
        "Korah.)",
        "How",
        "amiable",
        "*are",
        "thy",
        "tabernacles,",
        "O",
        "LORD",
        "of",
        "hosts!"
      ],
      "info": ""
    },
    {
      "verse": 2,
      "text": [
        "My",
        "soul",
        "longeth,",
        "yea,",
        "even",
        "fainteth",
        "for",
        "the",
        "courts",
        "of",
        "the",
        "LORD:",
        "my",
        "heart",
        "and",
        "my",
        "flesh",
        "crieth",
        "out",
        "for",
        "the",
        "living",
        "God."
      ],
      "info": ""
    },
    {
      "verse": 3,
      "text": [
        "Yea,",
        "the",
        "sparrow",
        "hath",
        "found",
        "an",
        "house,",
        "and",
        "the",
        "swallow",
        "a",
        "nest",
        "for",
        "herself,",
        "where",
        "she",
        "may",
        "lay",
        "her",
        "young,",
        "*even",
        "thine",
        "altars,",
        "O",
        "LORD",
        "of",
        "hosts,",
        "my",
        "King,",
        "and",
        "my",
        "God."
      ],
      "info": ""
    },
    {
      "verse": 4,
      "text": [
        "Blessed",
        "*are",
        "they",
        "that",
        "dwell",
        "in",
        "thy",
        "house:",
        "they",
        "will",
        "be",
        "still",
        "praising",
        "thee.",
        "Selah."
      ],
      "info": ""
    },
    {
      "verse": 5,
      "text": [
        "Blessed",
        "*is",
        "the",
        "man",
        "whose",
        "strength",
        "*is",
        "in",
        "thee;",
        "in",
        "whose",
        "heart",
        "*are",
        "the",
        "ways",
        "*of",
        "*them."
      ],
      "info": ""
    },
    {
      "verse": 6,
      "text": [
        "*Who",
        "passing",
        "through",
        "the",
        "valley",
        "of",
        "Baca",
        "make",
        "it",
        "a",
        "well;",
        "the",
        "rain",
        "also",
        "filleth",
        "the",
        "pools."
      ],
      "info": ""
    },
    {
      "verse": 7,
      "text": [
        "They",
        "go",
        "from",
        "strength",
        "to",
        "strength,",
        "*every",
        "*one",
        "*of",
        "*them",
        "in",
        "Zion",
        "appeareth",
        "before",
        "God."
      ],
      "info": ""
    },
    {
      "verse": 8,
      "text": [
        "O",
        "LORD",
        "God",
        "of",
        "hosts,",
        "hear",
        "my",
        "prayer:",
        "give",
        "ear,",
        "O",
        "God",
        "of",
        "Jacob.",
        "Selah."
      ],
      "info": ""
    },
    {
      "verse": 9,
      "text": [
        "Behold,",
        "O",
        "God",
        "our",
        "shield,",
        "and",
        "look",
        "upon",
        "the",
        "face",
        "of",
        "thine",
        "anointed."
      ],
      "info": ""
    },
    {
      "verse": 10,
      "text": [
        "For",
        "a",
        "day",
        "in",
        "thy",
        "courts",
        "*is",
        "better",
        "than",
        "a",
        "thousand.",
        "I",
        "had",
        "rather",
        "be",
        "a",
        "doorkeeper",
        "in",
        "the",
        "house",
        "of",
        "my",
        "God,",
        "than",
        "to",
        "dwell",
        "in",
        "the",
        "tents",
        "of",
        "wickedness."
      ],
      "info": ""
    },
    {
      "verse": 11,
      "text": [
        "For",
        "the",
        "LORD",
        "God",
        "*is",
        "a",
        "sun",
        "and",
        "shield:",
        "the",
        "LORD",
        "will",
        "give",
        "grace",
        "and",
        "glory:",
        "no",
        "good",
        "*thing",
        "will",
        "he",
        "withhold",
        "from",
        "them",
        "that",
        "walk",
        "uprightly."
      ],
      "info": ""
    },
    {
      "verse": 12,
      "text": [
        "O",
        "LORD",
        "of",
        "hosts,",
        "blessed",
        "*is",
        "the",
        "man",
        "that",
        "trusteth",
        "in",
        "thee."
      ],
      "info": ""
    }
  ]
}