{
  "book_id": "PSA",
  "book_name": "Psalms",
  "chapter": 85,
  "header": "",
  "footer": "",
  "language": "English",
  "verses": [
    {
      "verse": 1,
      "text": [
        "(To",
        "the",
        "chief",
        "Musician,",
        "A",
        "Psalm",
        "for",
        "the",
        "sons",
        "of",
        "Korah.)",
        "LORD,",
        "thou",
        "hast",
        "been",
        "favourable",
        "unto",
        "thy",
        "land:",
        "thou",
        "hast",
        "brought",
        "back",
        "the",
        "captivity",
        "of",
        "Jacob."
      ],
      "info": ""
    },
    {
      "verse": 2,
      "text": [
        "Thou",
        "hast",
        "forgiven",
        "the",
        "iniquity",
        "of",
        "thy",
        "people,",
        "thou",
        "hast",
        "covered",
        "all",
        "their",
        "sin.",
        "Selah."
      ],
      "info": ""
    },
    {
      "verse": 3,
      "text": [
        "Thou",
        "hast",
        "taken",
        "away",
        "all",
        "thy",
        "wrath:",
        "thou",
        "hast",
        "turned",
        "*thyself",
        "from",
        "the",
        "fierceness",
        "of",
        "thine",
        "anger."
      ],
      "info": ""
    },
    {
      "verse": 4,
      "text": [
        "Turn",
        "us,",
        "O",
        "God",
        "of",
        "our",
        "salvation,",
        "and",
        "cause",
        "thine",
        "anger",
        "toward",
        "us",
        "to",
        "cease."
      ],
      "info": ""
    },
    {
      "verse": 5,
      "text": [
        "Wilt",
        "thou",
        "be",
        "angry",
        "with",
        "us",
        "for",
        "ever?",
        "wilt",
        "thou",
        "draw",
        "out",
        "thine",
        "anger",
        "to",
        "all",
        "generations?"
      ],
      "info": ""
    },
    {
      "verse": 6,
      "text": [
        "Wilt",
        "thou",
        "not",
        "revive",
        "us",
        "again:",
        "that",
        "thy",
        "people",
        "may",
        "rejoice",
        "in",
        "thee?"
      ],
      "info": ""
    },
    {
      "verse": 7,
      "text": [
        "Shew",
        "us",
        "thy",
        "mercy,",
        "O",
        "LORD,",
        "and",
        "grant",
        "us",
        "thy",
        "salvation."
      ],
      "info": ""
    },
    {
      "verse": 8,
      "text": [
        "I",
        "will",
        "hear",
        "what",
        "God",
        "the",
        "LORD",
        "will",
        "speak:",
        "for",
        "he",
        "will",
        "speak",
        "peace",
        "unto",
        "his",
        "people,",
        "and",
        "to",
        "his",
        "saints:",
        "but",
        "let",
        "them",
        "not",
        "turn",
        "again",
        "to",
        "folly."
      ],
      "info": ""
    },
    {
      "verse": 9,
      "text": [
        "Surely",
        "his",
        "salvation",
        "*is",
        "nigh",
        "them",
        "that",
        "fear",
        "him;",
        "that",
        "glory",
        "may",
        "dwell",
        "in",
        "our",
        "land."
      ],
      "info": ""
    },
    {
      "verse": 10,
      "text": [
        "Mercy",
        "and",
        "truth",
        "are",
        "met",
        "together;",
        "righteousness",
        "and",
        "peace",
        "have",
        "kissed",
        "*each",
        "*other."
      ],
      "info": ""
    },
    {
      "verse": 11,
      "text": [
        "Truth",
        "shall",
        "spring",
        "out",
        "of",
        "the",
        "earth;",
        "and",
        "righteousness",
        "shall",
        "look",
        "down",
        "from",
        "heaven."
      ],
      "info": ""
    },
    {
      "verse": 12,
      "text": [
        "Yea,",
        "the",
        "LORD",
        "shall",
        "give",
        "*that",
        "*which",
        "*is",
        "good;",
        "and",
        "our",
        "land",
        "shall",
        "yield",
        "her",
        "increase."
      ],
      "info": ""
    },
    {
      "verse": 13,
      "text": [
        "Righteousness",
        "shall",
        "go",
        "before",
        "him;",
        "and",
        "shall",
        "set",
        "*us",
        "in",
        "the",
        "way",
        "of",
        "his",
        "steps."
      ],
      "info": ""
    }
  ]
}