{
  "book_id": "PSA",
  "book_name": "Psalms",
  "chapter": 9,
  "header": "",
  "footer": "",
  "language": "English",
  "verses": [
    {
      "verse": 1,
      "text": [
        "(To",
        "the",
        "chief",
        "Musician",
        "upon",
        "Muthlabben,",
        "A",
        "Psalm",
        "of",
        "David.)",
        "I",
        "will",
        "praise",
        "*thee,",
        "O",
        "LORD,",
        "with",
        "my",
        "whole",
        "heart;",
        "I",
        "will",
        "shew",
        "forth",
        "all",
        "thy",
        "marvellous",
        "works."
      ],
      "info": ""
    },
    {
      "verse": 2,
      "text": [
        "I",
        "will",
        "be",
        "glad",
        "and",
        "rejoice",
        "in",
        "thee:",
        "I",
        "will",
        "sing",
        "praise",
        "to",
        "thy",
        "name,",
        "O",
        "thou",
        "most",
        "High."
      ],
      "info": ""
    },
    {
      "verse": 3,
      "text": [
        "When",
        "mine",
        "enemies",
        "are",
        "turned",
        "back,",
        "they",
        "shall",
        "fall",
        "and",
        "perish",
        "at",
        "thy",
        "presence."
      ],
      "info": ""
    },
    {
      "verse": 4,
      "text": [
        "For",
        "thou",
        "hast",
        "maintained",
        "my",
        "right",
        "and",
        "my",
        "cause;",
        "thou",
        "satest",
        "in",
        "the",
        "throne",
        "judging",
        "right."
      ],
      "info": ""
    },
    {
      "verse": 5,
      "text": [
        "Thou",
        "hast",
        "rebuked",
        "the",
        "heathen,",
        "thou",
        "hast",
        "destroyed",
        "the",
        "wicked,",
        "thou",
        "hast",
        "put",
        "out",
        "their",
        "name",
        "for",
        "ever",
        "and",
        "ever."
      ],
      "info": ""
    },
    {
      "verse": 6,
      "text": [
        "O",
        "thou",
        "enemy,",
        "destructions",
        "are",
        "come",
        "to",
        "a",
        "perpetual",
        "end:",
        "and",
        "thou",
        "hast",
        "destroyed",
        "cities;",
        "their",
        "memorial",
        "is",
        "perished",
        "with",
        "them."
      ],
      "info": ""
    },
    {
      "verse": 7,
      "text": [
        "But",
        "the",
        "LORD",
        "shall",
        "endure",
        "for",
        "ever:",
        "he",
        "hath",
        "prepared",
        "his",
        "throne",
        "for",
        "judgment."
      ],
      "info": ""
    },
    {
      "verse": 8,
      "text": [
        "And",
        "he",
        "shall",
        "judge",
        "the",
        "world",
        "in",
        "righteousness,",
        "he",
        "shall",
        "minister",
        "judgment",
        "to",
        "the",
        "people",
        "in",
        "uprightness."
      ],
      "info": ""
    },
    {
      "verse": 9,
      "text": [
        "The",
        "LORD",
        "also",
        "will",
        "be",
        "a",
        "refuge",
        "for",
        "the",
        "oppressed,",
        "a",
        "refuge",
        "in",
        "times",
        "of",
        "trouble."
      ],
      "info": ""
    },
    {
      "verse": 10,
      "text": [
        "And",
        "they",
        "that",
        "know",
        "thy",
        "name",
        "will",
        "put",
        "their",
        "trust",
        "in",
        "thee:",
        "for",
        "thou,",
        "LORD,",
        "hast",
        "not",
        "forsaken",
        "them",
        "that",
        "seek",
        "thee."
      ],
      "info": ""
    },
    {
      "verse": 11,
      "text": [
        "Sing",
        "praises",
        "to",
        "the",
        "LORD,",
        "which",
        "dwelleth",
        "in",
        "Zion:",
        "declare",
        "among",
        "the",
        "people",
        "his",
        "doings."
      ],
      "info": ""
    },
    {
      "verse": 12,
      "text": [
        "When",
        "he",
        "maketh",
        "inquisition",
        "for",
        "blood,",
        "he",
        "remembereth",
        "them:",
        "he",
        "forgetteth",
        "not",
        "the",
        "cry",
        "of",
        "the",
        "humble."
      ],
      "info": ""
    },
    {
      "verse": 13,
      "text": [
        "Have",
        "mercy",
        "upon",
        "me,",
        "O",
        "LORD;",
        "consider",
        "my",
        "trouble",
        "*which",
        "*I",
        "*suffer",
        "of",
        "them",
        "that",
        "hate",
        "me,",
        "thou",
        "that",
        "liftest",
        "me",
        "up",
        "from",
        "the",
        "gates",
        "of",
        "death:"
      ],
      "info": ""
    },
    {
      "verse": 14,
      "text": [
        "That",
        "I",
        "may",
        "shew",
        "forth",
        "all",
        "thy",
        "praise",
        "in",
        "the",
        "gates",
        "of",
        "the",
        "daughter",
        "of",
        "Zion:",
        "I",
        "will",
        "rejoice",
        "in",
        "thy",
        "salvation."
      ],
      "info": ""
    },
    {
      "verse": 15,
      "text": [
        "The",
        "heathen",
        "are",
        "sunk",
        "down",
        "in",
        "the",
        "pit",
        "*that",
        "they",
        "made:",
        "in",
        "the",
        "net",
        "which",
        "they",
        "hid",
        "is",
        "their",
        "own",
        "foot",
        "taken."
      ],
      "info": ""
    },
    {
      "verse": 16,
      "text": [
        "The",
        "LORD",
        "is",
        "known",
        "*by",
        "the",
        "judgment",
        "*which",
        "he",
        "executeth:",
        "the",
        "wicked",
        "is",
        "snared",
        "in",
        "the",
        "work",
        "of",
        "his",
        "own",
        "hands.",
        "Higgaion.",
        "Selah."
      ],
      "info": ""
    },
    {
      "verse": 17,
      "text": [
        "The",
        "wicked",
        "shall",
        "be",
        "turned",
        "into",
        "hell,",
        "*and",
        "all",
        "the",
        "nations",
        "that",
        "forget",
        "God."
      ],
      "info": ""
    },
    {
      "verse": 18,
      "text": [
        "For",
        "the",
        "needy",
        "shall",
        "not",
        "alway",
        "be",
        "forgotten:",
        "the",
        "expectation",
        "of",
        "the",
        "poor",
        "shall",
        "*not",
        "perish",
        "for",
        "ever."
      ],
      "info": ""
    },
    {
      "verse": 19,
      "text": [
        "Arise,",
        "O",
        "LORD;",
        "let",
        "not",
        "man",
        "prevail:",
        "let",
        "the",
        "heathen",
        "be",
        "judged",
        "in",
        "thy",
        "sight."
      ],
      "info": ""
    },
    {
      "verse": 20,
      "text": [
        "Put",
        "them",
        "in",
        "fear,",
        "O",
        "LORD:",
        "*that",
        "the",
        "nations",
        "may",
        "know",
        "themselves",
        "*to",
        "*be",
        "*but",
        "men.",
        "Selah."
      ],
      "info": ""
    }
  ]
}