{
  "book_id": "PSA",
  "book_name": "Psalms",
  "chapter": 96,
  "header": "",
  "footer": "",
  "language": "English",
  "verses": [
    {
      "verse": 1,
      "text": [
        "O",
        "sing",
        "unto",
        "the",
        "LORD",
        "a",
        "new",
        "song:",
        "sing",
        "unto",
        "the",
        "LORD,",
        "all",
        "the",
        "earth."
      ],
      "info": ""
    },
    {
      "verse": 2,
      "text": [
        "Sing",
        "unto",
        "the",
        "LORD,",
        "bless",
        "his",
        "name;",
        "shew",
        "forth",
        "his",
        "salvation",
        "from",
        "day",
        "to",
        "day."
      ],
      "info": ""
    },
    {
      "verse": 3,
      "text": [
        "Declare",
        "his",
        "glory",
        "among",
        "the",
        "heathen,",
        "his",
        "wonders",
        "among",
        "all",
        "people."
      ],
      "info": ""
    },
    {
      "verse": 4,
      "text": [
        "For",
        "the",
        "LORD",
        "*is",
        "great,",
        "and",
        "greatly",
        "to",
        "be",
        "praised:",
        "he",
        "*is",
        "to",
        "be",
        "feared",
        "above",
        "all",
        "gods."
      ],
      "info": ""
    },
    {
      "verse": 5,
      "text": [
        "For",
        "all",
        "the",
        "gods",
        "of",
        "the",
        "nations",
        "*are",
        "idols:",
        "but",
        "the",
        "LORD",
        "made",
        "the",
        "heavens."
      ],
      "info": ""
    },
    {
      "verse": 6,
      "text": [
        "Honour",
        "and",
        "majesty",
        "*are",
        "before",
        "him:",
        "strength",
        "and",
        "beauty",
        "*are",
        "in",
        "his",
        "sanctuary."
      ],
      "info": ""
    },
    {
      "verse": 7,
      "text": [
        "Give",
        "unto",
        "the",
        "LORD,",
        "O",
        "ye",
        "kindreds",
        "of",
        "the",
        "people,",
        "give",
        "unto",
        "the",
        "LORD",
        "glory",
        "and",
        "strength."
      ],
      "info": ""
    },
    {
      "verse": 8,
      "text": [
        "Give",
        "unto",
        "the",
        "LORD",
        "the",
        "glory",
        "*due",
        "*unto",
        "his",
        "name:",
        "bring",
        "an",
        "offering,",
        "and",
        "come",
        "into",
        "his",
        "courts."
      ],
      "info": ""
    },
    {
      "verse": 9,
      "text": [
        "O",
        "worship",
        "the",
        "LORD",
        "in",
        "the",
        "beauty",
        "of",
        "holiness:",
        "fear",
        "before",
        "him,",
        "all",
        "the",
        "earth."
      ],
      "info": ""
    },
    {
      "verse": 10,
      "text": [
        "Say",
        "among",
        "the",
        "heathen",
        "*that",
        "the",
        "LORD",
        "reigneth:",
        "the",
        "world",
        "also",
        "shall",
        "be",
        "established",
        "that",
        "it",
        "shall",
        "not",
        "be",
        "moved:",
        "he",
        "shall",
        "judge",
        "the",
        "people",
        "righteously."
      ],
      "info": ""
    },
    {
      "verse": 11,
      "text": [
        "Let",
        "the",
        "heavens",
        "rejoice,",
        "and",
        "let",
        "the",
        "earth",
        "be",
        "glad;",
        "let",
        "the",
        "sea",
        "roar,",
        "and",
        "the",
        "fulness",
        "thereof."
      ],
      "info": ""
    },
    {
      "verse": 12,
      "text": [
        "Let",
        "the",
        "field",
        "be",
        "joyful,",
        "and",
        "all",
        "that",
        "*is",
        "therein:",
        "then",
        "shall",
        "all",
        "the",
        "trees",
        "of",
        "the",
        "wood",
        "rejoice"
      ],
      "info": ""
    },
    {
      "verse": 13,
      "text": [
        "Before",
        "the",
        "LORD:",
        "for",
        "he",
        "cometh,",
        "for",
        "he",
        "cometh",
        "to",
        "judge",
        "the",
        "earth:",
        "he",
        "shall",
        "judge",
        "the",
        "world",
        "with",
        "righteousness,",
        "and",
        "the",
        "people",
        "with",
        "his",
        "truth."
      ],
      "info": ""
    }
  ]
}