{
  "book_id": "ROM",
  "book_name": "Romans",
  "chapter": 13,
  "header": "",
  "footer": "",
  "language": "English",
  "verses": [
    {
      "verse": 1,
      "text": [
        "Let",
        "every",
        "soul",
        "be",
        "subject",
        "unto",
        "the",
        "higher",
        "powers.",
        "For",
        "there",
        "is",
        "no",
        "power",
        "but",
        "of",
        "God:",
        "the",
        "powers",
        "that",
        "be",
        "are",
        "ordained",
        "of",
        "God."
      ],
      "info": ""
    },
    {
      "verse": 2,
      "text": [
        "Whosoever",
        "therefore",
        "resisteth",
        "the",
        "power,",
        "resisteth",
        "the",
        "ordinance",
        "of",
        "God:",
        "and",
        "they",
        "that",
        "resist",
        "shall",
        "receive",
        "to",
        "themselves",
        "damnation."
      ],
      "info": ""
    },
    {
      "verse": 3,
      "text": [
        "For",
        "rulers",
        "are",
        "not",
        "a",
        "terror",
        "to",
        "good",
        "works,",
        "but",
        "to",
        "the",
        "evil.",
        "Wilt",
        "thou",
        "then",
        "not",
        "be",
        "afraid",
        "of",
        "the",
        "power?",
        "do",
        "that",
        "which",
        "is",
        "good,",
        "and",
        "thou",
        "shalt",
        "have",
        "praise",
        "of",
        "the",
        "same:"
      ],
      "info": ""
    },
    {
      "verse": 4,
      "text": [
        "For",
        "he",
        "is",
        "the",
        "minister",
        "of",
        "God",
        "to",
        "thee",
        "for",
        "good.",
        "But",
        "if",
        "thou",
        "do",
        "that",
        "which",
        "is",
        "evil,",
        "be",
        "afraid;",
        "for",
        "he",
        "beareth",
        "not",
        "the",
        "sword",
        "in",
        "vain:",
        "for",
        "he",
        "is",
        "the",
        "minister",
        "of",
        "God,",
        "a",
        "revenger",
        "to",
        "*execute",
        "wrath",
        "upon",
        "him",
        "that",
        "doeth",
        "evil."
      ],
      "info": ""
    },
    {
      "verse": 5,
      "text": [
        "Wherefore",
        "*ye",
        "must",
        "needs",
        "be",
        "subject,",
        "not",
        "only",
        "for",
        "wrath,",
        "but",
        "also",
        "for",
        "conscience",
        "sake."
      ],
      "info": ""
    },
    {
      "verse": 6,
      "text": [
        "For",
        "for",
        "this",
        "cause",
        "pay",
        "ye",
        "tribute",
        "also:",
        "for",
        "they",
        "are",
        "God's",
        "ministers,",
        "attending",
        "continually",
        "upon",
        "this",
        "very",
        "thing."
      ],
      "info": ""
    },
    {
      "verse": 7,
      "text": [
        "Render",
        "therefore",
        "to",
        "all",
        "their",
        "dues:",
        "tribute",
        "to",
        "whom",
        "tribute",
        "*is",
        "*due;",
        "custom",
        "to",
        "whom",
        "custom;",
        "fear",
        "to",
        "whom",
        "fear;",
        "honour",
        "to",
        "whom",
        "honour."
      ],
      "info": ""
    },
    {
      "verse": 8,
      "text": [
        "Owe",
        "no",
        "man",
        "any",
        "thing,",
        "but",
        "to",
        "love",
        "one",
        "another:",
        "for",
        "he",
        "that",
        "loveth",
        "another",
        "hath",
        "fulfilled",
        "the",
        "law."
      ],
      "info": ""
    },
    {
      "verse": 9,
      "text": [
        "For",
        "this,",
        "Thou",
        "shalt",
        "not",
        "commit",
        "adultery,",
        "Thou",
        "shalt",
        "not",
        "kill,",
        "Thou",
        "shalt",
        "not",
        "steal,",
        "Thou",
        "shalt",
        "not",
        "bear",
        "false",
        "witness,",
        "Thou",
        "shalt",
        "not",
        "covet;",
        "and",
        "if",
        "*there",
        "*be",
        "any",
        "other",
        "commandment,",
        "it",
        "is",
        "briefly",
        "comprehended",
        "in",
        "this",
        "saying,",
        "namely,",
        "Thou",
        "shalt",
        "love",
        "thy",
        "neighbour",
        "as",
        "thyself."
      ],
      "info": ""
    },
    {
      "verse": 10,
      "text": [
        "Love",
        "worketh",
        "no",
        "ill",
        "to",
        "his",
        "neighbour:",
        "therefore",
        "love",
        "*is",
        "the",
        "fulfilling",
        "of",
        "the",
        "law."
      ],
      "info": ""
    },
    {
      "verse": 11,
      "text": [
        "And",
        "that,",
        "knowing",
        "the",
        "time,",
        "that",
        "now",
        "*it",
        "*is",
        "high",
        "time",
        "to",
        "awake",
        "out",
        "of",
        "sleep:",
        "for",
        "now",
        "*is",
        "our",
        "salvation",
        "nearer",
        "than",
        "when",
        "we",
        "believed."
      ],
      "info": ""
    },
    {
      "verse": 12,
      "text": [
        "The",
        "night",
        "is",
        "far",
        "spent,",
        "the",
        "day",
        "is",
        "at",
        "hand:",
        "let",
        "us",
        "therefore",
        "cast",
        "off",
        "the",
        "works",
        "of",
        "darkness,",
        "and",
        "let",
        "us",
        "put",
        "on",
        "the",
        "armour",
        "of",
        "light."
      ],
      "info": ""
    },
    {
      "verse": 13,
      "text": [
        "Let",
        "us",
        "walk",
        "honestly,",
        "as",
        "in",
        "the",
        "day;",
        "not",
        "in",
        "rioting",
        "and",
        "drunkenness,",
        "not",
        "in",
        "chambering",
        "and",
        "wantonness,",
        "not",
        "in",
        "strife",
        "and",
        "envying."
      ],
      "info": ""
    },
    {
      "verse": 14,
      "text": [
        "But",
        "put",
        "ye",
        "on",
        "the",
        "Lord",
        "Jesus",
        "Christ,",
        "and",
        "make",
        "not",
        "provision",
        "for",
        "the",
        "flesh,",
        "to",
        "*fulfil",
        "the",
        "lusts",
        "*thereof."
      ],
      "info": ""
    }
  ]
}