{
  "book_id": "ROM",
  "book_name": "Romans",
  "chapter": 3,
  "header": "",
  "footer": "",
  "language": "English",
  "verses": [
    {
      "verse": 1,
      "text": [
        "What",
        "advantage",
        "then",
        "hath",
        "the",
        "Jew?",
        "or",
        "what",
        "profit",
        "*is",
        "*there",
        "of",
        "circumcision?"
      ],
      "info": ""
    },
    {
      "verse": 2,
      "text": [
        "Much",
        "every",
        "way:",
        "chiefly,",
        "because",
        "that",
        "unto",
        "them",
        "were",
        "committed",
        "the",
        "oracles",
        "of",
        "God."
      ],
      "info": ""
    },
    {
      "verse": 3,
      "text": [
        "For",
        "what",
        "if",
        "some",
        "did",
        "not",
        "believe?",
        "shall",
        "their",
        "unbelief",
        "make",
        "the",
        "faith",
        "of",
        "God",
        "without",
        "effect?"
      ],
      "info": ""
    },
    {
      "verse": 4,
      "text": [
        "God",
        "forbid:",
        "yea,",
        "let",
        "God",
        "be",
        "true,",
        "but",
        "every",
        "man",
        "a",
        "liar;",
        "as",
        "it",
        "is",
        "written,",
        "That",
        "thou",
        "mightest",
        "be",
        "justified",
        "in",
        "thy",
        "sayings,",
        "and",
        "mightest",
        "overcome",
        "when",
        "thou",
        "art",
        "judged."
      ],
      "info": ""
    },
    {
      "verse": 5,
      "text": [
        "But",
        "if",
        "our",
        "unrighteousness",
        "commend",
        "the",
        "righteousness",
        "of",
        "God,",
        "what",
        "shall",
        "we",
        "say?",
        "*Is",
        "God",
        "unrighteous",
        "who",
        "taketh",
        "vengeance?",
        "(I",
        "speak",
        "as",
        "a",
        "man)"
      ],
      "info": ""
    },
    {
      "verse": 6,
      "text": [
        "God",
        "forbid:",
        "for",
        "then",
        "how",
        "shall",
        "God",
        "judge",
        "the",
        "world?"
      ],
      "info": ""
    },
    {
      "verse": 7,
      "text": [
        "For",
        "if",
        "the",
        "truth",
        "of",
        "God",
        "hath",
        "more",
        "abounded",
        "through",
        "my",
        "lie",
        "unto",
        "his",
        "glory;",
        "why",
        "yet",
        "am",
        "I",
        "also",
        "judged",
        "as",
        "a",
        "sinner?"
      ],
      "info": ""
    },
    {
      "verse": 8,
      "text": [
        "And",
        "not",
        "*rather,",
        "(as",
        "we",
        "be",
        "slanderously",
        "reported,",
        "and",
        "as",
        "some",
        "affirm",
        "that",
        "we",
        "say,)",
        "Let",
        "us",
        "do",
        "evil,",
        "that",
        "good",
        "may",
        "come?",
        "whose",
        "damnation",
        "is",
        "just."
      ],
      "info": ""
    },
    {
      "verse": 9,
      "text": [
        "What",
        "then?",
        "are",
        "we",
        "better",
        "*than",
        "*they?",
        "No,",
        "in",
        "no",
        "wise:",
        "for",
        "we",
        "have",
        "before",
        "proved",
        "both",
        "Jews",
        "and",
        "Gentiles,",
        "that",
        "they",
        "are",
        "all",
        "under",
        "sin;"
      ],
      "info": ""
    },
    {
      "verse": 10,
      "text": [
        "As",
        "it",
        "is",
        "written,",
        "There",
        "is",
        "none",
        "righteous,",
        "no,",
        "not",
        "one:"
      ],
      "info": ""
    },
    {
      "verse": 11,
      "text": [
        "There",
        "is",
        "none",
        "that",
        "understandeth,",
        "there",
        "is",
        "none",
        "that",
        "seeketh",
        "after",
        "God."
      ],
      "info": ""
    },
    {
      "verse": 12,
      "text": [
        "They",
        "are",
        "all",
        "gone",
        "out",
        "of",
        "the",
        "way,",
        "they",
        "are",
        "together",
        "become",
        "unprofitable;",
        "there",
        "is",
        "none",
        "that",
        "doeth",
        "good,",
        "no,",
        "not",
        "one."
      ],
      "info": ""
    },
    {
      "verse": 13,
      "text": [
        "Their",
        "throat",
        "*is",
        "an",
        "open",
        "sepulchre;",
        "with",
        "their",
        "tongues",
        "they",
        "have",
        "used",
        "deceit;",
        "the",
        "poison",
        "of",
        "asps",
        "*is",
        "under",
        "their",
        "lips:"
      ],
      "info": ""
    },
    {
      "verse": 14,
      "text": [
        "Whose",
        "mouth",
        "*is",
        "full",
        "of",
        "cursing",
        "and",
        "bitterness:"
      ],
      "info": ""
    },
    {
      "verse": 15,
      "text": [
        "Their",
        "feet",
        "*are",
        "swift",
        "to",
        "shed",
        "blood:"
      ],
      "info": ""
    },
    {
      "verse": 16,
      "text": [
        "Destruction",
        "and",
        "misery",
        "*are",
        "in",
        "their",
        "ways:"
      ],
      "info": ""
    },
    {
      "verse": 17,
      "text": [
        "And",
        "the",
        "way",
        "of",
        "peace",
        "have",
        "they",
        "not",
        "known:"
      ],
      "info": ""
    },
    {
      "verse": 18,
      "text": [
        "There",
        "is",
        "no",
        "fear",
        "of",
        "God",
        "before",
        "their",
        "eyes."
      ],
      "info": ""
    },
    {
      "verse": 19,
      "text": [
        "Now",
        "we",
        "know",
        "that",
        "what",
        "things",
        "soever",
        "the",
        "law",
        "saith,",
        "it",
        "saith",
        "to",
        "them",
        "who",
        "are",
        "under",
        "the",
        "law:",
        "that",
        "every",
        "mouth",
        "may",
        "be",
        "stopped,",
        "and",
        "all",
        "the",
        "world",
        "may",
        "become",
        "guilty",
        "before",
        "God."
      ],
      "info": ""
    },
    {
      "verse": 20,
      "text": [
        "Therefore",
        "by",
        "the",
        "deeds",
        "of",
        "the",
        "law",
        "there",
        "shall",
        "no",
        "flesh",
        "be",
        "justified",
        "in",
        "his",
        "sight:",
        "for",
        "by",
        "the",
        "law",
        "*is",
        "the",
        "knowledge",
        "of",
        "sin."
      ],
      "info": ""
    },
    {
      "verse": 21,
      "text": [
        "But",
        "now",
        "the",
        "righteousness",
        "of",
        "God",
        "without",
        "the",
        "law",
        "is",
        "manifested,",
        "being",
        "witnessed",
        "by",
        "the",
        "law",
        "and",
        "the",
        "prophets;"
      ],
      "info": ""
    },
    {
      "verse": 22,
      "text": [
        "Even",
        "the",
        "righteousness",
        "of",
        "God",
        "*which",
        "*is",
        "by",
        "faith",
        "of",
        "Jesus",
        "Christ",
        "unto",
        "all",
        "and",
        "upon",
        "all",
        "them",
        "that",
        "believe:",
        "for",
        "there",
        "is",
        "no",
        "difference:"
      ],
      "info": ""
    },
    {
      "verse": 23,
      "text": [
        "For",
        "all",
        "have",
        "sinned,",
        "and",
        "come",
        "short",
        "of",
        "the",
        "glory",
        "of",
        "God;"
      ],
      "info": ""
    },
    {
      "verse": 24,
      "text": [
        "Being",
        "justified",
        "freely",
        "by",
        "his",
        "grace",
        "through",
        "the",
        "redemption",
        "that",
        "is",
        "in",
        "Christ",
        "Jesus:"
      ],
      "info": ""
    },
    {
      "verse": 25,
      "text": [
        "Whom",
        "God",
        "hath",
        "set",
        "forth",
        "*to",
        "*be",
        "a",
        "propitiation",
        "through",
        "faith",
        "in",
        "his",
        "blood,",
        "to",
        "declare",
        "his",
        "righteousness",
        "for",
        "the",
        "remission",
        "of",
        "sins",
        "that",
        "are",
        "past,",
        "through",
        "the",
        "forbearance",
        "of",
        "God;"
      ],
      "info": ""
    },
    {
      "verse": 26,
      "text": [
        "To",
        "declare,",
        "*I",
        "*say,",
        "at",
        "this",
        "time",
        "his",
        "righteousness:",
        "that",
        "he",
        "might",
        "be",
        "just,",
        "and",
        "the",
        "justifier",
        "of",
        "him",
        "which",
        "believeth",
        "in",
        "Jesus."
      ],
      "info": ""
    },
    {
      "verse": 27,
      "text": [
        "Where",
        "*is",
        "boasting",
        "then?",
        "It",
        "is",
        "excluded.",
        "By",
        "what",
        "law?",
        "of",
        "works?",
        "Nay:",
        "but",
        "by",
        "the",
        "law",
        "of",
        "faith."
      ],
      "info": ""
    },
    {
      "verse": 28,
      "text": [
        "Therefore",
        "we",
        "conclude",
        "that",
        "a",
        "man",
        "is",
        "justified",
        "by",
        "faith",
        "without",
        "the",
        "deeds",
        "of",
        "the",
        "law."
      ],
      "info": ""
    },
    {
      "verse": 29,
      "text": [
        "*Is",
        "*he",
        "the",
        "God",
        "of",
        "the",
        "Jews",
        "only?",
        "*is",
        "*he",
        "not",
        "also",
        "of",
        "the",
        "Gentiles?",
        "Yes,",
        "of",
        "the",
        "Gentiles",
        "also:"
      ],
      "info": ""
    },
    {
      "verse": 30,
      "text": [
        "Seeing",
        "*it",
        "*is",
        "one",
        "God,",
        "which",
        "shall",
        "justify",
        "the",
        "circumcision",
        "by",
        "faith,",
        "and",
        "uncircumcision",
        "through",
        "faith."
      ],
      "info": ""
    },
    {
      "verse": 31,
      "text": [
        "Do",
        "we",
        "then",
        "make",
        "void",
        "the",
        "law",
        "through",
        "faith?",
        "God",
        "forbid:",
        "yea,",
        "we",
        "establish",
        "the",
        "law."
      ],
      "info": ""
    }
  ]
}