{
  "book_name": "Genesis",
  "chapter": 13,
  "verses": [
    {
      "book_name": "Genesis",
      "chapter": 13,
      "verse": 1,
      "text": [
        "And",
        "Abram",
        "went",
        "up",
        "out",
        "of",
        "Egypt,",
        "he,",
        "and",
        "his",
        "wife,",
        "and",
        "all",
        "that",
        "he",
        "had,",
        "and",
        "Lot",
        "with",
        "him,",
        "into",
        "the",
        "south."
      ],
      "header": "",
      "footer": ""
    },
    {
      "book_name": "Genesis",
      "chapter": 13,
      "verse": 2,
      "text": [
        "And",
        "Abram",
        "*was",
        "very",
        "rich",
        "in",
        "cattle,",
        "in",
        "silver,",
        "and",
        "in",
        "gold."
      ],
      "header": "",
      "footer": ""
    },
    {
      "book_name": "Genesis",
      "chapter": 13,
      "verse": 3,
      "text": [
        "And",
        "he",
        "went",
        "on",
        "his",
        "journeys",
        "from",
        "the",
        "south",
        "even",
        "to",
        "Bethel,",
        "unto",
        "the",
        "place",
        "where",
        "his",
        "tent",
        "had",
        "been",
        "at",
        "the",
        "beginning,",
        "between",
        "Bethel",
        "and",
        "Hai;"
      ],
      "header": "",
      "footer": ""
    },
    {
      "book_name": "Genesis",
      "chapter": 13,
      "verse": 4,
      "text": [
        "Unto",
        "the",
        "place",
        "of",
        "the",
        "altar,",
        "which",
        "he",
        "had",
        "made",
        "there",
        "at",
        "the",
        "first:",
        "and",
        "there",
        "Abram",
        "called",
        "on",
        "the",
        "name",
        "of",
        "the",
        "Lᴏʀᴅ."
      ],
      "header": "",
      "footer": ""
    },
    {
      "book_name": "Genesis",
      "chapter": 13,
      "verse": 5,
      "text": [
        "¶",
        "And",
        "Lot",
        "also,",
        "which",
        "went",
        "with",
        "Abram,",
        "had",
        "flocks,",
        "and",
        "herds,",
        "and",
        "tents."
      ],
      "header": "",
      "footer": ""
    },
    {
      "book_name": "Genesis",
      "chapter": 13,
      "verse": 6,
      "text": [
        "And",
        "the",
        "land",
        "was",
        "not",
        "able",
        "to",
        "bear",
        "them,",
        "that",
        "they",
        "might",
        "dwell",
        "together:",
        "for",
        "their",
        "substance",
        "was",
        "great,",
        "so",
        "that",
        "they",
        "could",
        "not",
        "dwell",
        "together."
      ],
      "header": "",
      "footer": ""
    },
    {
      "book_name": "Genesis",
      "chapter": 13,
      "verse": 7,
      "text": [
        "And",
        "there",
        "was",
        "a",
        "strife",
        "between",
        "the",
        "herdmen",
        "of",
        "Abram's",
        "cattle",
        "and",
        "the",
        "herdmen",
        "of",
        "Lot's",
        "cattle:",
        "and",
        "the",
        "Canaanite",
        "and",
        "the",
        "Perizzite",
        "dwelled",
        "then",
        "in",
        "the",
        "land."
      ],
      "header": "",
      "footer": ""
    },
    {
      "book_name": "Genesis",
      "chapter": 13,
      "verse": 8,
      "text": [
        "And",
        "Abram",
        "said",
        "unto",
        "Lot,",
        "Let",
        "there",
        "be",
        "no",
        "strife,",
        "I",
        "pray",
        "thee,",
        "between",
        "me",
        "and",
        "thee,",
        "and",
        "between",
        "my",
        "herdmen",
        "and",
        "thy",
        "herdmen;",
        "for",
        "we",
        "*be",
        "brethren."
      ],
      "header": "",
      "footer": ""
    },
    {
      "book_name": "Genesis",
      "chapter": 13,
      "verse": 9,
      "text": [
        "*Is",
        "not",
        "the",
        "whole",
        "land",
        "before",
        "thee?",
        "separate",
        "thyself,",
        "I",
        "pray",
        "thee,",
        "from",
        "me:",
        "if",
        "*thou",
        "*wilt",
        "*take",
        "the",
        "left",
        "hand,",
        "then",
        "I",
        "will",
        "go",
        "to",
        "the",
        "right;",
        "or",
        "if",
        "*thou",
        "*depart",
        "to",
        "the",
        "right",
        "hand,",
        "then",
        "I",
        "will",
        "go",
        "to",
        "the",
        "left."
      ],
      "header": "",
      "footer": ""
    },
    {
      "book_name": "Genesis",
      "chapter": 13,
      "verse": 10,
      "text": [
        "And",
        "Lot",
        "lifted",
        "up",
        "his",
        "eyes,",
        "and",
        "beheld",
        "all",
        "the",
        "plain",
        "of",
        "Jordan,",
        "that",
        "it",
        "*was",
        "well",
        "watered",
        "every",
        "where,",
        "before",
        "the",
        "Lᴏʀᴅ",
        "destroyed",
        "Sodom",
        "and",
        "Gomorrah,",
        "*even",
        "as",
        "the",
        "garden",
        "of",
        "the",
        "Lᴏʀᴅ,",
        "like",
        "the",
        "land",
        "of",
        "Egypt,",
        "as",
        "thou",
        "comest",
        "unto",
        "Zoar."
      ],
      "header": "",
      "footer": ""
    },
    {
      "book_name": "Genesis",
      "chapter": 13,
      "verse": 11,
      "text": [
        "Then",
        "Lot",
        "chose",
        "him",
        "all",
        "the",
        "plain",
        "of",
        "Jordan;",
        "and",
        "Lot",
        "journeyed",
        "east:",
        "and",
        "they",
        "separated",
        "themselves",
        "the",
        "one",
        "from",
        "the",
        "other."
      ],
      "header": "",
      "footer": ""
    },
    {
      "book_name": "Genesis",
      "chapter": 13,
      "verse": 12,
      "text": [
        "Abram",
        "dwelled",
        "in",
        "the",
        "land",
        "of",
        "Canaan,",
        "and",
        "Lot",
        "dwelled",
        "in",
        "the",
        "cities",
        "of",
        "the",
        "plain,",
        "and",
        "pitched",
        "*his",
        "tent",
        "toward",
        "Sodom."
      ],
      "header": "",
      "footer": ""
    },
    {
      "book_name": "Genesis",
      "chapter": 13,
      "verse": 13,
      "text": [
        "But",
        "the",
        "men",
        "of",
        "Sodom",
        "*were",
        "wicked",
        "and",
        "sinners",
        "before",
        "the",
        "Lᴏʀᴅ",
        "exceedingly."
      ],
      "header": "",
      "footer": ""
    },
    {
      "book_name": "Genesis",
      "chapter": 13,
      "verse": 14,
      "text": [
        "¶",
        "And",
        "the",
        "Lᴏʀᴅ",
        "said",
        "unto",
        "Abram,",
        "after",
        "that",
        "Lot",
        "was",
        "separated",
        "from",
        "him,",
        "Lift",
        "up",
        "now",
        "thine",
        "eyes,",
        "and",
        "look",
        "from",
        "the",
        "place",
        "where",
        "thou",
        "art",
        "northward,",
        "and",
        "southward,",
        "and",
        "eastward,",
        "and",
        "westward:"
      ],
      "header": "",
      "footer": ""
    },
    {
      "book_name": "Genesis",
      "chapter": 13,
      "verse": 15,
      "text": [
        "For",
        "all",
        "the",
        "land",
        "which",
        "thou",
        "seest,",
        "to",
        "thee",
        "will",
        "I",
        "give",
        "it,",
        "and",
        "to",
        "thy",
        "seed",
        "for",
        "ever."
      ],
      "header": "",
      "footer": ""
    },
    {
      "book_name": "Genesis",
      "chapter": 13,
      "verse": 16,
      "text": [
        "And",
        "I",
        "will",
        "make",
        "thy",
        "seed",
        "as",
        "the",
        "dust",
        "of",
        "the",
        "earth:",
        "so",
        "that",
        "if",
        "a",
        "man",
        "can",
        "number",
        "the",
        "dust",
        "of",
        "the",
        "earth,",
        "*then",
        "shall",
        "thy",
        "seed",
        "also",
        "be",
        "numbered."
      ],
      "header": "",
      "footer": ""
    },
    {
      "book_name": "Genesis",
      "chapter": 13,
      "verse": 17,
      "text": [
        "Arise,",
        "walk",
        "through",
        "the",
        "land",
        "in",
        "the",
        "length",
        "of",
        "it",
        "and",
        "in",
        "the",
        "breadth",
        "of",
        "it;",
        "for",
        "I",
        "will",
        "give",
        "it",
        "unto",
        "thee."
      ],
      "header": "",
      "footer": ""
    },
    {
      "book_name": "Genesis",
      "chapter": 13,
      "verse": 18,
      "text": [
        "Then",
        "Abram",
        "removed",
        "*his",
        "tent,",
        "and",
        "came",
        "and",
        "dwelt",
        "in",
        "the",
        "plain",
        "of",
        "Mamre,",
        "which",
        "*is",
        "in",
        "Hebron,",
        "and",
        "built",
        "there",
        "an",
        "altar",
        "unto",
        "the",
        "Lᴏʀᴅ."
      ],
      "header": "",
      "footer": ""
    }
  ]
}