{
  "book_name": "Genesis",
  "chapter": 2,
  "verses": [
    {
      "book_name": "Genesis",
      "chapter": 2,
      "verse": 1,
      "text": [
        "Thus",
        "the",
        "heavens",
        "and",
        "the",
        "earth",
        "were",
        "finished,",
        "and",
        "all",
        "the",
        "host",
        "of",
        "them."
      ],
      "header": "",
      "footer": ""
    },
    {
      "book_name": "Genesis",
      "chapter": 2,
      "verse": 2,
      "text": [
        "And",
        "on",
        "the",
        "seventh",
        "day",
        "God",
        "ended",
        "his",
        "work",
        "which",
        "he",
        "had",
        "made;",
        "and",
        "he",
        "rested",
        "on",
        "the",
        "seventh",
        "day",
        "from",
        "all",
        "his",
        "work",
        "which",
        "he",
        "had",
        "made."
      ],
      "header": "",
      "footer": ""
    },
    {
      "book_name": "Genesis",
      "chapter": 2,
      "verse": 3,
      "text": [
        "And",
        "God",
        "blessed",
        "the",
        "seventh",
        "day,",
        "and",
        "sanctified",
        "it:",
        "because",
        "that",
        "in",
        "it",
        "he",
        "had",
        "rested",
        "from",
        "all",
        "his",
        "work",
        "which",
        "God",
        "created",
        "and",
        "made."
      ],
      "header": "",
      "footer": ""
    },
    {
      "book_name": "Genesis",
      "chapter": 2,
      "verse": 4,
      "text": [
        "¶",
        "These",
        "*are",
        "the",
        "generations",
        "of",
        "the",
        "heavens",
        "and",
        "of",
        "the",
        "earth",
        "when",
        "they",
        "were",
        "created,",
        "in",
        "the",
        "day",
        "that",
        "the",
        "Lᴏʀᴅ",
        "God",
        "made",
        "the",
        "earth",
        "and",
        "the",
        "heavens,"
      ],
      "header": "",
      "footer": ""
    },
    {
      "book_name": "Genesis",
      "chapter": 2,
      "verse": 5,
      "text": [
        "And",
        "every",
        "plant",
        "of",
        "the",
        "field",
        "before",
        "it",
        "was",
        "in",
        "the",
        "earth,",
        "and",
        "every",
        "herb",
        "of",
        "the",
        "field",
        "before",
        "it",
        "grew:",
        "for",
        "the",
        "Lᴏʀᴅ",
        "God",
        "had",
        "not",
        "caused",
        "it",
        "to",
        "rain",
        "upon",
        "the",
        "earth,",
        "and",
        "*there",
        "*was",
        "not",
        "a",
        "man",
        "to",
        "till",
        "the",
        "ground."
      ],
      "header": "",
      "footer": ""
    },
    {
      "book_name": "Genesis",
      "chapter": 2,
      "verse": 6,
      "text": [
        "But",
        "there",
        "went",
        "up",
        "a",
        "mist",
        "from",
        "the",
        "earth,",
        "and",
        "watered",
        "the",
        "whole",
        "face",
        "of",
        "the",
        "ground."
      ],
      "header": "",
      "footer": ""
    },
    {
      "book_name": "Genesis",
      "chapter": 2,
      "verse": 7,
      "text": [
        "And",
        "the",
        "Lᴏʀᴅ",
        "God",
        "formed",
        "man",
        "*of",
        "the",
        "dust",
        "of",
        "the",
        "ground,",
        "and",
        "breathed",
        "into",
        "his",
        "nostrils",
        "the",
        "breath",
        "of",
        "life;",
        "and",
        "man",
        "became",
        "a",
        "living",
        "soul."
      ],
      "header": "",
      "footer": ""
    },
    {
      "book_name": "Genesis",
      "chapter": 2,
      "verse": 8,
      "text": [
        "¶",
        "And",
        "the",
        "Lᴏʀᴅ",
        "God",
        "planted",
        "a",
        "garden",
        "eastward",
        "in",
        "Eden;",
        "and",
        "there",
        "he",
        "put",
        "the",
        "man",
        "whom",
        "he",
        "had",
        "formed."
      ],
      "header": "",
      "footer": ""
    },
    {
      "book_name": "Genesis",
      "chapter": 2,
      "verse": 9,
      "text": [
        "And",
        "out",
        "of",
        "the",
        "ground",
        "made",
        "the",
        "Lᴏʀᴅ",
        "God",
        "to",
        "grow",
        "every",
        "tree",
        "that",
        "is",
        "pleasant",
        "to",
        "the",
        "sight,",
        "and",
        "good",
        "for",
        "food;",
        "the",
        "tree",
        "of",
        "life",
        "also",
        "in",
        "the",
        "midst",
        "of",
        "the",
        "garden,",
        "and",
        "the",
        "tree",
        "of",
        "knowledge",
        "of",
        "good",
        "and",
        "evil."
      ],
      "header": "",
      "footer": ""
    },
    {
      "book_name": "Genesis",
      "chapter": 2,
      "verse": 10,
      "text": [
        "And",
        "a",
        "river",
        "went",
        "out",
        "of",
        "Eden",
        "to",
        "water",
        "the",
        "garden;",
        "and",
        "from",
        "thence",
        "it",
        "was",
        "parted,",
        "and",
        "became",
        "into",
        "four",
        "heads."
      ],
      "header": "",
      "footer": ""
    },
    {
      "book_name": "Genesis",
      "chapter": 2,
      "verse": 11,
      "text": [
        "The",
        "name",
        "of",
        "the",
        "first",
        "*is",
        "Pison:",
        "that",
        "*is",
        "it",
        "which",
        "compasseth",
        "the",
        "whole",
        "land",
        "of",
        "Havilah,",
        "where",
        "*there",
        "*is",
        "gold;"
      ],
      "header": "",
      "footer": ""
    },
    {
      "book_name": "Genesis",
      "chapter": 2,
      "verse": 12,
      "text": [
        "And",
        "the",
        "gold",
        "of",
        "that",
        "land",
        "*is",
        "good:",
        "there",
        "*is",
        "bdellium",
        "and",
        "the",
        "onyx",
        "stone."
      ],
      "header": "",
      "footer": ""
    },
    {
      "book_name": "Genesis",
      "chapter": 2,
      "verse": 13,
      "text": [
        "And",
        "the",
        "name",
        "of",
        "the",
        "second",
        "river",
        "*is",
        "Gihon:",
        "the",
        "same",
        "*is",
        "it",
        "that",
        "compasseth",
        "the",
        "whole",
        "land",
        "of",
        "Ethiopia."
      ],
      "header": "",
      "footer": ""
    },
    {
      "book_name": "Genesis",
      "chapter": 2,
      "verse": 14,
      "text": [
        "And",
        "the",
        "name",
        "of",
        "the",
        "third",
        "river",
        "*is",
        "Hiddekel:",
        "that",
        "*is",
        "it",
        "which",
        "goeth",
        "toward",
        "the",
        "east",
        "of",
        "Assyria.",
        "And",
        "the",
        "fourth",
        "river",
        "*is",
        "Euphrates."
      ],
      "header": "",
      "footer": ""
    },
    {
      "book_name": "Genesis",
      "chapter": 2,
      "verse": 15,
      "text": [
        "And",
        "the",
        "Lᴏʀᴅ",
        "God",
        "took",
        "the",
        "man,",
        "and",
        "put",
        "him",
        "into",
        "the",
        "garden",
        "of",
        "Eden",
        "to",
        "dress",
        "it",
        "and",
        "to",
        "keep",
        "it."
      ],
      "header": "",
      "footer": ""
    },
    {
      "book_name": "Genesis",
      "chapter": 2,
      "verse": 16,
      "text": [
        "And",
        "the",
        "Lᴏʀᴅ",
        "God",
        "commanded",
        "the",
        "man,",
        "saying,",
        "Of",
        "every",
        "tree",
        "of",
        "the",
        "garden",
        "thou",
        "mayest",
        "freely",
        "eat:"
      ],
      "header": "",
      "footer": ""
    },
    {
      "book_name": "Genesis",
      "chapter": 2,
      "verse": 17,
      "text": [
        "But",
        "of",
        "the",
        "tree",
        "of",
        "the",
        "knowledge",
        "of",
        "good",
        "and",
        "evil,",
        "thou",
        "shalt",
        "not",
        "eat",
        "of",
        "it:",
        "for",
        "in",
        "the",
        "day",
        "that",
        "thou",
        "eatest",
        "thereof",
        "thou",
        "shalt",
        "surely",
        "die."
      ],
      "header": "",
      "footer": ""
    },
    {
      "book_name": "Genesis",
      "chapter": 2,
      "verse": 18,
      "text": [
        "¶",
        "And",
        "the",
        "Lᴏʀᴅ",
        "God",
        "said,",
        "*It",
        "*is",
        "not",
        "good",
        "that",
        "the",
        "man",
        "should",
        "be",
        "alone;",
        "I",
        "will",
        "make",
        "him",
        "an",
        "help",
        "meet",
        "for",
        "him."
      ],
      "header": "",
      "footer": ""
    },
    {
      "book_name": "Genesis",
      "chapter": 2,
      "verse": 19,
      "text": [
        "And",
        "out",
        "of",
        "the",
        "ground",
        "the",
        "Lᴏʀᴅ",
        "God",
        "formed",
        "every",
        "beast",
        "of",
        "the",
        "field,",
        "and",
        "every",
        "fowl",
        "of",
        "the",
        "air;",
        "and",
        "brought",
        "*them",
        "unto",
        "Adam",
        "to",
        "see",
        "what",
        "he",
        "would",
        "call",
        "them:",
        "and",
        "whatsoever",
        "Adam",
        "called",
        "every",
        "living",
        "creature,",
        "that",
        "*was",
        "the",
        "name",
        "thereof."
      ],
      "header": "",
      "footer": ""
    },
    {
      "book_name": "Genesis",
      "chapter": 2,
      "verse": 20,
      "text": [
        "And",
        "Adam",
        "gave",
        "names",
        "to",
        "all",
        "cattle,",
        "and",
        "to",
        "the",
        "fowl",
        "of",
        "the",
        "air,",
        "and",
        "to",
        "every",
        "beast",
        "of",
        "the",
        "field;",
        "but",
        "for",
        "Adam",
        "there",
        "was",
        "not",
        "found",
        "an",
        "help",
        "meet",
        "for",
        "him."
      ],
      "header": "",
      "footer": ""
    },
    {
      "book_name": "Genesis",
      "chapter": 2,
      "verse": 21,
      "text": [
        "And",
        "the",
        "Lᴏʀᴅ",
        "God",
        "caused",
        "a",
        "deep",
        "sleep",
        "to",
        "fall",
        "upon",
        "Adam,",
        "and",
        "he",
        "slept:",
        "and",
        "he",
        "took",
        "one",
        "of",
        "his",
        "ribs,",
        "and",
        "closed",
        "up",
        "the",
        "flesh",
        "instead",
        "thereof;"
      ],
      "header": "",
      "footer": ""
    },
    {
      "book_name": "Genesis",
      "chapter": 2,
      "verse": 22,
      "text": [
        "And",
        "the",
        "rib,",
        "which",
        "the",
        "Lᴏʀᴅ",
        "God",
        "had",
        "taken",
        "from",
        "man,",
        "made",
        "he",
        "a",
        "woman,",
        "and",
        "brought",
        "her",
        "unto",
        "the",
        "man."
      ],
      "header": "",
      "footer": ""
    },
    {
      "book_name": "Genesis",
      "chapter": 2,
      "verse": 23,
      "text": [
        "And",
        "Adam",
        "said,",
        "This",
        "*is",
        "now",
        "bone",
        "of",
        "my",
        "bones,",
        "and",
        "flesh",
        "of",
        "my",
        "flesh:",
        "she",
        "shall",
        "be",
        "called",
        "Woman,",
        "because",
        "she",
        "was",
        "taken",
        "out",
        "of",
        "Man."
      ],
      "header": "",
      "footer": ""
    },
    {
      "book_name": "Genesis",
      "chapter": 2,
      "verse": 24,
      "text": [
        "Therefore",
        "shall",
        "a",
        "man",
        "leave",
        "his",
        "father",
        "and",
        "his",
        "mother,",
        "and",
        "shall",
        "cleave",
        "unto",
        "his",
        "wife:",
        "and",
        "they",
        "shall",
        "be",
        "one",
        "flesh."
      ],
      "header": "",
      "footer": ""
    },
    {
      "book_name": "Genesis",
      "chapter": 2,
      "verse": 25,
      "text": [
        "And",
        "they",
        "were",
        "both",
        "naked,",
        "the",
        "man",
        "and",
        "his",
        "wife,",
        "and",
        "were",
        "not",
        "ashamed."
      ],
      "header": "",
      "footer": ""
    }
  ]
}