{
  "book_id": "1CH",
  "book_name": "1 Chronicles",
  "chapter": 6,
  "header": "",
  "footer": "",
  "language": "English",
  "verses": [
    {
      "verse": 1,
      "text": [
        "The",
        "sons",
        "of",
        "Levi;",
        "Gershon,",
        "Kohath,",
        "and",
        "Merari."
      ],
      "info": ""
    },
    {
      "verse": 2,
      "text": [
        "And",
        "the",
        "sons",
        "of",
        "Kohath;",
        "Amram,",
        "Izhar,",
        "and",
        "Hebron,",
        "and",
        "Uzziel."
      ],
      "info": ""
    },
    {
      "verse": 3,
      "text": [
        "And",
        "the",
        "children",
        "of",
        "Amram;",
        "Aaron,",
        "and",
        "Moses,",
        "and",
        "Miriam.",
        "The",
        "sons",
        "also",
        "of",
        "Aaron;",
        "Nadab,",
        "and",
        "Abihu,",
        "Eleazar,",
        "and",
        "Ithamar."
      ],
      "info": ""
    },
    {
      "verse": 4,
      "text": [
        "¶",
        "Eleazar",
        "begat",
        "Phinehas,",
        "Phinehas",
        "begat",
        "Abishua,"
      ],
      "info": ""
    },
    {
      "verse": 5,
      "text": [
        "And",
        "Abishua",
        "begat",
        "Bukki,",
        "and",
        "Bukki",
        "begat",
        "Uzzi,"
      ],
      "info": ""
    },
    {
      "verse": 6,
      "text": [
        "And",
        "Uzzi",
        "begat",
        "Zerahiah,",
        "and",
        "Zerahiah",
        "begat",
        "Meraioth,"
      ],
      "info": ""
    },
    {
      "verse": 7,
      "text": [
        "Meraioth",
        "begat",
        "Amariah,",
        "and",
        "Amariah",
        "begat",
        "Ahitub,"
      ],
      "info": ""
    },
    {
      "verse": 8,
      "text": [
        "And",
        "Ahitub",
        "begat",
        "Zadok,",
        "and",
        "Zadok",
        "begat",
        "Ahimaaz,"
      ],
      "info": ""
    },
    {
      "verse": 9,
      "text": [
        "And",
        "Ahimaaz",
        "begat",
        "Azariah,",
        "and",
        "Azariah",
        "begat",
        "Johanan,"
      ],
      "info": ""
    },
    {
      "verse": 10,
      "text": [
        "And",
        "Johanan",
        "begat",
        "Azariah,",
        "(he",
        "*it",
        "*is",
        "that",
        "executed",
        "the",
        "priest's",
        "office",
        "in",
        "the",
        "temple",
        "that",
        "Solomon",
        "built",
        "in",
        "Jerusalem:)"
      ],
      "info": ""
    },
    {
      "verse": 11,
      "text": [
        "And",
        "Azariah",
        "begat",
        "Amariah,",
        "and",
        "Amariah",
        "begat",
        "Ahitub,"
      ],
      "info": ""
    },
    {
      "verse": 12,
      "text": [
        "And",
        "Ahitub",
        "begat",
        "Zadok,",
        "and",
        "Zadok",
        "begat",
        "Shallum,"
      ],
      "info": ""
    },
    {
      "verse": 13,
      "text": [
        "And",
        "Shallum",
        "begat",
        "Hilkiah,",
        "and",
        "Hilkiah",
        "begat",
        "Azariah,"
      ],
      "info": ""
    },
    {
      "verse": 14,
      "text": [
        "And",
        "Azariah",
        "begat",
        "Seraiah,",
        "and",
        "Seraiah",
        "begat",
        "Jehozadak,"
      ],
      "info": ""
    },
    {
      "verse": 15,
      "text": [
        "And",
        "Jehozadak",
        "went",
        "*into",
        "*captivity,",
        "when",
        "the",
        "LORD",
        "carried",
        "away",
        "Judah",
        "and",
        "Jerusalem",
        "by",
        "the",
        "hand",
        "of",
        "Nebuchadnezzar."
      ],
      "info": ""
    },
    {
      "verse": 16,
      "text": [
        "¶",
        "The",
        "sons",
        "of",
        "Levi;",
        "Gershom,",
        "Kohath,",
        "and",
        "Merari."
      ],
      "info": ""
    },
    {
      "verse": 17,
      "text": [
        "And",
        "these",
        "*be",
        "the",
        "names",
        "of",
        "the",
        "sons",
        "of",
        "Gershom;",
        "Libni,",
        "and",
        "Shimei."
      ],
      "info": ""
    },
    {
      "verse": 18,
      "text": [
        "And",
        "the",
        "sons",
        "of",
        "Kohath",
        "*were,",
        "Amram,",
        "and",
        "Izhar,",
        "and",
        "Hebron,",
        "and",
        "Uzziel."
      ],
      "info": ""
    },
    {
      "verse": 19,
      "text": [
        "The",
        "sons",
        "of",
        "Merari;",
        "Mahli,",
        "and",
        "Mushi.",
        "And",
        "these",
        "*are",
        "the",
        "families",
        "of",
        "the",
        "Levites",
        "according",
        "to",
        "their",
        "fathers."
      ],
      "info": ""
    },
    {
      "verse": 20,
      "text": [
        "Of",
        "Gershom;",
        "Libni",
        "his",
        "son,",
        "Jahath",
        "his",
        "son,",
        "Zimmah",
        "his",
        "son,"
      ],
      "info": ""
    },
    {
      "verse": 21,
      "text": [
        "Joah",
        "his",
        "son,",
        "Iddo",
        "his",
        "son,",
        "Zerah",
        "his",
        "son,",
        "Jeaterai",
        "his",
        "son."
      ],
      "info": ""
    },
    {
      "verse": 22,
      "text": [
        "The",
        "sons",
        "of",
        "Kohath;",
        "Amminadab",
        "his",
        "son,",
        "Korah",
        "his",
        "son,",
        "Assir",
        "his",
        "son,"
      ],
      "info": ""
    },
    {
      "verse": 23,
      "text": [
        "Elkanah",
        "his",
        "son,",
        "and",
        "Ebiasaph",
        "his",
        "son,",
        "and",
        "Assir",
        "his",
        "son,"
      ],
      "info": ""
    },
    {
      "verse": 24,
      "text": [
        "Tahath",
        "his",
        "son,",
        "Uriel",
        "his",
        "son,",
        "Uzziah",
        "his",
        "son,",
        "and",
        "Shaul",
        "his",
        "son."
      ],
      "info": ""
    },
    {
      "verse": 25,
      "text": [
        "And",
        "the",
        "sons",
        "of",
        "Elkanah;",
        "Amasai,",
        "and",
        "Ahimoth."
      ],
      "info": ""
    },
    {
      "verse": 26,
      "text": [
        "*As",
        "*for",
        "Elkanah:",
        "the",
        "sons",
        "of",
        "Elkanah;",
        "Zophai",
        "his",
        "son,",
        "and",
        "Nahath",
        "his",
        "son,"
      ],
      "info": ""
    },
    {
      "verse": 27,
      "text": [
        "Eliab",
        "his",
        "son,",
        "Jeroham",
        "his",
        "son,",
        "Elkanah",
        "his",
        "son."
      ],
      "info": ""
    },
    {
      "verse": 28,
      "text": [
        "And",
        "the",
        "sons",
        "of",
        "Samuel;",
        "the",
        "firstborn",
        "Vashni,",
        "and",
        "Abiah."
      ],
      "info": ""
    },
    {
      "verse": 29,
      "text": [
        "The",
        "sons",
        "of",
        "Merari;",
        "Mahli,",
        "Libni",
        "his",
        "son,",
        "Shimei",
        "his",
        "son,",
        "Uzza",
        "his",
        "son,"
      ],
      "info": ""
    },
    {
      "verse": 30,
      "text": [
        "Shimea",
        "his",
        "son,",
        "Haggiah",
        "his",
        "son,",
        "Asaiah",
        "his",
        "son."
      ],
      "info": ""
    },
    {
      "verse": 31,
      "text": [
        "And",
        "these",
        "*are",
        "*they",
        "whom",
        "David",
        "set",
        "over",
        "the",
        "service",
        "of",
        "song",
        "in",
        "the",
        "house",
        "of",
        "the",
        "LORD,",
        "after",
        "that",
        "the",
        "ark",
        "had",
        "rest."
      ],
      "info": ""
    },
    {
      "verse": 32,
      "text": [
        "And",
        "they",
        "ministered",
        "before",
        "the",
        "dwelling",
        "place",
        "of",
        "the",
        "tabernacle",
        "of",
        "the",
        "congregation",
        "with",
        "singing,",
        "until",
        "Solomon",
        "had",
        "built",
        "the",
        "house",
        "of",
        "the",
        "LORD",
        "in",
        "Jerusalem:",
        "and",
        "*then",
        "they",
        "waited",
        "on",
        "their",
        "office",
        "according",
        "to",
        "their",
        "order."
      ],
      "info": ""
    },
    {
      "verse": 33,
      "text": [
        "And",
        "these",
        "*are",
        "they",
        "that",
        "waited",
        "with",
        "their",
        "children.",
        "Of",
        "the",
        "sons",
        "of",
        "the",
        "Kohathites:",
        "Heman",
        "a",
        "singer,",
        "the",
        "son",
        "of",
        "Joel,",
        "the",
        "son",
        "of",
        "Shemuel,"
      ],
      "info": ""
    },
    {
      "verse": 34,
      "text": [
        "The",
        "son",
        "of",
        "Elkanah,",
        "the",
        "son",
        "of",
        "Jeroham,",
        "the",
        "son",
        "of",
        "Eliel,",
        "the",
        "son",
        "of",
        "Toah,"
      ],
      "info": ""
    },
    {
      "verse": 35,
      "text": [
        "The",
        "son",
        "of",
        "Zuph,",
        "the",
        "son",
        "of",
        "Elkanah,",
        "the",
        "son",
        "of",
        "Mahath,",
        "the",
        "son",
        "of",
        "Amasai,"
      ],
      "info": ""
    },
    {
      "verse": 36,
      "text": [
        "The",
        "son",
        "of",
        "Elkanah,",
        "the",
        "son",
        "of",
        "Joel,",
        "the",
        "son",
        "of",
        "Azariah,",
        "the",
        "son",
        "of",
        "Zephaniah,"
      ],
      "info": ""
    },
    {
      "verse": 37,
      "text": [
        "The",
        "son",
        "of",
        "Tahath,",
        "the",
        "son",
        "of",
        "Assir,",
        "the",
        "son",
        "of",
        "Ebiasaph,",
        "the",
        "son",
        "of",
        "Korah,"
      ],
      "info": ""
    },
    {
      "verse": 38,
      "text": [
        "The",
        "son",
        "of",
        "Izhar,",
        "the",
        "son",
        "of",
        "Kohath,",
        "the",
        "son",
        "of",
        "Levi,",
        "the",
        "son",
        "of",
        "Israel."
      ],
      "info": ""
    },
    {
      "verse": 39,
      "text": [
        "And",
        "his",
        "brother",
        "Asaph,",
        "who",
        "stood",
        "on",
        "his",
        "right",
        "hand,",
        "*even",
        "Asaph",
        "the",
        "son",
        "of",
        "Berachiah,",
        "the",
        "son",
        "of",
        "Shimea,"
      ],
      "info": ""
    },
    {
      "verse": 40,
      "text": [
        "The",
        "son",
        "of",
        "Michael,",
        "the",
        "son",
        "of",
        "Baaseiah,",
        "the",
        "son",
        "of",
        "Malchiah,"
      ],
      "info": ""
    },
    {
      "verse": 41,
      "text": [
        "The",
        "son",
        "of",
        "Ethni,",
        "the",
        "son",
        "of",
        "Zerah,",
        "the",
        "son",
        "of",
        "Adaiah,"
      ],
      "info": ""
    },
    {
      "verse": 42,
      "text": [
        "The",
        "son",
        "of",
        "Ethan,",
        "the",
        "son",
        "of",
        "Zimmah,",
        "the",
        "son",
        "of",
        "Shimei,"
      ],
      "info": ""
    },
    {
      "verse": 43,
      "text": [
        "The",
        "son",
        "of",
        "Jahath,",
        "the",
        "son",
        "of",
        "Gershom,",
        "the",
        "son",
        "of",
        "Levi."
      ],
      "info": ""
    },
    {
      "verse": 44,
      "text": [
        "And",
        "their",
        "brethren",
        "the",
        "sons",
        "of",
        "Merari",
        "*stood",
        "on",
        "the",
        "left",
        "hand:",
        "Ethan",
        "the",
        "son",
        "of",
        "Kishi,",
        "the",
        "son",
        "of",
        "Abdi,",
        "the",
        "son",
        "of",
        "Malluch,"
      ],
      "info": ""
    },
    {
      "verse": 45,
      "text": [
        "The",
        "son",
        "of",
        "Hashabiah,",
        "the",
        "son",
        "of",
        "Amaziah,",
        "the",
        "son",
        "of",
        "Hilkiah,"
      ],
      "info": ""
    },
    {
      "verse": 46,
      "text": [
        "The",
        "son",
        "of",
        "Amzi,",
        "the",
        "son",
        "of",
        "Bani,",
        "the",
        "son",
        "of",
        "Shamer,"
      ],
      "info": ""
    },
    {
      "verse": 47,
      "text": [
        "The",
        "son",
        "of",
        "Mahli,",
        "the",
        "son",
        "of",
        "Mushi,",
        "the",
        "son",
        "of",
        "Merari,",
        "the",
        "son",
        "of",
        "Levi."
      ],
      "info": ""
    },
    {
      "verse": 48,
      "text": [
        "Their",
        "brethren",
        "also",
        "the",
        "Levites",
        "*were",
        "appointed",
        "unto",
        "all",
        "manner",
        "of",
        "service",
        "of",
        "the",
        "tabernacle",
        "of",
        "the",
        "house",
        "of",
        "God."
      ],
      "info": ""
    },
    {
      "verse": 49,
      "text": [
        "¶",
        "But",
        "Aaron",
        "and",
        "his",
        "sons",
        "offered",
        "upon",
        "the",
        "altar",
        "of",
        "the",
        "burnt",
        "offering,",
        "and",
        "on",
        "the",
        "altar",
        "of",
        "incense,",
        "*and",
        "*were",
        "*appointed",
        "for",
        "all",
        "the",
        "work",
        "of",
        "the",
        "*place",
        "most",
        "holy,",
        "and",
        "to",
        "make",
        "an",
        "atonement",
        "for",
        "Israel,",
        "according",
        "to",
        "all",
        "that",
        "Moses",
        "the",
        "servant",
        "of",
        "God",
        "had",
        "commanded."
      ],
      "info": ""
    },
    {
      "verse": 50,
      "text": [
        "And",
        "these",
        "*are",
        "the",
        "sons",
        "of",
        "Aaron;",
        "Eleazar",
        "his",
        "son,",
        "Phinehas",
        "his",
        "son,",
        "Abishua",
        "his",
        "son,"
      ],
      "info": ""
    },
    {
      "verse": 51,
      "text": [
        "Bukki",
        "his",
        "son,",
        "Uzzi",
        "his",
        "son,",
        "Zerahiah",
        "his",
        "son,"
      ],
      "info": ""
    },
    {
      "verse": 52,
      "text": [
        "Meraioth",
        "his",
        "son,",
        "Amariah",
        "his",
        "son,",
        "Ahitub",
        "his",
        "son,"
      ],
      "info": ""
    },
    {
      "verse": 53,
      "text": [
        "Zadok",
        "his",
        "son,",
        "Ahimaaz",
        "his",
        "son."
      ],
      "info": ""
    },
    {
      "verse": 54,
      "text": [
        "¶",
        "Now",
        "these",
        "*are",
        "their",
        "dwelling",
        "places",
        "throughout",
        "their",
        "castles",
        "in",
        "their",
        "coasts,",
        "of",
        "the",
        "sons",
        "of",
        "Aaron,",
        "of",
        "the",
        "families",
        "of",
        "the",
        "Kohathites:",
        "for",
        "theirs",
        "was",
        "the",
        "lot."
      ],
      "info": ""
    },
    {
      "verse": 55,
      "text": [
        "And",
        "they",
        "gave",
        "them",
        "Hebron",
        "in",
        "the",
        "land",
        "of",
        "Judah,",
        "and",
        "the",
        "suburbs",
        "thereof",
        "round",
        "about",
        "it."
      ],
      "info": ""
    },
    {
      "verse": 56,
      "text": [
        "But",
        "the",
        "fields",
        "of",
        "the",
        "city,",
        "and",
        "the",
        "villages",
        "thereof,",
        "they",
        "gave",
        "to",
        "Caleb",
        "the",
        "son",
        "of",
        "Jephunneh."
      ],
      "info": ""
    },
    {
      "verse": 57,
      "text": [
        "And",
        "to",
        "the",
        "sons",
        "of",
        "Aaron",
        "they",
        "gave",
        "the",
        "cities",
        "of",
        "Judah,",
        "*namely,",
        "Hebron,",
        "*the",
        "*city",
        "of",
        "refuge,",
        "and",
        "Libnah",
        "with",
        "her",
        "suburbs,",
        "and",
        "Jattir,",
        "and",
        "Eshtemoa,",
        "with",
        "their",
        "suburbs,"
      ],
      "info": ""
    },
    {
      "verse": 58,
      "text": [
        "And",
        "Hilen",
        "with",
        "her",
        "suburbs,",
        "Debir",
        "with",
        "her",
        "suburbs,"
      ],
      "info": ""
    },
    {
      "verse": 59,
      "text": [
        "And",
        "Ashan",
        "with",
        "her",
        "suburbs,",
        "and",
        "Bethshemesh",
        "with",
        "her",
        "suburbs:"
      ],
      "info": ""
    },
    {
      "verse": 60,
      "text": [
        "And",
        "out",
        "of",
        "the",
        "tribe",
        "of",
        "Benjamin;",
        "Geba",
        "with",
        "her",
        "suburbs,",
        "and",
        "Alemeth",
        "with",
        "her",
        "suburbs,",
        "and",
        "Anathoth",
        "with",
        "her",
        "suburbs.",
        "All",
        "their",
        "cities",
        "throughout",
        "their",
        "families",
        "*were",
        "thirteen",
        "cities."
      ],
      "info": ""
    },
    {
      "verse": 61,
      "text": [
        "And",
        "unto",
        "the",
        "sons",
        "of",
        "Kohath,",
        "*which",
        "*were",
        "left",
        "of",
        "the",
        "family",
        "of",
        "that",
        "tribe,",
        "*were",
        "*cities",
        "*given",
        "out",
        "of",
        "the",
        "half",
        "tribe,",
        "*namely,",
        "*out",
        "*of",
        "the",
        "half",
        "*tribe",
        "of",
        "Manasseh,",
        "by",
        "lot,",
        "ten",
        "cities."
      ],
      "info": ""
    },
    {
      "verse": 62,
      "text": [
        "And",
        "to",
        "the",
        "sons",
        "of",
        "Gershom",
        "throughout",
        "their",
        "families",
        "out",
        "of",
        "the",
        "tribe",
        "of",
        "Issachar,",
        "and",
        "out",
        "of",
        "the",
        "tribe",
        "of",
        "Asher,",
        "and",
        "out",
        "of",
        "the",
        "tribe",
        "of",
        "Naphtali,",
        "and",
        "out",
        "of",
        "the",
        "tribe",
        "of",
        "Manasseh",
        "in",
        "Bashan,",
        "thirteen",
        "cities."
      ],
      "info": ""
    },
    {
      "verse": 63,
      "text": [
        "Unto",
        "the",
        "sons",
        "of",
        "Merari",
        "*were",
        "*given",
        "by",
        "lot,",
        "throughout",
        "their",
        "families,",
        "out",
        "of",
        "the",
        "tribe",
        "of",
        "Reuben,",
        "and",
        "out",
        "of",
        "the",
        "tribe",
        "of",
        "Gad,",
        "and",
        "out",
        "of",
        "the",
        "tribe",
        "of",
        "Zebulun,",
        "twelve",
        "cities."
      ],
      "info": ""
    },
    {
      "verse": 64,
      "text": [
        "And",
        "the",
        "children",
        "of",
        "Israel",
        "gave",
        "to",
        "the",
        "Levites",
        "*these",
        "cities",
        "with",
        "their",
        "suburbs."
      ],
      "info": ""
    },
    {
      "verse": 65,
      "text": [
        "And",
        "they",
        "gave",
        "by",
        "lot",
        "out",
        "of",
        "the",
        "tribe",
        "of",
        "the",
        "children",
        "of",
        "Judah,",
        "and",
        "out",
        "of",
        "the",
        "tribe",
        "of",
        "the",
        "children",
        "of",
        "Simeon,",
        "and",
        "out",
        "of",
        "the",
        "tribe",
        "of",
        "the",
        "children",
        "of",
        "Benjamin,",
        "these",
        "cities,",
        "which",
        "are",
        "called",
        "by",
        "*their",
        "names."
      ],
      "info": ""
    },
    {
      "verse": 66,
      "text": [
        "And",
        "*the",
        "*residue",
        "of",
        "the",
        "families",
        "of",
        "the",
        "sons",
        "of",
        "Kohath",
        "had",
        "cities",
        "of",
        "their",
        "coasts",
        "out",
        "of",
        "the",
        "tribe",
        "of",
        "Ephraim."
      ],
      "info": ""
    },
    {
      "verse": 67,
      "text": [
        "And",
        "they",
        "gave",
        "unto",
        "them,",
        "*of",
        "the",
        "cities",
        "of",
        "refuge,",
        "Shechem",
        "in",
        "mount",
        "Ephraim",
        "with",
        "her",
        "suburbs;",
        "*they",
        "*gave",
        "also",
        "Gezer",
        "with",
        "her",
        "suburbs,"
      ],
      "info": ""
    },
    {
      "verse": 68,
      "text": [
        "And",
        "Jokmeam",
        "with",
        "her",
        "suburbs,",
        "and",
        "Bethhoron",
        "with",
        "her",
        "suburbs,"
      ],
      "info": ""
    },
    {
      "verse": 69,
      "text": [
        "And",
        "Aijalon",
        "with",
        "her",
        "suburbs,",
        "and",
        "Gathrimmon",
        "with",
        "her",
        "suburbs:"
      ],
      "info": ""
    },
    {
      "verse": 70,
      "text": [
        "And",
        "out",
        "of",
        "the",
        "half",
        "tribe",
        "of",
        "Manasseh;",
        "Aner",
        "with",
        "her",
        "suburbs,",
        "and",
        "Bileam",
        "with",
        "her",
        "suburbs,",
        "for",
        "the",
        "family",
        "of",
        "the",
        "remnant",
        "of",
        "the",
        "sons",
        "of",
        "Kohath."
      ],
      "info": ""
    },
    {
      "verse": 71,
      "text": [
        "Unto",
        "the",
        "sons",
        "of",
        "Gershom",
        "*were",
        "*given",
        "out",
        "of",
        "the",
        "family",
        "of",
        "the",
        "half",
        "tribe",
        "of",
        "Manasseh,",
        "Golan",
        "in",
        "Bashan",
        "with",
        "her",
        "suburbs,",
        "and",
        "Ashtaroth",
        "with",
        "her",
        "suburbs:"
      ],
      "info": ""
    },
    {
      "verse": 72,
      "text": [
        "And",
        "out",
        "of",
        "the",
        "tribe",
        "of",
        "Issachar;",
        "Kedesh",
        "with",
        "her",
        "suburbs,",
        "Daberath",
        "with",
        "her",
        "suburbs,"
      ],
      "info": ""
    },
    {
      "verse": 73,
      "text": [
        "And",
        "Ramoth",
        "with",
        "her",
        "suburbs,",
        "and",
        "Anem",
        "with",
        "her",
        "suburbs:"
      ],
      "info": ""
    },
    {
      "verse": 74,
      "text": [
        "And",
        "out",
        "of",
        "the",
        "tribe",
        "of",
        "Asher;",
        "Mashal",
        "with",
        "her",
        "suburbs,",
        "and",
        "Abdon",
        "with",
        "her",
        "suburbs,"
      ],
      "info": ""
    },
    {
      "verse": 75,
      "text": [
        "And",
        "Hukok",
        "with",
        "her",
        "suburbs,",
        "and",
        "Rehob",
        "with",
        "her",
        "suburbs:"
      ],
      "info": ""
    },
    {
      "verse": 76,
      "text": [
        "And",
        "out",
        "of",
        "the",
        "tribe",
        "of",
        "Naphtali;",
        "Kedesh",
        "in",
        "Galilee",
        "with",
        "her",
        "suburbs,",
        "and",
        "Hammon",
        "with",
        "her",
        "suburbs,",
        "and",
        "Kirjathaim",
        "with",
        "her",
        "suburbs."
      ],
      "info": ""
    },
    {
      "verse": 77,
      "text": [
        "Unto",
        "the",
        "rest",
        "of",
        "the",
        "children",
        "of",
        "Merari",
        "*were",
        "*given",
        "out",
        "of",
        "the",
        "tribe",
        "of",
        "Zebulun,",
        "Rimmon",
        "with",
        "her",
        "suburbs,",
        "Tabor",
        "with",
        "her",
        "suburbs:"
      ],
      "info": ""
    },
    {
      "verse": 78,
      "text": [
        "And",
        "on",
        "the",
        "other",
        "side",
        "Jordan",
        "by",
        "Jericho,",
        "on",
        "the",
        "east",
        "side",
        "of",
        "Jordan,",
        "*were",
        "*given",
        "*them",
        "out",
        "of",
        "the",
        "tribe",
        "of",
        "Reuben,",
        "Bezer",
        "in",
        "the",
        "wilderness",
        "with",
        "her",
        "suburbs,",
        "and",
        "Jahzah",
        "with",
        "her",
        "suburbs,"
      ],
      "info": ""
    },
    {
      "verse": 79,
      "text": [
        "Kedemoth",
        "also",
        "with",
        "her",
        "suburbs,",
        "and",
        "Mephaath",
        "with",
        "her",
        "suburbs:"
      ],
      "info": ""
    },
    {
      "verse": 80,
      "text": [
        "And",
        "out",
        "of",
        "the",
        "tribe",
        "of",
        "Gad;",
        "Ramoth",
        "in",
        "Gilead",
        "with",
        "her",
        "suburbs,",
        "and",
        "Mahanaim",
        "with",
        "her",
        "suburbs,"
      ],
      "info": ""
    },
    {
      "verse": 81,
      "text": [
        "And",
        "Heshbon",
        "with",
        "her",
        "suburbs,",
        "and",
        "Jazer",
        "with",
        "her",
        "suburbs."
      ],
      "info": ""
    }
  ]
}