{
  "book_name": "Galatians",
  "chapter": 1,
  "verses": [
    {
      "book_name": "Galatians",
      "chapter": 1,
      "verse": 1,
      "text": [
        "Paul,",
        "an",
        "apostle,",
        "(not",
        "of",
        "men,",
        "neither",
        "by",
        "man,",
        "but",
        "by",
        "Jesus",
        "Christ,",
        "and",
        "God",
        "the",
        "Father,",
        "who",
        "raised",
        "him",
        "from",
        "the",
        "dead;)"
      ],
      "header": "",
      "footer": ""
    },
    {
      "book_name": "Galatians",
      "chapter": 1,
      "verse": 2,
      "text": [
        "And",
        "all",
        "the",
        "brethren",
        "which",
        "are",
        "with",
        "me,",
        "unto",
        "the",
        "churches",
        "of",
        "Galatia:"
      ],
      "header": "",
      "footer": ""
    },
    {
      "book_name": "Galatians",
      "chapter": 1,
      "verse": 3,
      "text": [
        "Grace",
        "*be",
        "to",
        "you",
        "and",
        "peace",
        "from",
        "God",
        "the",
        "Father,",
        "and",
        "*from",
        "our",
        "Lord",
        "Jesus",
        "Christ,"
      ],
      "header": "",
      "footer": ""
    },
    {
      "book_name": "Galatians",
      "chapter": 1,
      "verse": 4,
      "text": [
        "Who",
        "gave",
        "himself",
        "for",
        "our",
        "sins,",
        "that",
        "he",
        "might",
        "deliver",
        "us",
        "from",
        "this",
        "present",
        "evil",
        "world,",
        "according",
        "to",
        "the",
        "will",
        "of",
        "God",
        "and",
        "our",
        "Father:"
      ],
      "header": "",
      "footer": ""
    },
    {
      "book_name": "Galatians",
      "chapter": 1,
      "verse": 5,
      "text": [
        "To",
        "whom",
        "*be",
        "glory",
        "for",
        "ever",
        "and",
        "ever.",
        "Amen."
      ],
      "header": "",
      "footer": ""
    },
    {
      "book_name": "Galatians",
      "chapter": 1,
      "verse": 6,
      "text": [
        "I",
        "marvel",
        "that",
        "ye",
        "are",
        "so",
        "soon",
        "removed",
        "from",
        "him",
        "that",
        "called",
        "you",
        "into",
        "the",
        "grace",
        "of",
        "Christ",
        "unto",
        "another",
        "gospel:"
      ],
      "header": "",
      "footer": ""
    },
    {
      "book_name": "Galatians",
      "chapter": 1,
      "verse": 7,
      "text": [
        "Which",
        "is",
        "not",
        "another;",
        "but",
        "there",
        "be",
        "some",
        "that",
        "trouble",
        "you,",
        "and",
        "would",
        "pervert",
        "the",
        "gospel",
        "of",
        "Christ."
      ],
      "header": "",
      "footer": ""
    },
    {
      "book_name": "Galatians",
      "chapter": 1,
      "verse": 8,
      "text": [
        "But",
        "though",
        "we,",
        "or",
        "an",
        "angel",
        "from",
        "heaven,",
        "preach",
        "any",
        "other",
        "gospel",
        "unto",
        "you",
        "than",
        "that",
        "which",
        "we",
        "have",
        "preached",
        "unto",
        "you,",
        "let",
        "him",
        "be",
        "accursed."
      ],
      "header": "",
      "footer": ""
    },
    {
      "book_name": "Galatians",
      "chapter": 1,
      "verse": 9,
      "text": [
        "As",
        "we",
        "said",
        "before,",
        "so",
        "say",
        "I",
        "now",
        "again,",
        "If",
        "any",
        "*man",
        "preach",
        "any",
        "other",
        "gospel",
        "unto",
        "you",
        "than",
        "that",
        "ye",
        "have",
        "received,",
        "let",
        "him",
        "be",
        "accursed."
      ],
      "header": "",
      "footer": ""
    },
    {
      "book_name": "Galatians",
      "chapter": 1,
      "verse": 10,
      "text": [
        "For",
        "do",
        "I",
        "now",
        "persuade",
        "men,",
        "or",
        "God?",
        "or",
        "do",
        "I",
        "seek",
        "to",
        "please",
        "men?",
        "for",
        "if",
        "I",
        "yet",
        "pleased",
        "men,",
        "I",
        "should",
        "not",
        "be",
        "the",
        "servant",
        "of",
        "Christ."
      ],
      "header": "",
      "footer": ""
    },
    {
      "book_name": "Galatians",
      "chapter": 1,
      "verse": 11,
      "text": [
        "But",
        "I",
        "certify",
        "you,",
        "brethren,",
        "that",
        "the",
        "gospel",
        "which",
        "was",
        "preached",
        "of",
        "me",
        "is",
        "not",
        "after",
        "man."
      ],
      "header": "",
      "footer": ""
    },
    {
      "book_name": "Galatians",
      "chapter": 1,
      "verse": 12,
      "text": [
        "For",
        "I",
        "neither",
        "received",
        "it",
        "of",
        "man,",
        "neither",
        "was",
        "I",
        "taught",
        "*it,",
        "but",
        "by",
        "the",
        "revelation",
        "of",
        "Jesus",
        "Christ."
      ],
      "header": "",
      "footer": ""
    },
    {
      "book_name": "Galatians",
      "chapter": 1,
      "verse": 13,
      "text": [
        "For",
        "ye",
        "have",
        "heard",
        "of",
        "my",
        "conversation",
        "in",
        "time",
        "past",
        "in",
        "the",
        "Jews'",
        "religion,",
        "how",
        "that",
        "beyond",
        "measure",
        "I",
        "persecuted",
        "the",
        "church",
        "of",
        "God,",
        "and",
        "wasted",
        "it:"
      ],
      "header": "",
      "footer": ""
    },
    {
      "book_name": "Galatians",
      "chapter": 1,
      "verse": 14,
      "text": [
        "And",
        "profited",
        "in",
        "the",
        "Jews'",
        "religion",
        "above",
        "many",
        "my",
        "equals",
        "in",
        "mine",
        "own",
        "nation,",
        "being",
        "more",
        "exceedingly",
        "zealous",
        "of",
        "the",
        "traditions",
        "of",
        "my",
        "fathers."
      ],
      "header": "",
      "footer": ""
    },
    {
      "book_name": "Galatians",
      "chapter": 1,
      "verse": 15,
      "text": [
        "But",
        "when",
        "it",
        "pleased",
        "God,",
        "who",
        "separated",
        "me",
        "from",
        "my",
        "mother's",
        "womb,",
        "and",
        "called",
        "*me",
        "by",
        "his",
        "grace,"
      ],
      "header": "",
      "footer": ""
    },
    {
      "book_name": "Galatians",
      "chapter": 1,
      "verse": 16,
      "text": [
        "To",
        "reveal",
        "his",
        "Son",
        "in",
        "me,",
        "that",
        "I",
        "might",
        "preach",
        "him",
        "among",
        "the",
        "heathen;",
        "immediately",
        "I",
        "conferred",
        "not",
        "with",
        "flesh",
        "and",
        "blood:"
      ],
      "header": "",
      "footer": ""
    },
    {
      "book_name": "Galatians",
      "chapter": 1,
      "verse": 17,
      "text": [
        "Neither",
        "went",
        "I",
        "up",
        "to",
        "Jerusalem",
        "to",
        "them",
        "which",
        "were",
        "apostles",
        "before",
        "me;",
        "but",
        "I",
        "went",
        "into",
        "Arabia,",
        "and",
        "returned",
        "again",
        "unto",
        "Damascus."
      ],
      "header": "",
      "footer": ""
    },
    {
      "book_name": "Galatians",
      "chapter": 1,
      "verse": 18,
      "text": [
        "Then",
        "after",
        "three",
        "years",
        "I",
        "went",
        "up",
        "to",
        "Jerusalem",
        "to",
        "see",
        "Peter,",
        "and",
        "abode",
        "with",
        "him",
        "fifteen",
        "days."
      ],
      "header": "",
      "footer": ""
    },
    {
      "book_name": "Galatians",
      "chapter": 1,
      "verse": 19,
      "text": [
        "But",
        "other",
        "of",
        "the",
        "apostles",
        "saw",
        "I",
        "none,",
        "save",
        "James",
        "the",
        "Lord's",
        "brother."
      ],
      "header": "",
      "footer": ""
    },
    {
      "book_name": "Galatians",
      "chapter": 1,
      "verse": 20,
      "text": [
        "Now",
        "the",
        "things",
        "which",
        "I",
        "write",
        "unto",
        "you,",
        "behold,",
        "before",
        "God,",
        "I",
        "lie",
        "not."
      ],
      "header": "",
      "footer": ""
    },
    {
      "book_name": "Galatians",
      "chapter": 1,
      "verse": 21,
      "text": [
        "Afterwards",
        "I",
        "came",
        "into",
        "the",
        "regions",
        "of",
        "Syria",
        "and",
        "Cilicia;"
      ],
      "header": "",
      "footer": ""
    },
    {
      "book_name": "Galatians",
      "chapter": 1,
      "verse": 22,
      "text": [
        "And",
        "was",
        "unknown",
        "by",
        "face",
        "unto",
        "the",
        "churches",
        "of",
        "Judæa",
        "which",
        "were",
        "in",
        "Christ:"
      ],
      "header": "",
      "footer": ""
    },
    {
      "book_name": "Galatians",
      "chapter": 1,
      "verse": 23,
      "text": [
        "But",
        "they",
        "had",
        "heard",
        "only,",
        "That",
        "he",
        "which",
        "persecuted",
        "us",
        "in",
        "times",
        "past",
        "now",
        "preacheth",
        "the",
        "faith",
        "which",
        "once",
        "he",
        "destroyed."
      ],
      "header": "",
      "footer": ""
    },
    {
      "book_name": "Galatians",
      "chapter": 1,
      "verse": 24,
      "text": [
        "And",
        "they",
        "glorified",
        "God",
        "in",
        "me."
      ],
      "header": "",
      "footer": ""
    }
  ]
}