{
  "book_name": "2 Corinthians",
  "chapter": 11,
  "verses": [
    {
      "book_name": "2 Corinthians",
      "chapter": 11,
      "verse": 1,
      "text": [
        "Would",
        "to",
        "God",
        "ye",
        "could",
        "bear",
        "with",
        "me",
        "a",
        "little",
        "in",
        "*my",
        "folly:",
        "and",
        "indeed",
        "bear",
        "with",
        "me."
      ],
      "header": "",
      "footer": ""
    },
    {
      "book_name": "2 Corinthians",
      "chapter": 11,
      "verse": 2,
      "text": [
        "For",
        "I",
        "am",
        "jealous",
        "over",
        "you",
        "with",
        "godly",
        "jealousy:",
        "for",
        "I",
        "have",
        "espoused",
        "you",
        "to",
        "one",
        "husband,",
        "that",
        "I",
        "may",
        "present",
        "*you",
        "*as",
        "a",
        "chaste",
        "virgin",
        "to",
        "Christ."
      ],
      "header": "",
      "footer": ""
    },
    {
      "book_name": "2 Corinthians",
      "chapter": 11,
      "verse": 3,
      "text": [
        "But",
        "I",
        "fear,",
        "lest",
        "by",
        "any",
        "means,",
        "as",
        "the",
        "serpent",
        "beguiled",
        "Eve",
        "through",
        "his",
        "subtilty,",
        "so",
        "your",
        "minds",
        "should",
        "be",
        "corrupted",
        "from",
        "the",
        "simplicity",
        "that",
        "is",
        "in",
        "Christ."
      ],
      "header": "",
      "footer": ""
    },
    {
      "book_name": "2 Corinthians",
      "chapter": 11,
      "verse": 4,
      "text": [
        "For",
        "if",
        "he",
        "that",
        "cometh",
        "preacheth",
        "another",
        "Jesus,",
        "whom",
        "we",
        "have",
        "not",
        "preached,",
        "or",
        "*if",
        "ye",
        "receive",
        "another",
        "spirit,",
        "which",
        "ye",
        "have",
        "not",
        "received,",
        "or",
        "another",
        "gospel,",
        "which",
        "ye",
        "have",
        "not",
        "accepted,",
        "ye",
        "might",
        "well",
        "bear",
        "with",
        "*him."
      ],
      "header": "",
      "footer": ""
    },
    {
      "book_name": "2 Corinthians",
      "chapter": 11,
      "verse": 5,
      "text": [
        "For",
        "I",
        "suppose",
        "I",
        "was",
        "not",
        "a",
        "whit",
        "behind",
        "the",
        "very",
        "chiefest",
        "apostles."
      ],
      "header": "",
      "footer": ""
    },
    {
      "book_name": "2 Corinthians",
      "chapter": 11,
      "verse": 6,
      "text": [
        "But",
        "though",
        "*I",
        "*be",
        "rude",
        "in",
        "speech,",
        "yet",
        "not",
        "in",
        "knowledge;",
        "but",
        "we",
        "have",
        "been",
        "throughly",
        "made",
        "manifest",
        "among",
        "you",
        "in",
        "all",
        "things."
      ],
      "header": "",
      "footer": ""
    },
    {
      "book_name": "2 Corinthians",
      "chapter": 11,
      "verse": 7,
      "text": [
        "Have",
        "I",
        "committed",
        "an",
        "offence",
        "in",
        "abasing",
        "myself",
        "that",
        "ye",
        "might",
        "be",
        "exalted,",
        "because",
        "I",
        "have",
        "preached",
        "to",
        "you",
        "the",
        "gospel",
        "of",
        "God",
        "freely?"
      ],
      "header": "",
      "footer": ""
    },
    {
      "book_name": "2 Corinthians",
      "chapter": 11,
      "verse": 8,
      "text": [
        "I",
        "robbed",
        "other",
        "churches,",
        "taking",
        "wages",
        "*of",
        "*them,",
        "to",
        "do",
        "you",
        "service."
      ],
      "header": "",
      "footer": ""
    },
    {
      "book_name": "2 Corinthians",
      "chapter": 11,
      "verse": 9,
      "text": [
        "And",
        "when",
        "I",
        "was",
        "present",
        "with",
        "you,",
        "and",
        "wanted,",
        "I",
        "was",
        "chargeable",
        "to",
        "no",
        "man:",
        "for",
        "that",
        "which",
        "was",
        "lacking",
        "to",
        "me",
        "the",
        "brethren",
        "which",
        "came",
        "from",
        "Macedonia",
        "supplied:",
        "and",
        "in",
        "all",
        "*things",
        "I",
        "have",
        "kept",
        "myself",
        "from",
        "being",
        "burdensome",
        "unto",
        "you,",
        "and",
        "*so",
        "will",
        "I",
        "keep",
        "*myself."
      ],
      "header": "",
      "footer": ""
    },
    {
      "book_name": "2 Corinthians",
      "chapter": 11,
      "verse": 10,
      "text": [
        "As",
        "the",
        "truth",
        "of",
        "Christ",
        "is",
        "in",
        "me,",
        "no",
        "man",
        "shall",
        "stop",
        "me",
        "of",
        "this",
        "boasting",
        "in",
        "the",
        "regions",
        "of",
        "Achaia."
      ],
      "header": "",
      "footer": ""
    },
    {
      "book_name": "2 Corinthians",
      "chapter": 11,
      "verse": 11,
      "text": [
        "Wherefore?",
        "because",
        "I",
        "love",
        "you",
        "not?",
        "God",
        "knoweth."
      ],
      "header": "",
      "footer": ""
    },
    {
      "book_name": "2 Corinthians",
      "chapter": 11,
      "verse": 12,
      "text": [
        "But",
        "what",
        "I",
        "do,",
        "that",
        "I",
        "will",
        "do,",
        "that",
        "I",
        "may",
        "cut",
        "off",
        "occasion",
        "from",
        "them",
        "which",
        "desire",
        "occasion;",
        "that",
        "wherein",
        "they",
        "glory,",
        "they",
        "may",
        "be",
        "found",
        "even",
        "as",
        "we."
      ],
      "header": "",
      "footer": ""
    },
    {
      "book_name": "2 Corinthians",
      "chapter": 11,
      "verse": 13,
      "text": [
        "For",
        "such",
        "*are",
        "false",
        "apostles,",
        "deceitful",
        "workers,",
        "transforming",
        "themselves",
        "into",
        "the",
        "apostles",
        "of",
        "Christ."
      ],
      "header": "",
      "footer": ""
    },
    {
      "book_name": "2 Corinthians",
      "chapter": 11,
      "verse": 14,
      "text": [
        "And",
        "no",
        "marvel;",
        "for",
        "Satan",
        "himself",
        "is",
        "transformed",
        "into",
        "an",
        "angel",
        "of",
        "light."
      ],
      "header": "",
      "footer": ""
    },
    {
      "book_name": "2 Corinthians",
      "chapter": 11,
      "verse": 15,
      "text": [
        "Therefore",
        "*it",
        "*is",
        "no",
        "great",
        "thing",
        "if",
        "his",
        "ministers",
        "also",
        "be",
        "transformed",
        "as",
        "the",
        "ministers",
        "of",
        "righteousness;",
        "whose",
        "end",
        "shall",
        "be",
        "according",
        "to",
        "their",
        "works."
      ],
      "header": "",
      "footer": ""
    },
    {
      "book_name": "2 Corinthians",
      "chapter": 11,
      "verse": 16,
      "text": [
        "I",
        "say",
        "again,",
        "Let",
        "no",
        "man",
        "think",
        "me",
        "a",
        "fool;",
        "if",
        "otherwise,",
        "yet",
        "as",
        "a",
        "fool",
        "receive",
        "me,",
        "that",
        "I",
        "may",
        "boast",
        "myself",
        "a",
        "little."
      ],
      "header": "",
      "footer": ""
    },
    {
      "book_name": "2 Corinthians",
      "chapter": 11,
      "verse": 17,
      "text": [
        "That",
        "which",
        "I",
        "speak,",
        "I",
        "speak",
        "*it",
        "not",
        "after",
        "the",
        "Lord,",
        "but",
        "as",
        "it",
        "were",
        "foolishly,",
        "in",
        "this",
        "confidence",
        "of",
        "boasting."
      ],
      "header": "",
      "footer": ""
    },
    {
      "book_name": "2 Corinthians",
      "chapter": 11,
      "verse": 18,
      "text": [
        "Seeing",
        "that",
        "many",
        "glory",
        "after",
        "the",
        "flesh,",
        "I",
        "will",
        "glory",
        "also."
      ],
      "header": "",
      "footer": ""
    },
    {
      "book_name": "2 Corinthians",
      "chapter": 11,
      "verse": 19,
      "text": [
        "For",
        "ye",
        "suffer",
        "fools",
        "gladly,",
        "seeing",
        "ye",
        "*yourselves",
        "are",
        "wise."
      ],
      "header": "",
      "footer": ""
    },
    {
      "book_name": "2 Corinthians",
      "chapter": 11,
      "verse": 20,
      "text": [
        "For",
        "ye",
        "suffer,",
        "if",
        "a",
        "man",
        "bring",
        "you",
        "into",
        "bondage,",
        "if",
        "a",
        "man",
        "devour",
        "*you,",
        "if",
        "a",
        "man",
        "take",
        "*of",
        "*you,",
        "if",
        "a",
        "man",
        "exalt",
        "himself,",
        "if",
        "a",
        "man",
        "smite",
        "you",
        "on",
        "the",
        "face."
      ],
      "header": "",
      "footer": ""
    },
    {
      "book_name": "2 Corinthians",
      "chapter": 11,
      "verse": 21,
      "text": [
        "I",
        "speak",
        "as",
        "concerning",
        "reproach,",
        "as",
        "though",
        "we",
        "had",
        "been",
        "weak.",
        "Howbeit",
        "whereinsoever",
        "any",
        "is",
        "bold,",
        "(I",
        "speak",
        "foolishly,)",
        "I",
        "am",
        "bold",
        "also."
      ],
      "header": "",
      "footer": ""
    },
    {
      "book_name": "2 Corinthians",
      "chapter": 11,
      "verse": 22,
      "text": [
        "Are",
        "they",
        "Hebrews?",
        "so",
        "*am",
        "I.",
        "Are",
        "they",
        "Israelites?",
        "so",
        "*am",
        "I.",
        "Are",
        "they",
        "the",
        "seed",
        "of",
        "Abraham?",
        "so",
        "*am",
        "I."
      ],
      "header": "",
      "footer": ""
    },
    {
      "book_name": "2 Corinthians",
      "chapter": 11,
      "verse": 23,
      "text": [
        "Are",
        "they",
        "ministers",
        "of",
        "Christ?",
        "(I",
        "speak",
        "as",
        "a",
        "fool)",
        "I",
        "*am",
        "more;",
        "in",
        "labours",
        "more",
        "abundant,",
        "in",
        "stripes",
        "above",
        "measure,",
        "in",
        "prisons",
        "more",
        "frequent,",
        "in",
        "deaths",
        "oft."
      ],
      "header": "",
      "footer": ""
    },
    {
      "book_name": "2 Corinthians",
      "chapter": 11,
      "verse": 24,
      "text": [
        "Of",
        "the",
        "Jews",
        "five",
        "times",
        "received",
        "I",
        "forty",
        "*stripes",
        "save",
        "one."
      ],
      "header": "",
      "footer": ""
    },
    {
      "book_name": "2 Corinthians",
      "chapter": 11,
      "verse": 25,
      "text": [
        "Thrice",
        "was",
        "I",
        "beaten",
        "with",
        "rods,",
        "once",
        "was",
        "I",
        "stoned,",
        "thrice",
        "I",
        "suffered",
        "shipwreck,",
        "a",
        "night",
        "and",
        "a",
        "day",
        "I",
        "have",
        "been",
        "in",
        "the",
        "deep;"
      ],
      "header": "",
      "footer": ""
    },
    {
      "book_name": "2 Corinthians",
      "chapter": 11,
      "verse": 26,
      "text": [
        "*In",
        "journeyings",
        "often,",
        "*in",
        "perils",
        "of",
        "waters,",
        "*in",
        "perils",
        "of",
        "robbers,",
        "*in",
        "perils",
        "by",
        "*mine",
        "*own",
        "countrymen,",
        "*in",
        "perils",
        "by",
        "the",
        "heathen,",
        "*in",
        "perils",
        "in",
        "the",
        "city,",
        "*in",
        "perils",
        "in",
        "the",
        "wilderness,",
        "*in",
        "perils",
        "in",
        "the",
        "sea,",
        "*in",
        "perils",
        "among",
        "false",
        "brethren;"
      ],
      "header": "",
      "footer": ""
    },
    {
      "book_name": "2 Corinthians",
      "chapter": 11,
      "verse": 27,
      "text": [
        "In",
        "weariness",
        "and",
        "painfulness,",
        "in",
        "watchings",
        "often,",
        "in",
        "hunger",
        "and",
        "thirst,",
        "in",
        "fastings",
        "often,",
        "in",
        "cold",
        "and",
        "nakedness."
      ],
      "header": "",
      "footer": ""
    },
    {
      "book_name": "2 Corinthians",
      "chapter": 11,
      "verse": 28,
      "text": [
        "Beside",
        "those",
        "things",
        "that",
        "are",
        "without,",
        "that",
        "which",
        "cometh",
        "upon",
        "me",
        "daily,",
        "the",
        "care",
        "of",
        "all",
        "the",
        "churches."
      ],
      "header": "",
      "footer": ""
    },
    {
      "book_name": "2 Corinthians",
      "chapter": 11,
      "verse": 29,
      "text": [
        "Who",
        "is",
        "weak,",
        "and",
        "I",
        "am",
        "not",
        "weak?",
        "who",
        "is",
        "offended,",
        "and",
        "I",
        "burn",
        "not?"
      ],
      "header": "",
      "footer": ""
    },
    {
      "book_name": "2 Corinthians",
      "chapter": 11,
      "verse": 30,
      "text": [
        "If",
        "I",
        "must",
        "needs",
        "glory,",
        "I",
        "will",
        "glory",
        "of",
        "the",
        "things",
        "which",
        "concern",
        "mine",
        "infirmities."
      ],
      "header": "",
      "footer": ""
    },
    {
      "book_name": "2 Corinthians",
      "chapter": 11,
      "verse": 31,
      "text": [
        "The",
        "God",
        "and",
        "Father",
        "of",
        "our",
        "Lord",
        "Jesus",
        "Christ,",
        "which",
        "is",
        "blessed",
        "for",
        "evermore,",
        "knoweth",
        "that",
        "I",
        "lie",
        "not."
      ],
      "header": "",
      "footer": ""
    },
    {
      "book_name": "2 Corinthians",
      "chapter": 11,
      "verse": 32,
      "text": [
        "In",
        "Damascus",
        "the",
        "governor",
        "under",
        "Aretas",
        "the",
        "king",
        "kept",
        "the",
        "city",
        "of",
        "the",
        "Damascenes",
        "with",
        "a",
        "garrison,",
        "desirous",
        "to",
        "apprehend",
        "me:"
      ],
      "header": "",
      "footer": ""
    },
    {
      "book_name": "2 Corinthians",
      "chapter": 11,
      "verse": 33,
      "text": [
        "And",
        "through",
        "a",
        "window",
        "in",
        "a",
        "basket",
        "was",
        "I",
        "let",
        "down",
        "by",
        "the",
        "wall,",
        "and",
        "escaped",
        "his",
        "hands."
      ],
      "header": "",
      "footer": ""
    }
  ]
}