{
  "book_name": "2 Corinthians",
  "chapter": 3,
  "verses": [
    {
      "book_name": "2 Corinthians",
      "chapter": 3,
      "verse": 1,
      "text": [
        "Do",
        "we",
        "begin",
        "again",
        "to",
        "commend",
        "ourselves?",
        "or",
        "need",
        "we,",
        "as",
        "some",
        "*others,",
        "epistles",
        "of",
        "commendation",
        "to",
        "you,",
        "or",
        "*letters",
        "of",
        "commendation",
        "from",
        "you?"
      ],
      "header": "",
      "footer": ""
    },
    {
      "book_name": "2 Corinthians",
      "chapter": 3,
      "verse": 2,
      "text": [
        "Ye",
        "are",
        "our",
        "epistle",
        "written",
        "in",
        "our",
        "hearts,",
        "known",
        "and",
        "read",
        "of",
        "all",
        "men:"
      ],
      "header": "",
      "footer": ""
    },
    {
      "book_name": "2 Corinthians",
      "chapter": 3,
      "verse": 3,
      "text": [
        "*Forasmuch",
        "*as",
        "*ye",
        "*are",
        "manifestly",
        "declared",
        "to",
        "be",
        "the",
        "epistle",
        "of",
        "Christ",
        "ministered",
        "by",
        "us,",
        "written",
        "not",
        "with",
        "ink,",
        "but",
        "with",
        "the",
        "Spirit",
        "of",
        "the",
        "living",
        "God;",
        "not",
        "in",
        "tables",
        "of",
        "stone,",
        "but",
        "in",
        "fleshy",
        "tables",
        "of",
        "the",
        "heart."
      ],
      "header": "",
      "footer": ""
    },
    {
      "book_name": "2 Corinthians",
      "chapter": 3,
      "verse": 4,
      "text": [
        "And",
        "such",
        "trust",
        "have",
        "we",
        "through",
        "Christ",
        "to",
        "God-ward:"
      ],
      "header": "",
      "footer": ""
    },
    {
      "book_name": "2 Corinthians",
      "chapter": 3,
      "verse": 5,
      "text": [
        "Not",
        "that",
        "we",
        "are",
        "sufficient",
        "of",
        "ourselves",
        "to",
        "think",
        "any",
        "thing",
        "as",
        "of",
        "ourselves;",
        "but",
        "our",
        "sufficiency",
        "*is",
        "of",
        "God;"
      ],
      "header": "",
      "footer": ""
    },
    {
      "book_name": "2 Corinthians",
      "chapter": 3,
      "verse": 6,
      "text": [
        "Who",
        "also",
        "hath",
        "made",
        "us",
        "able",
        "ministers",
        "of",
        "the",
        "new",
        "testament;",
        "not",
        "of",
        "the",
        "letter,",
        "but",
        "of",
        "the",
        "spirit:",
        "for",
        "the",
        "letter",
        "killeth,",
        "but",
        "the",
        "spirit",
        "giveth",
        "life."
      ],
      "header": "",
      "footer": ""
    },
    {
      "book_name": "2 Corinthians",
      "chapter": 3,
      "verse": 7,
      "text": [
        "But",
        "if",
        "the",
        "ministration",
        "of",
        "death,",
        "written",
        "*and",
        "engraven",
        "in",
        "stones,",
        "was",
        "glorious,",
        "so",
        "that",
        "the",
        "children",
        "of",
        "Israel",
        "could",
        "not",
        "stedfastly",
        "behold",
        "the",
        "face",
        "of",
        "Moses",
        "for",
        "the",
        "glory",
        "of",
        "his",
        "countenance;",
        "which",
        "*glory",
        "was",
        "to",
        "be",
        "done",
        "away:"
      ],
      "header": "",
      "footer": ""
    },
    {
      "book_name": "2 Corinthians",
      "chapter": 3,
      "verse": 8,
      "text": [
        "How",
        "shall",
        "not",
        "the",
        "ministration",
        "of",
        "the",
        "spirit",
        "be",
        "rather",
        "glorious?"
      ],
      "header": "",
      "footer": ""
    },
    {
      "book_name": "2 Corinthians",
      "chapter": 3,
      "verse": 9,
      "text": [
        "For",
        "if",
        "the",
        "ministration",
        "of",
        "condemnation",
        "*be",
        "glory,",
        "much",
        "more",
        "doth",
        "the",
        "ministration",
        "of",
        "righteousness",
        "exceed",
        "in",
        "glory."
      ],
      "header": "",
      "footer": ""
    },
    {
      "book_name": "2 Corinthians",
      "chapter": 3,
      "verse": 10,
      "text": [
        "For",
        "even",
        "that",
        "which",
        "was",
        "made",
        "glorious",
        "had",
        "no",
        "glory",
        "in",
        "this",
        "respect,",
        "by",
        "reason",
        "of",
        "the",
        "glory",
        "that",
        "excelleth."
      ],
      "header": "",
      "footer": ""
    },
    {
      "book_name": "2 Corinthians",
      "chapter": 3,
      "verse": 11,
      "text": [
        "For",
        "if",
        "that",
        "which",
        "is",
        "done",
        "away",
        "*was",
        "glorious,",
        "much",
        "more",
        "that",
        "which",
        "remaineth",
        "*is",
        "glorious."
      ],
      "header": "",
      "footer": ""
    },
    {
      "book_name": "2 Corinthians",
      "chapter": 3,
      "verse": 12,
      "text": [
        "Seeing",
        "then",
        "that",
        "we",
        "have",
        "such",
        "hope,",
        "we",
        "use",
        "great",
        "plainness",
        "of",
        "speech:"
      ],
      "header": "",
      "footer": ""
    },
    {
      "book_name": "2 Corinthians",
      "chapter": 3,
      "verse": 13,
      "text": [
        "And",
        "not",
        "as",
        "Moses,",
        "*which",
        "put",
        "a",
        "vail",
        "over",
        "his",
        "face,",
        "that",
        "the",
        "children",
        "of",
        "Israel",
        "could",
        "not",
        "stedfastly",
        "look",
        "to",
        "the",
        "end",
        "of",
        "that",
        "which",
        "is",
        "abolished:"
      ],
      "header": "",
      "footer": ""
    },
    {
      "book_name": "2 Corinthians",
      "chapter": 3,
      "verse": 14,
      "text": [
        "But",
        "their",
        "minds",
        "were",
        "blinded:",
        "for",
        "until",
        "this",
        "day",
        "remaineth",
        "the",
        "same",
        "vail",
        "untaken",
        "away",
        "in",
        "the",
        "reading",
        "of",
        "the",
        "old",
        "testament;",
        "which",
        "*vail",
        "is",
        "done",
        "away",
        "in",
        "Christ."
      ],
      "header": "",
      "footer": ""
    },
    {
      "book_name": "2 Corinthians",
      "chapter": 3,
      "verse": 15,
      "text": [
        "But",
        "even",
        "unto",
        "this",
        "day,",
        "when",
        "Moses",
        "is",
        "read,",
        "the",
        "vail",
        "is",
        "upon",
        "their",
        "heart."
      ],
      "header": "",
      "footer": ""
    },
    {
      "book_name": "2 Corinthians",
      "chapter": 3,
      "verse": 16,
      "text": [
        "Nevertheless",
        "when",
        "it",
        "shall",
        "turn",
        "to",
        "the",
        "Lord,",
        "the",
        "vail",
        "shall",
        "be",
        "taken",
        "away."
      ],
      "header": "",
      "footer": ""
    },
    {
      "book_name": "2 Corinthians",
      "chapter": 3,
      "verse": 17,
      "text": [
        "Now",
        "the",
        "Lord",
        "is",
        "that",
        "Spirit:",
        "and",
        "where",
        "the",
        "Spirit",
        "of",
        "the",
        "Lord",
        "*is,",
        "there",
        "*is",
        "liberty."
      ],
      "header": "",
      "footer": ""
    },
    {
      "book_name": "2 Corinthians",
      "chapter": 3,
      "verse": 18,
      "text": [
        "But",
        "we",
        "all,",
        "with",
        "open",
        "face",
        "beholding",
        "as",
        "in",
        "a",
        "glass",
        "the",
        "glory",
        "of",
        "the",
        "Lord,",
        "are",
        "changed",
        "into",
        "the",
        "same",
        "image",
        "from",
        "glory",
        "to",
        "glory,",
        "*even",
        "as",
        "by",
        "the",
        "Spirit",
        "of",
        "the",
        "Lord."
      ],
      "header": "",
      "footer": ""
    }
  ]
}