{
  "book_name": "Ezekiel",
  "chapter": 15,
  "verses": [
    {
      "book_name": "Ezekiel",
      "chapter": 15,
      "verse": 1,
      "text": [
        "And",
        "the",
        "word",
        "of",
        "the",
        "Lᴏʀᴅ",
        "came",
        "unto",
        "me,",
        "saying,"
      ],
      "header": "",
      "footer": ""
    },
    {
      "book_name": "Ezekiel",
      "chapter": 15,
      "verse": 2,
      "text": [
        "Son",
        "of",
        "man,",
        "What",
        "is",
        "the",
        "vine",
        "tree",
        "more",
        "than",
        "any",
        "tree,",
        "*or",
        "*than",
        "a",
        "branch",
        "which",
        "is",
        "among",
        "the",
        "trees",
        "of",
        "the",
        "forest?"
      ],
      "header": "",
      "footer": ""
    },
    {
      "book_name": "Ezekiel",
      "chapter": 15,
      "verse": 3,
      "text": [
        "Shall",
        "wood",
        "be",
        "taken",
        "thereof",
        "to",
        "do",
        "any",
        "work?",
        "or",
        "will",
        "*men",
        "take",
        "a",
        "pin",
        "of",
        "it",
        "to",
        "hang",
        "any",
        "vessel",
        "thereon?"
      ],
      "header": "",
      "footer": ""
    },
    {
      "book_name": "Ezekiel",
      "chapter": 15,
      "verse": 4,
      "text": [
        "Behold,",
        "it",
        "is",
        "cast",
        "into",
        "the",
        "fire",
        "for",
        "fuel;",
        "the",
        "fire",
        "devoureth",
        "both",
        "the",
        "ends",
        "of",
        "it,",
        "and",
        "the",
        "midst",
        "of",
        "it",
        "is",
        "burned.",
        "Is",
        "it",
        "meet",
        "for",
        "*any",
        "work?"
      ],
      "header": "",
      "footer": ""
    },
    {
      "book_name": "Ezekiel",
      "chapter": 15,
      "verse": 5,
      "text": [
        "Behold,",
        "when",
        "it",
        "was",
        "whole,",
        "it",
        "was",
        "meet",
        "for",
        "no",
        "work:",
        "how",
        "much",
        "less",
        "shall",
        "it",
        "be",
        "meet",
        "yet",
        "for",
        "*any",
        "work,",
        "when",
        "the",
        "fire",
        "hath",
        "devoured",
        "it,",
        "and",
        "it",
        "is",
        "burned?"
      ],
      "header": "",
      "footer": ""
    },
    {
      "book_name": "Ezekiel",
      "chapter": 15,
      "verse": 6,
      "text": [
        "¶",
        "Therefore",
        "thus",
        "saith",
        "the",
        "Lord",
        "Gᴏᴅ;",
        "As",
        "the",
        "vine",
        "tree",
        "among",
        "the",
        "trees",
        "of",
        "the",
        "forest,",
        "which",
        "I",
        "have",
        "given",
        "to",
        "the",
        "fire",
        "for",
        "fuel,",
        "so",
        "will",
        "I",
        "give",
        "the",
        "inhabitants",
        "of",
        "Jerusalem."
      ],
      "header": "",
      "footer": ""
    },
    {
      "book_name": "Ezekiel",
      "chapter": 15,
      "verse": 7,
      "text": [
        "And",
        "I",
        "will",
        "set",
        "my",
        "face",
        "against",
        "them;",
        "they",
        "shall",
        "go",
        "out",
        "from",
        "*one",
        "fire,",
        "and",
        "*another",
        "fire",
        "shall",
        "devour",
        "them;",
        "and",
        "ye",
        "shall",
        "know",
        "that",
        "I",
        "*am",
        "the",
        "Lᴏʀᴅ,",
        "when",
        "I",
        "set",
        "my",
        "face",
        "against",
        "them."
      ],
      "header": "",
      "footer": ""
    },
    {
      "book_name": "Ezekiel",
      "chapter": 15,
      "verse": 8,
      "text": [
        "And",
        "I",
        "will",
        "make",
        "the",
        "land",
        "desolate,",
        "because",
        "they",
        "have",
        "committed",
        "a",
        "trespass,",
        "saith",
        "the",
        "Lord",
        "Gᴏᴅ."
      ],
      "header": "",
      "footer": ""
    }
  ]
}