{
  "book_name": "Numbers",
  "chapter": 11,
  "verses": [
    {
      "book_name": "Numbers",
      "chapter": 11,
      "verse": 1,
      "text": [
        "And",
        "*when",
        "the",
        "people",
        "complained,",
        "it",
        "displeased",
        "the",
        "Lᴏʀᴅ:",
        "and",
        "the",
        "Lᴏʀᴅ",
        "heard",
        "*it;",
        "and",
        "his",
        "anger",
        "was",
        "kindled;",
        "and",
        "the",
        "fire",
        "of",
        "the",
        "Lᴏʀᴅ",
        "burnt",
        "among",
        "them,",
        "and",
        "consumed",
        "*them",
        "*that",
        "*were",
        "in",
        "the",
        "uttermost",
        "parts",
        "of",
        "the",
        "camp."
      ],
      "header": "",
      "footer": ""
    },
    {
      "book_name": "Numbers",
      "chapter": 11,
      "verse": 2,
      "text": [
        "And",
        "the",
        "people",
        "cried",
        "unto",
        "Moses;",
        "and",
        "when",
        "Moses",
        "prayed",
        "unto",
        "the",
        "Lᴏʀᴅ,",
        "the",
        "fire",
        "was",
        "quenched."
      ],
      "header": "",
      "footer": ""
    },
    {
      "book_name": "Numbers",
      "chapter": 11,
      "verse": 3,
      "text": [
        "And",
        "he",
        "called",
        "the",
        "name",
        "of",
        "the",
        "place",
        "Taberah:",
        "because",
        "the",
        "fire",
        "of",
        "the",
        "Lᴏʀᴅ",
        "burnt",
        "among",
        "them."
      ],
      "header": "",
      "footer": ""
    },
    {
      "book_name": "Numbers",
      "chapter": 11,
      "verse": 4,
      "text": [
        "¶",
        "And",
        "the",
        "mixt",
        "multitude",
        "that",
        "*was",
        "among",
        "them",
        "fell",
        "a",
        "lusting:",
        "and",
        "the",
        "children",
        "of",
        "Israel",
        "also",
        "wept",
        "again,",
        "and",
        "said,",
        "Who",
        "shall",
        "give",
        "us",
        "flesh",
        "to",
        "eat?"
      ],
      "header": "",
      "footer": ""
    },
    {
      "book_name": "Numbers",
      "chapter": 11,
      "verse": 5,
      "text": [
        "We",
        "remember",
        "the",
        "fish,",
        "which",
        "we",
        "did",
        "eat",
        "in",
        "Egypt",
        "freely;",
        "the",
        "cucumbers,",
        "and",
        "the",
        "melons,",
        "and",
        "the",
        "leeks,",
        "and",
        "the",
        "onions,",
        "and",
        "the",
        "garlick:"
      ],
      "header": "",
      "footer": ""
    },
    {
      "book_name": "Numbers",
      "chapter": 11,
      "verse": 6,
      "text": [
        "But",
        "now",
        "our",
        "soul",
        "*is",
        "dried",
        "away:",
        "*there",
        "*is",
        "nothing",
        "at",
        "all,",
        "beside",
        "this",
        "manna,",
        "*before",
        "our",
        "eyes."
      ],
      "header": "",
      "footer": ""
    },
    {
      "book_name": "Numbers",
      "chapter": 11,
      "verse": 7,
      "text": [
        "And",
        "the",
        "manna",
        "*was",
        "as",
        "coriander",
        "seed,",
        "and",
        "the",
        "colour",
        "thereof",
        "as",
        "the",
        "colour",
        "of",
        "bdellium."
      ],
      "header": "",
      "footer": ""
    },
    {
      "book_name": "Numbers",
      "chapter": 11,
      "verse": 8,
      "text": [
        "*And",
        "the",
        "people",
        "went",
        "about,",
        "and",
        "gathered",
        "*it,",
        "and",
        "ground",
        "*it",
        "in",
        "mills,",
        "or",
        "beat",
        "*it",
        "in",
        "a",
        "mortar,",
        "and",
        "baked",
        "*it",
        "in",
        "pans,",
        "and",
        "made",
        "cakes",
        "of",
        "it:",
        "and",
        "the",
        "taste",
        "of",
        "it",
        "was",
        "as",
        "the",
        "taste",
        "of",
        "fresh",
        "oil."
      ],
      "header": "",
      "footer": ""
    },
    {
      "book_name": "Numbers",
      "chapter": 11,
      "verse": 9,
      "text": [
        "And",
        "when",
        "the",
        "dew",
        "fell",
        "upon",
        "the",
        "camp",
        "in",
        "the",
        "night,",
        "the",
        "manna",
        "fell",
        "upon",
        "it."
      ],
      "header": "",
      "footer": ""
    },
    {
      "book_name": "Numbers",
      "chapter": 11,
      "verse": 10,
      "text": [
        "¶",
        "Then",
        "Moses",
        "heard",
        "the",
        "people",
        "weep",
        "throughout",
        "their",
        "families,",
        "every",
        "man",
        "in",
        "the",
        "door",
        "of",
        "his",
        "tent:",
        "and",
        "the",
        "anger",
        "of",
        "the",
        "Lᴏʀᴅ",
        "was",
        "kindled",
        "greatly;",
        "Moses",
        "also",
        "was",
        "displeased."
      ],
      "header": "",
      "footer": ""
    },
    {
      "book_name": "Numbers",
      "chapter": 11,
      "verse": 11,
      "text": [
        "And",
        "Moses",
        "said",
        "unto",
        "the",
        "Lᴏʀᴅ,",
        "Wherefore",
        "hast",
        "thou",
        "afflicted",
        "thy",
        "servant?",
        "and",
        "wherefore",
        "have",
        "I",
        "not",
        "found",
        "favour",
        "in",
        "thy",
        "sight,",
        "that",
        "thou",
        "layest",
        "the",
        "burden",
        "of",
        "all",
        "this",
        "people",
        "upon",
        "me?"
      ],
      "header": "",
      "footer": ""
    },
    {
      "book_name": "Numbers",
      "chapter": 11,
      "verse": 12,
      "text": [
        "Have",
        "I",
        "conceived",
        "all",
        "this",
        "people?",
        "have",
        "I",
        "begotten",
        "them,",
        "that",
        "thou",
        "shouldest",
        "say",
        "unto",
        "me,",
        "Carry",
        "them",
        "in",
        "thy",
        "bosom,",
        "as",
        "a",
        "nursing",
        "father",
        "beareth",
        "the",
        "sucking",
        "child,",
        "unto",
        "the",
        "land",
        "which",
        "thou",
        "swarest",
        "unto",
        "their",
        "fathers?"
      ],
      "header": "",
      "footer": ""
    },
    {
      "book_name": "Numbers",
      "chapter": 11,
      "verse": 13,
      "text": [
        "Whence",
        "should",
        "I",
        "have",
        "flesh",
        "to",
        "give",
        "unto",
        "all",
        "this",
        "people?",
        "for",
        "they",
        "weep",
        "unto",
        "me,",
        "saying,",
        "Give",
        "us",
        "flesh,",
        "that",
        "we",
        "may",
        "eat."
      ],
      "header": "",
      "footer": ""
    },
    {
      "book_name": "Numbers",
      "chapter": 11,
      "verse": 14,
      "text": [
        "I",
        "am",
        "not",
        "able",
        "to",
        "bear",
        "all",
        "this",
        "people",
        "alone,",
        "because",
        "*it",
        "*is",
        "too",
        "heavy",
        "for",
        "me."
      ],
      "header": "",
      "footer": ""
    },
    {
      "book_name": "Numbers",
      "chapter": 11,
      "verse": 15,
      "text": [
        "And",
        "if",
        "thou",
        "deal",
        "thus",
        "with",
        "me,",
        "kill",
        "me,",
        "I",
        "pray",
        "thee,",
        "out",
        "of",
        "hand,",
        "if",
        "I",
        "have",
        "found",
        "favour",
        "in",
        "thy",
        "sight;",
        "and",
        "let",
        "me",
        "not",
        "see",
        "my",
        "wretchedness."
      ],
      "header": "",
      "footer": ""
    },
    {
      "book_name": "Numbers",
      "chapter": 11,
      "verse": 16,
      "text": [
        "¶",
        "And",
        "the",
        "Lᴏʀᴅ",
        "said",
        "unto",
        "Moses,",
        "Gather",
        "unto",
        "me",
        "seventy",
        "men",
        "of",
        "the",
        "elders",
        "of",
        "Israel,",
        "whom",
        "thou",
        "knowest",
        "to",
        "be",
        "the",
        "elders",
        "of",
        "the",
        "people,",
        "and",
        "officers",
        "over",
        "them;",
        "and",
        "bring",
        "them",
        "unto",
        "the",
        "tabernacle",
        "of",
        "the",
        "congregation,",
        "that",
        "they",
        "may",
        "stand",
        "there",
        "with",
        "thee."
      ],
      "header": "",
      "footer": ""
    },
    {
      "book_name": "Numbers",
      "chapter": 11,
      "verse": 17,
      "text": [
        "And",
        "I",
        "will",
        "come",
        "down",
        "and",
        "talk",
        "with",
        "thee",
        "there:",
        "and",
        "I",
        "will",
        "take",
        "of",
        "the",
        "spirit",
        "which",
        "*is",
        "upon",
        "thee,",
        "and",
        "will",
        "put",
        "*it",
        "upon",
        "them;",
        "and",
        "they",
        "shall",
        "bear",
        "the",
        "burden",
        "of",
        "the",
        "people",
        "with",
        "thee,",
        "that",
        "thou",
        "bear",
        "*it",
        "not",
        "thyself",
        "alone."
      ],
      "header": "",
      "footer": ""
    },
    {
      "book_name": "Numbers",
      "chapter": 11,
      "verse": 18,
      "text": [
        "And",
        "say",
        "thou",
        "unto",
        "the",
        "people,",
        "Sanctify",
        "yourselves",
        "against",
        "to",
        "morrow,",
        "and",
        "ye",
        "shall",
        "eat",
        "flesh:",
        "for",
        "ye",
        "have",
        "wept",
        "in",
        "the",
        "ears",
        "of",
        "the",
        "Lᴏʀᴅ,",
        "saying,",
        "Who",
        "shall",
        "give",
        "us",
        "flesh",
        "to",
        "eat?",
        "for",
        "*it",
        "*was",
        "well",
        "with",
        "us",
        "in",
        "Egypt:",
        "therefore",
        "the",
        "Lᴏʀᴅ",
        "will",
        "give",
        "you",
        "flesh,",
        "and",
        "ye",
        "shall",
        "eat."
      ],
      "header": "",
      "footer": ""
    },
    {
      "book_name": "Numbers",
      "chapter": 11,
      "verse": 19,
      "text": [
        "Ye",
        "shall",
        "not",
        "eat",
        "one",
        "day,",
        "nor",
        "two",
        "days,",
        "nor",
        "five",
        "days,",
        "neither",
        "ten",
        "days,",
        "nor",
        "twenty",
        "days;"
      ],
      "header": "",
      "footer": ""
    },
    {
      "book_name": "Numbers",
      "chapter": 11,
      "verse": 20,
      "text": [
        "*But",
        "even",
        "a",
        "whole",
        "month,",
        "until",
        "it",
        "come",
        "out",
        "at",
        "your",
        "nostrils,",
        "and",
        "it",
        "be",
        "loathsome",
        "unto",
        "you:",
        "because",
        "that",
        "ye",
        "have",
        "despised",
        "the",
        "Lᴏʀᴅ",
        "which",
        "*is",
        "among",
        "you,",
        "and",
        "have",
        "wept",
        "before",
        "him,",
        "saying,",
        "Why",
        "came",
        "we",
        "forth",
        "out",
        "of",
        "Egypt?"
      ],
      "header": "",
      "footer": ""
    },
    {
      "book_name": "Numbers",
      "chapter": 11,
      "verse": 21,
      "text": [
        "And",
        "Moses",
        "said,",
        "The",
        "people,",
        "among",
        "whom",
        "I",
        "*am,",
        "*are",
        "six",
        "hundred",
        "thousand",
        "footmen;",
        "and",
        "thou",
        "hast",
        "said,",
        "I",
        "will",
        "give",
        "them",
        "flesh,",
        "that",
        "they",
        "may",
        "eat",
        "a",
        "whole",
        "month."
      ],
      "header": "",
      "footer": ""
    },
    {
      "book_name": "Numbers",
      "chapter": 11,
      "verse": 22,
      "text": [
        "Shall",
        "the",
        "flocks",
        "and",
        "the",
        "herds",
        "be",
        "slain",
        "for",
        "them,",
        "to",
        "suffice",
        "them?",
        "or",
        "shall",
        "all",
        "the",
        "fish",
        "of",
        "the",
        "sea",
        "be",
        "gathered",
        "together",
        "for",
        "them,",
        "to",
        "suffice",
        "them?"
      ],
      "header": "",
      "footer": ""
    },
    {
      "book_name": "Numbers",
      "chapter": 11,
      "verse": 23,
      "text": [
        "And",
        "the",
        "Lᴏʀᴅ",
        "said",
        "unto",
        "Moses,",
        "Is",
        "the",
        "Lᴏʀᴅ's",
        "hand",
        "waxed",
        "short?",
        "thou",
        "shalt",
        "see",
        "now",
        "whether",
        "my",
        "word",
        "shall",
        "come",
        "to",
        "pass",
        "unto",
        "thee",
        "or",
        "not."
      ],
      "header": "",
      "footer": ""
    },
    {
      "book_name": "Numbers",
      "chapter": 11,
      "verse": 24,
      "text": [
        "¶",
        "And",
        "Moses",
        "went",
        "out,",
        "and",
        "told",
        "the",
        "people",
        "the",
        "words",
        "of",
        "the",
        "Lᴏʀᴅ,",
        "and",
        "gathered",
        "the",
        "seventy",
        "men",
        "of",
        "the",
        "elders",
        "of",
        "the",
        "people,",
        "and",
        "set",
        "them",
        "round",
        "about",
        "the",
        "tabernacle."
      ],
      "header": "",
      "footer": ""
    },
    {
      "book_name": "Numbers",
      "chapter": 11,
      "verse": 25,
      "text": [
        "And",
        "the",
        "Lᴏʀᴅ",
        "came",
        "down",
        "in",
        "a",
        "cloud,",
        "and",
        "spake",
        "unto",
        "him,",
        "and",
        "took",
        "of",
        "the",
        "spirit",
        "that",
        "*was",
        "upon",
        "him,",
        "and",
        "gave",
        "*it",
        "unto",
        "the",
        "seventy",
        "elders:",
        "and",
        "it",
        "came",
        "to",
        "pass,",
        "*that,",
        "when",
        "the",
        "spirit",
        "rested",
        "upon",
        "them,",
        "they",
        "prophesied,",
        "and",
        "did",
        "not",
        "cease."
      ],
      "header": "",
      "footer": ""
    },
    {
      "book_name": "Numbers",
      "chapter": 11,
      "verse": 26,
      "text": [
        "But",
        "there",
        "remained",
        "two",
        "*of",
        "*the",
        "men",
        "in",
        "the",
        "camp,",
        "the",
        "name",
        "of",
        "the",
        "one",
        "*was",
        "Eldad,",
        "and",
        "the",
        "name",
        "of",
        "the",
        "other",
        "Medad:",
        "and",
        "the",
        "spirit",
        "rested",
        "upon",
        "them;",
        "and",
        "they",
        "*were",
        "of",
        "them",
        "that",
        "were",
        "written,",
        "but",
        "went",
        "not",
        "out",
        "unto",
        "the",
        "tabernacle:",
        "and",
        "they",
        "prophesied",
        "in",
        "the",
        "camp."
      ],
      "header": "",
      "footer": ""
    },
    {
      "book_name": "Numbers",
      "chapter": 11,
      "verse": 27,
      "text": [
        "And",
        "there",
        "ran",
        "a",
        "young",
        "man,",
        "and",
        "told",
        "Moses,",
        "and",
        "said,",
        "Eldad",
        "and",
        "Medad",
        "do",
        "prophesy",
        "in",
        "the",
        "camp."
      ],
      "header": "",
      "footer": ""
    },
    {
      "book_name": "Numbers",
      "chapter": 11,
      "verse": 28,
      "text": [
        "And",
        "Joshua",
        "the",
        "son",
        "of",
        "Nun,",
        "the",
        "servant",
        "of",
        "Moses,",
        "*one",
        "of",
        "his",
        "young",
        "men,",
        "answered",
        "and",
        "said,",
        "My",
        "lord",
        "Moses,",
        "forbid",
        "them."
      ],
      "header": "",
      "footer": ""
    },
    {
      "book_name": "Numbers",
      "chapter": 11,
      "verse": 29,
      "text": [
        "And",
        "Moses",
        "said",
        "unto",
        "him,",
        "Enviest",
        "thou",
        "for",
        "my",
        "sake?",
        "would",
        "God",
        "that",
        "all",
        "the",
        "Lᴏʀᴅ's",
        "people",
        "were",
        "prophets,",
        "*and",
        "that",
        "the",
        "Lᴏʀᴅ",
        "would",
        "put",
        "his",
        "spirit",
        "upon",
        "them!"
      ],
      "header": "",
      "footer": ""
    },
    {
      "book_name": "Numbers",
      "chapter": 11,
      "verse": 30,
      "text": [
        "And",
        "Moses",
        "gat",
        "him",
        "into",
        "the",
        "camp,",
        "he",
        "and",
        "the",
        "elders",
        "of",
        "Israel."
      ],
      "header": "",
      "footer": ""
    },
    {
      "book_name": "Numbers",
      "chapter": 11,
      "verse": 31,
      "text": [
        "¶",
        "And",
        "there",
        "went",
        "forth",
        "a",
        "wind",
        "from",
        "the",
        "Lᴏʀᴅ,",
        "and",
        "brought",
        "quails",
        "from",
        "the",
        "sea,",
        "and",
        "let",
        "*them",
        "fall",
        "by",
        "the",
        "camp,",
        "as",
        "it",
        "were",
        "a",
        "day's",
        "journey",
        "on",
        "this",
        "side,",
        "and",
        "as",
        "it",
        "were",
        "a",
        "day's",
        "journey",
        "on",
        "the",
        "other",
        "side,",
        "round",
        "about",
        "the",
        "camp,",
        "and",
        "as",
        "it",
        "were",
        "two",
        "cubits",
        "*high",
        "upon",
        "the",
        "face",
        "of",
        "the",
        "earth."
      ],
      "header": "",
      "footer": ""
    },
    {
      "book_name": "Numbers",
      "chapter": 11,
      "verse": 32,
      "text": [
        "And",
        "the",
        "people",
        "stood",
        "up",
        "all",
        "that",
        "day,",
        "and",
        "all",
        "*that",
        "night,",
        "and",
        "all",
        "the",
        "next",
        "day,",
        "and",
        "they",
        "gathered",
        "the",
        "quails:",
        "he",
        "that",
        "gathered",
        "least",
        "gathered",
        "ten",
        "homers:",
        "and",
        "they",
        "spread",
        "*them",
        "all",
        "abroad",
        "for",
        "themselves",
        "round",
        "about",
        "the",
        "camp."
      ],
      "header": "",
      "footer": ""
    },
    {
      "book_name": "Numbers",
      "chapter": 11,
      "verse": 33,
      "text": [
        "And",
        "while",
        "the",
        "flesh",
        "*was",
        "yet",
        "between",
        "their",
        "teeth,",
        "ere",
        "it",
        "was",
        "chewed,",
        "the",
        "wrath",
        "of",
        "the",
        "Lᴏʀᴅ",
        "was",
        "kindled",
        "against",
        "the",
        "people,",
        "and",
        "the",
        "Lᴏʀᴅ",
        "smote",
        "the",
        "people",
        "with",
        "a",
        "very",
        "great",
        "plague."
      ],
      "header": "",
      "footer": ""
    },
    {
      "book_name": "Numbers",
      "chapter": 11,
      "verse": 34,
      "text": [
        "And",
        "he",
        "called",
        "the",
        "name",
        "of",
        "that",
        "place",
        "Kibrothhattaavah:",
        "because",
        "there",
        "they",
        "buried",
        "the",
        "people",
        "that",
        "lusted."
      ],
      "header": "",
      "footer": ""
    },
    {
      "book_name": "Numbers",
      "chapter": 11,
      "verse": 35,
      "text": [
        "*And",
        "the",
        "people",
        "journeyed",
        "from",
        "Kibrothhattaavah",
        "unto",
        "Hazeroth;",
        "and",
        "abode",
        "at",
        "Hazeroth."
      ],
      "header": "",
      "footer": ""
    }
  ]
}