{
  "book_name": "Numbers",
  "chapter": 12,
  "verses": [
    {
      "book_name": "Numbers",
      "chapter": 12,
      "verse": 1,
      "text": [
        "And",
        "Miriam",
        "and",
        "Aaron",
        "spake",
        "against",
        "Moses",
        "because",
        "of",
        "the",
        "Ethiopian",
        "woman",
        "whom",
        "he",
        "had",
        "married:",
        "for",
        "he",
        "had",
        "married",
        "an",
        "Ethiopian",
        "woman."
      ],
      "header": "",
      "footer": ""
    },
    {
      "book_name": "Numbers",
      "chapter": 12,
      "verse": 2,
      "text": [
        "And",
        "they",
        "said,",
        "Hath",
        "the",
        "Lᴏʀᴅ",
        "indeed",
        "spoken",
        "only",
        "by",
        "Moses?",
        "hath",
        "he",
        "not",
        "spoken",
        "also",
        "by",
        "us?",
        "And",
        "the",
        "Lᴏʀᴅ",
        "heard",
        "*it."
      ],
      "header": "",
      "footer": ""
    },
    {
      "book_name": "Numbers",
      "chapter": 12,
      "verse": 3,
      "text": [
        "(Now",
        "the",
        "man",
        "Moses",
        "*was",
        "very",
        "meek,",
        "above",
        "all",
        "the",
        "men",
        "which",
        "*were",
        "upon",
        "the",
        "face",
        "of",
        "the",
        "earth.)"
      ],
      "header": "",
      "footer": ""
    },
    {
      "book_name": "Numbers",
      "chapter": 12,
      "verse": 4,
      "text": [
        "And",
        "the",
        "Lᴏʀᴅ",
        "spake",
        "suddenly",
        "unto",
        "Moses,",
        "and",
        "unto",
        "Aaron,",
        "and",
        "unto",
        "Miriam,",
        "Come",
        "out",
        "ye",
        "three",
        "unto",
        "the",
        "tabernacle",
        "of",
        "the",
        "congregation.",
        "And",
        "they",
        "three",
        "came",
        "out."
      ],
      "header": "",
      "footer": ""
    },
    {
      "book_name": "Numbers",
      "chapter": 12,
      "verse": 5,
      "text": [
        "And",
        "the",
        "Lᴏʀᴅ",
        "came",
        "down",
        "in",
        "the",
        "pillar",
        "of",
        "the",
        "cloud,",
        "and",
        "stood",
        "*in",
        "the",
        "door",
        "of",
        "the",
        "tabernacle,",
        "and",
        "called",
        "Aaron",
        "and",
        "Miriam:",
        "and",
        "they",
        "both",
        "came",
        "forth."
      ],
      "header": "",
      "footer": ""
    },
    {
      "book_name": "Numbers",
      "chapter": 12,
      "verse": 6,
      "text": [
        "And",
        "he",
        "said,",
        "Hear",
        "now",
        "my",
        "words:",
        "If",
        "there",
        "be",
        "a",
        "prophet",
        "among",
        "you,",
        "*I",
        "the",
        "Lᴏʀᴅ",
        "will",
        "make",
        "myself",
        "known",
        "unto",
        "him",
        "in",
        "a",
        "vision,",
        "*and",
        "will",
        "speak",
        "unto",
        "him",
        "in",
        "a",
        "dream."
      ],
      "header": "",
      "footer": ""
    },
    {
      "book_name": "Numbers",
      "chapter": 12,
      "verse": 7,
      "text": [
        "My",
        "servant",
        "Moses",
        "*is",
        "not",
        "so,",
        "who",
        "*is",
        "faithful",
        "in",
        "all",
        "mine",
        "house."
      ],
      "header": "",
      "footer": ""
    },
    {
      "book_name": "Numbers",
      "chapter": 12,
      "verse": 8,
      "text": [
        "With",
        "him",
        "will",
        "I",
        "speak",
        "mouth",
        "to",
        "mouth,",
        "even",
        "apparently,",
        "and",
        "not",
        "in",
        "dark",
        "speeches;",
        "and",
        "the",
        "similitude",
        "of",
        "the",
        "Lᴏʀᴅ",
        "shall",
        "he",
        "behold:",
        "wherefore",
        "then",
        "were",
        "ye",
        "not",
        "afraid",
        "to",
        "speak",
        "against",
        "my",
        "servant",
        "Moses?"
      ],
      "header": "",
      "footer": ""
    },
    {
      "book_name": "Numbers",
      "chapter": 12,
      "verse": 9,
      "text": [
        "And",
        "the",
        "anger",
        "of",
        "the",
        "Lᴏʀᴅ",
        "was",
        "kindled",
        "against",
        "them;",
        "and",
        "he",
        "departed."
      ],
      "header": "",
      "footer": ""
    },
    {
      "book_name": "Numbers",
      "chapter": 12,
      "verse": 10,
      "text": [
        "And",
        "the",
        "cloud",
        "departed",
        "from",
        "off",
        "the",
        "tabernacle;",
        "and,",
        "behold,",
        "Miriam",
        "*became",
        "leprous,",
        "*white",
        "as",
        "snow:",
        "and",
        "Aaron",
        "looked",
        "upon",
        "Miriam,",
        "and,",
        "behold,",
        "*she",
        "*was",
        "leprous."
      ],
      "header": "",
      "footer": ""
    },
    {
      "book_name": "Numbers",
      "chapter": 12,
      "verse": 11,
      "text": [
        "And",
        "Aaron",
        "said",
        "unto",
        "Moses,",
        "Alas,",
        "my",
        "lord,",
        "I",
        "beseech",
        "thee,",
        "lay",
        "not",
        "the",
        "sin",
        "upon",
        "us,",
        "wherein",
        "we",
        "have",
        "done",
        "foolishly,",
        "and",
        "wherein",
        "we",
        "have",
        "sinned."
      ],
      "header": "",
      "footer": ""
    },
    {
      "book_name": "Numbers",
      "chapter": 12,
      "verse": 12,
      "text": [
        "Let",
        "her",
        "not",
        "be",
        "as",
        "one",
        "dead,",
        "of",
        "whom",
        "the",
        "flesh",
        "is",
        "half",
        "consumed",
        "when",
        "he",
        "cometh",
        "out",
        "of",
        "his",
        "mother's",
        "womb."
      ],
      "header": "",
      "footer": ""
    },
    {
      "book_name": "Numbers",
      "chapter": 12,
      "verse": 13,
      "text": [
        "And",
        "Moses",
        "cried",
        "unto",
        "the",
        "Lᴏʀᴅ,",
        "saying,",
        "Heal",
        "her",
        "now,",
        "O",
        "God,",
        "I",
        "beseech",
        "thee."
      ],
      "header": "",
      "footer": ""
    },
    {
      "book_name": "Numbers",
      "chapter": 12,
      "verse": 14,
      "text": [
        "¶",
        "And",
        "the",
        "Lᴏʀᴅ",
        "said",
        "unto",
        "Moses,",
        "If",
        "her",
        "father",
        "had",
        "but",
        "spit",
        "in",
        "her",
        "face,",
        "should",
        "she",
        "not",
        "be",
        "ashamed",
        "seven",
        "days?",
        "let",
        "her",
        "be",
        "shut",
        "out",
        "from",
        "the",
        "camp",
        "seven",
        "days,",
        "and",
        "after",
        "that",
        "let",
        "her",
        "be",
        "received",
        "in",
        "*again."
      ],
      "header": "",
      "footer": ""
    },
    {
      "book_name": "Numbers",
      "chapter": 12,
      "verse": 15,
      "text": [
        "And",
        "Miriam",
        "was",
        "shut",
        "out",
        "from",
        "the",
        "camp",
        "seven",
        "days:",
        "and",
        "the",
        "people",
        "journeyed",
        "not",
        "till",
        "Miriam",
        "was",
        "brought",
        "in",
        "*again."
      ],
      "header": "",
      "footer": ""
    },
    {
      "book_name": "Numbers",
      "chapter": 12,
      "verse": 16,
      "text": [
        "And",
        "afterward",
        "the",
        "people",
        "removed",
        "from",
        "Hazeroth,",
        "and",
        "pitched",
        "in",
        "the",
        "wilderness",
        "of",
        "Paran."
      ],
      "header": "",
      "footer": ""
    }
  ]
}