{
  "book_name": "Numbers",
  "chapter": 15,
  "verses": [
    {
      "book_name": "Numbers",
      "chapter": 15,
      "verse": 1,
      "text": [
        "And",
        "the",
        "Lᴏʀᴅ",
        "spake",
        "unto",
        "Moses,",
        "saying,"
      ],
      "header": "",
      "footer": ""
    },
    {
      "book_name": "Numbers",
      "chapter": 15,
      "verse": 2,
      "text": [
        "Speak",
        "unto",
        "the",
        "children",
        "of",
        "Israel,",
        "and",
        "say",
        "unto",
        "them,",
        "When",
        "ye",
        "be",
        "come",
        "into",
        "the",
        "land",
        "of",
        "your",
        "habitations,",
        "which",
        "I",
        "give",
        "unto",
        "you,"
      ],
      "header": "",
      "footer": ""
    },
    {
      "book_name": "Numbers",
      "chapter": 15,
      "verse": 3,
      "text": [
        "And",
        "will",
        "make",
        "an",
        "offering",
        "by",
        "fire",
        "unto",
        "the",
        "Lᴏʀᴅ,",
        "a",
        "burnt",
        "offering,",
        "or",
        "a",
        "sacrifice",
        "in",
        "performing",
        "a",
        "vow,",
        "or",
        "in",
        "a",
        "freewill",
        "offering,",
        "or",
        "in",
        "your",
        "solemn",
        "feasts,",
        "to",
        "make",
        "a",
        "sweet",
        "savour",
        "unto",
        "the",
        "Lᴏʀᴅ,",
        "of",
        "the",
        "herd,",
        "or",
        "of",
        "the",
        "flock:"
      ],
      "header": "",
      "footer": ""
    },
    {
      "book_name": "Numbers",
      "chapter": 15,
      "verse": 4,
      "text": [
        "Then",
        "shall",
        "he",
        "that",
        "offereth",
        "his",
        "offering",
        "unto",
        "the",
        "Lᴏʀᴅ",
        "bring",
        "a",
        "meat",
        "offering",
        "of",
        "a",
        "tenth",
        "deal",
        "of",
        "flour",
        "mingled",
        "with",
        "the",
        "fourth",
        "*part",
        "of",
        "an",
        "hin",
        "of",
        "oil."
      ],
      "header": "",
      "footer": ""
    },
    {
      "book_name": "Numbers",
      "chapter": 15,
      "verse": 5,
      "text": [
        "And",
        "the",
        "fourth",
        "*part",
        "of",
        "an",
        "hin",
        "of",
        "wine",
        "for",
        "a",
        "drink",
        "offering",
        "shalt",
        "thou",
        "prepare",
        "with",
        "the",
        "burnt",
        "offering",
        "or",
        "sacrifice,",
        "for",
        "one",
        "lamb."
      ],
      "header": "",
      "footer": ""
    },
    {
      "book_name": "Numbers",
      "chapter": 15,
      "verse": 6,
      "text": [
        "Or",
        "for",
        "a",
        "ram,",
        "thou",
        "shalt",
        "prepare",
        "*for",
        "a",
        "meat",
        "offering",
        "two",
        "tenth",
        "deals",
        "of",
        "flour",
        "mingled",
        "with",
        "the",
        "third",
        "*part",
        "of",
        "an",
        "hin",
        "of",
        "oil."
      ],
      "header": "",
      "footer": ""
    },
    {
      "book_name": "Numbers",
      "chapter": 15,
      "verse": 7,
      "text": [
        "And",
        "for",
        "a",
        "drink",
        "offering",
        "thou",
        "shalt",
        "offer",
        "the",
        "third",
        "*part",
        "of",
        "an",
        "hin",
        "of",
        "wine,",
        "*for",
        "a",
        "sweet",
        "savour",
        "unto",
        "the",
        "Lᴏʀᴅ."
      ],
      "header": "",
      "footer": ""
    },
    {
      "book_name": "Numbers",
      "chapter": 15,
      "verse": 8,
      "text": [
        "And",
        "when",
        "thou",
        "preparest",
        "a",
        "bullock",
        "*for",
        "a",
        "burnt",
        "offering,",
        "or",
        "*for",
        "a",
        "sacrifice",
        "in",
        "performing",
        "a",
        "vow,",
        "or",
        "peace",
        "offerings",
        "unto",
        "the",
        "Lᴏʀᴅ:"
      ],
      "header": "",
      "footer": ""
    },
    {
      "book_name": "Numbers",
      "chapter": 15,
      "verse": 9,
      "text": [
        "Then",
        "shall",
        "he",
        "bring",
        "with",
        "a",
        "bullock",
        "a",
        "meat",
        "offering",
        "of",
        "three",
        "tenth",
        "deals",
        "of",
        "flour",
        "mingled",
        "with",
        "half",
        "an",
        "hin",
        "of",
        "oil."
      ],
      "header": "",
      "footer": ""
    },
    {
      "book_name": "Numbers",
      "chapter": 15,
      "verse": 10,
      "text": [
        "And",
        "thou",
        "shalt",
        "bring",
        "for",
        "a",
        "drink",
        "offering",
        "half",
        "an",
        "hin",
        "of",
        "wine,",
        "*for",
        "an",
        "offering",
        "made",
        "by",
        "fire,",
        "of",
        "a",
        "sweet",
        "savour",
        "unto",
        "the",
        "Lᴏʀᴅ."
      ],
      "header": "",
      "footer": ""
    },
    {
      "book_name": "Numbers",
      "chapter": 15,
      "verse": 11,
      "text": [
        "Thus",
        "shall",
        "it",
        "be",
        "done",
        "for",
        "one",
        "bullock,",
        "or",
        "for",
        "one",
        "ram,",
        "or",
        "for",
        "a",
        "lamb,",
        "or",
        "a",
        "kid."
      ],
      "header": "",
      "footer": ""
    },
    {
      "book_name": "Numbers",
      "chapter": 15,
      "verse": 12,
      "text": [
        "According",
        "to",
        "the",
        "number",
        "that",
        "ye",
        "shall",
        "prepare,",
        "so",
        "shall",
        "ye",
        "do",
        "to",
        "every",
        "one",
        "according",
        "to",
        "their",
        "number."
      ],
      "header": "",
      "footer": ""
    },
    {
      "book_name": "Numbers",
      "chapter": 15,
      "verse": 13,
      "text": [
        "All",
        "that",
        "are",
        "born",
        "of",
        "the",
        "country",
        "shall",
        "do",
        "these",
        "things",
        "after",
        "this",
        "manner,",
        "in",
        "offering",
        "an",
        "offering",
        "made",
        "by",
        "fire,",
        "of",
        "a",
        "sweet",
        "savour",
        "unto",
        "the",
        "Lᴏʀᴅ."
      ],
      "header": "",
      "footer": ""
    },
    {
      "book_name": "Numbers",
      "chapter": 15,
      "verse": 14,
      "text": [
        "And",
        "if",
        "a",
        "stranger",
        "sojourn",
        "with",
        "you,",
        "or",
        "whosoever",
        "*be",
        "among",
        "you",
        "in",
        "your",
        "generations,",
        "and",
        "will",
        "offer",
        "an",
        "offering",
        "made",
        "by",
        "fire,",
        "of",
        "a",
        "sweet",
        "savour",
        "unto",
        "the",
        "Lᴏʀᴅ;",
        "as",
        "ye",
        "do,",
        "so",
        "he",
        "shall",
        "do."
      ],
      "header": "",
      "footer": ""
    },
    {
      "book_name": "Numbers",
      "chapter": 15,
      "verse": 15,
      "text": [
        "One",
        "ordinance",
        "*shall",
        "*be",
        "*both",
        "for",
        "you",
        "of",
        "the",
        "congregation,",
        "and",
        "also",
        "for",
        "the",
        "stranger",
        "that",
        "sojourneth",
        "*with",
        "*you,",
        "an",
        "ordinance",
        "for",
        "ever",
        "in",
        "your",
        "generations:",
        "as",
        "ye",
        "*are,",
        "so",
        "shall",
        "the",
        "stranger",
        "be",
        "before",
        "the",
        "Lᴏʀᴅ."
      ],
      "header": "",
      "footer": ""
    },
    {
      "book_name": "Numbers",
      "chapter": 15,
      "verse": 16,
      "text": [
        "One",
        "law",
        "and",
        "one",
        "manner",
        "shall",
        "be",
        "for",
        "you,",
        "and",
        "for",
        "the",
        "stranger",
        "that",
        "sojourneth",
        "with",
        "you."
      ],
      "header": "",
      "footer": ""
    },
    {
      "book_name": "Numbers",
      "chapter": 15,
      "verse": 17,
      "text": [
        "¶",
        "And",
        "the",
        "Lᴏʀᴅ",
        "spake",
        "unto",
        "Moses,",
        "saying,"
      ],
      "header": "",
      "footer": ""
    },
    {
      "book_name": "Numbers",
      "chapter": 15,
      "verse": 18,
      "text": [
        "Speak",
        "unto",
        "the",
        "children",
        "of",
        "Israel,",
        "and",
        "say",
        "unto",
        "them,",
        "When",
        "ye",
        "come",
        "into",
        "the",
        "land",
        "whither",
        "I",
        "bring",
        "you,"
      ],
      "header": "",
      "footer": ""
    },
    {
      "book_name": "Numbers",
      "chapter": 15,
      "verse": 19,
      "text": [
        "Then",
        "it",
        "shall",
        "be,",
        "that,",
        "when",
        "ye",
        "eat",
        "of",
        "the",
        "bread",
        "of",
        "the",
        "land,",
        "ye",
        "shall",
        "offer",
        "up",
        "an",
        "heave",
        "offering",
        "unto",
        "the",
        "Lᴏʀᴅ."
      ],
      "header": "",
      "footer": ""
    },
    {
      "book_name": "Numbers",
      "chapter": 15,
      "verse": 20,
      "text": [
        "Ye",
        "shall",
        "offer",
        "up",
        "a",
        "cake",
        "of",
        "the",
        "first",
        "of",
        "your",
        "dough",
        "*for",
        "an",
        "heave",
        "offering:",
        "as",
        "*ye",
        "*do",
        "the",
        "heave",
        "offering",
        "of",
        "the",
        "threshingfloor,",
        "so",
        "shall",
        "ye",
        "heave",
        "it."
      ],
      "header": "",
      "footer": ""
    },
    {
      "book_name": "Numbers",
      "chapter": 15,
      "verse": 21,
      "text": [
        "Of",
        "the",
        "first",
        "of",
        "your",
        "dough",
        "ye",
        "shall",
        "give",
        "unto",
        "the",
        "Lᴏʀᴅ",
        "an",
        "heave",
        "offering",
        "in",
        "your",
        "generations."
      ],
      "header": "",
      "footer": ""
    },
    {
      "book_name": "Numbers",
      "chapter": 15,
      "verse": 22,
      "text": [
        "¶",
        "And",
        "if",
        "ye",
        "have",
        "erred,",
        "and",
        "not",
        "observed",
        "all",
        "these",
        "commandments,",
        "which",
        "the",
        "Lᴏʀᴅ",
        "hath",
        "spoken",
        "unto",
        "Moses,"
      ],
      "header": "",
      "footer": ""
    },
    {
      "book_name": "Numbers",
      "chapter": 15,
      "verse": 23,
      "text": [
        "*Even",
        "all",
        "that",
        "the",
        "Lᴏʀᴅ",
        "hath",
        "commanded",
        "you",
        "by",
        "the",
        "hand",
        "of",
        "Moses,",
        "from",
        "the",
        "day",
        "that",
        "the",
        "Lᴏʀᴅ",
        "commanded",
        "*Moses,",
        "and",
        "henceforward",
        "among",
        "your",
        "generations;"
      ],
      "header": "",
      "footer": ""
    },
    {
      "book_name": "Numbers",
      "chapter": 15,
      "verse": 24,
      "text": [
        "Then",
        "it",
        "shall",
        "be,",
        "if",
        "*ought",
        "be",
        "committed",
        "by",
        "ignorance",
        "without",
        "the",
        "knowledge",
        "of",
        "the",
        "congregation,",
        "that",
        "all",
        "the",
        "congregation",
        "shall",
        "offer",
        "one",
        "young",
        "bullock",
        "for",
        "a",
        "burnt",
        "offering,",
        "for",
        "a",
        "sweet",
        "savour",
        "unto",
        "the",
        "Lᴏʀᴅ,",
        "with",
        "his",
        "meat",
        "offering,",
        "and",
        "his",
        "drink",
        "offering,",
        "according",
        "to",
        "the",
        "manner,",
        "and",
        "one",
        "kid",
        "of",
        "the",
        "goats",
        "for",
        "a",
        "sin",
        "offering."
      ],
      "header": "",
      "footer": ""
    },
    {
      "book_name": "Numbers",
      "chapter": 15,
      "verse": 25,
      "text": [
        "And",
        "the",
        "priest",
        "shall",
        "make",
        "an",
        "atonement",
        "for",
        "all",
        "the",
        "congregation",
        "of",
        "the",
        "children",
        "of",
        "Israel,",
        "and",
        "it",
        "shall",
        "be",
        "forgiven",
        "them;",
        "for",
        "it",
        "*is",
        "ignorance:",
        "and",
        "they",
        "shall",
        "bring",
        "their",
        "offering,",
        "a",
        "sacrifice",
        "made",
        "by",
        "fire",
        "unto",
        "the",
        "Lᴏʀᴅ,",
        "and",
        "their",
        "sin",
        "offering",
        "before",
        "the",
        "Lᴏʀᴅ,",
        "for",
        "their",
        "ignorance:"
      ],
      "header": "",
      "footer": ""
    },
    {
      "book_name": "Numbers",
      "chapter": 15,
      "verse": 26,
      "text": [
        "And",
        "it",
        "shall",
        "be",
        "forgiven",
        "all",
        "the",
        "congregation",
        "of",
        "the",
        "children",
        "of",
        "Israel,",
        "and",
        "the",
        "stranger",
        "that",
        "sojourneth",
        "among",
        "them;",
        "seeing",
        "all",
        "the",
        "people",
        "*were",
        "in",
        "ignorance."
      ],
      "header": "",
      "footer": ""
    },
    {
      "book_name": "Numbers",
      "chapter": 15,
      "verse": 27,
      "text": [
        "¶",
        "And",
        "if",
        "any",
        "soul",
        "sin",
        "through",
        "ignorance,",
        "then",
        "he",
        "shall",
        "bring",
        "a",
        "she",
        "goat",
        "of",
        "the",
        "first",
        "year",
        "for",
        "a",
        "sin",
        "offering."
      ],
      "header": "",
      "footer": ""
    },
    {
      "book_name": "Numbers",
      "chapter": 15,
      "verse": 28,
      "text": [
        "And",
        "the",
        "priest",
        "shall",
        "make",
        "an",
        "atonement",
        "for",
        "the",
        "soul",
        "that",
        "sinneth",
        "ignorantly,",
        "when",
        "he",
        "sinneth",
        "by",
        "ignorance",
        "before",
        "the",
        "Lᴏʀᴅ,",
        "to",
        "make",
        "an",
        "atonement",
        "for",
        "him;",
        "and",
        "it",
        "shall",
        "be",
        "forgiven",
        "him."
      ],
      "header": "",
      "footer": ""
    },
    {
      "book_name": "Numbers",
      "chapter": 15,
      "verse": 29,
      "text": [
        "Ye",
        "shall",
        "have",
        "one",
        "law",
        "for",
        "him",
        "that",
        "sinneth",
        "through",
        "ignorance,",
        "*both",
        "*for",
        "him",
        "that",
        "is",
        "born",
        "among",
        "the",
        "children",
        "of",
        "Israel,",
        "and",
        "for",
        "the",
        "stranger",
        "that",
        "sojourneth",
        "among",
        "them."
      ],
      "header": "",
      "footer": ""
    },
    {
      "book_name": "Numbers",
      "chapter": 15,
      "verse": 30,
      "text": [
        "¶",
        "But",
        "the",
        "soul",
        "that",
        "doeth",
        "*ought",
        "presumptuously,",
        "*whether",
        "*he",
        "*be",
        "born",
        "in",
        "the",
        "land,",
        "or",
        "a",
        "stranger,",
        "the",
        "same",
        "reproacheth",
        "the",
        "Lᴏʀᴅ;",
        "and",
        "that",
        "soul",
        "shall",
        "be",
        "cut",
        "off",
        "from",
        "among",
        "his",
        "people."
      ],
      "header": "",
      "footer": ""
    },
    {
      "book_name": "Numbers",
      "chapter": 15,
      "verse": 31,
      "text": [
        "Because",
        "he",
        "hath",
        "despised",
        "the",
        "word",
        "of",
        "the",
        "Lᴏʀᴅ,",
        "and",
        "hath",
        "broken",
        "his",
        "commandment,",
        "that",
        "soul",
        "shall",
        "utterly",
        "be",
        "cut",
        "off;",
        "his",
        "iniquity",
        "*shall",
        "*be",
        "upon",
        "him."
      ],
      "header": "",
      "footer": ""
    },
    {
      "book_name": "Numbers",
      "chapter": 15,
      "verse": 32,
      "text": [
        "¶",
        "And",
        "while",
        "the",
        "children",
        "of",
        "Israel",
        "were",
        "in",
        "the",
        "wilderness,",
        "they",
        "found",
        "a",
        "man",
        "that",
        "gathered",
        "sticks",
        "upon",
        "the",
        "sabbath",
        "day."
      ],
      "header": "",
      "footer": ""
    },
    {
      "book_name": "Numbers",
      "chapter": 15,
      "verse": 33,
      "text": [
        "And",
        "they",
        "that",
        "found",
        "him",
        "gathering",
        "sticks",
        "brought",
        "him",
        "unto",
        "Moses",
        "and",
        "Aaron,",
        "and",
        "unto",
        "all",
        "the",
        "congregation."
      ],
      "header": "",
      "footer": ""
    },
    {
      "book_name": "Numbers",
      "chapter": 15,
      "verse": 34,
      "text": [
        "And",
        "they",
        "put",
        "him",
        "in",
        "ward,",
        "because",
        "it",
        "was",
        "not",
        "declared",
        "what",
        "should",
        "be",
        "done",
        "to",
        "him."
      ],
      "header": "",
      "footer": ""
    },
    {
      "book_name": "Numbers",
      "chapter": 15,
      "verse": 35,
      "text": [
        "And",
        "the",
        "Lᴏʀᴅ",
        "said",
        "unto",
        "Moses,",
        "The",
        "man",
        "shall",
        "be",
        "surely",
        "put",
        "to",
        "death:",
        "all",
        "the",
        "congregation",
        "shall",
        "stone",
        "him",
        "with",
        "stones",
        "without",
        "the",
        "camp."
      ],
      "header": "",
      "footer": ""
    },
    {
      "book_name": "Numbers",
      "chapter": 15,
      "verse": 36,
      "text": [
        "And",
        "all",
        "the",
        "congregation",
        "brought",
        "him",
        "without",
        "the",
        "camp,",
        "and",
        "stoned",
        "him",
        "with",
        "stones,",
        "and",
        "he",
        "died;",
        "as",
        "the",
        "Lᴏʀᴅ",
        "commanded",
        "Moses."
      ],
      "header": "",
      "footer": ""
    },
    {
      "book_name": "Numbers",
      "chapter": 15,
      "verse": 37,
      "text": [
        "¶",
        "And",
        "the",
        "Lᴏʀᴅ",
        "spake",
        "unto",
        "Moses,",
        "saying,"
      ],
      "header": "",
      "footer": ""
    },
    {
      "book_name": "Numbers",
      "chapter": 15,
      "verse": 38,
      "text": [
        "Speak",
        "unto",
        "the",
        "children",
        "of",
        "Israel,",
        "and",
        "bid",
        "them",
        "that",
        "they",
        "make",
        "them",
        "fringes",
        "in",
        "the",
        "borders",
        "of",
        "their",
        "garments",
        "throughout",
        "their",
        "generations,",
        "and",
        "that",
        "they",
        "put",
        "upon",
        "the",
        "fringe",
        "of",
        "the",
        "borders",
        "a",
        "ribband",
        "of",
        "blue:"
      ],
      "header": "",
      "footer": ""
    },
    {
      "book_name": "Numbers",
      "chapter": 15,
      "verse": 39,
      "text": [
        "And",
        "it",
        "shall",
        "be",
        "unto",
        "you",
        "for",
        "a",
        "fringe,",
        "that",
        "ye",
        "may",
        "look",
        "upon",
        "it,",
        "and",
        "remember",
        "all",
        "the",
        "commandments",
        "of",
        "the",
        "Lᴏʀᴅ,",
        "and",
        "do",
        "them;",
        "and",
        "that",
        "ye",
        "seek",
        "not",
        "after",
        "your",
        "own",
        "heart",
        "and",
        "your",
        "own",
        "eyes,",
        "after",
        "which",
        "ye",
        "use",
        "to",
        "go",
        "a",
        "whoring:"
      ],
      "header": "",
      "footer": ""
    },
    {
      "book_name": "Numbers",
      "chapter": 15,
      "verse": 40,
      "text": [
        "That",
        "ye",
        "may",
        "remember,",
        "and",
        "do",
        "all",
        "my",
        "commandments,",
        "and",
        "be",
        "holy",
        "unto",
        "your",
        "God."
      ],
      "header": "",
      "footer": ""
    },
    {
      "book_name": "Numbers",
      "chapter": 15,
      "verse": 41,
      "text": [
        "I",
        "*am",
        "the",
        "Lᴏʀᴅ",
        "your",
        "God,",
        "which",
        "brought",
        "you",
        "out",
        "of",
        "the",
        "land",
        "of",
        "Egypt,",
        "to",
        "be",
        "your",
        "God:",
        "I",
        "*am",
        "the",
        "Lᴏʀᴅ",
        "your",
        "God."
      ],
      "header": "",
      "footer": ""
    }
  ]
}