{
  "book_name": "Numbers",
  "chapter": 27,
  "verses": [
    {
      "book_name": "Numbers",
      "chapter": 27,
      "verse": 1,
      "text": [
        "Then",
        "came",
        "the",
        "daughters",
        "of",
        "Zelophehad,",
        "the",
        "son",
        "of",
        "Hepher,",
        "the",
        "son",
        "of",
        "Gilead,",
        "the",
        "son",
        "of",
        "Machir,",
        "the",
        "son",
        "of",
        "Manasseh,",
        "of",
        "the",
        "families",
        "of",
        "Manasseh",
        "the",
        "son",
        "of",
        "Joseph:",
        "and",
        "these",
        "*are",
        "the",
        "names",
        "of",
        "his",
        "daughters;",
        "Mahlah,",
        "Noah,",
        "and",
        "Hoglah,",
        "and",
        "Milcah,",
        "and",
        "Tirzah."
      ],
      "header": "",
      "footer": ""
    },
    {
      "book_name": "Numbers",
      "chapter": 27,
      "verse": 2,
      "text": [
        "And",
        "they",
        "stood",
        "before",
        "Moses,",
        "and",
        "before",
        "Eleazar",
        "the",
        "priest,",
        "and",
        "before",
        "the",
        "princes",
        "and",
        "all",
        "the",
        "congregation,",
        "*by",
        "the",
        "door",
        "of",
        "the",
        "tabernacle",
        "of",
        "the",
        "congregation,",
        "saying,"
      ],
      "header": "",
      "footer": ""
    },
    {
      "book_name": "Numbers",
      "chapter": 27,
      "verse": 3,
      "text": [
        "Our",
        "father",
        "died",
        "in",
        "the",
        "wilderness,",
        "and",
        "he",
        "was",
        "not",
        "in",
        "the",
        "company",
        "of",
        "them",
        "that",
        "gathered",
        "themselves",
        "together",
        "against",
        "the",
        "Lᴏʀᴅ",
        "in",
        "the",
        "company",
        "of",
        "Korah;",
        "but",
        "died",
        "in",
        "his",
        "own",
        "sin,",
        "and",
        "had",
        "no",
        "sons."
      ],
      "header": "",
      "footer": ""
    },
    {
      "book_name": "Numbers",
      "chapter": 27,
      "verse": 4,
      "text": [
        "Why",
        "should",
        "the",
        "name",
        "of",
        "our",
        "father",
        "be",
        "done",
        "away",
        "from",
        "among",
        "his",
        "family,",
        "because",
        "he",
        "hath",
        "no",
        "son?",
        "Give",
        "unto",
        "us",
        "*therefore",
        "a",
        "possession",
        "among",
        "the",
        "brethren",
        "of",
        "our",
        "father."
      ],
      "header": "",
      "footer": ""
    },
    {
      "book_name": "Numbers",
      "chapter": 27,
      "verse": 5,
      "text": [
        "And",
        "Moses",
        "brought",
        "their",
        "cause",
        "before",
        "the",
        "Lᴏʀᴅ."
      ],
      "header": "",
      "footer": ""
    },
    {
      "book_name": "Numbers",
      "chapter": 27,
      "verse": 6,
      "text": [
        "¶",
        "And",
        "the",
        "Lᴏʀᴅ",
        "spake",
        "unto",
        "Moses,",
        "saying,"
      ],
      "header": "",
      "footer": ""
    },
    {
      "book_name": "Numbers",
      "chapter": 27,
      "verse": 7,
      "text": [
        "The",
        "daughters",
        "of",
        "Zelophehad",
        "speak",
        "right:",
        "thou",
        "shalt",
        "surely",
        "give",
        "them",
        "a",
        "possession",
        "of",
        "an",
        "inheritance",
        "among",
        "their",
        "father's",
        "brethren;",
        "and",
        "thou",
        "shalt",
        "cause",
        "the",
        "inheritance",
        "of",
        "their",
        "father",
        "to",
        "pass",
        "unto",
        "them."
      ],
      "header": "",
      "footer": ""
    },
    {
      "book_name": "Numbers",
      "chapter": 27,
      "verse": 8,
      "text": [
        "And",
        "thou",
        "shalt",
        "speak",
        "unto",
        "the",
        "children",
        "of",
        "Israel,",
        "saying,",
        "If",
        "a",
        "man",
        "die,",
        "and",
        "have",
        "no",
        "son,",
        "then",
        "ye",
        "shall",
        "cause",
        "his",
        "inheritance",
        "to",
        "pass",
        "unto",
        "his",
        "daughter."
      ],
      "header": "",
      "footer": ""
    },
    {
      "book_name": "Numbers",
      "chapter": 27,
      "verse": 9,
      "text": [
        "And",
        "if",
        "he",
        "have",
        "no",
        "daughter,",
        "then",
        "ye",
        "shall",
        "give",
        "his",
        "inheritance",
        "unto",
        "his",
        "brethren."
      ],
      "header": "",
      "footer": ""
    },
    {
      "book_name": "Numbers",
      "chapter": 27,
      "verse": 10,
      "text": [
        "And",
        "if",
        "he",
        "have",
        "no",
        "brethren,",
        "then",
        "ye",
        "shall",
        "give",
        "his",
        "inheritance",
        "unto",
        "his",
        "father's",
        "brethren."
      ],
      "header": "",
      "footer": ""
    },
    {
      "book_name": "Numbers",
      "chapter": 27,
      "verse": 11,
      "text": [
        "And",
        "if",
        "his",
        "father",
        "have",
        "no",
        "brethren,",
        "then",
        "ye",
        "shall",
        "give",
        "his",
        "inheritance",
        "unto",
        "his",
        "kinsman",
        "that",
        "is",
        "next",
        "to",
        "him",
        "of",
        "his",
        "family,",
        "and",
        "he",
        "shall",
        "possess",
        "it:",
        "and",
        "it",
        "shall",
        "be",
        "unto",
        "the",
        "children",
        "of",
        "Israel",
        "a",
        "statute",
        "of",
        "judgment,",
        "as",
        "the",
        "Lᴏʀᴅ",
        "commanded",
        "Moses."
      ],
      "header": "",
      "footer": ""
    },
    {
      "book_name": "Numbers",
      "chapter": 27,
      "verse": 12,
      "text": [
        "¶",
        "And",
        "the",
        "Lᴏʀᴅ",
        "said",
        "unto",
        "Moses,",
        "Get",
        "thee",
        "up",
        "into",
        "this",
        "mount",
        "Abarim,",
        "and",
        "see",
        "the",
        "land",
        "which",
        "I",
        "have",
        "given",
        "unto",
        "the",
        "children",
        "of",
        "Israel."
      ],
      "header": "",
      "footer": ""
    },
    {
      "book_name": "Numbers",
      "chapter": 27,
      "verse": 13,
      "text": [
        "And",
        "when",
        "thou",
        "hast",
        "seen",
        "it,",
        "thou",
        "also",
        "shalt",
        "be",
        "gathered",
        "unto",
        "thy",
        "people,",
        "as",
        "Aaron",
        "thy",
        "brother",
        "was",
        "gathered."
      ],
      "header": "",
      "footer": ""
    },
    {
      "book_name": "Numbers",
      "chapter": 27,
      "verse": 14,
      "text": [
        "For",
        "ye",
        "rebelled",
        "against",
        "my",
        "commandment",
        "in",
        "the",
        "desert",
        "of",
        "Zin,",
        "in",
        "the",
        "strife",
        "of",
        "the",
        "congregation,",
        "to",
        "sanctify",
        "me",
        "at",
        "the",
        "water",
        "before",
        "their",
        "eyes:",
        "that",
        "*is",
        "the",
        "water",
        "of",
        "Meribah",
        "in",
        "Kadesh",
        "in",
        "the",
        "wilderness",
        "of",
        "Zin."
      ],
      "header": "",
      "footer": ""
    },
    {
      "book_name": "Numbers",
      "chapter": 27,
      "verse": 15,
      "text": [
        "¶",
        "And",
        "Moses",
        "spake",
        "unto",
        "the",
        "Lᴏʀᴅ,",
        "saying,"
      ],
      "header": "",
      "footer": ""
    },
    {
      "book_name": "Numbers",
      "chapter": 27,
      "verse": 16,
      "text": [
        "Let",
        "the",
        "Lᴏʀᴅ,",
        "the",
        "God",
        "of",
        "the",
        "spirits",
        "of",
        "all",
        "flesh,",
        "set",
        "a",
        "man",
        "over",
        "the",
        "congregation,"
      ],
      "header": "",
      "footer": ""
    },
    {
      "book_name": "Numbers",
      "chapter": 27,
      "verse": 17,
      "text": [
        "Which",
        "may",
        "go",
        "out",
        "before",
        "them,",
        "and",
        "which",
        "may",
        "go",
        "in",
        "before",
        "them,",
        "and",
        "which",
        "may",
        "lead",
        "them",
        "out,",
        "and",
        "which",
        "may",
        "bring",
        "them",
        "in;",
        "that",
        "the",
        "congregation",
        "of",
        "the",
        "Lᴏʀᴅ",
        "be",
        "not",
        "as",
        "sheep",
        "which",
        "have",
        "no",
        "shepherd."
      ],
      "header": "",
      "footer": ""
    },
    {
      "book_name": "Numbers",
      "chapter": 27,
      "verse": 18,
      "text": [
        "¶",
        "And",
        "the",
        "Lᴏʀᴅ",
        "said",
        "unto",
        "Moses,",
        "Take",
        "thee",
        "Joshua",
        "the",
        "son",
        "of",
        "Nun,",
        "a",
        "man",
        "in",
        "whom",
        "*is",
        "the",
        "spirit,",
        "and",
        "lay",
        "thine",
        "hand",
        "upon",
        "him;"
      ],
      "header": "",
      "footer": ""
    },
    {
      "book_name": "Numbers",
      "chapter": 27,
      "verse": 19,
      "text": [
        "And",
        "set",
        "him",
        "before",
        "Eleazar",
        "the",
        "priest,",
        "and",
        "before",
        "all",
        "the",
        "congregation;",
        "and",
        "give",
        "him",
        "a",
        "charge",
        "in",
        "their",
        "sight."
      ],
      "header": "",
      "footer": ""
    },
    {
      "book_name": "Numbers",
      "chapter": 27,
      "verse": 20,
      "text": [
        "And",
        "thou",
        "shalt",
        "put",
        "*some",
        "of",
        "thine",
        "honour",
        "upon",
        "him,",
        "that",
        "all",
        "the",
        "congregation",
        "of",
        "the",
        "children",
        "of",
        "Israel",
        "may",
        "be",
        "obedient."
      ],
      "header": "",
      "footer": ""
    },
    {
      "book_name": "Numbers",
      "chapter": 27,
      "verse": 21,
      "text": [
        "And",
        "he",
        "shall",
        "stand",
        "before",
        "Eleazar",
        "the",
        "priest,",
        "who",
        "shall",
        "ask",
        "*counsel",
        "for",
        "him",
        "after",
        "the",
        "judgment",
        "of",
        "Urim",
        "before",
        "the",
        "Lᴏʀᴅ:",
        "at",
        "his",
        "word",
        "shall",
        "they",
        "go",
        "out,",
        "and",
        "at",
        "his",
        "word",
        "they",
        "shall",
        "come",
        "in,",
        "*both",
        "he,",
        "and",
        "all",
        "the",
        "children",
        "of",
        "Israel",
        "with",
        "him,",
        "even",
        "all",
        "the",
        "congregation."
      ],
      "header": "",
      "footer": ""
    },
    {
      "book_name": "Numbers",
      "chapter": 27,
      "verse": 22,
      "text": [
        "And",
        "Moses",
        "did",
        "as",
        "the",
        "Lᴏʀᴅ",
        "commanded",
        "him:",
        "and",
        "he",
        "took",
        "Joshua,",
        "and",
        "set",
        "him",
        "before",
        "Eleazar",
        "the",
        "priest,",
        "and",
        "before",
        "all",
        "the",
        "congregation:"
      ],
      "header": "",
      "footer": ""
    },
    {
      "book_name": "Numbers",
      "chapter": 27,
      "verse": 23,
      "text": [
        "And",
        "he",
        "laid",
        "his",
        "hands",
        "upon",
        "him,",
        "and",
        "gave",
        "him",
        "a",
        "charge,",
        "as",
        "the",
        "Lᴏʀᴅ",
        "commanded",
        "by",
        "the",
        "hand",
        "of",
        "Moses."
      ],
      "header": "",
      "footer": ""
    }
  ]
}