{
  "book_name": "Numbers",
  "chapter": 32,
  "verses": [
    {
      "book_name": "Numbers",
      "chapter": 32,
      "verse": 1,
      "text": [
        "Now",
        "the",
        "children",
        "of",
        "Reuben",
        "and",
        "the",
        "children",
        "of",
        "Gad",
        "had",
        "a",
        "very",
        "great",
        "multitude",
        "of",
        "cattle:",
        "and",
        "when",
        "they",
        "saw",
        "the",
        "land",
        "of",
        "Jazer,",
        "and",
        "the",
        "land",
        "of",
        "Gilead,",
        "that,",
        "behold,",
        "the",
        "place",
        "*was",
        "a",
        "place",
        "for",
        "cattle;"
      ],
      "header": "",
      "footer": ""
    },
    {
      "book_name": "Numbers",
      "chapter": 32,
      "verse": 2,
      "text": [
        "The",
        "children",
        "of",
        "Gad",
        "and",
        "the",
        "children",
        "of",
        "Reuben",
        "came",
        "and",
        "spake",
        "unto",
        "Moses,",
        "and",
        "to",
        "Eleazar",
        "the",
        "priest,",
        "and",
        "unto",
        "the",
        "princes",
        "of",
        "the",
        "congregation,",
        "saying,"
      ],
      "header": "",
      "footer": ""
    },
    {
      "book_name": "Numbers",
      "chapter": 32,
      "verse": 3,
      "text": [
        "Ataroth,",
        "and",
        "Dibon,",
        "and",
        "Jazer,",
        "and",
        "Nimrah,",
        "and",
        "Heshbon,",
        "and",
        "Elealeh,",
        "and",
        "Shebam,",
        "and",
        "Nebo,",
        "and",
        "Beon,"
      ],
      "header": "",
      "footer": ""
    },
    {
      "book_name": "Numbers",
      "chapter": 32,
      "verse": 4,
      "text": [
        "*Even",
        "the",
        "country",
        "which",
        "the",
        "Lᴏʀᴅ",
        "smote",
        "before",
        "the",
        "congregation",
        "of",
        "Israel,",
        "*is",
        "a",
        "land",
        "for",
        "cattle,",
        "and",
        "thy",
        "servants",
        "have",
        "cattle:"
      ],
      "header": "",
      "footer": ""
    },
    {
      "book_name": "Numbers",
      "chapter": 32,
      "verse": 5,
      "text": [
        "Wherefore,",
        "said",
        "they,",
        "if",
        "we",
        "have",
        "found",
        "grace",
        "in",
        "thy",
        "sight,",
        "let",
        "this",
        "land",
        "be",
        "given",
        "unto",
        "thy",
        "servants",
        "for",
        "a",
        "possession,",
        "*and",
        "bring",
        "us",
        "not",
        "over",
        "Jordan."
      ],
      "header": "",
      "footer": ""
    },
    {
      "book_name": "Numbers",
      "chapter": 32,
      "verse": 6,
      "text": [
        "¶",
        "And",
        "Moses",
        "said",
        "unto",
        "the",
        "children",
        "of",
        "Gad",
        "and",
        "to",
        "the",
        "children",
        "of",
        "Reuben,",
        "Shall",
        "your",
        "brethren",
        "go",
        "to",
        "war,",
        "and",
        "shall",
        "ye",
        "sit",
        "here?"
      ],
      "header": "",
      "footer": ""
    },
    {
      "book_name": "Numbers",
      "chapter": 32,
      "verse": 7,
      "text": [
        "And",
        "wherefore",
        "discourage",
        "ye",
        "the",
        "heart",
        "of",
        "the",
        "children",
        "of",
        "Israel",
        "from",
        "going",
        "over",
        "into",
        "the",
        "land",
        "which",
        "the",
        "Lᴏʀᴅ",
        "hath",
        "given",
        "them?"
      ],
      "header": "",
      "footer": ""
    },
    {
      "book_name": "Numbers",
      "chapter": 32,
      "verse": 8,
      "text": [
        "Thus",
        "did",
        "your",
        "fathers,",
        "when",
        "I",
        "sent",
        "them",
        "from",
        "Kadeshbarnea",
        "to",
        "see",
        "the",
        "land."
      ],
      "header": "",
      "footer": ""
    },
    {
      "book_name": "Numbers",
      "chapter": 32,
      "verse": 9,
      "text": [
        "For",
        "when",
        "they",
        "went",
        "up",
        "unto",
        "the",
        "valley",
        "of",
        "Eshcol,",
        "and",
        "saw",
        "the",
        "land,",
        "they",
        "discouraged",
        "the",
        "heart",
        "of",
        "the",
        "children",
        "of",
        "Israel,",
        "that",
        "they",
        "should",
        "not",
        "go",
        "into",
        "the",
        "land",
        "which",
        "the",
        "Lᴏʀᴅ",
        "had",
        "given",
        "them."
      ],
      "header": "",
      "footer": ""
    },
    {
      "book_name": "Numbers",
      "chapter": 32,
      "verse": 10,
      "text": [
        "And",
        "the",
        "Lᴏʀᴅ's",
        "anger",
        "was",
        "kindled",
        "the",
        "same",
        "time,",
        "and",
        "he",
        "sware,",
        "saying,"
      ],
      "header": "",
      "footer": ""
    },
    {
      "book_name": "Numbers",
      "chapter": 32,
      "verse": 11,
      "text": [
        "Surely",
        "none",
        "of",
        "the",
        "men",
        "that",
        "came",
        "up",
        "out",
        "of",
        "Egypt,",
        "from",
        "twenty",
        "years",
        "old",
        "and",
        "upward,",
        "shall",
        "see",
        "the",
        "land",
        "which",
        "I",
        "sware",
        "unto",
        "Abraham,",
        "unto",
        "Isaac,",
        "and",
        "unto",
        "Jacob;",
        "because",
        "they",
        "have",
        "not",
        "wholly",
        "followed",
        "me:"
      ],
      "header": "",
      "footer": ""
    },
    {
      "book_name": "Numbers",
      "chapter": 32,
      "verse": 12,
      "text": [
        "Save",
        "Caleb",
        "the",
        "son",
        "of",
        "Jephunneh",
        "the",
        "Kenezite,",
        "and",
        "Joshua",
        "the",
        "son",
        "of",
        "Nun:",
        "for",
        "they",
        "have",
        "wholly",
        "followed",
        "the",
        "Lᴏʀᴅ."
      ],
      "header": "",
      "footer": ""
    },
    {
      "book_name": "Numbers",
      "chapter": 32,
      "verse": 13,
      "text": [
        "And",
        "the",
        "Lᴏʀᴅ's",
        "anger",
        "was",
        "kindled",
        "against",
        "Israel,",
        "and",
        "he",
        "made",
        "them",
        "wander",
        "in",
        "the",
        "wilderness",
        "forty",
        "years,",
        "until",
        "all",
        "the",
        "generation,",
        "that",
        "had",
        "done",
        "evil",
        "in",
        "the",
        "sight",
        "of",
        "the",
        "Lᴏʀᴅ,",
        "was",
        "consumed."
      ],
      "header": "",
      "footer": ""
    },
    {
      "book_name": "Numbers",
      "chapter": 32,
      "verse": 14,
      "text": [
        "And,",
        "behold,",
        "ye",
        "are",
        "risen",
        "up",
        "in",
        "your",
        "fathers'",
        "stead,",
        "an",
        "increase",
        "of",
        "sinful",
        "men,",
        "to",
        "augment",
        "yet",
        "the",
        "fierce",
        "anger",
        "of",
        "the",
        "Lᴏʀᴅ",
        "toward",
        "Israel."
      ],
      "header": "",
      "footer": ""
    },
    {
      "book_name": "Numbers",
      "chapter": 32,
      "verse": 15,
      "text": [
        "For",
        "if",
        "ye",
        "turn",
        "away",
        "from",
        "after",
        "him,",
        "he",
        "will",
        "yet",
        "again",
        "leave",
        "them",
        "in",
        "the",
        "wilderness;",
        "and",
        "ye",
        "shall",
        "destroy",
        "all",
        "this",
        "people."
      ],
      "header": "",
      "footer": ""
    },
    {
      "book_name": "Numbers",
      "chapter": 32,
      "verse": 16,
      "text": [
        "¶",
        "And",
        "they",
        "came",
        "near",
        "unto",
        "him,",
        "and",
        "said,",
        "We",
        "will",
        "build",
        "sheepfolds",
        "here",
        "for",
        "our",
        "cattle,",
        "and",
        "cities",
        "for",
        "our",
        "little",
        "ones:"
      ],
      "header": "",
      "footer": ""
    },
    {
      "book_name": "Numbers",
      "chapter": 32,
      "verse": 17,
      "text": [
        "But",
        "we",
        "ourselves",
        "will",
        "go",
        "ready",
        "armed",
        "before",
        "the",
        "children",
        "of",
        "Israel,",
        "until",
        "we",
        "have",
        "brought",
        "them",
        "unto",
        "their",
        "place:",
        "and",
        "our",
        "little",
        "ones",
        "shall",
        "dwell",
        "in",
        "the",
        "fenced",
        "cities",
        "because",
        "of",
        "the",
        "inhabitants",
        "of",
        "the",
        "land."
      ],
      "header": "",
      "footer": ""
    },
    {
      "book_name": "Numbers",
      "chapter": 32,
      "verse": 18,
      "text": [
        "We",
        "will",
        "not",
        "return",
        "unto",
        "our",
        "houses,",
        "until",
        "the",
        "children",
        "of",
        "Israel",
        "have",
        "inherited",
        "every",
        "man",
        "his",
        "inheritance."
      ],
      "header": "",
      "footer": ""
    },
    {
      "book_name": "Numbers",
      "chapter": 32,
      "verse": 19,
      "text": [
        "For",
        "we",
        "will",
        "not",
        "inherit",
        "with",
        "them",
        "on",
        "yonder",
        "side",
        "Jordan,",
        "or",
        "forward;",
        "because",
        "our",
        "inheritance",
        "is",
        "fallen",
        "to",
        "us",
        "on",
        "this",
        "side",
        "Jordan",
        "eastward."
      ],
      "header": "",
      "footer": ""
    },
    {
      "book_name": "Numbers",
      "chapter": 32,
      "verse": 20,
      "text": [
        "¶",
        "And",
        "Moses",
        "said",
        "unto",
        "them,",
        "If",
        "ye",
        "will",
        "do",
        "this",
        "thing,",
        "if",
        "ye",
        "will",
        "go",
        "armed",
        "before",
        "the",
        "Lᴏʀᴅ",
        "to",
        "war,"
      ],
      "header": "",
      "footer": ""
    },
    {
      "book_name": "Numbers",
      "chapter": 32,
      "verse": 21,
      "text": [
        "And",
        "will",
        "go",
        "all",
        "of",
        "you",
        "armed",
        "over",
        "Jordan",
        "before",
        "the",
        "Lᴏʀᴅ,",
        "until",
        "he",
        "hath",
        "driven",
        "out",
        "his",
        "enemies",
        "from",
        "before",
        "him,"
      ],
      "header": "",
      "footer": ""
    },
    {
      "book_name": "Numbers",
      "chapter": 32,
      "verse": 22,
      "text": [
        "And",
        "the",
        "land",
        "be",
        "subdued",
        "before",
        "the",
        "Lᴏʀᴅ:",
        "then",
        "afterward",
        "ye",
        "shall",
        "return,",
        "and",
        "be",
        "guiltless",
        "before",
        "the",
        "Lᴏʀᴅ,",
        "and",
        "before",
        "Israel;",
        "and",
        "this",
        "land",
        "shall",
        "be",
        "your",
        "possession",
        "before",
        "the",
        "Lᴏʀᴅ."
      ],
      "header": "",
      "footer": ""
    },
    {
      "book_name": "Numbers",
      "chapter": 32,
      "verse": 23,
      "text": [
        "But",
        "if",
        "ye",
        "will",
        "not",
        "do",
        "so,",
        "behold,",
        "ye",
        "have",
        "sinned",
        "against",
        "the",
        "Lᴏʀᴅ:",
        "and",
        "be",
        "sure",
        "your",
        "sin",
        "will",
        "find",
        "you",
        "out."
      ],
      "header": "",
      "footer": ""
    },
    {
      "book_name": "Numbers",
      "chapter": 32,
      "verse": 24,
      "text": [
        "Build",
        "you",
        "cities",
        "for",
        "your",
        "little",
        "ones,",
        "and",
        "folds",
        "for",
        "your",
        "sheep;",
        "and",
        "do",
        "that",
        "which",
        "hath",
        "proceeded",
        "out",
        "of",
        "your",
        "mouth."
      ],
      "header": "",
      "footer": ""
    },
    {
      "book_name": "Numbers",
      "chapter": 32,
      "verse": 25,
      "text": [
        "And",
        "the",
        "children",
        "of",
        "Gad",
        "and",
        "the",
        "children",
        "of",
        "Reuben",
        "spake",
        "unto",
        "Moses,",
        "saying,",
        "Thy",
        "servants",
        "will",
        "do",
        "as",
        "my",
        "lord",
        "commandeth."
      ],
      "header": "",
      "footer": ""
    },
    {
      "book_name": "Numbers",
      "chapter": 32,
      "verse": 26,
      "text": [
        "Our",
        "little",
        "ones,",
        "our",
        "wives,",
        "our",
        "flocks,",
        "and",
        "all",
        "our",
        "cattle,",
        "shall",
        "be",
        "there",
        "in",
        "the",
        "cities",
        "of",
        "Gilead:"
      ],
      "header": "",
      "footer": ""
    },
    {
      "book_name": "Numbers",
      "chapter": 32,
      "verse": 27,
      "text": [
        "But",
        "thy",
        "servants",
        "will",
        "pass",
        "over,",
        "every",
        "man",
        "armed",
        "for",
        "war,",
        "before",
        "the",
        "Lᴏʀᴅ",
        "to",
        "battle,",
        "as",
        "my",
        "lord",
        "saith."
      ],
      "header": "",
      "footer": ""
    },
    {
      "book_name": "Numbers",
      "chapter": 32,
      "verse": 28,
      "text": [
        "So",
        "concerning",
        "them",
        "Moses",
        "commanded",
        "Eleazar",
        "the",
        "priest,",
        "and",
        "Joshua",
        "the",
        "son",
        "of",
        "Nun,",
        "and",
        "the",
        "chief",
        "fathers",
        "of",
        "the",
        "tribes",
        "of",
        "the",
        "children",
        "of",
        "Israel:"
      ],
      "header": "",
      "footer": ""
    },
    {
      "book_name": "Numbers",
      "chapter": 32,
      "verse": 29,
      "text": [
        "And",
        "Moses",
        "said",
        "unto",
        "them,",
        "If",
        "the",
        "children",
        "of",
        "Gad",
        "and",
        "the",
        "children",
        "of",
        "Reuben",
        "will",
        "pass",
        "with",
        "you",
        "over",
        "Jordan,",
        "every",
        "man",
        "armed",
        "to",
        "battle,",
        "before",
        "the",
        "Lᴏʀᴅ,",
        "and",
        "the",
        "land",
        "shall",
        "be",
        "subdued",
        "before",
        "you;",
        "then",
        "ye",
        "shall",
        "give",
        "them",
        "the",
        "land",
        "of",
        "Gilead",
        "for",
        "a",
        "possession:"
      ],
      "header": "",
      "footer": ""
    },
    {
      "book_name": "Numbers",
      "chapter": 32,
      "verse": 30,
      "text": [
        "But",
        "if",
        "they",
        "will",
        "not",
        "pass",
        "over",
        "with",
        "you",
        "armed,",
        "they",
        "shall",
        "have",
        "possessions",
        "among",
        "you",
        "in",
        "the",
        "land",
        "of",
        "Canaan."
      ],
      "header": "",
      "footer": ""
    },
    {
      "book_name": "Numbers",
      "chapter": 32,
      "verse": 31,
      "text": [
        "And",
        "the",
        "children",
        "of",
        "Gad",
        "and",
        "the",
        "children",
        "of",
        "Reuben",
        "answered,",
        "saying,",
        "As",
        "the",
        "Lᴏʀᴅ",
        "hath",
        "said",
        "unto",
        "thy",
        "servants,",
        "so",
        "will",
        "we",
        "do."
      ],
      "header": "",
      "footer": ""
    },
    {
      "book_name": "Numbers",
      "chapter": 32,
      "verse": 32,
      "text": [
        "We",
        "will",
        "pass",
        "over",
        "armed",
        "before",
        "the",
        "Lᴏʀᴅ",
        "into",
        "the",
        "land",
        "of",
        "Canaan,",
        "that",
        "the",
        "possession",
        "of",
        "our",
        "inheritance",
        "on",
        "this",
        "side",
        "Jordan",
        "*may",
        "*be",
        "ours."
      ],
      "header": "",
      "footer": ""
    },
    {
      "book_name": "Numbers",
      "chapter": 32,
      "verse": 33,
      "text": [
        "And",
        "Moses",
        "gave",
        "unto",
        "them,",
        "*even",
        "to",
        "the",
        "children",
        "of",
        "Gad,",
        "and",
        "to",
        "the",
        "children",
        "of",
        "Reuben,",
        "and",
        "unto",
        "half",
        "the",
        "tribe",
        "of",
        "Manasseh",
        "the",
        "son",
        "of",
        "Joseph,",
        "the",
        "kingdom",
        "of",
        "Sihon",
        "king",
        "of",
        "the",
        "Amorites,",
        "and",
        "the",
        "kingdom",
        "of",
        "Og",
        "king",
        "of",
        "Bashan,",
        "the",
        "land,",
        "with",
        "the",
        "cities",
        "thereof",
        "in",
        "the",
        "coasts,",
        "*even",
        "the",
        "cities",
        "of",
        "the",
        "country",
        "round",
        "about."
      ],
      "header": "",
      "footer": ""
    },
    {
      "book_name": "Numbers",
      "chapter": 32,
      "verse": 34,
      "text": [
        "¶",
        "And",
        "the",
        "children",
        "of",
        "Gad",
        "built",
        "Dibon,",
        "and",
        "Ataroth,",
        "and",
        "Aroer,"
      ],
      "header": "",
      "footer": ""
    },
    {
      "book_name": "Numbers",
      "chapter": 32,
      "verse": 35,
      "text": [
        "And",
        "Atroth,",
        "Shophan,",
        "and",
        "Jaazer,",
        "and",
        "Jogbehah,"
      ],
      "header": "",
      "footer": ""
    },
    {
      "book_name": "Numbers",
      "chapter": 32,
      "verse": 36,
      "text": [
        "And",
        "Bethnimrah,",
        "and",
        "Bethharan,",
        "fenced",
        "cities:",
        "and",
        "folds",
        "for",
        "sheep."
      ],
      "header": "",
      "footer": ""
    },
    {
      "book_name": "Numbers",
      "chapter": 32,
      "verse": 37,
      "text": [
        "And",
        "the",
        "children",
        "of",
        "Reuben",
        "built",
        "Heshbon,",
        "and",
        "Elealeh,",
        "and",
        "Kirjathaim,"
      ],
      "header": "",
      "footer": ""
    },
    {
      "book_name": "Numbers",
      "chapter": 32,
      "verse": 38,
      "text": [
        "And",
        "Nebo,",
        "and",
        "Baalmeon,",
        "(their",
        "names",
        "being",
        "changed,)",
        "and",
        "Shibmah:",
        "and",
        "gave",
        "other",
        "names",
        "unto",
        "the",
        "cities",
        "which",
        "they",
        "builded."
      ],
      "header": "",
      "footer": ""
    },
    {
      "book_name": "Numbers",
      "chapter": 32,
      "verse": 39,
      "text": [
        "And",
        "the",
        "children",
        "of",
        "Machir",
        "the",
        "son",
        "of",
        "Manasseh",
        "went",
        "to",
        "Gilead,",
        "and",
        "took",
        "it,",
        "and",
        "dispossessed",
        "the",
        "Amorite",
        "which",
        "*was",
        "in",
        "it."
      ],
      "header": "",
      "footer": ""
    },
    {
      "book_name": "Numbers",
      "chapter": 32,
      "verse": 40,
      "text": [
        "And",
        "Moses",
        "gave",
        "Gilead",
        "unto",
        "Machir",
        "the",
        "son",
        "of",
        "Manasseh;",
        "and",
        "he",
        "dwelt",
        "therein."
      ],
      "header": "",
      "footer": ""
    },
    {
      "book_name": "Numbers",
      "chapter": 32,
      "verse": 41,
      "text": [
        "And",
        "Jair",
        "the",
        "son",
        "of",
        "Manasseh",
        "went",
        "and",
        "took",
        "the",
        "small",
        "towns",
        "thereof,",
        "and",
        "called",
        "them",
        "Havothjair."
      ],
      "header": "",
      "footer": ""
    },
    {
      "book_name": "Numbers",
      "chapter": 32,
      "verse": 42,
      "text": [
        "And",
        "Nobah",
        "went",
        "and",
        "took",
        "Kenath,",
        "and",
        "the",
        "villages",
        "thereof,",
        "and",
        "called",
        "it",
        "Nobah,",
        "after",
        "his",
        "own",
        "name."
      ],
      "header": "",
      "footer": ""
    }
  ]
}