{
  "book_name": "Numbers",
  "chapter": 34,
  "verses": [
    {
      "book_name": "Numbers",
      "chapter": 34,
      "verse": 1,
      "text": [
        "And",
        "the",
        "Lᴏʀᴅ",
        "spake",
        "unto",
        "Moses,",
        "saying,"
      ],
      "header": "",
      "footer": ""
    },
    {
      "book_name": "Numbers",
      "chapter": 34,
      "verse": 2,
      "text": [
        "Command",
        "the",
        "children",
        "of",
        "Israel,",
        "and",
        "say",
        "unto",
        "them,",
        "When",
        "ye",
        "come",
        "into",
        "the",
        "land",
        "of",
        "Canaan;",
        "(this",
        "*is",
        "the",
        "land",
        "that",
        "shall",
        "fall",
        "unto",
        "you",
        "for",
        "an",
        "inheritance,",
        "*even",
        "the",
        "land",
        "of",
        "Canaan",
        "with",
        "the",
        "coasts",
        "thereof:)"
      ],
      "header": "",
      "footer": ""
    },
    {
      "book_name": "Numbers",
      "chapter": 34,
      "verse": 3,
      "text": [
        "Then",
        "your",
        "south",
        "quarter",
        "shall",
        "be",
        "from",
        "the",
        "wilderness",
        "of",
        "Zin",
        "along",
        "by",
        "the",
        "coast",
        "of",
        "Edom,",
        "and",
        "your",
        "south",
        "border",
        "shall",
        "be",
        "the",
        "outmost",
        "coast",
        "of",
        "the",
        "salt",
        "sea",
        "eastward:"
      ],
      "header": "",
      "footer": ""
    },
    {
      "book_name": "Numbers",
      "chapter": 34,
      "verse": 4,
      "text": [
        "And",
        "your",
        "border",
        "shall",
        "turn",
        "from",
        "the",
        "south",
        "to",
        "the",
        "ascent",
        "of",
        "Akrabbim,",
        "and",
        "pass",
        "on",
        "to",
        "Zin:",
        "and",
        "the",
        "going",
        "forth",
        "thereof",
        "shall",
        "be",
        "from",
        "the",
        "south",
        "to",
        "Kadeshbarnea,",
        "and",
        "shall",
        "go",
        "on",
        "to",
        "Hazaraddar,",
        "and",
        "pass",
        "on",
        "to",
        "Azmon:"
      ],
      "header": "",
      "footer": ""
    },
    {
      "book_name": "Numbers",
      "chapter": 34,
      "verse": 5,
      "text": [
        "And",
        "the",
        "border",
        "shall",
        "fetch",
        "a",
        "compass",
        "from",
        "Azmon",
        "unto",
        "the",
        "river",
        "of",
        "Egypt,",
        "and",
        "the",
        "goings",
        "out",
        "of",
        "it",
        "shall",
        "be",
        "at",
        "the",
        "sea."
      ],
      "header": "",
      "footer": ""
    },
    {
      "book_name": "Numbers",
      "chapter": 34,
      "verse": 6,
      "text": [
        "And",
        "*as",
        "*for",
        "the",
        "western",
        "border,",
        "ye",
        "shall",
        "even",
        "have",
        "the",
        "great",
        "sea",
        "for",
        "a",
        "border:",
        "this",
        "shall",
        "be",
        "your",
        "west",
        "border."
      ],
      "header": "",
      "footer": ""
    },
    {
      "book_name": "Numbers",
      "chapter": 34,
      "verse": 7,
      "text": [
        "And",
        "this",
        "shall",
        "be",
        "your",
        "north",
        "border:",
        "from",
        "the",
        "great",
        "sea",
        "ye",
        "shall",
        "point",
        "out",
        "for",
        "you",
        "mount",
        "Hor:"
      ],
      "header": "",
      "footer": ""
    },
    {
      "book_name": "Numbers",
      "chapter": 34,
      "verse": 8,
      "text": [
        "From",
        "mount",
        "Hor",
        "ye",
        "shall",
        "point",
        "out",
        "*your",
        "*border",
        "unto",
        "the",
        "entrance",
        "of",
        "Hamath;",
        "and",
        "the",
        "goings",
        "forth",
        "of",
        "the",
        "border",
        "shall",
        "be",
        "to",
        "Zedad:"
      ],
      "header": "",
      "footer": ""
    },
    {
      "book_name": "Numbers",
      "chapter": 34,
      "verse": 9,
      "text": [
        "¶",
        "And",
        "the",
        "border",
        "shall",
        "go",
        "on",
        "to",
        "Ziphron,",
        "and",
        "the",
        "goings",
        "out",
        "of",
        "it",
        "shall",
        "be",
        "at",
        "Hazarenan:",
        "this",
        "shall",
        "be",
        "your",
        "north",
        "border."
      ],
      "header": "",
      "footer": ""
    },
    {
      "book_name": "Numbers",
      "chapter": 34,
      "verse": 10,
      "text": [
        "And",
        "ye",
        "shall",
        "point",
        "out",
        "your",
        "east",
        "border",
        "from",
        "Hazarenan",
        "to",
        "Shepham:"
      ],
      "header": "",
      "footer": ""
    },
    {
      "book_name": "Numbers",
      "chapter": 34,
      "verse": 11,
      "text": [
        "And",
        "the",
        "coast",
        "shall",
        "go",
        "down",
        "from",
        "Shepham",
        "to",
        "Riblah,",
        "on",
        "the",
        "east",
        "side",
        "of",
        "Ain;",
        "and",
        "the",
        "border",
        "shall",
        "descend,",
        "and",
        "shall",
        "reach",
        "unto",
        "the",
        "side",
        "of",
        "the",
        "sea",
        "of",
        "Chinnereth",
        "eastward:"
      ],
      "header": "",
      "footer": ""
    },
    {
      "book_name": "Numbers",
      "chapter": 34,
      "verse": 12,
      "text": [
        "And",
        "the",
        "border",
        "shall",
        "go",
        "down",
        "to",
        "Jordan,",
        "and",
        "the",
        "goings",
        "out",
        "of",
        "it",
        "shall",
        "be",
        "at",
        "the",
        "salt",
        "sea:",
        "this",
        "shall",
        "be",
        "your",
        "land",
        "with",
        "the",
        "coasts",
        "thereof",
        "round",
        "about."
      ],
      "header": "",
      "footer": ""
    },
    {
      "book_name": "Numbers",
      "chapter": 34,
      "verse": 13,
      "text": [
        "And",
        "Moses",
        "commanded",
        "the",
        "children",
        "of",
        "Israel,",
        "saying,",
        "This",
        "*is",
        "the",
        "land",
        "which",
        "ye",
        "shall",
        "inherit",
        "by",
        "lot,",
        "which",
        "the",
        "Lᴏʀᴅ",
        "commanded",
        "to",
        "give",
        "unto",
        "the",
        "nine",
        "tribes,",
        "and",
        "to",
        "the",
        "half",
        "tribe:"
      ],
      "header": "",
      "footer": ""
    },
    {
      "book_name": "Numbers",
      "chapter": 34,
      "verse": 14,
      "text": [
        "For",
        "the",
        "tribe",
        "of",
        "the",
        "children",
        "of",
        "Reuben",
        "according",
        "to",
        "the",
        "house",
        "of",
        "their",
        "fathers,",
        "and",
        "the",
        "tribe",
        "of",
        "the",
        "children",
        "of",
        "Gad",
        "according",
        "to",
        "the",
        "house",
        "of",
        "their",
        "fathers,",
        "have",
        "received",
        "*their",
        "*inheritance;",
        "and",
        "half",
        "the",
        "tribe",
        "of",
        "Manasseh",
        "have",
        "received",
        "their",
        "inheritance:"
      ],
      "header": "",
      "footer": ""
    },
    {
      "book_name": "Numbers",
      "chapter": 34,
      "verse": 15,
      "text": [
        "The",
        "two",
        "tribes",
        "and",
        "the",
        "half",
        "tribe",
        "have",
        "received",
        "their",
        "inheritance",
        "on",
        "this",
        "side",
        "Jordan",
        "*near",
        "Jericho",
        "eastward,",
        "toward",
        "the",
        "sunrising."
      ],
      "header": "",
      "footer": ""
    },
    {
      "book_name": "Numbers",
      "chapter": 34,
      "verse": 16,
      "text": [
        "And",
        "the",
        "Lᴏʀᴅ",
        "spake",
        "unto",
        "Moses,",
        "saying,"
      ],
      "header": "",
      "footer": ""
    },
    {
      "book_name": "Numbers",
      "chapter": 34,
      "verse": 17,
      "text": [
        "These",
        "*are",
        "the",
        "names",
        "of",
        "the",
        "men",
        "which",
        "shall",
        "divide",
        "the",
        "land",
        "unto",
        "you:",
        "Eleazar",
        "the",
        "priest,",
        "and",
        "Joshua",
        "the",
        "son",
        "of",
        "Nun."
      ],
      "header": "",
      "footer": ""
    },
    {
      "book_name": "Numbers",
      "chapter": 34,
      "verse": 18,
      "text": [
        "And",
        "ye",
        "shall",
        "take",
        "one",
        "prince",
        "of",
        "every",
        "tribe,",
        "to",
        "divide",
        "the",
        "land",
        "by",
        "inheritance."
      ],
      "header": "",
      "footer": ""
    },
    {
      "book_name": "Numbers",
      "chapter": 34,
      "verse": 19,
      "text": [
        "And",
        "the",
        "names",
        "of",
        "the",
        "men",
        "*are",
        "these:",
        "Of",
        "the",
        "tribe",
        "of",
        "Judah,",
        "Caleb",
        "the",
        "son",
        "of",
        "Jephunneh."
      ],
      "header": "",
      "footer": ""
    },
    {
      "book_name": "Numbers",
      "chapter": 34,
      "verse": 20,
      "text": [
        "And",
        "of",
        "the",
        "tribe",
        "of",
        "the",
        "children",
        "of",
        "Simeon,",
        "Shemuel",
        "the",
        "son",
        "of",
        "Ammihud."
      ],
      "header": "",
      "footer": ""
    },
    {
      "book_name": "Numbers",
      "chapter": 34,
      "verse": 21,
      "text": [
        "Of",
        "the",
        "tribe",
        "of",
        "Benjamin,",
        "Elidad",
        "the",
        "son",
        "of",
        "Chislon."
      ],
      "header": "",
      "footer": ""
    },
    {
      "book_name": "Numbers",
      "chapter": 34,
      "verse": 22,
      "text": [
        "And",
        "the",
        "prince",
        "of",
        "the",
        "tribe",
        "of",
        "the",
        "children",
        "of",
        "Dan,",
        "Bukki",
        "the",
        "son",
        "of",
        "Jogli."
      ],
      "header": "",
      "footer": ""
    },
    {
      "book_name": "Numbers",
      "chapter": 34,
      "verse": 23,
      "text": [
        "The",
        "prince",
        "of",
        "the",
        "children",
        "of",
        "Joseph,",
        "for",
        "the",
        "tribe",
        "of",
        "the",
        "children",
        "of",
        "Manasseh,",
        "Hanniel",
        "the",
        "son",
        "of",
        "Ephod."
      ],
      "header": "",
      "footer": ""
    },
    {
      "book_name": "Numbers",
      "chapter": 34,
      "verse": 24,
      "text": [
        "And",
        "the",
        "prince",
        "of",
        "the",
        "tribe",
        "of",
        "the",
        "children",
        "of",
        "Ephraim,",
        "Kemuel",
        "the",
        "son",
        "of",
        "Shiphtan."
      ],
      "header": "",
      "footer": ""
    },
    {
      "book_name": "Numbers",
      "chapter": 34,
      "verse": 25,
      "text": [
        "And",
        "the",
        "prince",
        "of",
        "the",
        "tribe",
        "of",
        "the",
        "children",
        "of",
        "Zebulun,",
        "Elizaphan",
        "the",
        "son",
        "of",
        "Parnach."
      ],
      "header": "",
      "footer": ""
    },
    {
      "book_name": "Numbers",
      "chapter": 34,
      "verse": 26,
      "text": [
        "And",
        "the",
        "prince",
        "of",
        "the",
        "tribe",
        "of",
        "the",
        "children",
        "of",
        "Issachar,",
        "Paltiel",
        "the",
        "son",
        "of",
        "Azzan."
      ],
      "header": "",
      "footer": ""
    },
    {
      "book_name": "Numbers",
      "chapter": 34,
      "verse": 27,
      "text": [
        "And",
        "the",
        "prince",
        "of",
        "the",
        "tribe",
        "of",
        "the",
        "children",
        "of",
        "Asher,",
        "Ahihud",
        "the",
        "son",
        "of",
        "Shelomi."
      ],
      "header": "",
      "footer": ""
    },
    {
      "book_name": "Numbers",
      "chapter": 34,
      "verse": 28,
      "text": [
        "And",
        "the",
        "prince",
        "of",
        "the",
        "tribe",
        "of",
        "the",
        "children",
        "of",
        "Naphtali,",
        "Pedahel",
        "the",
        "son",
        "of",
        "Ammihud."
      ],
      "header": "",
      "footer": ""
    },
    {
      "book_name": "Numbers",
      "chapter": 34,
      "verse": 29,
      "text": [
        "These",
        "*are",
        "*they",
        "whom",
        "the",
        "Lᴏʀᴅ",
        "commanded",
        "to",
        "divide",
        "the",
        "inheritance",
        "unto",
        "the",
        "children",
        "of",
        "Israel",
        "in",
        "the",
        "land",
        "of",
        "Canaan."
      ],
      "header": "",
      "footer": ""
    }
  ]
}