{
  "book_name": "Numbers",
  "chapter": 4,
  "verses": [
    {
      "book_name": "Numbers",
      "chapter": 4,
      "verse": 1,
      "text": [
        "And",
        "the",
        "Lᴏʀᴅ",
        "spake",
        "unto",
        "Moses",
        "and",
        "unto",
        "Aaron,",
        "saying,"
      ],
      "header": "",
      "footer": ""
    },
    {
      "book_name": "Numbers",
      "chapter": 4,
      "verse": 2,
      "text": [
        "Take",
        "the",
        "sum",
        "of",
        "the",
        "sons",
        "of",
        "Kohath",
        "from",
        "among",
        "the",
        "sons",
        "of",
        "Levi,",
        "after",
        "their",
        "families,",
        "by",
        "the",
        "house",
        "of",
        "their",
        "fathers,"
      ],
      "header": "",
      "footer": ""
    },
    {
      "book_name": "Numbers",
      "chapter": 4,
      "verse": 3,
      "text": [
        "From",
        "thirty",
        "years",
        "old",
        "and",
        "upward",
        "even",
        "until",
        "fifty",
        "years",
        "old,",
        "all",
        "that",
        "enter",
        "into",
        "the",
        "host,",
        "to",
        "do",
        "the",
        "work",
        "in",
        "the",
        "tabernacle",
        "of",
        "the",
        "congregation."
      ],
      "header": "",
      "footer": ""
    },
    {
      "book_name": "Numbers",
      "chapter": 4,
      "verse": 4,
      "text": [
        "This",
        "*shall",
        "*be",
        "the",
        "service",
        "of",
        "the",
        "sons",
        "of",
        "Kohath",
        "in",
        "the",
        "tabernacle",
        "of",
        "the",
        "congregation,",
        "*about",
        "the",
        "most",
        "holy",
        "things:"
      ],
      "header": "",
      "footer": ""
    },
    {
      "book_name": "Numbers",
      "chapter": 4,
      "verse": 5,
      "text": [
        "¶",
        "And",
        "when",
        "the",
        "camp",
        "setteth",
        "forward,",
        "Aaron",
        "shall",
        "come,",
        "and",
        "his",
        "sons,",
        "and",
        "they",
        "shall",
        "take",
        "down",
        "the",
        "covering",
        "vail,",
        "and",
        "cover",
        "the",
        "ark",
        "of",
        "testimony",
        "with",
        "it:"
      ],
      "header": "",
      "footer": ""
    },
    {
      "book_name": "Numbers",
      "chapter": 4,
      "verse": 6,
      "text": [
        "And",
        "shall",
        "put",
        "thereon",
        "the",
        "covering",
        "of",
        "badgers'",
        "skins,",
        "and",
        "shall",
        "spread",
        "over",
        "*it",
        "a",
        "cloth",
        "wholly",
        "of",
        "blue,",
        "and",
        "shall",
        "put",
        "in",
        "the",
        "staves",
        "thereof."
      ],
      "header": "",
      "footer": ""
    },
    {
      "book_name": "Numbers",
      "chapter": 4,
      "verse": 7,
      "text": [
        "And",
        "upon",
        "the",
        "table",
        "of",
        "shewbread",
        "they",
        "shall",
        "spread",
        "a",
        "cloth",
        "of",
        "blue,",
        "and",
        "put",
        "thereon",
        "the",
        "dishes,",
        "and",
        "the",
        "spoons,",
        "and",
        "the",
        "bowls,",
        "and",
        "covers",
        "to",
        "cover",
        "withal:",
        "and",
        "the",
        "continual",
        "bread",
        "shall",
        "be",
        "thereon:"
      ],
      "header": "",
      "footer": ""
    },
    {
      "book_name": "Numbers",
      "chapter": 4,
      "verse": 8,
      "text": [
        "And",
        "they",
        "shall",
        "spread",
        "upon",
        "them",
        "a",
        "cloth",
        "of",
        "scarlet,",
        "and",
        "cover",
        "the",
        "same",
        "with",
        "a",
        "covering",
        "of",
        "badgers'",
        "skins,",
        "and",
        "shall",
        "put",
        "in",
        "the",
        "staves",
        "thereof."
      ],
      "header": "",
      "footer": ""
    },
    {
      "book_name": "Numbers",
      "chapter": 4,
      "verse": 9,
      "text": [
        "And",
        "they",
        "shall",
        "take",
        "a",
        "cloth",
        "of",
        "blue,",
        "and",
        "cover",
        "the",
        "candlestick",
        "of",
        "the",
        "light,",
        "and",
        "his",
        "lamps,",
        "and",
        "his",
        "tongs,",
        "and",
        "his",
        "snuffdishes,",
        "and",
        "all",
        "the",
        "oil",
        "vessels",
        "thereof,",
        "wherewith",
        "they",
        "minister",
        "unto",
        "it:"
      ],
      "header": "",
      "footer": ""
    },
    {
      "book_name": "Numbers",
      "chapter": 4,
      "verse": 10,
      "text": [
        "And",
        "they",
        "shall",
        "put",
        "it",
        "and",
        "all",
        "the",
        "vessels",
        "thereof",
        "within",
        "a",
        "covering",
        "of",
        "badgers'",
        "skins,",
        "and",
        "shall",
        "put",
        "*it",
        "upon",
        "a",
        "bar."
      ],
      "header": "",
      "footer": ""
    },
    {
      "book_name": "Numbers",
      "chapter": 4,
      "verse": 11,
      "text": [
        "And",
        "upon",
        "the",
        "golden",
        "altar",
        "they",
        "shall",
        "spread",
        "a",
        "cloth",
        "of",
        "blue,",
        "and",
        "cover",
        "it",
        "with",
        "a",
        "covering",
        "of",
        "badgers'",
        "skins,",
        "and",
        "shall",
        "put",
        "to",
        "the",
        "staves",
        "thereof:"
      ],
      "header": "",
      "footer": ""
    },
    {
      "book_name": "Numbers",
      "chapter": 4,
      "verse": 12,
      "text": [
        "And",
        "they",
        "shall",
        "take",
        "all",
        "the",
        "instruments",
        "of",
        "ministry,",
        "wherewith",
        "they",
        "minister",
        "in",
        "the",
        "sanctuary,",
        "and",
        "put",
        "*them",
        "in",
        "a",
        "cloth",
        "of",
        "blue,",
        "and",
        "cover",
        "them",
        "with",
        "a",
        "covering",
        "of",
        "badgers'",
        "skins,",
        "and",
        "shall",
        "put",
        "*them",
        "on",
        "a",
        "bar:"
      ],
      "header": "",
      "footer": ""
    },
    {
      "book_name": "Numbers",
      "chapter": 4,
      "verse": 13,
      "text": [
        "And",
        "they",
        "shall",
        "take",
        "away",
        "the",
        "ashes",
        "from",
        "the",
        "altar,",
        "and",
        "spread",
        "a",
        "purple",
        "cloth",
        "thereon:"
      ],
      "header": "",
      "footer": ""
    },
    {
      "book_name": "Numbers",
      "chapter": 4,
      "verse": 14,
      "text": [
        "And",
        "they",
        "shall",
        "put",
        "upon",
        "it",
        "all",
        "the",
        "vessels",
        "thereof,",
        "wherewith",
        "they",
        "minister",
        "about",
        "it,",
        "*even",
        "the",
        "censers,",
        "the",
        "fleshhooks,",
        "and",
        "the",
        "shovels,",
        "and",
        "the",
        "basons,",
        "all",
        "the",
        "vessels",
        "of",
        "the",
        "altar;",
        "and",
        "they",
        "shall",
        "spread",
        "upon",
        "it",
        "a",
        "covering",
        "of",
        "badgers'",
        "skins,",
        "and",
        "put",
        "to",
        "the",
        "staves",
        "of",
        "it."
      ],
      "header": "",
      "footer": ""
    },
    {
      "book_name": "Numbers",
      "chapter": 4,
      "verse": 15,
      "text": [
        "And",
        "when",
        "Aaron",
        "and",
        "his",
        "sons",
        "have",
        "made",
        "an",
        "end",
        "of",
        "covering",
        "the",
        "sanctuary,",
        "and",
        "all",
        "the",
        "vessels",
        "of",
        "the",
        "sanctuary,",
        "as",
        "the",
        "camp",
        "is",
        "to",
        "set",
        "forward;",
        "after",
        "that,",
        "the",
        "sons",
        "of",
        "Kohath",
        "shall",
        "come",
        "to",
        "bear",
        "*it:",
        "but",
        "they",
        "shall",
        "not",
        "touch",
        "*any",
        "holy",
        "thing,",
        "lest",
        "they",
        "die.",
        "These",
        "*things",
        "*are",
        "the",
        "burden",
        "of",
        "the",
        "sons",
        "of",
        "Kohath",
        "in",
        "the",
        "tabernacle",
        "of",
        "the",
        "congregation."
      ],
      "header": "",
      "footer": ""
    },
    {
      "book_name": "Numbers",
      "chapter": 4,
      "verse": 16,
      "text": [
        "¶",
        "And",
        "to",
        "the",
        "office",
        "of",
        "Eleazar",
        "the",
        "son",
        "of",
        "Aaron",
        "the",
        "priest",
        "*pertaineth",
        "the",
        "oil",
        "for",
        "the",
        "light,",
        "and",
        "the",
        "sweet",
        "incense,",
        "and",
        "the",
        "daily",
        "meat",
        "offering,",
        "and",
        "the",
        "anointing",
        "oil,",
        "*and",
        "the",
        "oversight",
        "of",
        "all",
        "the",
        "tabernacle,",
        "and",
        "of",
        "all",
        "that",
        "therein",
        "*is,",
        "in",
        "the",
        "sanctuary,",
        "and",
        "in",
        "the",
        "vessels",
        "thereof."
      ],
      "header": "",
      "footer": ""
    },
    {
      "book_name": "Numbers",
      "chapter": 4,
      "verse": 17,
      "text": [
        "¶",
        "And",
        "the",
        "Lᴏʀᴅ",
        "spake",
        "unto",
        "Moses",
        "and",
        "unto",
        "Aaron,",
        "saying,"
      ],
      "header": "",
      "footer": ""
    },
    {
      "book_name": "Numbers",
      "chapter": 4,
      "verse": 18,
      "text": [
        "Cut",
        "ye",
        "not",
        "off",
        "the",
        "tribe",
        "of",
        "the",
        "families",
        "of",
        "the",
        "Kohathites",
        "from",
        "among",
        "the",
        "Levites:"
      ],
      "header": "",
      "footer": ""
    },
    {
      "book_name": "Numbers",
      "chapter": 4,
      "verse": 19,
      "text": [
        "But",
        "thus",
        "do",
        "unto",
        "them,",
        "that",
        "they",
        "may",
        "live,",
        "and",
        "not",
        "die,",
        "when",
        "they",
        "approach",
        "unto",
        "the",
        "most",
        "holy",
        "things:",
        "Aaron",
        "and",
        "his",
        "sons",
        "shall",
        "go",
        "in,",
        "and",
        "appoint",
        "them",
        "every",
        "one",
        "to",
        "his",
        "service",
        "and",
        "to",
        "his",
        "burden:"
      ],
      "header": "",
      "footer": ""
    },
    {
      "book_name": "Numbers",
      "chapter": 4,
      "verse": 20,
      "text": [
        "But",
        "they",
        "shall",
        "not",
        "go",
        "in",
        "to",
        "see",
        "when",
        "the",
        "holy",
        "things",
        "are",
        "covered,",
        "lest",
        "they",
        "die."
      ],
      "header": "",
      "footer": ""
    },
    {
      "book_name": "Numbers",
      "chapter": 4,
      "verse": 21,
      "text": [
        "¶",
        "And",
        "the",
        "Lᴏʀᴅ",
        "spake",
        "unto",
        "Moses,",
        "saying,"
      ],
      "header": "",
      "footer": ""
    },
    {
      "book_name": "Numbers",
      "chapter": 4,
      "verse": 22,
      "text": [
        "Take",
        "also",
        "the",
        "sum",
        "of",
        "the",
        "sons",
        "of",
        "Gershon,",
        "throughout",
        "the",
        "houses",
        "of",
        "their",
        "fathers,",
        "by",
        "their",
        "families;"
      ],
      "header": "",
      "footer": ""
    },
    {
      "book_name": "Numbers",
      "chapter": 4,
      "verse": 23,
      "text": [
        "From",
        "thirty",
        "years",
        "old",
        "and",
        "upward",
        "until",
        "fifty",
        "years",
        "old",
        "shalt",
        "thou",
        "number",
        "them;",
        "all",
        "that",
        "enter",
        "in",
        "to",
        "perform",
        "the",
        "service,",
        "to",
        "do",
        "the",
        "work",
        "in",
        "the",
        "tabernacle",
        "of",
        "the",
        "congregation."
      ],
      "header": "",
      "footer": ""
    },
    {
      "book_name": "Numbers",
      "chapter": 4,
      "verse": 24,
      "text": [
        "This",
        "*is",
        "the",
        "service",
        "of",
        "the",
        "families",
        "of",
        "the",
        "Gershonites,",
        "to",
        "serve,",
        "and",
        "for",
        "burdens:"
      ],
      "header": "",
      "footer": ""
    },
    {
      "book_name": "Numbers",
      "chapter": 4,
      "verse": 25,
      "text": [
        "And",
        "they",
        "shall",
        "bear",
        "the",
        "curtains",
        "of",
        "the",
        "tabernacle,",
        "and",
        "the",
        "tabernacle",
        "of",
        "the",
        "congregation,",
        "his",
        "covering,",
        "and",
        "the",
        "covering",
        "of",
        "the",
        "badgers'",
        "skins",
        "that",
        "*is",
        "above",
        "upon",
        "it,",
        "and",
        "the",
        "hanging",
        "for",
        "the",
        "door",
        "of",
        "the",
        "tabernacle",
        "of",
        "the",
        "congregation,"
      ],
      "header": "",
      "footer": ""
    },
    {
      "book_name": "Numbers",
      "chapter": 4,
      "verse": 26,
      "text": [
        "And",
        "the",
        "hangings",
        "of",
        "the",
        "court,",
        "and",
        "the",
        "hanging",
        "for",
        "the",
        "door",
        "of",
        "the",
        "gate",
        "of",
        "the",
        "court,",
        "which",
        "*is",
        "by",
        "the",
        "tabernacle",
        "and",
        "by",
        "the",
        "altar",
        "round",
        "about,",
        "and",
        "their",
        "cords,",
        "and",
        "all",
        "the",
        "instruments",
        "of",
        "their",
        "service,",
        "and",
        "all",
        "that",
        "is",
        "made",
        "for",
        "them:",
        "so",
        "shall",
        "they",
        "serve."
      ],
      "header": "",
      "footer": ""
    },
    {
      "book_name": "Numbers",
      "chapter": 4,
      "verse": 27,
      "text": [
        "At",
        "the",
        "appointment",
        "of",
        "Aaron",
        "and",
        "his",
        "sons",
        "shall",
        "be",
        "all",
        "the",
        "service",
        "of",
        "the",
        "sons",
        "of",
        "the",
        "Gershonites,",
        "in",
        "all",
        "their",
        "burdens,",
        "and",
        "in",
        "all",
        "their",
        "service:",
        "and",
        "ye",
        "shall",
        "appoint",
        "unto",
        "them",
        "in",
        "charge",
        "all",
        "their",
        "burdens."
      ],
      "header": "",
      "footer": ""
    },
    {
      "book_name": "Numbers",
      "chapter": 4,
      "verse": 28,
      "text": [
        "This",
        "*is",
        "the",
        "service",
        "of",
        "the",
        "families",
        "of",
        "the",
        "sons",
        "of",
        "Gershon",
        "in",
        "the",
        "tabernacle",
        "of",
        "the",
        "congregation:",
        "and",
        "their",
        "charge",
        "*shall",
        "*be",
        "under",
        "the",
        "hand",
        "of",
        "Ithamar",
        "the",
        "son",
        "of",
        "Aaron",
        "the",
        "priest."
      ],
      "header": "",
      "footer": ""
    },
    {
      "book_name": "Numbers",
      "chapter": 4,
      "verse": 29,
      "text": [
        "¶",
        "As",
        "for",
        "the",
        "sons",
        "of",
        "Merari,",
        "thou",
        "shalt",
        "number",
        "them",
        "after",
        "their",
        "families,",
        "by",
        "the",
        "house",
        "of",
        "their",
        "fathers;"
      ],
      "header": "",
      "footer": ""
    },
    {
      "book_name": "Numbers",
      "chapter": 4,
      "verse": 30,
      "text": [
        "From",
        "thirty",
        "years",
        "old",
        "and",
        "upward",
        "even",
        "unto",
        "fifty",
        "years",
        "old",
        "shalt",
        "thou",
        "number",
        "them,",
        "every",
        "one",
        "that",
        "entereth",
        "into",
        "the",
        "service,",
        "to",
        "do",
        "the",
        "work",
        "of",
        "the",
        "tabernacle",
        "of",
        "the",
        "congregation."
      ],
      "header": "",
      "footer": ""
    },
    {
      "book_name": "Numbers",
      "chapter": 4,
      "verse": 31,
      "text": [
        "And",
        "this",
        "*is",
        "the",
        "charge",
        "of",
        "their",
        "burden,",
        "according",
        "to",
        "all",
        "their",
        "service",
        "in",
        "the",
        "tabernacle",
        "of",
        "the",
        "congregation;",
        "the",
        "boards",
        "of",
        "the",
        "tabernacle,",
        "and",
        "the",
        "bars",
        "thereof,",
        "and",
        "the",
        "pillars",
        "thereof,",
        "and",
        "sockets",
        "thereof,"
      ],
      "header": "",
      "footer": ""
    },
    {
      "book_name": "Numbers",
      "chapter": 4,
      "verse": 32,
      "text": [
        "And",
        "the",
        "pillars",
        "of",
        "the",
        "court",
        "round",
        "about,",
        "and",
        "their",
        "sockets,",
        "and",
        "their",
        "pins,",
        "and",
        "their",
        "cords,",
        "with",
        "all",
        "their",
        "instruments,",
        "and",
        "with",
        "all",
        "their",
        "service:",
        "and",
        "by",
        "name",
        "ye",
        "shall",
        "reckon",
        "the",
        "instruments",
        "of",
        "the",
        "charge",
        "of",
        "their",
        "burden."
      ],
      "header": "",
      "footer": ""
    },
    {
      "book_name": "Numbers",
      "chapter": 4,
      "verse": 33,
      "text": [
        "This",
        "*is",
        "the",
        "service",
        "of",
        "the",
        "families",
        "of",
        "the",
        "sons",
        "of",
        "Merari,",
        "according",
        "to",
        "all",
        "their",
        "service,",
        "in",
        "the",
        "tabernacle",
        "of",
        "the",
        "congregation,",
        "under",
        "the",
        "hand",
        "of",
        "Ithamar",
        "the",
        "son",
        "of",
        "Aaron",
        "the",
        "priest."
      ],
      "header": "",
      "footer": ""
    },
    {
      "book_name": "Numbers",
      "chapter": 4,
      "verse": 34,
      "text": [
        "¶",
        "And",
        "Moses",
        "and",
        "Aaron",
        "and",
        "the",
        "chief",
        "of",
        "the",
        "congregation",
        "numbered",
        "the",
        "sons",
        "of",
        "the",
        "Kohathites",
        "after",
        "their",
        "families,",
        "and",
        "after",
        "the",
        "house",
        "of",
        "their",
        "fathers,"
      ],
      "header": "",
      "footer": ""
    },
    {
      "book_name": "Numbers",
      "chapter": 4,
      "verse": 35,
      "text": [
        "From",
        "thirty",
        "years",
        "old",
        "and",
        "upward",
        "even",
        "unto",
        "fifty",
        "years",
        "old,",
        "every",
        "one",
        "that",
        "entereth",
        "into",
        "the",
        "service,",
        "for",
        "the",
        "work",
        "in",
        "the",
        "tabernacle",
        "of",
        "the",
        "congregation:"
      ],
      "header": "",
      "footer": ""
    },
    {
      "book_name": "Numbers",
      "chapter": 4,
      "verse": 36,
      "text": [
        "And",
        "those",
        "that",
        "were",
        "numbered",
        "of",
        "them",
        "by",
        "their",
        "families",
        "were",
        "two",
        "thousand",
        "seven",
        "hundred",
        "and",
        "fifty."
      ],
      "header": "",
      "footer": ""
    },
    {
      "book_name": "Numbers",
      "chapter": 4,
      "verse": 37,
      "text": [
        "These",
        "*were",
        "they",
        "that",
        "were",
        "numbered",
        "of",
        "the",
        "families",
        "of",
        "the",
        "Kohathites,",
        "all",
        "that",
        "might",
        "do",
        "service",
        "in",
        "the",
        "tabernacle",
        "of",
        "the",
        "congregation,",
        "which",
        "Moses",
        "and",
        "Aaron",
        "did",
        "number",
        "according",
        "to",
        "the",
        "commandment",
        "of",
        "the",
        "Lᴏʀᴅ",
        "by",
        "the",
        "hand",
        "of",
        "Moses."
      ],
      "header": "",
      "footer": ""
    },
    {
      "book_name": "Numbers",
      "chapter": 4,
      "verse": 38,
      "text": [
        "And",
        "those",
        "that",
        "were",
        "numbered",
        "of",
        "the",
        "sons",
        "of",
        "Gershon,",
        "throughout",
        "their",
        "families,",
        "and",
        "by",
        "the",
        "house",
        "of",
        "their",
        "fathers,"
      ],
      "header": "",
      "footer": ""
    },
    {
      "book_name": "Numbers",
      "chapter": 4,
      "verse": 39,
      "text": [
        "From",
        "thirty",
        "years",
        "old",
        "and",
        "upward",
        "even",
        "unto",
        "fifty",
        "years",
        "old,",
        "every",
        "one",
        "that",
        "entereth",
        "into",
        "the",
        "service,",
        "for",
        "the",
        "work",
        "in",
        "the",
        "tabernacle",
        "of",
        "the",
        "congregation,"
      ],
      "header": "",
      "footer": ""
    },
    {
      "book_name": "Numbers",
      "chapter": 4,
      "verse": 40,
      "text": [
        "Even",
        "those",
        "that",
        "were",
        "numbered",
        "of",
        "them,",
        "throughout",
        "their",
        "families,",
        "by",
        "the",
        "house",
        "of",
        "their",
        "fathers,",
        "were",
        "two",
        "thousand",
        "and",
        "six",
        "hundred",
        "and",
        "thirty."
      ],
      "header": "",
      "footer": ""
    },
    {
      "book_name": "Numbers",
      "chapter": 4,
      "verse": 41,
      "text": [
        "These",
        "*are",
        "they",
        "that",
        "were",
        "numbered",
        "of",
        "the",
        "families",
        "of",
        "the",
        "sons",
        "of",
        "Gershon,",
        "of",
        "all",
        "that",
        "might",
        "do",
        "service",
        "in",
        "the",
        "tabernacle",
        "of",
        "the",
        "congregation,",
        "whom",
        "Moses",
        "and",
        "Aaron",
        "did",
        "number",
        "according",
        "to",
        "the",
        "commandment",
        "of",
        "the",
        "Lᴏʀᴅ."
      ],
      "header": "",
      "footer": ""
    },
    {
      "book_name": "Numbers",
      "chapter": 4,
      "verse": 42,
      "text": [
        "¶",
        "And",
        "those",
        "that",
        "were",
        "numbered",
        "of",
        "the",
        "families",
        "of",
        "the",
        "sons",
        "of",
        "Merari,",
        "throughout",
        "their",
        "families,",
        "by",
        "the",
        "house",
        "of",
        "their",
        "fathers,"
      ],
      "header": "",
      "footer": ""
    },
    {
      "book_name": "Numbers",
      "chapter": 4,
      "verse": 43,
      "text": [
        "From",
        "thirty",
        "years",
        "old",
        "and",
        "upward",
        "even",
        "unto",
        "fifty",
        "years",
        "old,",
        "every",
        "one",
        "that",
        "entereth",
        "into",
        "the",
        "service,",
        "for",
        "the",
        "work",
        "in",
        "the",
        "tabernacle",
        "of",
        "the",
        "congregation,"
      ],
      "header": "",
      "footer": ""
    },
    {
      "book_name": "Numbers",
      "chapter": 4,
      "verse": 44,
      "text": [
        "Even",
        "those",
        "that",
        "were",
        "numbered",
        "of",
        "them",
        "after",
        "their",
        "families,",
        "were",
        "three",
        "thousand",
        "and",
        "two",
        "hundred."
      ],
      "header": "",
      "footer": ""
    },
    {
      "book_name": "Numbers",
      "chapter": 4,
      "verse": 45,
      "text": [
        "These",
        "*be",
        "those",
        "that",
        "were",
        "numbered",
        "of",
        "the",
        "families",
        "of",
        "the",
        "sons",
        "of",
        "Merari,",
        "whom",
        "Moses",
        "and",
        "Aaron",
        "numbered",
        "according",
        "to",
        "the",
        "word",
        "of",
        "the",
        "Lᴏʀᴅ",
        "by",
        "the",
        "hand",
        "of",
        "Moses."
      ],
      "header": "",
      "footer": ""
    },
    {
      "book_name": "Numbers",
      "chapter": 4,
      "verse": 46,
      "text": [
        "All",
        "those",
        "that",
        "were",
        "numbered",
        "of",
        "the",
        "Levites,",
        "whom",
        "Moses",
        "and",
        "Aaron",
        "and",
        "the",
        "chief",
        "of",
        "Israel",
        "numbered,",
        "after",
        "their",
        "families,",
        "and",
        "after",
        "the",
        "house",
        "of",
        "their",
        "fathers,"
      ],
      "header": "",
      "footer": ""
    },
    {
      "book_name": "Numbers",
      "chapter": 4,
      "verse": 47,
      "text": [
        "From",
        "thirty",
        "years",
        "old",
        "and",
        "upward",
        "even",
        "unto",
        "fifty",
        "years",
        "old,",
        "every",
        "one",
        "that",
        "came",
        "to",
        "do",
        "the",
        "service",
        "of",
        "the",
        "ministry,",
        "and",
        "the",
        "service",
        "of",
        "the",
        "burden",
        "in",
        "the",
        "tabernacle",
        "of",
        "the",
        "congregation,"
      ],
      "header": "",
      "footer": ""
    },
    {
      "book_name": "Numbers",
      "chapter": 4,
      "verse": 48,
      "text": [
        "Even",
        "those",
        "that",
        "were",
        "numbered",
        "of",
        "them,",
        "were",
        "eight",
        "thousand",
        "and",
        "five",
        "hundred",
        "and",
        "fourscore."
      ],
      "header": "",
      "footer": ""
    },
    {
      "book_name": "Numbers",
      "chapter": 4,
      "verse": 49,
      "text": [
        "According",
        "to",
        "the",
        "commandment",
        "of",
        "the",
        "Lᴏʀᴅ",
        "they",
        "were",
        "numbered",
        "by",
        "the",
        "hand",
        "of",
        "Moses,",
        "every",
        "one",
        "according",
        "to",
        "his",
        "service,",
        "and",
        "according",
        "to",
        "his",
        "burden:",
        "thus",
        "were",
        "they",
        "numbered",
        "of",
        "him,",
        "as",
        "the",
        "Lᴏʀᴅ",
        "commanded",
        "Moses."
      ],
      "header": "",
      "footer": ""
    }
  ]
}