{
  "book_name": "Numbers",
  "chapter": 5,
  "verses": [
    {
      "book_name": "Numbers",
      "chapter": 5,
      "verse": 1,
      "text": [
        "And",
        "the",
        "Lᴏʀᴅ",
        "spake",
        "unto",
        "Moses,",
        "saying,"
      ],
      "header": "",
      "footer": ""
    },
    {
      "book_name": "Numbers",
      "chapter": 5,
      "verse": 2,
      "text": [
        "Command",
        "the",
        "children",
        "of",
        "Israel,",
        "that",
        "they",
        "put",
        "out",
        "of",
        "the",
        "camp",
        "every",
        "leper,",
        "and",
        "every",
        "one",
        "that",
        "hath",
        "an",
        "issue,",
        "and",
        "whosoever",
        "is",
        "defiled",
        "by",
        "the",
        "dead:"
      ],
      "header": "",
      "footer": ""
    },
    {
      "book_name": "Numbers",
      "chapter": 5,
      "verse": 3,
      "text": [
        "Both",
        "male",
        "and",
        "female",
        "shall",
        "ye",
        "put",
        "out,",
        "without",
        "the",
        "camp",
        "shall",
        "ye",
        "put",
        "them;",
        "that",
        "they",
        "defile",
        "not",
        "their",
        "camps,",
        "in",
        "the",
        "midst",
        "whereof",
        "I",
        "dwell."
      ],
      "header": "",
      "footer": ""
    },
    {
      "book_name": "Numbers",
      "chapter": 5,
      "verse": 4,
      "text": [
        "And",
        "the",
        "children",
        "of",
        "Israel",
        "did",
        "so,",
        "and",
        "put",
        "them",
        "out",
        "without",
        "the",
        "camp:",
        "as",
        "the",
        "Lᴏʀᴅ",
        "spake",
        "unto",
        "Moses,",
        "so",
        "did",
        "the",
        "children",
        "of",
        "Israel."
      ],
      "header": "",
      "footer": ""
    },
    {
      "book_name": "Numbers",
      "chapter": 5,
      "verse": 5,
      "text": [
        "¶",
        "And",
        "the",
        "Lᴏʀᴅ",
        "spake",
        "unto",
        "Moses,",
        "saying,"
      ],
      "header": "",
      "footer": ""
    },
    {
      "book_name": "Numbers",
      "chapter": 5,
      "verse": 6,
      "text": [
        "Speak",
        "unto",
        "the",
        "children",
        "of",
        "Israel,",
        "When",
        "a",
        "man",
        "or",
        "woman",
        "shall",
        "commit",
        "any",
        "sin",
        "that",
        "men",
        "commit,",
        "to",
        "do",
        "a",
        "trespass",
        "against",
        "the",
        "Lᴏʀᴅ,",
        "and",
        "that",
        "person",
        "be",
        "guilty;"
      ],
      "header": "",
      "footer": ""
    },
    {
      "book_name": "Numbers",
      "chapter": 5,
      "verse": 7,
      "text": [
        "Then",
        "they",
        "shall",
        "confess",
        "their",
        "sin",
        "which",
        "they",
        "have",
        "done:",
        "and",
        "he",
        "shall",
        "recompense",
        "his",
        "trespass",
        "with",
        "the",
        "principal",
        "thereof,",
        "and",
        "add",
        "unto",
        "it",
        "the",
        "fifth",
        "*part",
        "thereof,",
        "and",
        "give",
        "*it",
        "unto",
        "*him",
        "against",
        "whom",
        "he",
        "hath",
        "trespassed."
      ],
      "header": "",
      "footer": ""
    },
    {
      "book_name": "Numbers",
      "chapter": 5,
      "verse": 8,
      "text": [
        "But",
        "if",
        "the",
        "man",
        "have",
        "no",
        "kinsman",
        "to",
        "recompense",
        "the",
        "trespass",
        "unto,",
        "let",
        "the",
        "trespass",
        "be",
        "recompensed",
        "unto",
        "the",
        "Lᴏʀᴅ,",
        "*even",
        "to",
        "the",
        "priest;",
        "beside",
        "the",
        "ram",
        "of",
        "the",
        "atonement,",
        "whereby",
        "an",
        "atonement",
        "shall",
        "be",
        "made",
        "for",
        "him."
      ],
      "header": "",
      "footer": ""
    },
    {
      "book_name": "Numbers",
      "chapter": 5,
      "verse": 9,
      "text": [
        "And",
        "every",
        "offering",
        "of",
        "all",
        "the",
        "holy",
        "things",
        "of",
        "the",
        "children",
        "of",
        "Israel,",
        "which",
        "they",
        "bring",
        "unto",
        "the",
        "priest,",
        "shall",
        "be",
        "his."
      ],
      "header": "",
      "footer": ""
    },
    {
      "book_name": "Numbers",
      "chapter": 5,
      "verse": 10,
      "text": [
        "And",
        "every",
        "man's",
        "hallowed",
        "things",
        "shall",
        "be",
        "his:",
        "whatsoever",
        "any",
        "man",
        "giveth",
        "the",
        "priest,",
        "it",
        "shall",
        "be",
        "his."
      ],
      "header": "",
      "footer": ""
    },
    {
      "book_name": "Numbers",
      "chapter": 5,
      "verse": 11,
      "text": [
        "¶",
        "And",
        "the",
        "Lᴏʀᴅ",
        "spake",
        "unto",
        "Moses,",
        "saying,"
      ],
      "header": "",
      "footer": ""
    },
    {
      "book_name": "Numbers",
      "chapter": 5,
      "verse": 12,
      "text": [
        "Speak",
        "unto",
        "the",
        "children",
        "of",
        "Israel,",
        "and",
        "say",
        "unto",
        "them,",
        "If",
        "any",
        "man's",
        "wife",
        "go",
        "aside,",
        "and",
        "commit",
        "a",
        "trespass",
        "against",
        "him,"
      ],
      "header": "",
      "footer": ""
    },
    {
      "book_name": "Numbers",
      "chapter": 5,
      "verse": 13,
      "text": [
        "And",
        "a",
        "man",
        "lie",
        "with",
        "her",
        "carnally,",
        "and",
        "it",
        "be",
        "hid",
        "from",
        "the",
        "eyes",
        "of",
        "her",
        "husband,",
        "and",
        "be",
        "kept",
        "close,",
        "and",
        "she",
        "be",
        "defiled,",
        "and",
        "*there",
        "*be",
        "no",
        "witness",
        "against",
        "her,",
        "neither",
        "she",
        "be",
        "taken",
        "*with",
        "*the",
        "*manner;"
      ],
      "header": "",
      "footer": ""
    },
    {
      "book_name": "Numbers",
      "chapter": 5,
      "verse": 14,
      "text": [
        "And",
        "the",
        "spirit",
        "of",
        "jealousy",
        "come",
        "upon",
        "him,",
        "and",
        "he",
        "be",
        "jealous",
        "of",
        "his",
        "wife,",
        "and",
        "she",
        "be",
        "defiled:",
        "or",
        "if",
        "the",
        "spirit",
        "of",
        "jealousy",
        "come",
        "upon",
        "him,",
        "and",
        "he",
        "be",
        "jealous",
        "of",
        "his",
        "wife,",
        "and",
        "she",
        "be",
        "not",
        "defiled:"
      ],
      "header": "",
      "footer": ""
    },
    {
      "book_name": "Numbers",
      "chapter": 5,
      "verse": 15,
      "text": [
        "Then",
        "shall",
        "the",
        "man",
        "bring",
        "his",
        "wife",
        "unto",
        "the",
        "priest,",
        "and",
        "he",
        "shall",
        "bring",
        "her",
        "offering",
        "for",
        "her,",
        "the",
        "tenth",
        "*part",
        "of",
        "an",
        "ephah",
        "of",
        "barley",
        "meal;",
        "he",
        "shall",
        "pour",
        "no",
        "oil",
        "upon",
        "it,",
        "nor",
        "put",
        "frankincense",
        "thereon;",
        "for",
        "it",
        "*is",
        "an",
        "offering",
        "of",
        "jealousy,",
        "an",
        "offering",
        "of",
        "memorial,",
        "bringing",
        "iniquity",
        "to",
        "remembrance."
      ],
      "header": "",
      "footer": ""
    },
    {
      "book_name": "Numbers",
      "chapter": 5,
      "verse": 16,
      "text": [
        "And",
        "the",
        "priest",
        "shall",
        "bring",
        "her",
        "near,",
        "and",
        "set",
        "her",
        "before",
        "the",
        "Lᴏʀᴅ:"
      ],
      "header": "",
      "footer": ""
    },
    {
      "book_name": "Numbers",
      "chapter": 5,
      "verse": 17,
      "text": [
        "And",
        "the",
        "priest",
        "shall",
        "take",
        "holy",
        "water",
        "in",
        "an",
        "earthen",
        "vessel;",
        "and",
        "of",
        "the",
        "dust",
        "that",
        "is",
        "in",
        "the",
        "floor",
        "of",
        "the",
        "tabernacle",
        "the",
        "priest",
        "shall",
        "take,",
        "and",
        "put",
        "*it",
        "into",
        "the",
        "water:"
      ],
      "header": "",
      "footer": ""
    },
    {
      "book_name": "Numbers",
      "chapter": 5,
      "verse": 18,
      "text": [
        "And",
        "the",
        "priest",
        "shall",
        "set",
        "the",
        "woman",
        "before",
        "the",
        "Lᴏʀᴅ,",
        "and",
        "uncover",
        "the",
        "woman's",
        "head,",
        "and",
        "put",
        "the",
        "offering",
        "of",
        "memorial",
        "in",
        "her",
        "hands,",
        "which",
        "*is",
        "the",
        "jealousy",
        "offering:",
        "and",
        "the",
        "priest",
        "shall",
        "have",
        "in",
        "his",
        "hand",
        "the",
        "bitter",
        "water",
        "that",
        "causeth",
        "the",
        "curse:"
      ],
      "header": "",
      "footer": ""
    },
    {
      "book_name": "Numbers",
      "chapter": 5,
      "verse": 19,
      "text": [
        "And",
        "the",
        "priest",
        "shall",
        "charge",
        "her",
        "by",
        "an",
        "oath,",
        "and",
        "say",
        "unto",
        "the",
        "woman,",
        "If",
        "no",
        "man",
        "have",
        "lain",
        "with",
        "thee,",
        "and",
        "if",
        "thou",
        "hast",
        "not",
        "gone",
        "aside",
        "to",
        "uncleanness",
        "*with",
        "*another",
        "instead",
        "of",
        "thy",
        "husband,",
        "be",
        "thou",
        "free",
        "from",
        "this",
        "bitter",
        "water",
        "that",
        "causeth",
        "the",
        "curse:"
      ],
      "header": "",
      "footer": ""
    },
    {
      "book_name": "Numbers",
      "chapter": 5,
      "verse": 20,
      "text": [
        "But",
        "if",
        "thou",
        "hast",
        "gone",
        "aside",
        "*to",
        "*another",
        "instead",
        "of",
        "thy",
        "husband,",
        "and",
        "if",
        "thou",
        "be",
        "defiled,",
        "and",
        "some",
        "man",
        "have",
        "lain",
        "with",
        "thee",
        "beside",
        "thine",
        "husband:"
      ],
      "header": "",
      "footer": ""
    },
    {
      "book_name": "Numbers",
      "chapter": 5,
      "verse": 21,
      "text": [
        "Then",
        "the",
        "priest",
        "shall",
        "charge",
        "the",
        "woman",
        "with",
        "an",
        "oath",
        "of",
        "cursing,",
        "and",
        "the",
        "priest",
        "shall",
        "say",
        "unto",
        "the",
        "woman,",
        "The",
        "Lᴏʀᴅ",
        "make",
        "thee",
        "a",
        "curse",
        "and",
        "an",
        "oath",
        "among",
        "thy",
        "people,",
        "when",
        "the",
        "Lᴏʀᴅ",
        "doth",
        "make",
        "thy",
        "thigh",
        "to",
        "rot,",
        "and",
        "thy",
        "belly",
        "to",
        "swell;"
      ],
      "header": "",
      "footer": ""
    },
    {
      "book_name": "Numbers",
      "chapter": 5,
      "verse": 22,
      "text": [
        "And",
        "this",
        "water",
        "that",
        "causeth",
        "the",
        "curse",
        "shall",
        "go",
        "into",
        "thy",
        "bowels,",
        "to",
        "make",
        "*thy",
        "belly",
        "to",
        "swell,",
        "and",
        "*thy",
        "thigh",
        "to",
        "rot:",
        "And",
        "the",
        "woman",
        "shall",
        "say,",
        "Amen,",
        "amen."
      ],
      "header": "",
      "footer": ""
    },
    {
      "book_name": "Numbers",
      "chapter": 5,
      "verse": 23,
      "text": [
        "And",
        "the",
        "priest",
        "shall",
        "write",
        "these",
        "curses",
        "in",
        "a",
        "book,",
        "and",
        "he",
        "shall",
        "blot",
        "*them",
        "out",
        "with",
        "the",
        "bitter",
        "water:"
      ],
      "header": "",
      "footer": ""
    },
    {
      "book_name": "Numbers",
      "chapter": 5,
      "verse": 24,
      "text": [
        "And",
        "he",
        "shall",
        "cause",
        "the",
        "woman",
        "to",
        "drink",
        "the",
        "bitter",
        "water",
        "that",
        "causeth",
        "the",
        "curse:",
        "and",
        "the",
        "water",
        "that",
        "causeth",
        "the",
        "curse",
        "shall",
        "enter",
        "into",
        "her,",
        "*and",
        "*become",
        "bitter."
      ],
      "header": "",
      "footer": ""
    },
    {
      "book_name": "Numbers",
      "chapter": 5,
      "verse": 25,
      "text": [
        "Then",
        "the",
        "priest",
        "shall",
        "take",
        "the",
        "jealousy",
        "offering",
        "out",
        "of",
        "the",
        "woman's",
        "hand,",
        "and",
        "shall",
        "wave",
        "the",
        "offering",
        "before",
        "the",
        "Lᴏʀᴅ,",
        "and",
        "offer",
        "it",
        "upon",
        "the",
        "altar:"
      ],
      "header": "",
      "footer": ""
    },
    {
      "book_name": "Numbers",
      "chapter": 5,
      "verse": 26,
      "text": [
        "And",
        "the",
        "priest",
        "shall",
        "take",
        "an",
        "handful",
        "of",
        "the",
        "offering,",
        "*even",
        "the",
        "memorial",
        "thereof,",
        "and",
        "burn",
        "*it",
        "upon",
        "the",
        "altar,",
        "and",
        "afterward",
        "shall",
        "cause",
        "the",
        "woman",
        "to",
        "drink",
        "the",
        "water."
      ],
      "header": "",
      "footer": ""
    },
    {
      "book_name": "Numbers",
      "chapter": 5,
      "verse": 27,
      "text": [
        "And",
        "when",
        "he",
        "hath",
        "made",
        "her",
        "to",
        "drink",
        "the",
        "water,",
        "then",
        "it",
        "shall",
        "come",
        "to",
        "pass,",
        "*that,",
        "if",
        "she",
        "be",
        "defiled,",
        "and",
        "have",
        "done",
        "trespass",
        "against",
        "her",
        "husband,",
        "that",
        "the",
        "water",
        "that",
        "causeth",
        "the",
        "curse",
        "shall",
        "enter",
        "into",
        "her,",
        "*and",
        "*become",
        "bitter,",
        "and",
        "her",
        "belly",
        "shall",
        "swell,",
        "and",
        "her",
        "thigh",
        "shall",
        "rot:",
        "and",
        "the",
        "woman",
        "shall",
        "be",
        "a",
        "curse",
        "among",
        "her",
        "people."
      ],
      "header": "",
      "footer": ""
    },
    {
      "book_name": "Numbers",
      "chapter": 5,
      "verse": 28,
      "text": [
        "And",
        "if",
        "the",
        "woman",
        "be",
        "not",
        "defiled,",
        "but",
        "be",
        "clean;",
        "then",
        "she",
        "shall",
        "be",
        "free,",
        "and",
        "shall",
        "conceive",
        "seed."
      ],
      "header": "",
      "footer": ""
    },
    {
      "book_name": "Numbers",
      "chapter": 5,
      "verse": 29,
      "text": [
        "This",
        "*is",
        "the",
        "law",
        "of",
        "jealousies,",
        "when",
        "a",
        "wife",
        "goeth",
        "aside",
        "*to",
        "*another",
        "instead",
        "of",
        "her",
        "husband,",
        "and",
        "is",
        "defiled;"
      ],
      "header": "",
      "footer": ""
    },
    {
      "book_name": "Numbers",
      "chapter": 5,
      "verse": 30,
      "text": [
        "Or",
        "when",
        "the",
        "spirit",
        "of",
        "jealousy",
        "cometh",
        "upon",
        "him,",
        "and",
        "he",
        "be",
        "jealous",
        "over",
        "his",
        "wife,",
        "and",
        "shall",
        "set",
        "the",
        "woman",
        "before",
        "the",
        "Lᴏʀᴅ,",
        "and",
        "the",
        "priest",
        "shall",
        "execute",
        "upon",
        "her",
        "all",
        "this",
        "law."
      ],
      "header": "",
      "footer": ""
    },
    {
      "book_name": "Numbers",
      "chapter": 5,
      "verse": 31,
      "text": [
        "Then",
        "shall",
        "the",
        "man",
        "be",
        "guiltless",
        "from",
        "iniquity,",
        "and",
        "this",
        "woman",
        "shall",
        "bear",
        "her",
        "iniquity."
      ],
      "header": "",
      "footer": ""
    }
  ]
}