{
  "book_name": "Numbers",
  "chapter": 6,
  "verses": [
    {
      "book_name": "Numbers",
      "chapter": 6,
      "verse": 1,
      "text": [
        "And",
        "the",
        "Lᴏʀᴅ",
        "spake",
        "unto",
        "Moses,",
        "saying,"
      ],
      "header": "",
      "footer": ""
    },
    {
      "book_name": "Numbers",
      "chapter": 6,
      "verse": 2,
      "text": [
        "Speak",
        "unto",
        "the",
        "children",
        "of",
        "Israel,",
        "and",
        "say",
        "unto",
        "them,",
        "When",
        "either",
        "man",
        "or",
        "woman",
        "shall",
        "separate",
        "*themselves",
        "to",
        "vow",
        "a",
        "vow",
        "of",
        "a",
        "Nazarite,",
        "to",
        "separate",
        "*themselves",
        "unto",
        "the",
        "Lᴏʀᴅ:"
      ],
      "header": "",
      "footer": ""
    },
    {
      "book_name": "Numbers",
      "chapter": 6,
      "verse": 3,
      "text": [
        "He",
        "shall",
        "separate",
        "*himself",
        "from",
        "wine",
        "and",
        "strong",
        "drink,",
        "and",
        "shall",
        "drink",
        "no",
        "vinegar",
        "of",
        "wine,",
        "or",
        "vinegar",
        "of",
        "strong",
        "drink,",
        "neither",
        "shall",
        "he",
        "drink",
        "any",
        "liquor",
        "of",
        "grapes,",
        "nor",
        "eat",
        "moist",
        "grapes,",
        "or",
        "dried."
      ],
      "header": "",
      "footer": ""
    },
    {
      "book_name": "Numbers",
      "chapter": 6,
      "verse": 4,
      "text": [
        "All",
        "the",
        "days",
        "of",
        "his",
        "separation",
        "shall",
        "he",
        "eat",
        "nothing",
        "that",
        "is",
        "made",
        "of",
        "the",
        "vine",
        "tree,",
        "from",
        "the",
        "kernels",
        "even",
        "to",
        "the",
        "husk."
      ],
      "header": "",
      "footer": ""
    },
    {
      "book_name": "Numbers",
      "chapter": 6,
      "verse": 5,
      "text": [
        "All",
        "the",
        "days",
        "of",
        "the",
        "vow",
        "of",
        "his",
        "separation",
        "there",
        "shall",
        "no",
        "rasor",
        "come",
        "upon",
        "his",
        "head:",
        "until",
        "the",
        "days",
        "be",
        "fulfilled,",
        "in",
        "the",
        "which",
        "he",
        "separateth",
        "*himself",
        "unto",
        "the",
        "Lᴏʀᴅ,",
        "he",
        "shall",
        "be",
        "holy,",
        "*and",
        "shall",
        "let",
        "the",
        "locks",
        "of",
        "the",
        "hair",
        "of",
        "his",
        "head",
        "grow."
      ],
      "header": "",
      "footer": ""
    },
    {
      "book_name": "Numbers",
      "chapter": 6,
      "verse": 6,
      "text": [
        "All",
        "the",
        "days",
        "that",
        "he",
        "separateth",
        "*himself",
        "unto",
        "the",
        "Lᴏʀᴅ",
        "he",
        "shall",
        "come",
        "at",
        "no",
        "dead",
        "body."
      ],
      "header": "",
      "footer": ""
    },
    {
      "book_name": "Numbers",
      "chapter": 6,
      "verse": 7,
      "text": [
        "He",
        "shall",
        "not",
        "make",
        "himself",
        "unclean",
        "for",
        "his",
        "father,",
        "or",
        "for",
        "his",
        "mother,",
        "for",
        "his",
        "brother,",
        "or",
        "for",
        "his",
        "sister,",
        "when",
        "they",
        "die:",
        "because",
        "the",
        "consecration",
        "of",
        "his",
        "God",
        "*is",
        "upon",
        "his",
        "head."
      ],
      "header": "",
      "footer": ""
    },
    {
      "book_name": "Numbers",
      "chapter": 6,
      "verse": 8,
      "text": [
        "All",
        "the",
        "days",
        "of",
        "his",
        "separation",
        "he",
        "*is",
        "holy",
        "unto",
        "the",
        "Lᴏʀᴅ."
      ],
      "header": "",
      "footer": ""
    },
    {
      "book_name": "Numbers",
      "chapter": 6,
      "verse": 9,
      "text": [
        "And",
        "if",
        "any",
        "man",
        "die",
        "very",
        "suddenly",
        "by",
        "him,",
        "and",
        "he",
        "hath",
        "defiled",
        "the",
        "head",
        "of",
        "his",
        "consecration;",
        "then",
        "he",
        "shall",
        "shave",
        "his",
        "head",
        "in",
        "the",
        "day",
        "of",
        "his",
        "cleansing,",
        "on",
        "the",
        "seventh",
        "day",
        "shall",
        "he",
        "shave",
        "it."
      ],
      "header": "",
      "footer": ""
    },
    {
      "book_name": "Numbers",
      "chapter": 6,
      "verse": 10,
      "text": [
        "And",
        "on",
        "the",
        "eighth",
        "day",
        "he",
        "shall",
        "bring",
        "two",
        "turtles,",
        "or",
        "two",
        "young",
        "pigeons,",
        "to",
        "the",
        "priest,",
        "to",
        "the",
        "door",
        "of",
        "the",
        "tabernacle",
        "of",
        "the",
        "congregation:"
      ],
      "header": "",
      "footer": ""
    },
    {
      "book_name": "Numbers",
      "chapter": 6,
      "verse": 11,
      "text": [
        "And",
        "the",
        "priest",
        "shall",
        "offer",
        "the",
        "one",
        "for",
        "a",
        "sin",
        "offering,",
        "and",
        "the",
        "other",
        "for",
        "a",
        "burnt",
        "offering,",
        "and",
        "make",
        "an",
        "atonement",
        "for",
        "him,",
        "for",
        "that",
        "he",
        "sinned",
        "by",
        "the",
        "dead,",
        "and",
        "shall",
        "hallow",
        "his",
        "head",
        "that",
        "same",
        "day."
      ],
      "header": "",
      "footer": ""
    },
    {
      "book_name": "Numbers",
      "chapter": 6,
      "verse": 12,
      "text": [
        "And",
        "he",
        "shall",
        "consecrate",
        "unto",
        "the",
        "Lᴏʀᴅ",
        "the",
        "days",
        "of",
        "his",
        "separation,",
        "and",
        "shall",
        "bring",
        "a",
        "lamb",
        "of",
        "the",
        "first",
        "year",
        "for",
        "a",
        "trespass",
        "offering:",
        "but",
        "the",
        "days",
        "that",
        "were",
        "before",
        "shall",
        "be",
        "lost,",
        "because",
        "his",
        "separation",
        "was",
        "defiled."
      ],
      "header": "",
      "footer": ""
    },
    {
      "book_name": "Numbers",
      "chapter": 6,
      "verse": 13,
      "text": [
        "¶",
        "And",
        "this",
        "*is",
        "the",
        "law",
        "of",
        "the",
        "Nazarite,",
        "when",
        "the",
        "days",
        "of",
        "his",
        "separation",
        "are",
        "fulfilled:",
        "he",
        "shall",
        "be",
        "brought",
        "unto",
        "the",
        "door",
        "of",
        "the",
        "tabernacle",
        "of",
        "the",
        "congregation:"
      ],
      "header": "",
      "footer": ""
    },
    {
      "book_name": "Numbers",
      "chapter": 6,
      "verse": 14,
      "text": [
        "And",
        "he",
        "shall",
        "offer",
        "his",
        "offering",
        "unto",
        "the",
        "Lᴏʀᴅ,",
        "one",
        "he",
        "lamb",
        "of",
        "the",
        "first",
        "year",
        "without",
        "blemish",
        "for",
        "a",
        "burnt",
        "offering,",
        "and",
        "one",
        "ewe",
        "lamb",
        "of",
        "the",
        "first",
        "year",
        "without",
        "blemish",
        "for",
        "a",
        "sin",
        "offering,",
        "and",
        "one",
        "ram",
        "without",
        "blemish",
        "for",
        "peace",
        "offerings,"
      ],
      "header": "",
      "footer": ""
    },
    {
      "book_name": "Numbers",
      "chapter": 6,
      "verse": 15,
      "text": [
        "And",
        "a",
        "basket",
        "of",
        "unleavened",
        "bread,",
        "cakes",
        "of",
        "fine",
        "flour",
        "mingled",
        "with",
        "oil,",
        "and",
        "wafers",
        "of",
        "unleavened",
        "bread",
        "anointed",
        "with",
        "oil,",
        "and",
        "their",
        "meat",
        "offering,",
        "and",
        "their",
        "drink",
        "offerings."
      ],
      "header": "",
      "footer": ""
    },
    {
      "book_name": "Numbers",
      "chapter": 6,
      "verse": 16,
      "text": [
        "And",
        "the",
        "priest",
        "shall",
        "bring",
        "*them",
        "before",
        "the",
        "Lᴏʀᴅ,",
        "and",
        "shall",
        "offer",
        "his",
        "sin",
        "offering,",
        "and",
        "his",
        "burnt",
        "offering:"
      ],
      "header": "",
      "footer": ""
    },
    {
      "book_name": "Numbers",
      "chapter": 6,
      "verse": 17,
      "text": [
        "And",
        "he",
        "shall",
        "offer",
        "the",
        "ram",
        "*for",
        "a",
        "sacrifice",
        "of",
        "peace",
        "offerings",
        "unto",
        "the",
        "Lᴏʀᴅ,",
        "with",
        "the",
        "basket",
        "of",
        "unleavened",
        "bread:",
        "the",
        "priest",
        "shall",
        "offer",
        "also",
        "his",
        "meat",
        "offering,",
        "and",
        "his",
        "drink",
        "offering."
      ],
      "header": "",
      "footer": ""
    },
    {
      "book_name": "Numbers",
      "chapter": 6,
      "verse": 18,
      "text": [
        "And",
        "the",
        "Nazarite",
        "shall",
        "shave",
        "the",
        "head",
        "of",
        "his",
        "separation",
        "*at",
        "the",
        "door",
        "of",
        "the",
        "tabernacle",
        "of",
        "the",
        "congregation,",
        "and",
        "shall",
        "take",
        "the",
        "hair",
        "of",
        "the",
        "head",
        "of",
        "his",
        "separation,",
        "and",
        "put",
        "*it",
        "in",
        "the",
        "fire",
        "which",
        "*is",
        "under",
        "the",
        "sacrifice",
        "of",
        "the",
        "peace",
        "offerings."
      ],
      "header": "",
      "footer": ""
    },
    {
      "book_name": "Numbers",
      "chapter": 6,
      "verse": 19,
      "text": [
        "And",
        "the",
        "priest",
        "shall",
        "take",
        "the",
        "sodden",
        "shoulder",
        "of",
        "the",
        "ram,",
        "and",
        "one",
        "unleavened",
        "cake",
        "out",
        "of",
        "the",
        "basket,",
        "and",
        "one",
        "unleavened",
        "wafer,",
        "and",
        "shall",
        "put",
        "*them",
        "upon",
        "the",
        "hands",
        "of",
        "the",
        "Nazarite,",
        "after",
        "*the",
        "*hair",
        "*of",
        "his",
        "separation",
        "is",
        "shaven:"
      ],
      "header": "",
      "footer": ""
    },
    {
      "book_name": "Numbers",
      "chapter": 6,
      "verse": 20,
      "text": [
        "And",
        "the",
        "priest",
        "shall",
        "wave",
        "them",
        "*for",
        "a",
        "wave",
        "offering",
        "before",
        "the",
        "Lᴏʀᴅ:",
        "this",
        "*is",
        "holy",
        "for",
        "the",
        "priest,",
        "with",
        "the",
        "wave",
        "breast",
        "and",
        "heave",
        "shoulder:",
        "and",
        "after",
        "that",
        "the",
        "Nazarite",
        "may",
        "drink",
        "wine."
      ],
      "header": "",
      "footer": ""
    },
    {
      "book_name": "Numbers",
      "chapter": 6,
      "verse": 21,
      "text": [
        "This",
        "*is",
        "the",
        "law",
        "of",
        "the",
        "Nazarite",
        "who",
        "hath",
        "vowed,",
        "*and",
        "*of",
        "his",
        "offering",
        "unto",
        "the",
        "Lᴏʀᴅ",
        "for",
        "his",
        "separation,",
        "beside",
        "*that",
        "that",
        "his",
        "hand",
        "shall",
        "get:",
        "according",
        "to",
        "the",
        "vow",
        "which",
        "he",
        "vowed,",
        "so",
        "he",
        "must",
        "do",
        "after",
        "the",
        "law",
        "of",
        "his",
        "separation."
      ],
      "header": "",
      "footer": ""
    },
    {
      "book_name": "Numbers",
      "chapter": 6,
      "verse": 22,
      "text": [
        "¶",
        "And",
        "the",
        "Lᴏʀᴅ",
        "spake",
        "unto",
        "Moses,",
        "saying,"
      ],
      "header": "",
      "footer": ""
    },
    {
      "book_name": "Numbers",
      "chapter": 6,
      "verse": 23,
      "text": [
        "Speak",
        "unto",
        "Aaron",
        "and",
        "unto",
        "his",
        "sons,",
        "saying,",
        "On",
        "this",
        "wise",
        "ye",
        "shall",
        "bless",
        "the",
        "children",
        "of",
        "Israel,",
        "saying",
        "unto",
        "them,"
      ],
      "header": "",
      "footer": ""
    },
    {
      "book_name": "Numbers",
      "chapter": 6,
      "verse": 24,
      "text": [
        "The",
        "Lᴏʀᴅ",
        "bless",
        "thee,",
        "and",
        "keep",
        "thee:"
      ],
      "header": "",
      "footer": ""
    },
    {
      "book_name": "Numbers",
      "chapter": 6,
      "verse": 25,
      "text": [
        "The",
        "Lᴏʀᴅ",
        "make",
        "his",
        "face",
        "shine",
        "upon",
        "thee,",
        "and",
        "be",
        "gracious",
        "unto",
        "thee:"
      ],
      "header": "",
      "footer": ""
    },
    {
      "book_name": "Numbers",
      "chapter": 6,
      "verse": 26,
      "text": [
        "The",
        "Lᴏʀᴅ",
        "lift",
        "up",
        "his",
        "countenance",
        "upon",
        "thee,",
        "and",
        "give",
        "thee",
        "peace."
      ],
      "header": "",
      "footer": ""
    },
    {
      "book_name": "Numbers",
      "chapter": 6,
      "verse": 27,
      "text": [
        "And",
        "they",
        "shall",
        "put",
        "my",
        "name",
        "upon",
        "the",
        "children",
        "of",
        "Israel;",
        "and",
        "I",
        "will",
        "bless",
        "them."
      ],
      "header": "",
      "footer": ""
    }
  ]
}