{
  "book_name": "Numbers",
  "chapter": 8,
  "verses": [
    {
      "book_name": "Numbers",
      "chapter": 8,
      "verse": 1,
      "text": [
        "And",
        "the",
        "Lᴏʀᴅ",
        "spake",
        "unto",
        "Moses,",
        "saying,"
      ],
      "header": "",
      "footer": ""
    },
    {
      "book_name": "Numbers",
      "chapter": 8,
      "verse": 2,
      "text": [
        "Speak",
        "unto",
        "Aaron,",
        "and",
        "say",
        "unto",
        "him,",
        "When",
        "thou",
        "lightest",
        "the",
        "lamps,",
        "the",
        "seven",
        "lamps",
        "shall",
        "give",
        "light",
        "over",
        "against",
        "the",
        "candlestick."
      ],
      "header": "",
      "footer": ""
    },
    {
      "book_name": "Numbers",
      "chapter": 8,
      "verse": 3,
      "text": [
        "And",
        "Aaron",
        "did",
        "so;",
        "he",
        "lighted",
        "the",
        "lamps",
        "thereof",
        "over",
        "against",
        "the",
        "candlestick,",
        "as",
        "the",
        "Lᴏʀᴅ",
        "commanded",
        "Moses."
      ],
      "header": "",
      "footer": ""
    },
    {
      "book_name": "Numbers",
      "chapter": 8,
      "verse": 4,
      "text": [
        "And",
        "this",
        "work",
        "of",
        "the",
        "candlestick",
        "*was",
        "*of",
        "beaten",
        "gold,",
        "unto",
        "the",
        "shaft",
        "thereof,",
        "unto",
        "the",
        "flowers",
        "thereof,",
        "*was",
        "beaten",
        "work:",
        "according",
        "unto",
        "the",
        "pattern",
        "which",
        "the",
        "Lᴏʀᴅ",
        "had",
        "shewed",
        "Moses,",
        "so",
        "he",
        "made",
        "the",
        "candlestick."
      ],
      "header": "",
      "footer": ""
    },
    {
      "book_name": "Numbers",
      "chapter": 8,
      "verse": 5,
      "text": [
        "¶",
        "And",
        "the",
        "Lᴏʀᴅ",
        "spake",
        "unto",
        "Moses,",
        "saying,"
      ],
      "header": "",
      "footer": ""
    },
    {
      "book_name": "Numbers",
      "chapter": 8,
      "verse": 6,
      "text": [
        "Take",
        "the",
        "Levites",
        "from",
        "among",
        "the",
        "children",
        "of",
        "Israel,",
        "and",
        "cleanse",
        "them."
      ],
      "header": "",
      "footer": ""
    },
    {
      "book_name": "Numbers",
      "chapter": 8,
      "verse": 7,
      "text": [
        "And",
        "thus",
        "shalt",
        "thou",
        "do",
        "unto",
        "them,",
        "to",
        "cleanse",
        "them:",
        "Sprinkle",
        "water",
        "of",
        "purifying",
        "upon",
        "them,",
        "and",
        "let",
        "them",
        "shave",
        "all",
        "their",
        "flesh,",
        "and",
        "let",
        "them",
        "wash",
        "their",
        "clothes,",
        "and",
        "*so",
        "make",
        "themselves",
        "clean."
      ],
      "header": "",
      "footer": ""
    },
    {
      "book_name": "Numbers",
      "chapter": 8,
      "verse": 8,
      "text": [
        "Then",
        "let",
        "them",
        "take",
        "a",
        "young",
        "bullock",
        "with",
        "his",
        "meat",
        "offering,",
        "*even",
        "fine",
        "flour",
        "mingled",
        "with",
        "oil,",
        "and",
        "another",
        "young",
        "bullock",
        "shalt",
        "thou",
        "take",
        "for",
        "a",
        "sin",
        "offering."
      ],
      "header": "",
      "footer": ""
    },
    {
      "book_name": "Numbers",
      "chapter": 8,
      "verse": 9,
      "text": [
        "And",
        "thou",
        "shalt",
        "bring",
        "the",
        "Levites",
        "before",
        "the",
        "tabernacle",
        "of",
        "the",
        "congregation:",
        "and",
        "thou",
        "shalt",
        "gather",
        "the",
        "whole",
        "assembly",
        "of",
        "the",
        "children",
        "of",
        "Israel",
        "together:"
      ],
      "header": "",
      "footer": ""
    },
    {
      "book_name": "Numbers",
      "chapter": 8,
      "verse": 10,
      "text": [
        "And",
        "thou",
        "shalt",
        "bring",
        "the",
        "Levites",
        "before",
        "the",
        "Lᴏʀᴅ:",
        "and",
        "the",
        "children",
        "of",
        "Israel",
        "shall",
        "put",
        "their",
        "hands",
        "upon",
        "the",
        "Levites:"
      ],
      "header": "",
      "footer": ""
    },
    {
      "book_name": "Numbers",
      "chapter": 8,
      "verse": 11,
      "text": [
        "And",
        "Aaron",
        "shall",
        "offer",
        "the",
        "Levites",
        "before",
        "the",
        "Lᴏʀᴅ",
        "*for",
        "an",
        "offering",
        "of",
        "the",
        "children",
        "of",
        "Israel,",
        "that",
        "they",
        "may",
        "execute",
        "the",
        "service",
        "of",
        "the",
        "Lᴏʀᴅ."
      ],
      "header": "",
      "footer": ""
    },
    {
      "book_name": "Numbers",
      "chapter": 8,
      "verse": 12,
      "text": [
        "And",
        "the",
        "Levites",
        "shall",
        "lay",
        "their",
        "hands",
        "upon",
        "the",
        "heads",
        "of",
        "the",
        "bullocks:",
        "and",
        "thou",
        "shalt",
        "offer",
        "the",
        "one",
        "*for",
        "a",
        "sin",
        "offering,",
        "and",
        "the",
        "other",
        "*for",
        "a",
        "burnt",
        "offering,",
        "unto",
        "the",
        "Lᴏʀᴅ,",
        "to",
        "make",
        "an",
        "atonement",
        "for",
        "the",
        "Levites."
      ],
      "header": "",
      "footer": ""
    },
    {
      "book_name": "Numbers",
      "chapter": 8,
      "verse": 13,
      "text": [
        "And",
        "thou",
        "shalt",
        "set",
        "the",
        "Levites",
        "before",
        "Aaron,",
        "and",
        "before",
        "his",
        "sons,",
        "and",
        "offer",
        "them",
        "*for",
        "an",
        "offering",
        "unto",
        "the",
        "Lᴏʀᴅ."
      ],
      "header": "",
      "footer": ""
    },
    {
      "book_name": "Numbers",
      "chapter": 8,
      "verse": 14,
      "text": [
        "Thus",
        "shalt",
        "thou",
        "separate",
        "the",
        "Levites",
        "from",
        "among",
        "the",
        "children",
        "of",
        "Israel:",
        "and",
        "the",
        "Levites",
        "shall",
        "be",
        "mine."
      ],
      "header": "",
      "footer": ""
    },
    {
      "book_name": "Numbers",
      "chapter": 8,
      "verse": 15,
      "text": [
        "And",
        "after",
        "that",
        "shall",
        "the",
        "Levites",
        "go",
        "in",
        "to",
        "do",
        "the",
        "service",
        "of",
        "the",
        "tabernacle",
        "of",
        "the",
        "congregation:",
        "and",
        "thou",
        "shalt",
        "cleanse",
        "them,",
        "and",
        "offer",
        "them",
        "*for",
        "an",
        "offering."
      ],
      "header": "",
      "footer": ""
    },
    {
      "book_name": "Numbers",
      "chapter": 8,
      "verse": 16,
      "text": [
        "For",
        "they",
        "*are",
        "wholly",
        "given",
        "unto",
        "me",
        "from",
        "among",
        "the",
        "children",
        "of",
        "Israel;",
        "instead",
        "of",
        "such",
        "as",
        "open",
        "every",
        "womb,",
        "*even",
        "*instead",
        "*of",
        "the",
        "firstborn",
        "of",
        "all",
        "the",
        "children",
        "of",
        "Israel,",
        "have",
        "I",
        "taken",
        "them",
        "unto",
        "me."
      ],
      "header": "",
      "footer": ""
    },
    {
      "book_name": "Numbers",
      "chapter": 8,
      "verse": 17,
      "text": [
        "For",
        "all",
        "the",
        "firstborn",
        "of",
        "the",
        "children",
        "of",
        "Israel",
        "*are",
        "mine,",
        "*both",
        "man",
        "and",
        "beast:",
        "on",
        "the",
        "day",
        "that",
        "I",
        "smote",
        "every",
        "firstborn",
        "in",
        "the",
        "land",
        "of",
        "Egypt",
        "I",
        "sanctified",
        "them",
        "for",
        "myself."
      ],
      "header": "",
      "footer": ""
    },
    {
      "book_name": "Numbers",
      "chapter": 8,
      "verse": 18,
      "text": [
        "And",
        "I",
        "have",
        "taken",
        "the",
        "Levites",
        "for",
        "all",
        "the",
        "firstborn",
        "of",
        "the",
        "children",
        "of",
        "Israel."
      ],
      "header": "",
      "footer": ""
    },
    {
      "book_name": "Numbers",
      "chapter": 8,
      "verse": 19,
      "text": [
        "And",
        "I",
        "have",
        "given",
        "the",
        "Levites",
        "*as",
        "a",
        "gift",
        "to",
        "Aaron",
        "and",
        "to",
        "his",
        "sons",
        "from",
        "among",
        "the",
        "children",
        "of",
        "Israel,",
        "to",
        "do",
        "the",
        "service",
        "of",
        "the",
        "children",
        "of",
        "Israel",
        "in",
        "the",
        "tabernacle",
        "of",
        "the",
        "congregation,",
        "and",
        "to",
        "make",
        "an",
        "atonement",
        "for",
        "the",
        "children",
        "of",
        "Israel:",
        "that",
        "there",
        "be",
        "no",
        "plague",
        "among",
        "the",
        "children",
        "of",
        "Israel,",
        "when",
        "the",
        "children",
        "of",
        "Israel",
        "come",
        "nigh",
        "unto",
        "the",
        "sanctuary."
      ],
      "header": "",
      "footer": ""
    },
    {
      "book_name": "Numbers",
      "chapter": 8,
      "verse": 20,
      "text": [
        "And",
        "Moses,",
        "and",
        "Aaron,",
        "and",
        "all",
        "the",
        "congregation",
        "of",
        "the",
        "children",
        "of",
        "Israel,",
        "did",
        "to",
        "the",
        "Levites",
        "according",
        "unto",
        "all",
        "that",
        "the",
        "Lᴏʀᴅ",
        "commanded",
        "Moses",
        "concerning",
        "the",
        "Levites,",
        "so",
        "did",
        "the",
        "children",
        "of",
        "Israel",
        "unto",
        "them."
      ],
      "header": "",
      "footer": ""
    },
    {
      "book_name": "Numbers",
      "chapter": 8,
      "verse": 21,
      "text": [
        "And",
        "the",
        "Levites",
        "were",
        "purified,",
        "and",
        "they",
        "washed",
        "their",
        "clothes;",
        "and",
        "Aaron",
        "offered",
        "them",
        "*as",
        "an",
        "offering",
        "before",
        "the",
        "Lᴏʀᴅ;",
        "and",
        "Aaron",
        "made",
        "an",
        "atonement",
        "for",
        "them",
        "to",
        "cleanse",
        "them."
      ],
      "header": "",
      "footer": ""
    },
    {
      "book_name": "Numbers",
      "chapter": 8,
      "verse": 22,
      "text": [
        "And",
        "after",
        "that",
        "went",
        "the",
        "Levites",
        "in",
        "to",
        "do",
        "their",
        "service",
        "in",
        "the",
        "tabernacle",
        "of",
        "the",
        "congregation",
        "before",
        "Aaron,",
        "and",
        "before",
        "his",
        "sons:",
        "as",
        "the",
        "Lᴏʀᴅ",
        "had",
        "commanded",
        "Moses",
        "concerning",
        "the",
        "Levites,",
        "so",
        "did",
        "they",
        "unto",
        "them."
      ],
      "header": "",
      "footer": ""
    },
    {
      "book_name": "Numbers",
      "chapter": 8,
      "verse": 23,
      "text": [
        "¶",
        "And",
        "the",
        "Lᴏʀᴅ",
        "spake",
        "unto",
        "Moses,",
        "saying,"
      ],
      "header": "",
      "footer": ""
    },
    {
      "book_name": "Numbers",
      "chapter": 8,
      "verse": 24,
      "text": [
        "This",
        "*is",
        "*it",
        "that",
        "*belongeth",
        "unto",
        "the",
        "Levites:",
        "from",
        "twenty",
        "and",
        "five",
        "years",
        "old",
        "and",
        "upward",
        "they",
        "shall",
        "go",
        "in",
        "to",
        "wait",
        "upon",
        "the",
        "service",
        "of",
        "the",
        "tabernacle",
        "of",
        "the",
        "congregation:"
      ],
      "header": "",
      "footer": ""
    },
    {
      "book_name": "Numbers",
      "chapter": 8,
      "verse": 25,
      "text": [
        "And",
        "from",
        "the",
        "age",
        "of",
        "fifty",
        "years",
        "they",
        "shall",
        "cease",
        "waiting",
        "upon",
        "the",
        "service",
        "*thereof,",
        "and",
        "shall",
        "serve",
        "no",
        "more:"
      ],
      "header": "",
      "footer": ""
    },
    {
      "book_name": "Numbers",
      "chapter": 8,
      "verse": 26,
      "text": [
        "But",
        "shall",
        "minister",
        "with",
        "their",
        "brethren",
        "in",
        "the",
        "tabernacle",
        "of",
        "the",
        "congregation,",
        "to",
        "keep",
        "the",
        "charge,",
        "and",
        "shall",
        "do",
        "no",
        "service.",
        "Thus",
        "shalt",
        "thou",
        "do",
        "unto",
        "the",
        "Levites",
        "touching",
        "their",
        "charge."
      ],
      "header": "",
      "footer": ""
    }
  ]
}