{
  "book_name": "Numbers",
  "chapter": 9,
  "verses": [
    {
      "book_name": "Numbers",
      "chapter": 9,
      "verse": 1,
      "text": [
        "And",
        "the",
        "Lᴏʀᴅ",
        "spake",
        "unto",
        "Moses",
        "in",
        "the",
        "wilderness",
        "of",
        "Sinai,",
        "in",
        "the",
        "first",
        "month",
        "of",
        "the",
        "second",
        "year",
        "after",
        "they",
        "were",
        "come",
        "out",
        "of",
        "the",
        "land",
        "of",
        "Egypt,",
        "saying,"
      ],
      "header": "",
      "footer": ""
    },
    {
      "book_name": "Numbers",
      "chapter": 9,
      "verse": 2,
      "text": [
        "Let",
        "the",
        "children",
        "of",
        "Israel",
        "also",
        "keep",
        "the",
        "passover",
        "at",
        "his",
        "appointed",
        "season."
      ],
      "header": "",
      "footer": ""
    },
    {
      "book_name": "Numbers",
      "chapter": 9,
      "verse": 3,
      "text": [
        "In",
        "the",
        "fourteenth",
        "day",
        "of",
        "this",
        "month,",
        "at",
        "even,",
        "ye",
        "shall",
        "keep",
        "it",
        "in",
        "his",
        "appointed",
        "season:",
        "according",
        "to",
        "all",
        "the",
        "rites",
        "of",
        "it,",
        "and",
        "according",
        "to",
        "all",
        "the",
        "ceremonies",
        "thereof,",
        "shall",
        "ye",
        "keep",
        "it."
      ],
      "header": "",
      "footer": ""
    },
    {
      "book_name": "Numbers",
      "chapter": 9,
      "verse": 4,
      "text": [
        "And",
        "Moses",
        "spake",
        "unto",
        "the",
        "children",
        "of",
        "Israel,",
        "that",
        "they",
        "should",
        "keep",
        "the",
        "passover."
      ],
      "header": "",
      "footer": ""
    },
    {
      "book_name": "Numbers",
      "chapter": 9,
      "verse": 5,
      "text": [
        "And",
        "they",
        "kept",
        "the",
        "passover",
        "on",
        "the",
        "fourteenth",
        "day",
        "of",
        "the",
        "first",
        "month",
        "at",
        "even",
        "in",
        "the",
        "wilderness",
        "of",
        "Sinai:",
        "according",
        "to",
        "all",
        "that",
        "the",
        "Lᴏʀᴅ",
        "commanded",
        "Moses,",
        "so",
        "did",
        "the",
        "children",
        "of",
        "Israel."
      ],
      "header": "",
      "footer": ""
    },
    {
      "book_name": "Numbers",
      "chapter": 9,
      "verse": 6,
      "text": [
        "¶",
        "And",
        "there",
        "were",
        "certain",
        "men,",
        "who",
        "were",
        "defiled",
        "by",
        "the",
        "dead",
        "body",
        "of",
        "a",
        "man,",
        "that",
        "they",
        "could",
        "not",
        "keep",
        "the",
        "passover",
        "on",
        "that",
        "day:",
        "and",
        "they",
        "came",
        "before",
        "Moses",
        "and",
        "before",
        "Aaron",
        "on",
        "that",
        "day:"
      ],
      "header": "",
      "footer": ""
    },
    {
      "book_name": "Numbers",
      "chapter": 9,
      "verse": 7,
      "text": [
        "And",
        "those",
        "men",
        "said",
        "unto",
        "him,",
        "We",
        "*are",
        "defiled",
        "by",
        "the",
        "dead",
        "body",
        "of",
        "a",
        "man:",
        "wherefore",
        "are",
        "we",
        "kept",
        "back,",
        "that",
        "we",
        "may",
        "not",
        "offer",
        "an",
        "offering",
        "of",
        "the",
        "Lᴏʀᴅ",
        "in",
        "his",
        "appointed",
        "season",
        "among",
        "the",
        "children",
        "of",
        "Israel?"
      ],
      "header": "",
      "footer": ""
    },
    {
      "book_name": "Numbers",
      "chapter": 9,
      "verse": 8,
      "text": [
        "And",
        "Moses",
        "said",
        "unto",
        "them,",
        "Stand",
        "still,",
        "and",
        "I",
        "will",
        "hear",
        "what",
        "the",
        "Lᴏʀᴅ",
        "will",
        "command",
        "concerning",
        "you."
      ],
      "header": "",
      "footer": ""
    },
    {
      "book_name": "Numbers",
      "chapter": 9,
      "verse": 9,
      "text": [
        "¶",
        "And",
        "the",
        "Lᴏʀᴅ",
        "spake",
        "unto",
        "Moses,",
        "saying,"
      ],
      "header": "",
      "footer": ""
    },
    {
      "book_name": "Numbers",
      "chapter": 9,
      "verse": 10,
      "text": [
        "Speak",
        "unto",
        "the",
        "children",
        "of",
        "Israel,",
        "saying,",
        "If",
        "any",
        "man",
        "of",
        "you",
        "or",
        "of",
        "your",
        "posterity",
        "shall",
        "be",
        "unclean",
        "by",
        "reason",
        "of",
        "a",
        "dead",
        "body,",
        "or",
        "*be",
        "in",
        "a",
        "journey",
        "afar",
        "off,",
        "yet",
        "he",
        "shall",
        "keep",
        "the",
        "passover",
        "unto",
        "the",
        "Lᴏʀᴅ."
      ],
      "header": "",
      "footer": ""
    },
    {
      "book_name": "Numbers",
      "chapter": 9,
      "verse": 11,
      "text": [
        "The",
        "fourteenth",
        "day",
        "of",
        "the",
        "second",
        "month",
        "at",
        "even",
        "they",
        "shall",
        "keep",
        "it,",
        "*and",
        "eat",
        "it",
        "with",
        "unleavened",
        "bread",
        "and",
        "bitter",
        "*herbs."
      ],
      "header": "",
      "footer": ""
    },
    {
      "book_name": "Numbers",
      "chapter": 9,
      "verse": 12,
      "text": [
        "They",
        "shall",
        "leave",
        "none",
        "of",
        "it",
        "unto",
        "the",
        "morning,",
        "nor",
        "break",
        "any",
        "bone",
        "of",
        "it:",
        "according",
        "to",
        "all",
        "the",
        "ordinances",
        "of",
        "the",
        "passover",
        "they",
        "shall",
        "keep",
        "it."
      ],
      "header": "",
      "footer": ""
    },
    {
      "book_name": "Numbers",
      "chapter": 9,
      "verse": 13,
      "text": [
        "But",
        "the",
        "man",
        "that",
        "*is",
        "clean,",
        "and",
        "is",
        "not",
        "in",
        "a",
        "journey,",
        "and",
        "forbeareth",
        "to",
        "keep",
        "the",
        "passover,",
        "even",
        "the",
        "same",
        "soul",
        "shall",
        "be",
        "cut",
        "off",
        "from",
        "among",
        "his",
        "people:",
        "because",
        "he",
        "brought",
        "not",
        "the",
        "offering",
        "of",
        "the",
        "Lᴏʀᴅ",
        "in",
        "his",
        "appointed",
        "season,",
        "that",
        "man",
        "shall",
        "bear",
        "his",
        "sin."
      ],
      "header": "",
      "footer": ""
    },
    {
      "book_name": "Numbers",
      "chapter": 9,
      "verse": 14,
      "text": [
        "And",
        "if",
        "a",
        "stranger",
        "shall",
        "sojourn",
        "among",
        "you,",
        "and",
        "will",
        "keep",
        "the",
        "passover",
        "unto",
        "the",
        "Lᴏʀᴅ;",
        "according",
        "to",
        "the",
        "ordinance",
        "of",
        "the",
        "passover,",
        "and",
        "according",
        "to",
        "the",
        "manner",
        "thereof,",
        "so",
        "shall",
        "he",
        "do:",
        "ye",
        "shall",
        "have",
        "one",
        "ordinance,",
        "both",
        "for",
        "the",
        "stranger,",
        "and",
        "for",
        "him",
        "that",
        "was",
        "born",
        "in",
        "the",
        "land."
      ],
      "header": "",
      "footer": ""
    },
    {
      "book_name": "Numbers",
      "chapter": 9,
      "verse": 15,
      "text": [
        "¶",
        "And",
        "on",
        "the",
        "day",
        "that",
        "the",
        "tabernacle",
        "was",
        "reared",
        "up",
        "the",
        "cloud",
        "covered",
        "the",
        "tabernacle,",
        "*namely,",
        "the",
        "tent",
        "of",
        "the",
        "testimony:",
        "and",
        "at",
        "even",
        "there",
        "was",
        "upon",
        "the",
        "tabernacle",
        "as",
        "it",
        "were",
        "the",
        "appearance",
        "of",
        "fire,",
        "until",
        "the",
        "morning."
      ],
      "header": "",
      "footer": ""
    },
    {
      "book_name": "Numbers",
      "chapter": 9,
      "verse": 16,
      "text": [
        "So",
        "it",
        "was",
        "alway:",
        "the",
        "cloud",
        "covered",
        "it",
        "*by",
        "*day,",
        "and",
        "the",
        "appearance",
        "of",
        "fire",
        "by",
        "night."
      ],
      "header": "",
      "footer": ""
    },
    {
      "book_name": "Numbers",
      "chapter": 9,
      "verse": 17,
      "text": [
        "And",
        "when",
        "the",
        "cloud",
        "was",
        "taken",
        "up",
        "from",
        "the",
        "tabernacle,",
        "then",
        "after",
        "that",
        "the",
        "children",
        "of",
        "Israel",
        "journeyed:",
        "and",
        "in",
        "the",
        "place",
        "where",
        "the",
        "cloud",
        "abode,",
        "there",
        "the",
        "children",
        "of",
        "Israel",
        "pitched",
        "their",
        "tents."
      ],
      "header": "",
      "footer": ""
    },
    {
      "book_name": "Numbers",
      "chapter": 9,
      "verse": 18,
      "text": [
        "At",
        "the",
        "commandment",
        "of",
        "the",
        "Lᴏʀᴅ",
        "the",
        "children",
        "of",
        "Israel",
        "journeyed,",
        "and",
        "at",
        "the",
        "commandment",
        "of",
        "the",
        "Lᴏʀᴅ",
        "they",
        "pitched:",
        "as",
        "long",
        "as",
        "the",
        "cloud",
        "abode",
        "upon",
        "the",
        "tabernacle",
        "they",
        "rested",
        "in",
        "their",
        "tents."
      ],
      "header": "",
      "footer": ""
    },
    {
      "book_name": "Numbers",
      "chapter": 9,
      "verse": 19,
      "text": [
        "And",
        "when",
        "the",
        "cloud",
        "tarried",
        "long",
        "upon",
        "the",
        "tabernacle",
        "many",
        "days,",
        "then",
        "the",
        "children",
        "of",
        "Israel",
        "kept",
        "the",
        "charge",
        "of",
        "the",
        "Lᴏʀᴅ,",
        "and",
        "journeyed",
        "not."
      ],
      "header": "",
      "footer": ""
    },
    {
      "book_name": "Numbers",
      "chapter": 9,
      "verse": 20,
      "text": [
        "And",
        "*so",
        "it",
        "was,",
        "when",
        "the",
        "cloud",
        "was",
        "a",
        "few",
        "days",
        "upon",
        "the",
        "tabernacle;",
        "according",
        "to",
        "the",
        "commandment",
        "of",
        "the",
        "Lᴏʀᴅ",
        "they",
        "abode",
        "in",
        "their",
        "tents,",
        "and",
        "according",
        "to",
        "the",
        "commandment",
        "of",
        "the",
        "Lᴏʀᴅ",
        "they",
        "journeyed."
      ],
      "header": "",
      "footer": ""
    },
    {
      "book_name": "Numbers",
      "chapter": 9,
      "verse": 21,
      "text": [
        "And",
        "*so",
        "it",
        "was,",
        "when",
        "the",
        "cloud",
        "abode",
        "from",
        "even",
        "unto",
        "the",
        "morning,",
        "and",
        "*that",
        "the",
        "cloud",
        "was",
        "taken",
        "up",
        "in",
        "the",
        "morning,",
        "then",
        "they",
        "journeyed:",
        "whether",
        "*it",
        "*was",
        "by",
        "day",
        "or",
        "by",
        "night",
        "that",
        "the",
        "cloud",
        "was",
        "taken",
        "up,",
        "they",
        "journeyed."
      ],
      "header": "",
      "footer": ""
    },
    {
      "book_name": "Numbers",
      "chapter": 9,
      "verse": 22,
      "text": [
        "Or",
        "*whether",
        "*it",
        "*were",
        "two",
        "days,",
        "or",
        "a",
        "month,",
        "or",
        "a",
        "year,",
        "that",
        "the",
        "cloud",
        "tarried",
        "upon",
        "the",
        "tabernacle,",
        "remaining",
        "thereon,",
        "the",
        "children",
        "of",
        "Israel",
        "abode",
        "in",
        "their",
        "tents,",
        "and",
        "journeyed",
        "not:",
        "but",
        "when",
        "it",
        "was",
        "taken",
        "up,",
        "they",
        "journeyed."
      ],
      "header": "",
      "footer": ""
    },
    {
      "book_name": "Numbers",
      "chapter": 9,
      "verse": 23,
      "text": [
        "At",
        "the",
        "commandment",
        "of",
        "the",
        "Lᴏʀᴅ",
        "they",
        "rested",
        "in",
        "the",
        "tents,",
        "and",
        "at",
        "the",
        "commandment",
        "of",
        "the",
        "Lᴏʀᴅ",
        "they",
        "journeyed:",
        "they",
        "kept",
        "the",
        "charge",
        "of",
        "the",
        "Lᴏʀᴅ,",
        "at",
        "the",
        "commandment",
        "of",
        "the",
        "Lᴏʀᴅ",
        "by",
        "the",
        "hand",
        "of",
        "Moses."
      ],
      "header": "",
      "footer": ""
    }
  ]
}