{
  "book_name": "Hebrews",
  "chapter": 1,
  "verses": [
    {
      "book_name": "Hebrews",
      "chapter": 1,
      "verse": 1,
      "text": [
        "God,",
        "who",
        "at",
        "sundry",
        "times",
        "and",
        "in",
        "divers",
        "manners",
        "spake",
        "in",
        "time",
        "past",
        "unto",
        "the",
        "fathers",
        "by",
        "the",
        "prophets,"
      ],
      "header": "",
      "footer": ""
    },
    {
      "book_name": "Hebrews",
      "chapter": 1,
      "verse": 2,
      "text": [
        "Hath",
        "in",
        "these",
        "last",
        "days",
        "spoken",
        "unto",
        "us",
        "by",
        "*his",
        "Son,",
        "whom",
        "he",
        "hath",
        "appointed",
        "heir",
        "of",
        "all",
        "things,",
        "by",
        "whom",
        "also",
        "he",
        "made",
        "the",
        "worlds;"
      ],
      "header": "",
      "footer": ""
    },
    {
      "book_name": "Hebrews",
      "chapter": 1,
      "verse": 3,
      "text": [
        "Who",
        "being",
        "the",
        "brightness",
        "of",
        "*his",
        "glory,",
        "and",
        "the",
        "express",
        "image",
        "of",
        "his",
        "person,",
        "and",
        "upholding",
        "all",
        "things",
        "by",
        "the",
        "word",
        "of",
        "his",
        "power,",
        "when",
        "he",
        "had",
        "by",
        "himself",
        "purged",
        "our",
        "sins,",
        "sat",
        "down",
        "on",
        "the",
        "right",
        "hand",
        "of",
        "the",
        "Majesty",
        "on",
        "high;"
      ],
      "header": "",
      "footer": ""
    },
    {
      "book_name": "Hebrews",
      "chapter": 1,
      "verse": 4,
      "text": [
        "Being",
        "made",
        "so",
        "much",
        "better",
        "than",
        "the",
        "angels,",
        "as",
        "he",
        "hath",
        "by",
        "inheritance",
        "obtained",
        "a",
        "more",
        "excellent",
        "name",
        "than",
        "they."
      ],
      "header": "",
      "footer": ""
    },
    {
      "book_name": "Hebrews",
      "chapter": 1,
      "verse": 5,
      "text": [
        "For",
        "unto",
        "which",
        "of",
        "the",
        "angels",
        "said",
        "he",
        "at",
        "any",
        "time,",
        "Thou",
        "art",
        "my",
        "Son,",
        "this",
        "day",
        "have",
        "I",
        "begotten",
        "thee?",
        "And",
        "again,",
        "I",
        "will",
        "be",
        "to",
        "him",
        "a",
        "Father,",
        "and",
        "he",
        "shall",
        "be",
        "to",
        "me",
        "a",
        "Son?"
      ],
      "header": "",
      "footer": ""
    },
    {
      "book_name": "Hebrews",
      "chapter": 1,
      "verse": 6,
      "text": [
        "And",
        "again,",
        "when",
        "he",
        "bringeth",
        "in",
        "the",
        "firstbegotten",
        "into",
        "the",
        "world,",
        "he",
        "saith,",
        "And",
        "let",
        "all",
        "the",
        "angels",
        "of",
        "God",
        "worship",
        "him."
      ],
      "header": "",
      "footer": ""
    },
    {
      "book_name": "Hebrews",
      "chapter": 1,
      "verse": 7,
      "text": [
        "And",
        "of",
        "the",
        "angels",
        "he",
        "saith,",
        "Who",
        "maketh",
        "his",
        "angels",
        "spirits,",
        "and",
        "his",
        "ministers",
        "a",
        "flame",
        "of",
        "fire."
      ],
      "header": "",
      "footer": ""
    },
    {
      "book_name": "Hebrews",
      "chapter": 1,
      "verse": 8,
      "text": [
        "But",
        "unto",
        "the",
        "Son",
        "*he",
        "*saith,",
        "Thy",
        "throne,",
        "O",
        "God,",
        "*is",
        "for",
        "ever",
        "and",
        "ever:",
        "a",
        "sceptre",
        "of",
        "righteousness",
        "*is",
        "the",
        "sceptre",
        "of",
        "thy",
        "kingdom."
      ],
      "header": "",
      "footer": ""
    },
    {
      "book_name": "Hebrews",
      "chapter": 1,
      "verse": 9,
      "text": [
        "Thou",
        "hast",
        "loved",
        "righteousness,",
        "and",
        "hated",
        "iniquity;",
        "therefore",
        "God,",
        "*even",
        "thy",
        "God,",
        "hath",
        "anointed",
        "thee",
        "with",
        "the",
        "oil",
        "of",
        "gladness",
        "above",
        "thy",
        "fellows."
      ],
      "header": "",
      "footer": ""
    },
    {
      "book_name": "Hebrews",
      "chapter": 1,
      "verse": 10,
      "text": [
        "And,",
        "Thou,",
        "Lord,",
        "in",
        "the",
        "beginning",
        "hast",
        "laid",
        "the",
        "foundation",
        "of",
        "the",
        "earth;",
        "and",
        "the",
        "heavens",
        "are",
        "the",
        "works",
        "of",
        "thine",
        "hands:"
      ],
      "header": "",
      "footer": ""
    },
    {
      "book_name": "Hebrews",
      "chapter": 1,
      "verse": 11,
      "text": [
        "They",
        "shall",
        "perish;",
        "but",
        "thou",
        "remainest;",
        "and",
        "they",
        "all",
        "shall",
        "wax",
        "old",
        "as",
        "doth",
        "a",
        "garment;"
      ],
      "header": "",
      "footer": ""
    },
    {
      "book_name": "Hebrews",
      "chapter": 1,
      "verse": 12,
      "text": [
        "And",
        "as",
        "a",
        "vesture",
        "shalt",
        "thou",
        "fold",
        "them",
        "up,",
        "and",
        "they",
        "shall",
        "be",
        "changed:",
        "but",
        "thou",
        "art",
        "the",
        "same,",
        "and",
        "thy",
        "years",
        "shall",
        "not",
        "fail."
      ],
      "header": "",
      "footer": ""
    },
    {
      "book_name": "Hebrews",
      "chapter": 1,
      "verse": 13,
      "text": [
        "But",
        "to",
        "which",
        "of",
        "the",
        "angels",
        "said",
        "he",
        "at",
        "any",
        "time,",
        "Sit",
        "on",
        "my",
        "right",
        "hand,",
        "until",
        "I",
        "make",
        "thine",
        "enemies",
        "thy",
        "footstool?"
      ],
      "header": "",
      "footer": ""
    },
    {
      "book_name": "Hebrews",
      "chapter": 1,
      "verse": 14,
      "text": [
        "Are",
        "they",
        "not",
        "all",
        "ministering",
        "spirits,",
        "sent",
        "forth",
        "to",
        "minister",
        "for",
        "them",
        "who",
        "shall",
        "be",
        "heirs",
        "of",
        "salvation?"
      ],
      "header": "",
      "footer": ""
    }
  ]
}