{
  "book_name": "Hebrews",
  "chapter": 10,
  "verses": [
    {
      "book_name": "Hebrews",
      "chapter": 10,
      "verse": 1,
      "text": [
        "For",
        "the",
        "law",
        "having",
        "a",
        "shadow",
        "of",
        "good",
        "things",
        "to",
        "come,",
        "*and",
        "not",
        "the",
        "very",
        "image",
        "of",
        "the",
        "things,",
        "can",
        "never",
        "with",
        "those",
        "sacrifices",
        "which",
        "they",
        "offered",
        "year",
        "by",
        "year",
        "continually",
        "make",
        "the",
        "comers",
        "thereunto",
        "perfect."
      ],
      "header": "",
      "footer": ""
    },
    {
      "book_name": "Hebrews",
      "chapter": 10,
      "verse": 2,
      "text": [
        "For",
        "then",
        "would",
        "they",
        "not",
        "have",
        "ceased",
        "to",
        "be",
        "offered?",
        "because",
        "that",
        "the",
        "worshippers",
        "once",
        "purged",
        "should",
        "have",
        "had",
        "no",
        "more",
        "conscience",
        "of",
        "sins."
      ],
      "header": "",
      "footer": ""
    },
    {
      "book_name": "Hebrews",
      "chapter": 10,
      "verse": 3,
      "text": [
        "But",
        "in",
        "those",
        "*sacrifices",
        "*there",
        "*is",
        "a",
        "remembrance",
        "again",
        "*made",
        "of",
        "sins",
        "every",
        "year."
      ],
      "header": "",
      "footer": ""
    },
    {
      "book_name": "Hebrews",
      "chapter": 10,
      "verse": 4,
      "text": [
        "For",
        "*it",
        "*is",
        "not",
        "possible",
        "that",
        "the",
        "blood",
        "of",
        "bulls",
        "and",
        "of",
        "goats",
        "should",
        "take",
        "away",
        "sins."
      ],
      "header": "",
      "footer": ""
    },
    {
      "book_name": "Hebrews",
      "chapter": 10,
      "verse": 5,
      "text": [
        "Wherefore",
        "when",
        "he",
        "cometh",
        "into",
        "the",
        "world,",
        "he",
        "saith,",
        "Sacrifice",
        "and",
        "offering",
        "thou",
        "wouldest",
        "not,",
        "but",
        "a",
        "body",
        "hast",
        "thou",
        "prepared",
        "me:"
      ],
      "header": "",
      "footer": ""
    },
    {
      "book_name": "Hebrews",
      "chapter": 10,
      "verse": 6,
      "text": [
        "In",
        "burnt",
        "offerings",
        "and",
        "*sacrifices",
        "for",
        "sin",
        "thou",
        "hast",
        "had",
        "no",
        "pleasure."
      ],
      "header": "",
      "footer": ""
    },
    {
      "book_name": "Hebrews",
      "chapter": 10,
      "verse": 7,
      "text": [
        "Then",
        "said",
        "I,",
        "Lo,",
        "I",
        "come",
        "(in",
        "the",
        "volume",
        "of",
        "the",
        "book",
        "it",
        "is",
        "written",
        "of",
        "me,)",
        "to",
        "do",
        "thy",
        "will,",
        "O",
        "God."
      ],
      "header": "",
      "footer": ""
    },
    {
      "book_name": "Hebrews",
      "chapter": 10,
      "verse": 8,
      "text": [
        "Above",
        "when",
        "he",
        "said,",
        "Sacrifice",
        "and",
        "offering",
        "and",
        "burnt",
        "offerings",
        "and",
        "*offering",
        "for",
        "sin",
        "thou",
        "wouldest",
        "not,",
        "neither",
        "hadst",
        "pleasure",
        "*therein;",
        "which",
        "are",
        "offered",
        "by",
        "the",
        "law;"
      ],
      "header": "",
      "footer": ""
    },
    {
      "book_name": "Hebrews",
      "chapter": 10,
      "verse": 9,
      "text": [
        "Then",
        "said",
        "he,",
        "Lo,",
        "I",
        "come",
        "to",
        "do",
        "thy",
        "will,",
        "O",
        "God.",
        "He",
        "taketh",
        "away",
        "the",
        "first,",
        "that",
        "he",
        "may",
        "establish",
        "the",
        "second."
      ],
      "header": "",
      "footer": ""
    },
    {
      "book_name": "Hebrews",
      "chapter": 10,
      "verse": 10,
      "text": [
        "By",
        "the",
        "which",
        "will",
        "we",
        "are",
        "sanctified",
        "through",
        "the",
        "offering",
        "of",
        "the",
        "body",
        "of",
        "Jesus",
        "Christ",
        "once",
        "*for",
        "*all."
      ],
      "header": "",
      "footer": ""
    },
    {
      "book_name": "Hebrews",
      "chapter": 10,
      "verse": 11,
      "text": [
        "And",
        "every",
        "priest",
        "standeth",
        "daily",
        "ministering",
        "and",
        "offering",
        "oftentimes",
        "the",
        "same",
        "sacrifices,",
        "which",
        "can",
        "never",
        "take",
        "away",
        "sins:"
      ],
      "header": "",
      "footer": ""
    },
    {
      "book_name": "Hebrews",
      "chapter": 10,
      "verse": 12,
      "text": [
        "But",
        "this",
        "man,",
        "after",
        "he",
        "had",
        "offered",
        "one",
        "sacrifice",
        "for",
        "sins",
        "for",
        "ever,",
        "sat",
        "down",
        "on",
        "the",
        "right",
        "hand",
        "of",
        "God;"
      ],
      "header": "",
      "footer": ""
    },
    {
      "book_name": "Hebrews",
      "chapter": 10,
      "verse": 13,
      "text": [
        "From",
        "henceforth",
        "expecting",
        "till",
        "his",
        "enemies",
        "be",
        "made",
        "his",
        "footstool."
      ],
      "header": "",
      "footer": ""
    },
    {
      "book_name": "Hebrews",
      "chapter": 10,
      "verse": 14,
      "text": [
        "For",
        "by",
        "one",
        "offering",
        "he",
        "hath",
        "perfected",
        "for",
        "ever",
        "them",
        "that",
        "are",
        "sanctified."
      ],
      "header": "",
      "footer": ""
    },
    {
      "book_name": "Hebrews",
      "chapter": 10,
      "verse": 15,
      "text": [
        "*Whereof",
        "the",
        "Holy",
        "Ghost",
        "also",
        "is",
        "a",
        "witness",
        "to",
        "us:",
        "for",
        "after",
        "that",
        "he",
        "had",
        "said",
        "before,"
      ],
      "header": "",
      "footer": ""
    },
    {
      "book_name": "Hebrews",
      "chapter": 10,
      "verse": 16,
      "text": [
        "This",
        "*is",
        "the",
        "covenant",
        "that",
        "I",
        "will",
        "make",
        "with",
        "them",
        "after",
        "those",
        "days,",
        "saith",
        "the",
        "Lord,",
        "I",
        "will",
        "put",
        "my",
        "laws",
        "into",
        "their",
        "hearts,",
        "and",
        "in",
        "their",
        "minds",
        "will",
        "I",
        "write",
        "them;"
      ],
      "header": "",
      "footer": ""
    },
    {
      "book_name": "Hebrews",
      "chapter": 10,
      "verse": 17,
      "text": [
        "And",
        "their",
        "sins",
        "and",
        "iniquities",
        "will",
        "I",
        "remember",
        "no",
        "more."
      ],
      "header": "",
      "footer": ""
    },
    {
      "book_name": "Hebrews",
      "chapter": 10,
      "verse": 18,
      "text": [
        "Now",
        "where",
        "remission",
        "of",
        "these",
        "*is,",
        "*there",
        "*is",
        "no",
        "more",
        "offering",
        "for",
        "sin."
      ],
      "header": "",
      "footer": ""
    },
    {
      "book_name": "Hebrews",
      "chapter": 10,
      "verse": 19,
      "text": [
        "Having",
        "therefore,",
        "brethren,",
        "boldness",
        "to",
        "enter",
        "into",
        "the",
        "holiest",
        "by",
        "the",
        "blood",
        "of",
        "Jesus,"
      ],
      "header": "",
      "footer": ""
    },
    {
      "book_name": "Hebrews",
      "chapter": 10,
      "verse": 20,
      "text": [
        "By",
        "a",
        "new",
        "and",
        "living",
        "way,",
        "which",
        "he",
        "hath",
        "consecrated",
        "for",
        "us,",
        "through",
        "the",
        "veil,",
        "that",
        "is",
        "to",
        "say,",
        "his",
        "flesh;"
      ],
      "header": "",
      "footer": ""
    },
    {
      "book_name": "Hebrews",
      "chapter": 10,
      "verse": 21,
      "text": [
        "And",
        "*having",
        "an",
        "high",
        "priest",
        "over",
        "the",
        "house",
        "of",
        "God;"
      ],
      "header": "",
      "footer": ""
    },
    {
      "book_name": "Hebrews",
      "chapter": 10,
      "verse": 22,
      "text": [
        "Let",
        "us",
        "draw",
        "near",
        "with",
        "a",
        "true",
        "heart",
        "in",
        "full",
        "assurance",
        "of",
        "faith,",
        "having",
        "our",
        "hearts",
        "sprinkled",
        "from",
        "an",
        "evil",
        "conscience,",
        "and",
        "our",
        "bodies",
        "washed",
        "with",
        "pure",
        "water."
      ],
      "header": "",
      "footer": ""
    },
    {
      "book_name": "Hebrews",
      "chapter": 10,
      "verse": 23,
      "text": [
        "Let",
        "us",
        "hold",
        "fast",
        "the",
        "profession",
        "of",
        "*our",
        "faith",
        "without",
        "wavering;",
        "(for",
        "he",
        "*is",
        "faithful",
        "that",
        "promised;)"
      ],
      "header": "",
      "footer": ""
    },
    {
      "book_name": "Hebrews",
      "chapter": 10,
      "verse": 24,
      "text": [
        "And",
        "let",
        "us",
        "consider",
        "one",
        "another",
        "to",
        "provoke",
        "unto",
        "love",
        "and",
        "to",
        "good",
        "works:"
      ],
      "header": "",
      "footer": ""
    },
    {
      "book_name": "Hebrews",
      "chapter": 10,
      "verse": 25,
      "text": [
        "Not",
        "forsaking",
        "the",
        "assembling",
        "of",
        "ourselves",
        "together,",
        "as",
        "the",
        "manner",
        "of",
        "some",
        "*is;",
        "but",
        "exhorting",
        "*one",
        "*another:",
        "and",
        "so",
        "much",
        "the",
        "more,",
        "as",
        "ye",
        "see",
        "the",
        "day",
        "approaching."
      ],
      "header": "",
      "footer": ""
    },
    {
      "book_name": "Hebrews",
      "chapter": 10,
      "verse": 26,
      "text": [
        "For",
        "if",
        "we",
        "sin",
        "wilfully",
        "after",
        "that",
        "we",
        "have",
        "received",
        "the",
        "knowledge",
        "of",
        "the",
        "truth,",
        "there",
        "remaineth",
        "no",
        "more",
        "sacrifice",
        "for",
        "sins,"
      ],
      "header": "",
      "footer": ""
    },
    {
      "book_name": "Hebrews",
      "chapter": 10,
      "verse": 27,
      "text": [
        "But",
        "a",
        "certain",
        "fearful",
        "looking",
        "for",
        "of",
        "judgment",
        "and",
        "fiery",
        "indignation,",
        "which",
        "shall",
        "devour",
        "the",
        "adversaries."
      ],
      "header": "",
      "footer": ""
    },
    {
      "book_name": "Hebrews",
      "chapter": 10,
      "verse": 28,
      "text": [
        "He",
        "that",
        "despised",
        "Moses'",
        "law",
        "died",
        "without",
        "mercy",
        "under",
        "two",
        "or",
        "three",
        "witnesses:"
      ],
      "header": "",
      "footer": ""
    },
    {
      "book_name": "Hebrews",
      "chapter": 10,
      "verse": 29,
      "text": [
        "Of",
        "how",
        "much",
        "sorer",
        "punishment,",
        "suppose",
        "ye,",
        "shall",
        "he",
        "be",
        "thought",
        "worthy,",
        "who",
        "hath",
        "trodden",
        "under",
        "foot",
        "the",
        "Son",
        "of",
        "God,",
        "and",
        "hath",
        "counted",
        "the",
        "blood",
        "of",
        "the",
        "covenant,",
        "wherewith",
        "he",
        "was",
        "sanctified,",
        "an",
        "unholy",
        "thing,",
        "and",
        "hath",
        "done",
        "despite",
        "unto",
        "the",
        "Spirit",
        "of",
        "grace?"
      ],
      "header": "",
      "footer": ""
    },
    {
      "book_name": "Hebrews",
      "chapter": 10,
      "verse": 30,
      "text": [
        "For",
        "we",
        "know",
        "him",
        "that",
        "hath",
        "said,",
        "Vengeance",
        "*belongeth",
        "unto",
        "me,",
        "I",
        "will",
        "recompense,",
        "saith",
        "the",
        "Lord.",
        "And",
        "again,",
        "The",
        "Lord",
        "shall",
        "judge",
        "his",
        "people."
      ],
      "header": "",
      "footer": ""
    },
    {
      "book_name": "Hebrews",
      "chapter": 10,
      "verse": 31,
      "text": [
        "*It",
        "*is",
        "a",
        "fearful",
        "thing",
        "to",
        "fall",
        "into",
        "the",
        "hands",
        "of",
        "the",
        "living",
        "God."
      ],
      "header": "",
      "footer": ""
    },
    {
      "book_name": "Hebrews",
      "chapter": 10,
      "verse": 32,
      "text": [
        "But",
        "call",
        "to",
        "remembrance",
        "the",
        "former",
        "days,",
        "in",
        "which,",
        "after",
        "ye",
        "were",
        "illuminated,",
        "ye",
        "endured",
        "a",
        "great",
        "fight",
        "of",
        "afflictions;"
      ],
      "header": "",
      "footer": ""
    },
    {
      "book_name": "Hebrews",
      "chapter": 10,
      "verse": 33,
      "text": [
        "Partly,",
        "whilst",
        "ye",
        "were",
        "made",
        "a",
        "gazingstock",
        "both",
        "by",
        "reproaches",
        "and",
        "afflictions;",
        "and",
        "partly,",
        "whilst",
        "ye",
        "became",
        "companions",
        "of",
        "them",
        "that",
        "were",
        "so",
        "used."
      ],
      "header": "",
      "footer": ""
    },
    {
      "book_name": "Hebrews",
      "chapter": 10,
      "verse": 34,
      "text": [
        "For",
        "ye",
        "had",
        "compassion",
        "of",
        "me",
        "in",
        "my",
        "bonds,",
        "and",
        "took",
        "joyfully",
        "the",
        "spoiling",
        "of",
        "your",
        "goods,",
        "knowing",
        "in",
        "yourselves",
        "that",
        "ye",
        "have",
        "in",
        "heaven",
        "a",
        "better",
        "and",
        "an",
        "enduring",
        "substance."
      ],
      "header": "",
      "footer": ""
    },
    {
      "book_name": "Hebrews",
      "chapter": 10,
      "verse": 35,
      "text": [
        "Cast",
        "not",
        "away",
        "therefore",
        "your",
        "confidence,",
        "which",
        "hath",
        "great",
        "recompence",
        "of",
        "reward."
      ],
      "header": "",
      "footer": ""
    },
    {
      "book_name": "Hebrews",
      "chapter": 10,
      "verse": 36,
      "text": [
        "For",
        "ye",
        "have",
        "need",
        "of",
        "patience,",
        "that,",
        "after",
        "ye",
        "have",
        "done",
        "the",
        "will",
        "of",
        "God,",
        "ye",
        "might",
        "receive",
        "the",
        "promise."
      ],
      "header": "",
      "footer": ""
    },
    {
      "book_name": "Hebrews",
      "chapter": 10,
      "verse": 37,
      "text": [
        "For",
        "yet",
        "a",
        "little",
        "while,",
        "and",
        "he",
        "that",
        "shall",
        "come",
        "will",
        "come,",
        "and",
        "will",
        "not",
        "tarry."
      ],
      "header": "",
      "footer": ""
    },
    {
      "book_name": "Hebrews",
      "chapter": 10,
      "verse": 38,
      "text": [
        "Now",
        "the",
        "just",
        "shall",
        "live",
        "by",
        "faith:",
        "but",
        "if",
        "*any",
        "*man",
        "draw",
        "back,",
        "my",
        "soul",
        "shall",
        "have",
        "no",
        "pleasure",
        "in",
        "him."
      ],
      "header": "",
      "footer": ""
    },
    {
      "book_name": "Hebrews",
      "chapter": 10,
      "verse": 39,
      "text": [
        "But",
        "we",
        "are",
        "not",
        "of",
        "them",
        "who",
        "draw",
        "back",
        "unto",
        "perdition;",
        "but",
        "of",
        "them",
        "that",
        "believe",
        "to",
        "the",
        "saving",
        "of",
        "the",
        "soul."
      ],
      "header": "",
      "footer": ""
    }
  ]
}