{
  "book_name": "Hebrews",
  "chapter": 11,
  "verses": [
    {
      "book_name": "Hebrews",
      "chapter": 11,
      "verse": 1,
      "text": [
        "Now",
        "faith",
        "is",
        "the",
        "substance",
        "of",
        "things",
        "hoped",
        "for,",
        "the",
        "evidence",
        "of",
        "things",
        "not",
        "seen."
      ],
      "header": "",
      "footer": ""
    },
    {
      "book_name": "Hebrews",
      "chapter": 11,
      "verse": 2,
      "text": [
        "For",
        "by",
        "it",
        "the",
        "elders",
        "obtained",
        "a",
        "good",
        "report."
      ],
      "header": "",
      "footer": ""
    },
    {
      "book_name": "Hebrews",
      "chapter": 11,
      "verse": 3,
      "text": [
        "Through",
        "faith",
        "we",
        "understand",
        "that",
        "the",
        "worlds",
        "were",
        "framed",
        "by",
        "the",
        "word",
        "of",
        "God,",
        "so",
        "that",
        "things",
        "which",
        "are",
        "seen",
        "were",
        "not",
        "made",
        "of",
        "things",
        "which",
        "do",
        "appear."
      ],
      "header": "",
      "footer": ""
    },
    {
      "book_name": "Hebrews",
      "chapter": 11,
      "verse": 4,
      "text": [
        "By",
        "faith",
        "Abel",
        "offered",
        "unto",
        "God",
        "a",
        "more",
        "excellent",
        "sacrifice",
        "than",
        "Cain,",
        "by",
        "which",
        "he",
        "obtained",
        "witness",
        "that",
        "he",
        "was",
        "righteous,",
        "God",
        "testifying",
        "of",
        "his",
        "gifts:",
        "and",
        "by",
        "it",
        "he",
        "being",
        "dead",
        "yet",
        "speaketh."
      ],
      "header": "",
      "footer": ""
    },
    {
      "book_name": "Hebrews",
      "chapter": 11,
      "verse": 5,
      "text": [
        "By",
        "faith",
        "Enoch",
        "was",
        "translated",
        "that",
        "he",
        "should",
        "not",
        "see",
        "death;",
        "and",
        "was",
        "not",
        "found,",
        "because",
        "God",
        "had",
        "translated",
        "him:",
        "for",
        "before",
        "his",
        "translation",
        "he",
        "had",
        "this",
        "testimony,",
        "that",
        "he",
        "pleased",
        "God."
      ],
      "header": "",
      "footer": ""
    },
    {
      "book_name": "Hebrews",
      "chapter": 11,
      "verse": 6,
      "text": [
        "But",
        "without",
        "faith",
        "*it",
        "*is",
        "impossible",
        "to",
        "please",
        "*him:",
        "for",
        "he",
        "that",
        "cometh",
        "to",
        "God",
        "must",
        "believe",
        "that",
        "he",
        "is,",
        "and",
        "*that",
        "he",
        "is",
        "a",
        "rewarder",
        "of",
        "them",
        "that",
        "diligently",
        "seek",
        "him."
      ],
      "header": "",
      "footer": ""
    },
    {
      "book_name": "Hebrews",
      "chapter": 11,
      "verse": 7,
      "text": [
        "By",
        "faith",
        "Noah,",
        "being",
        "warned",
        "of",
        "God",
        "of",
        "things",
        "not",
        "seen",
        "as",
        "yet,",
        "moved",
        "with",
        "fear,",
        "prepared",
        "an",
        "ark",
        "to",
        "the",
        "saving",
        "of",
        "his",
        "house;",
        "by",
        "the",
        "which",
        "he",
        "condemned",
        "the",
        "world,",
        "and",
        "became",
        "heir",
        "of",
        "the",
        "righteousness",
        "which",
        "is",
        "by",
        "faith."
      ],
      "header": "",
      "footer": ""
    },
    {
      "book_name": "Hebrews",
      "chapter": 11,
      "verse": 8,
      "text": [
        "By",
        "faith",
        "Abraham,",
        "when",
        "he",
        "was",
        "called",
        "to",
        "go",
        "out",
        "into",
        "a",
        "place",
        "which",
        "he",
        "should",
        "after",
        "receive",
        "for",
        "an",
        "inheritance,",
        "obeyed;",
        "and",
        "he",
        "went",
        "out,",
        "not",
        "knowing",
        "whither",
        "he",
        "went."
      ],
      "header": "",
      "footer": ""
    },
    {
      "book_name": "Hebrews",
      "chapter": 11,
      "verse": 9,
      "text": [
        "By",
        "faith",
        "he",
        "sojourned",
        "in",
        "the",
        "land",
        "of",
        "promise,",
        "as",
        "*in",
        "a",
        "strange",
        "country,",
        "dwelling",
        "in",
        "tabernacles",
        "with",
        "Isaac",
        "and",
        "Jacob,",
        "the",
        "heirs",
        "with",
        "him",
        "of",
        "the",
        "same",
        "promise:"
      ],
      "header": "",
      "footer": ""
    },
    {
      "book_name": "Hebrews",
      "chapter": 11,
      "verse": 10,
      "text": [
        "For",
        "he",
        "looked",
        "for",
        "a",
        "city",
        "which",
        "hath",
        "foundations,",
        "whose",
        "builder",
        "and",
        "maker",
        "*is",
        "God."
      ],
      "header": "",
      "footer": ""
    },
    {
      "book_name": "Hebrews",
      "chapter": 11,
      "verse": 11,
      "text": [
        "Through",
        "faith",
        "also",
        "Sara",
        "herself",
        "received",
        "strength",
        "to",
        "conceive",
        "seed,",
        "and",
        "was",
        "delivered",
        "of",
        "a",
        "child",
        "when",
        "she",
        "was",
        "past",
        "age,",
        "because",
        "she",
        "judged",
        "him",
        "faithful",
        "who",
        "had",
        "promised."
      ],
      "header": "",
      "footer": ""
    },
    {
      "book_name": "Hebrews",
      "chapter": 11,
      "verse": 12,
      "text": [
        "Therefore",
        "sprang",
        "there",
        "even",
        "of",
        "one,",
        "and",
        "him",
        "as",
        "good",
        "as",
        "dead,",
        "*so",
        "*many",
        "as",
        "the",
        "stars",
        "of",
        "the",
        "sky",
        "in",
        "multitude,",
        "and",
        "as",
        "the",
        "sand",
        "which",
        "is",
        "by",
        "the",
        "sea",
        "shore",
        "innumerable."
      ],
      "header": "",
      "footer": ""
    },
    {
      "book_name": "Hebrews",
      "chapter": 11,
      "verse": 13,
      "text": [
        "These",
        "all",
        "died",
        "in",
        "faith,",
        "not",
        "having",
        "received",
        "the",
        "promises,",
        "but",
        "having",
        "seen",
        "them",
        "afar",
        "off,",
        "and",
        "were",
        "persuaded",
        "of",
        "*them,",
        "and",
        "embraced",
        "*them,",
        "and",
        "confessed",
        "that",
        "they",
        "were",
        "strangers",
        "and",
        "pilgrims",
        "on",
        "the",
        "earth."
      ],
      "header": "",
      "footer": ""
    },
    {
      "book_name": "Hebrews",
      "chapter": 11,
      "verse": 14,
      "text": [
        "For",
        "they",
        "that",
        "say",
        "such",
        "things",
        "declare",
        "plainly",
        "that",
        "they",
        "seek",
        "a",
        "country."
      ],
      "header": "",
      "footer": ""
    },
    {
      "book_name": "Hebrews",
      "chapter": 11,
      "verse": 15,
      "text": [
        "And",
        "truly,",
        "if",
        "they",
        "had",
        "been",
        "mindful",
        "of",
        "that",
        "*country",
        "from",
        "whence",
        "they",
        "came",
        "out,",
        "they",
        "might",
        "have",
        "had",
        "opportunity",
        "to",
        "have",
        "returned."
      ],
      "header": "",
      "footer": ""
    },
    {
      "book_name": "Hebrews",
      "chapter": 11,
      "verse": 16,
      "text": [
        "But",
        "now",
        "they",
        "desire",
        "a",
        "better",
        "*country,",
        "that",
        "is,",
        "an",
        "heavenly:",
        "wherefore",
        "God",
        "is",
        "not",
        "ashamed",
        "to",
        "be",
        "called",
        "their",
        "God:",
        "for",
        "he",
        "hath",
        "prepared",
        "for",
        "them",
        "a",
        "city."
      ],
      "header": "",
      "footer": ""
    },
    {
      "book_name": "Hebrews",
      "chapter": 11,
      "verse": 17,
      "text": [
        "By",
        "faith",
        "Abraham,",
        "when",
        "he",
        "was",
        "tried,",
        "offered",
        "up",
        "Isaac:",
        "and",
        "he",
        "that",
        "had",
        "received",
        "the",
        "promises",
        "offered",
        "up",
        "his",
        "only",
        "begotten",
        "*son,"
      ],
      "header": "",
      "footer": ""
    },
    {
      "book_name": "Hebrews",
      "chapter": 11,
      "verse": 18,
      "text": [
        "Of",
        "whom",
        "it",
        "was",
        "said,",
        "That",
        "in",
        "Isaac",
        "shall",
        "thy",
        "seed",
        "be",
        "called:"
      ],
      "header": "",
      "footer": ""
    },
    {
      "book_name": "Hebrews",
      "chapter": 11,
      "verse": 19,
      "text": [
        "Accounting",
        "that",
        "God",
        "*was",
        "able",
        "to",
        "raise",
        "*him",
        "up,",
        "even",
        "from",
        "the",
        "dead;",
        "from",
        "whence",
        "also",
        "he",
        "received",
        "him",
        "in",
        "a",
        "figure."
      ],
      "header": "",
      "footer": ""
    },
    {
      "book_name": "Hebrews",
      "chapter": 11,
      "verse": 20,
      "text": [
        "By",
        "faith",
        "Isaac",
        "blessed",
        "Jacob",
        "and",
        "Esau",
        "concerning",
        "things",
        "to",
        "come."
      ],
      "header": "",
      "footer": ""
    },
    {
      "book_name": "Hebrews",
      "chapter": 11,
      "verse": 21,
      "text": [
        "By",
        "faith",
        "Jacob,",
        "when",
        "he",
        "was",
        "a",
        "dying,",
        "blessed",
        "both",
        "the",
        "sons",
        "of",
        "Joseph;",
        "and",
        "worshipped,",
        "*leaning",
        "upon",
        "the",
        "top",
        "of",
        "his",
        "staff."
      ],
      "header": "",
      "footer": ""
    },
    {
      "book_name": "Hebrews",
      "chapter": 11,
      "verse": 22,
      "text": [
        "By",
        "faith",
        "Joseph,",
        "when",
        "he",
        "died,",
        "made",
        "mention",
        "of",
        "the",
        "departing",
        "of",
        "the",
        "children",
        "of",
        "Israel;",
        "and",
        "gave",
        "commandment",
        "concerning",
        "his",
        "bones."
      ],
      "header": "",
      "footer": ""
    },
    {
      "book_name": "Hebrews",
      "chapter": 11,
      "verse": 23,
      "text": [
        "By",
        "faith",
        "Moses,",
        "when",
        "he",
        "was",
        "born,",
        "was",
        "hid",
        "three",
        "months",
        "of",
        "his",
        "parents,",
        "because",
        "they",
        "saw",
        "*he",
        "*was",
        "a",
        "proper",
        "child;",
        "and",
        "they",
        "were",
        "not",
        "afraid",
        "of",
        "the",
        "king's",
        "commandment."
      ],
      "header": "",
      "footer": ""
    },
    {
      "book_name": "Hebrews",
      "chapter": 11,
      "verse": 24,
      "text": [
        "By",
        "faith",
        "Moses,",
        "when",
        "he",
        "was",
        "come",
        "to",
        "years,",
        "refused",
        "to",
        "be",
        "called",
        "the",
        "son",
        "of",
        "Pharaoh's",
        "daughter;"
      ],
      "header": "",
      "footer": ""
    },
    {
      "book_name": "Hebrews",
      "chapter": 11,
      "verse": 25,
      "text": [
        "Choosing",
        "rather",
        "to",
        "suffer",
        "affliction",
        "with",
        "the",
        "people",
        "of",
        "God,",
        "than",
        "to",
        "enjoy",
        "the",
        "pleasures",
        "of",
        "sin",
        "for",
        "a",
        "season;"
      ],
      "header": "",
      "footer": ""
    },
    {
      "book_name": "Hebrews",
      "chapter": 11,
      "verse": 26,
      "text": [
        "Esteeming",
        "the",
        "reproach",
        "of",
        "Christ",
        "greater",
        "riches",
        "than",
        "the",
        "treasures",
        "in",
        "Egypt:",
        "for",
        "he",
        "had",
        "respect",
        "unto",
        "the",
        "recompence",
        "of",
        "the",
        "reward."
      ],
      "header": "",
      "footer": ""
    },
    {
      "book_name": "Hebrews",
      "chapter": 11,
      "verse": 27,
      "text": [
        "By",
        "faith",
        "he",
        "forsook",
        "Egypt,",
        "not",
        "fearing",
        "the",
        "wrath",
        "of",
        "the",
        "king:",
        "for",
        "he",
        "endured,",
        "as",
        "seeing",
        "him",
        "who",
        "is",
        "invisible."
      ],
      "header": "",
      "footer": ""
    },
    {
      "book_name": "Hebrews",
      "chapter": 11,
      "verse": 28,
      "text": [
        "Through",
        "faith",
        "he",
        "kept",
        "the",
        "passover,",
        "and",
        "the",
        "sprinkling",
        "of",
        "blood,",
        "lest",
        "he",
        "that",
        "destroyed",
        "the",
        "firstborn",
        "should",
        "touch",
        "them."
      ],
      "header": "",
      "footer": ""
    },
    {
      "book_name": "Hebrews",
      "chapter": 11,
      "verse": 29,
      "text": [
        "By",
        "faith",
        "they",
        "passed",
        "through",
        "the",
        "Red",
        "sea",
        "as",
        "by",
        "dry",
        "*land:",
        "which",
        "the",
        "Egyptians",
        "assaying",
        "to",
        "do",
        "were",
        "drowned."
      ],
      "header": "",
      "footer": ""
    },
    {
      "book_name": "Hebrews",
      "chapter": 11,
      "verse": 30,
      "text": [
        "By",
        "faith",
        "the",
        "walls",
        "of",
        "Jericho",
        "fell",
        "down,",
        "after",
        "they",
        "were",
        "compassed",
        "about",
        "seven",
        "days."
      ],
      "header": "",
      "footer": ""
    },
    {
      "book_name": "Hebrews",
      "chapter": 11,
      "verse": 31,
      "text": [
        "By",
        "faith",
        "the",
        "harlot",
        "Rahab",
        "perished",
        "not",
        "with",
        "them",
        "that",
        "believed",
        "not,",
        "when",
        "she",
        "had",
        "received",
        "the",
        "spies",
        "with",
        "peace."
      ],
      "header": "",
      "footer": ""
    },
    {
      "book_name": "Hebrews",
      "chapter": 11,
      "verse": 32,
      "text": [
        "And",
        "what",
        "shall",
        "I",
        "more",
        "say?",
        "for",
        "the",
        "time",
        "would",
        "fail",
        "me",
        "to",
        "tell",
        "of",
        "Gedeon,",
        "and",
        "*of",
        "Barak,",
        "and",
        "*of",
        "Samson,",
        "and",
        "*of",
        "Jephthae;",
        "*of",
        "David",
        "also,",
        "and",
        "Samuel,",
        "and",
        "*of",
        "the",
        "prophets:"
      ],
      "header": "",
      "footer": ""
    },
    {
      "book_name": "Hebrews",
      "chapter": 11,
      "verse": 33,
      "text": [
        "Who",
        "through",
        "faith",
        "subdued",
        "kingdoms,",
        "wrought",
        "righteousness,",
        "obtained",
        "promises,",
        "stopped",
        "the",
        "mouths",
        "of",
        "lions,"
      ],
      "header": "",
      "footer": ""
    },
    {
      "book_name": "Hebrews",
      "chapter": 11,
      "verse": 34,
      "text": [
        "Quenched",
        "the",
        "violence",
        "of",
        "fire,",
        "escaped",
        "the",
        "edge",
        "of",
        "the",
        "sword,",
        "out",
        "of",
        "weakness",
        "were",
        "made",
        "strong,",
        "waxed",
        "valiant",
        "in",
        "fight,",
        "turned",
        "to",
        "flight",
        "the",
        "armies",
        "of",
        "the",
        "aliens."
      ],
      "header": "",
      "footer": ""
    },
    {
      "book_name": "Hebrews",
      "chapter": 11,
      "verse": 35,
      "text": [
        "Women",
        "received",
        "their",
        "dead",
        "raised",
        "to",
        "life",
        "again:",
        "and",
        "others",
        "were",
        "tortured,",
        "not",
        "accepting",
        "deliverance;",
        "that",
        "they",
        "might",
        "obtain",
        "a",
        "better",
        "resurrection:"
      ],
      "header": "",
      "footer": ""
    },
    {
      "book_name": "Hebrews",
      "chapter": 11,
      "verse": 36,
      "text": [
        "And",
        "others",
        "had",
        "trial",
        "of",
        "*cruel",
        "mockings",
        "and",
        "scourgings,",
        "yea,",
        "moreover",
        "of",
        "bonds",
        "and",
        "imprisonment:"
      ],
      "header": "",
      "footer": ""
    },
    {
      "book_name": "Hebrews",
      "chapter": 11,
      "verse": 37,
      "text": [
        "They",
        "were",
        "stoned,",
        "they",
        "were",
        "sawn",
        "asunder,",
        "were",
        "tempted,",
        "were",
        "slain",
        "with",
        "the",
        "sword:",
        "they",
        "wandered",
        "about",
        "in",
        "sheepskins",
        "and",
        "goatskins;",
        "being",
        "destitute,",
        "afflicted,",
        "tormented;"
      ],
      "header": "",
      "footer": ""
    },
    {
      "book_name": "Hebrews",
      "chapter": 11,
      "verse": 38,
      "text": [
        "(Of",
        "whom",
        "the",
        "world",
        "was",
        "not",
        "worthy:)",
        "they",
        "wandered",
        "in",
        "deserts,",
        "and",
        "*in",
        "mountains,",
        "and",
        "*in",
        "dens",
        "and",
        "caves",
        "of",
        "the",
        "earth."
      ],
      "header": "",
      "footer": ""
    },
    {
      "book_name": "Hebrews",
      "chapter": 11,
      "verse": 39,
      "text": [
        "And",
        "these",
        "all,",
        "having",
        "obtained",
        "a",
        "good",
        "report",
        "through",
        "faith,",
        "received",
        "not",
        "the",
        "promise:"
      ],
      "header": "",
      "footer": ""
    },
    {
      "book_name": "Hebrews",
      "chapter": 11,
      "verse": 40,
      "text": [
        "God",
        "having",
        "provided",
        "some",
        "better",
        "thing",
        "for",
        "us,",
        "that",
        "they",
        "without",
        "us",
        "should",
        "not",
        "be",
        "made",
        "perfect."
      ],
      "header": "",
      "footer": ""
    }
  ]
}