{
  "book_name": "Hebrews",
  "chapter": 12,
  "verses": [
    {
      "book_name": "Hebrews",
      "chapter": 12,
      "verse": 1,
      "text": [
        "Wherefore",
        "seeing",
        "we",
        "also",
        "are",
        "compassed",
        "about",
        "with",
        "so",
        "great",
        "a",
        "cloud",
        "of",
        "witnesses,",
        "let",
        "us",
        "lay",
        "aside",
        "every",
        "weight,",
        "and",
        "the",
        "sin",
        "which",
        "doth",
        "so",
        "easily",
        "beset",
        "*us,",
        "and",
        "let",
        "us",
        "run",
        "with",
        "patience",
        "the",
        "race",
        "that",
        "is",
        "set",
        "before",
        "us,"
      ],
      "header": "",
      "footer": ""
    },
    {
      "book_name": "Hebrews",
      "chapter": 12,
      "verse": 2,
      "text": [
        "Looking",
        "unto",
        "Jesus",
        "the",
        "author",
        "and",
        "finisher",
        "of",
        "*our",
        "faith;",
        "who",
        "for",
        "the",
        "joy",
        "that",
        "was",
        "set",
        "before",
        "him",
        "endured",
        "the",
        "cross,",
        "despising",
        "the",
        "shame,",
        "and",
        "is",
        "set",
        "down",
        "at",
        "the",
        "right",
        "hand",
        "of",
        "the",
        "throne",
        "of",
        "God."
      ],
      "header": "",
      "footer": ""
    },
    {
      "book_name": "Hebrews",
      "chapter": 12,
      "verse": 3,
      "text": [
        "For",
        "consider",
        "him",
        "that",
        "endured",
        "such",
        "contradiction",
        "of",
        "sinners",
        "against",
        "himself,",
        "lest",
        "ye",
        "be",
        "wearied",
        "and",
        "faint",
        "in",
        "your",
        "minds."
      ],
      "header": "",
      "footer": ""
    },
    {
      "book_name": "Hebrews",
      "chapter": 12,
      "verse": 4,
      "text": [
        "Ye",
        "have",
        "not",
        "yet",
        "resisted",
        "unto",
        "blood,",
        "striving",
        "against",
        "sin."
      ],
      "header": "",
      "footer": ""
    },
    {
      "book_name": "Hebrews",
      "chapter": 12,
      "verse": 5,
      "text": [
        "And",
        "ye",
        "have",
        "forgotten",
        "the",
        "exhortation",
        "which",
        "speaketh",
        "unto",
        "you",
        "as",
        "unto",
        "children,",
        "My",
        "son,",
        "despise",
        "not",
        "thou",
        "the",
        "chastening",
        "of",
        "the",
        "Lord,",
        "nor",
        "faint",
        "when",
        "thou",
        "art",
        "rebuked",
        "of",
        "him:"
      ],
      "header": "",
      "footer": ""
    },
    {
      "book_name": "Hebrews",
      "chapter": 12,
      "verse": 6,
      "text": [
        "For",
        "whom",
        "the",
        "Lord",
        "loveth",
        "he",
        "chasteneth,",
        "and",
        "scourgeth",
        "every",
        "son",
        "whom",
        "he",
        "receiveth."
      ],
      "header": "",
      "footer": ""
    },
    {
      "book_name": "Hebrews",
      "chapter": 12,
      "verse": 7,
      "text": [
        "If",
        "ye",
        "endure",
        "chastening,",
        "God",
        "dealeth",
        "with",
        "you",
        "as",
        "with",
        "sons;",
        "for",
        "what",
        "son",
        "is",
        "he",
        "whom",
        "the",
        "father",
        "chasteneth",
        "not?"
      ],
      "header": "",
      "footer": ""
    },
    {
      "book_name": "Hebrews",
      "chapter": 12,
      "verse": 8,
      "text": [
        "But",
        "if",
        "ye",
        "be",
        "without",
        "chastisement,",
        "whereof",
        "all",
        "are",
        "partakers,",
        "then",
        "are",
        "ye",
        "bastards,",
        "and",
        "not",
        "sons."
      ],
      "header": "",
      "footer": ""
    },
    {
      "book_name": "Hebrews",
      "chapter": 12,
      "verse": 9,
      "text": [
        "Furthermore",
        "we",
        "have",
        "had",
        "fathers",
        "of",
        "our",
        "flesh",
        "which",
        "corrected",
        "*us,",
        "and",
        "we",
        "gave",
        "*them",
        "reverence:",
        "shall",
        "we",
        "not",
        "much",
        "rather",
        "be",
        "in",
        "subjection",
        "unto",
        "the",
        "Father",
        "of",
        "spirits,",
        "and",
        "live?"
      ],
      "header": "",
      "footer": ""
    },
    {
      "book_name": "Hebrews",
      "chapter": 12,
      "verse": 10,
      "text": [
        "For",
        "they",
        "verily",
        "for",
        "a",
        "few",
        "days",
        "chastened",
        "*us",
        "after",
        "their",
        "own",
        "pleasure;",
        "but",
        "he",
        "for",
        "*our",
        "profit,",
        "that",
        "*we",
        "might",
        "be",
        "partakers",
        "of",
        "his",
        "holiness."
      ],
      "header": "",
      "footer": ""
    },
    {
      "book_name": "Hebrews",
      "chapter": 12,
      "verse": 11,
      "text": [
        "Now",
        "no",
        "chastening",
        "for",
        "the",
        "present",
        "seemeth",
        "to",
        "be",
        "joyous,",
        "but",
        "grievous:",
        "nevertheless",
        "afterward",
        "it",
        "yieldeth",
        "the",
        "peaceable",
        "fruit",
        "of",
        "righteousness",
        "unto",
        "them",
        "which",
        "are",
        "exercised",
        "thereby."
      ],
      "header": "",
      "footer": ""
    },
    {
      "book_name": "Hebrews",
      "chapter": 12,
      "verse": 12,
      "text": [
        "Wherefore",
        "lift",
        "up",
        "the",
        "hands",
        "which",
        "hang",
        "down,",
        "and",
        "the",
        "feeble",
        "knees;"
      ],
      "header": "",
      "footer": ""
    },
    {
      "book_name": "Hebrews",
      "chapter": 12,
      "verse": 13,
      "text": [
        "And",
        "make",
        "straight",
        "paths",
        "for",
        "your",
        "feet,",
        "lest",
        "that",
        "which",
        "is",
        "lame",
        "be",
        "turned",
        "out",
        "of",
        "the",
        "way;",
        "but",
        "let",
        "it",
        "rather",
        "be",
        "healed."
      ],
      "header": "",
      "footer": ""
    },
    {
      "book_name": "Hebrews",
      "chapter": 12,
      "verse": 14,
      "text": [
        "Follow",
        "peace",
        "with",
        "all",
        "*men,",
        "and",
        "holiness,",
        "without",
        "which",
        "no",
        "man",
        "shall",
        "see",
        "the",
        "Lord:"
      ],
      "header": "",
      "footer": ""
    },
    {
      "book_name": "Hebrews",
      "chapter": 12,
      "verse": 15,
      "text": [
        "Looking",
        "diligently",
        "lest",
        "any",
        "man",
        "fail",
        "of",
        "the",
        "grace",
        "of",
        "God;",
        "lest",
        "any",
        "root",
        "of",
        "bitterness",
        "springing",
        "up",
        "trouble",
        "*you,",
        "and",
        "thereby",
        "many",
        "be",
        "defiled;"
      ],
      "header": "",
      "footer": ""
    },
    {
      "book_name": "Hebrews",
      "chapter": 12,
      "verse": 16,
      "text": [
        "Lest",
        "there",
        "*be",
        "any",
        "fornicator,",
        "or",
        "profane",
        "person,",
        "as",
        "Esau,",
        "who",
        "for",
        "one",
        "morsel",
        "of",
        "meat",
        "sold",
        "his",
        "birthright."
      ],
      "header": "",
      "footer": ""
    },
    {
      "book_name": "Hebrews",
      "chapter": 12,
      "verse": 17,
      "text": [
        "For",
        "ye",
        "know",
        "how",
        "that",
        "afterward,",
        "when",
        "he",
        "would",
        "have",
        "inherited",
        "the",
        "blessing,",
        "he",
        "was",
        "rejected:",
        "for",
        "he",
        "found",
        "no",
        "place",
        "of",
        "repentance,",
        "though",
        "he",
        "sought",
        "it",
        "carefully",
        "with",
        "tears."
      ],
      "header": "",
      "footer": ""
    },
    {
      "book_name": "Hebrews",
      "chapter": 12,
      "verse": 18,
      "text": [
        "For",
        "ye",
        "are",
        "not",
        "come",
        "unto",
        "the",
        "mount",
        "that",
        "might",
        "be",
        "touched,",
        "and",
        "that",
        "burned",
        "with",
        "fire,",
        "nor",
        "unto",
        "blackness,",
        "and",
        "darkness,",
        "and",
        "tempest,"
      ],
      "header": "",
      "footer": ""
    },
    {
      "book_name": "Hebrews",
      "chapter": 12,
      "verse": 19,
      "text": [
        "And",
        "the",
        "sound",
        "of",
        "a",
        "trumpet,",
        "and",
        "the",
        "voice",
        "of",
        "words;",
        "which",
        "*voice",
        "they",
        "that",
        "heard",
        "intreated",
        "that",
        "the",
        "word",
        "should",
        "not",
        "be",
        "spoken",
        "to",
        "them",
        "any",
        "more:"
      ],
      "header": "",
      "footer": ""
    },
    {
      "book_name": "Hebrews",
      "chapter": 12,
      "verse": 20,
      "text": [
        "(For",
        "they",
        "could",
        "not",
        "endure",
        "that",
        "which",
        "was",
        "commanded,",
        "And",
        "if",
        "so",
        "much",
        "as",
        "a",
        "beast",
        "touch",
        "the",
        "mountain,",
        "it",
        "shall",
        "be",
        "stoned,",
        "or",
        "thrust",
        "through",
        "with",
        "a",
        "dart:"
      ],
      "header": "",
      "footer": ""
    },
    {
      "book_name": "Hebrews",
      "chapter": 12,
      "verse": 21,
      "text": [
        "And",
        "so",
        "terrible",
        "was",
        "the",
        "sight,",
        "*that",
        "Moses",
        "said,",
        "I",
        "exceedingly",
        "fear",
        "and",
        "quake:)"
      ],
      "header": "",
      "footer": ""
    },
    {
      "book_name": "Hebrews",
      "chapter": 12,
      "verse": 22,
      "text": [
        "But",
        "ye",
        "are",
        "come",
        "unto",
        "mount",
        "Sion,",
        "and",
        "unto",
        "the",
        "city",
        "of",
        "the",
        "living",
        "God,",
        "the",
        "heavenly",
        "Jerusalem,",
        "and",
        "to",
        "an",
        "innumerable",
        "company",
        "of",
        "angels,"
      ],
      "header": "",
      "footer": ""
    },
    {
      "book_name": "Hebrews",
      "chapter": 12,
      "verse": 23,
      "text": [
        "To",
        "the",
        "general",
        "assembly",
        "and",
        "church",
        "of",
        "the",
        "firstborn,",
        "which",
        "are",
        "written",
        "in",
        "heaven,",
        "and",
        "to",
        "God",
        "the",
        "Judge",
        "of",
        "all,",
        "and",
        "to",
        "the",
        "spirits",
        "of",
        "just",
        "men",
        "made",
        "perfect,"
      ],
      "header": "",
      "footer": ""
    },
    {
      "book_name": "Hebrews",
      "chapter": 12,
      "verse": 24,
      "text": [
        "And",
        "to",
        "Jesus",
        "the",
        "mediator",
        "of",
        "the",
        "new",
        "covenant,",
        "and",
        "to",
        "the",
        "blood",
        "of",
        "sprinkling,",
        "that",
        "speaketh",
        "better",
        "things",
        "than",
        "*that",
        "*of",
        "Abel."
      ],
      "header": "",
      "footer": ""
    },
    {
      "book_name": "Hebrews",
      "chapter": 12,
      "verse": 25,
      "text": [
        "See",
        "that",
        "ye",
        "refuse",
        "not",
        "him",
        "that",
        "speaketh.",
        "For",
        "if",
        "they",
        "escaped",
        "not",
        "who",
        "refused",
        "him",
        "that",
        "spake",
        "on",
        "earth,",
        "much",
        "more",
        "*shall",
        "*not",
        "we",
        "*escape,",
        "if",
        "we",
        "turn",
        "away",
        "from",
        "him",
        "that",
        "*speaketh",
        "from",
        "heaven:"
      ],
      "header": "",
      "footer": ""
    },
    {
      "book_name": "Hebrews",
      "chapter": 12,
      "verse": 26,
      "text": [
        "Whose",
        "voice",
        "then",
        "shook",
        "the",
        "earth:",
        "but",
        "now",
        "he",
        "hath",
        "promised,",
        "saying,",
        "Yet",
        "once",
        "more",
        "I",
        "shake",
        "not",
        "the",
        "earth",
        "only,",
        "but",
        "also",
        "heaven."
      ],
      "header": "",
      "footer": ""
    },
    {
      "book_name": "Hebrews",
      "chapter": 12,
      "verse": 27,
      "text": [
        "And",
        "this",
        "*word,",
        "Yet",
        "once",
        "more,",
        "signifieth",
        "the",
        "removing",
        "of",
        "those",
        "things",
        "that",
        "are",
        "shaken,",
        "as",
        "of",
        "things",
        "that",
        "are",
        "made,",
        "that",
        "those",
        "things",
        "which",
        "cannot",
        "be",
        "shaken",
        "may",
        "remain."
      ],
      "header": "",
      "footer": ""
    },
    {
      "book_name": "Hebrews",
      "chapter": 12,
      "verse": 28,
      "text": [
        "Wherefore",
        "we",
        "receiving",
        "a",
        "kingdom",
        "which",
        "cannot",
        "be",
        "moved,",
        "let",
        "us",
        "have",
        "grace,",
        "whereby",
        "we",
        "may",
        "serve",
        "God",
        "acceptably",
        "with",
        "reverence",
        "and",
        "godly",
        "fear:"
      ],
      "header": "",
      "footer": ""
    },
    {
      "book_name": "Hebrews",
      "chapter": 12,
      "verse": 29,
      "text": [
        "For",
        "our",
        "God",
        "*is",
        "a",
        "consuming",
        "fire."
      ],
      "header": "",
      "footer": ""
    }
  ]
}