{
  "book_name": "Hebrews",
  "chapter": 6,
  "verses": [
    {
      "book_name": "Hebrews",
      "chapter": 6,
      "verse": 1,
      "text": [
        "Therefore",
        "leaving",
        "the",
        "principles",
        "of",
        "the",
        "doctrine",
        "of",
        "Christ,",
        "let",
        "us",
        "go",
        "on",
        "unto",
        "perfection;",
        "not",
        "laying",
        "again",
        "the",
        "foundation",
        "of",
        "repentance",
        "from",
        "dead",
        "works,",
        "and",
        "of",
        "faith",
        "toward",
        "God,"
      ],
      "header": "",
      "footer": ""
    },
    {
      "book_name": "Hebrews",
      "chapter": 6,
      "verse": 2,
      "text": [
        "Of",
        "the",
        "doctrine",
        "of",
        "baptisms,",
        "and",
        "of",
        "laying",
        "on",
        "of",
        "hands,",
        "and",
        "of",
        "resurrection",
        "of",
        "the",
        "dead,",
        "and",
        "of",
        "eternal",
        "judgment."
      ],
      "header": "",
      "footer": ""
    },
    {
      "book_name": "Hebrews",
      "chapter": 6,
      "verse": 3,
      "text": [
        "And",
        "this",
        "will",
        "we",
        "do,",
        "if",
        "God",
        "permit."
      ],
      "header": "",
      "footer": ""
    },
    {
      "book_name": "Hebrews",
      "chapter": 6,
      "verse": 4,
      "text": [
        "For",
        "*it",
        "*is",
        "impossible",
        "for",
        "those",
        "who",
        "were",
        "once",
        "enlightened,",
        "and",
        "have",
        "tasted",
        "of",
        "the",
        "heavenly",
        "gift,",
        "and",
        "were",
        "made",
        "partakers",
        "of",
        "the",
        "Holy",
        "Ghost,"
      ],
      "header": "",
      "footer": ""
    },
    {
      "book_name": "Hebrews",
      "chapter": 6,
      "verse": 5,
      "text": [
        "And",
        "have",
        "tasted",
        "the",
        "good",
        "word",
        "of",
        "God,",
        "and",
        "the",
        "powers",
        "of",
        "the",
        "world",
        "to",
        "come,"
      ],
      "header": "",
      "footer": ""
    },
    {
      "book_name": "Hebrews",
      "chapter": 6,
      "verse": 6,
      "text": [
        "If",
        "they",
        "shall",
        "fall",
        "away,",
        "to",
        "renew",
        "them",
        "again",
        "unto",
        "repentance;",
        "seeing",
        "they",
        "crucify",
        "to",
        "themselves",
        "the",
        "Son",
        "of",
        "God",
        "afresh,",
        "and",
        "put",
        "*him",
        "to",
        "an",
        "open",
        "shame."
      ],
      "header": "",
      "footer": ""
    },
    {
      "book_name": "Hebrews",
      "chapter": 6,
      "verse": 7,
      "text": [
        "For",
        "the",
        "earth",
        "which",
        "drinketh",
        "in",
        "the",
        "rain",
        "that",
        "cometh",
        "oft",
        "upon",
        "it,",
        "and",
        "bringeth",
        "forth",
        "herbs",
        "meet",
        "for",
        "them",
        "by",
        "whom",
        "it",
        "is",
        "dressed,",
        "receiveth",
        "blessing",
        "from",
        "God:"
      ],
      "header": "",
      "footer": ""
    },
    {
      "book_name": "Hebrews",
      "chapter": 6,
      "verse": 8,
      "text": [
        "But",
        "that",
        "which",
        "beareth",
        "thorns",
        "and",
        "briers",
        "*is",
        "rejected,",
        "and",
        "*is",
        "nigh",
        "unto",
        "cursing;",
        "whose",
        "end",
        "*is",
        "to",
        "be",
        "burned."
      ],
      "header": "",
      "footer": ""
    },
    {
      "book_name": "Hebrews",
      "chapter": 6,
      "verse": 9,
      "text": [
        "But,",
        "beloved,",
        "we",
        "are",
        "persuaded",
        "better",
        "things",
        "of",
        "you,",
        "and",
        "things",
        "that",
        "accompany",
        "salvation,",
        "though",
        "we",
        "thus",
        "speak."
      ],
      "header": "",
      "footer": ""
    },
    {
      "book_name": "Hebrews",
      "chapter": 6,
      "verse": 10,
      "text": [
        "For",
        "God",
        "*is",
        "not",
        "unrighteous",
        "to",
        "forget",
        "your",
        "work",
        "and",
        "labour",
        "of",
        "love,",
        "which",
        "ye",
        "have",
        "shewed",
        "toward",
        "his",
        "name,",
        "in",
        "that",
        "ye",
        "have",
        "ministered",
        "to",
        "the",
        "saints,",
        "and",
        "do",
        "minister."
      ],
      "header": "",
      "footer": ""
    },
    {
      "book_name": "Hebrews",
      "chapter": 6,
      "verse": 11,
      "text": [
        "And",
        "we",
        "desire",
        "that",
        "every",
        "one",
        "of",
        "you",
        "do",
        "shew",
        "the",
        "same",
        "diligence",
        "to",
        "the",
        "full",
        "assurance",
        "of",
        "hope",
        "unto",
        "the",
        "end:"
      ],
      "header": "",
      "footer": ""
    },
    {
      "book_name": "Hebrews",
      "chapter": 6,
      "verse": 12,
      "text": [
        "That",
        "ye",
        "be",
        "not",
        "slothful,",
        "but",
        "followers",
        "of",
        "them",
        "who",
        "through",
        "faith",
        "and",
        "patience",
        "inherit",
        "the",
        "promises."
      ],
      "header": "",
      "footer": ""
    },
    {
      "book_name": "Hebrews",
      "chapter": 6,
      "verse": 13,
      "text": [
        "For",
        "when",
        "God",
        "made",
        "promise",
        "to",
        "Abraham,",
        "because",
        "he",
        "could",
        "swear",
        "by",
        "no",
        "greater,",
        "he",
        "sware",
        "by",
        "himself,"
      ],
      "header": "",
      "footer": ""
    },
    {
      "book_name": "Hebrews",
      "chapter": 6,
      "verse": 14,
      "text": [
        "Saying,",
        "Surely",
        "blessing",
        "I",
        "will",
        "bless",
        "thee,",
        "and",
        "multiplying",
        "I",
        "will",
        "multiply",
        "thee."
      ],
      "header": "",
      "footer": ""
    },
    {
      "book_name": "Hebrews",
      "chapter": 6,
      "verse": 15,
      "text": [
        "And",
        "so,",
        "after",
        "he",
        "had",
        "patiently",
        "endured,",
        "he",
        "obtained",
        "the",
        "promise."
      ],
      "header": "",
      "footer": ""
    },
    {
      "book_name": "Hebrews",
      "chapter": 6,
      "verse": 16,
      "text": [
        "For",
        "men",
        "verily",
        "swear",
        "by",
        "the",
        "greater:",
        "and",
        "an",
        "oath",
        "for",
        "confirmation",
        "*is",
        "to",
        "them",
        "an",
        "end",
        "of",
        "all",
        "strife."
      ],
      "header": "",
      "footer": ""
    },
    {
      "book_name": "Hebrews",
      "chapter": 6,
      "verse": 17,
      "text": [
        "Wherein",
        "God,",
        "willing",
        "more",
        "abundantly",
        "to",
        "shew",
        "unto",
        "the",
        "heirs",
        "of",
        "promise",
        "the",
        "immutability",
        "of",
        "his",
        "counsel,",
        "confirmed",
        "*it",
        "by",
        "an",
        "oath:"
      ],
      "header": "",
      "footer": ""
    },
    {
      "book_name": "Hebrews",
      "chapter": 6,
      "verse": 18,
      "text": [
        "That",
        "by",
        "two",
        "immutable",
        "things,",
        "in",
        "which",
        "*it",
        "*was",
        "impossible",
        "for",
        "God",
        "to",
        "lie,",
        "we",
        "might",
        "have",
        "a",
        "strong",
        "consolation,",
        "who",
        "have",
        "fled",
        "for",
        "refuge",
        "to",
        "lay",
        "hold",
        "upon",
        "the",
        "hope",
        "set",
        "before",
        "us:"
      ],
      "header": "",
      "footer": ""
    },
    {
      "book_name": "Hebrews",
      "chapter": 6,
      "verse": 19,
      "text": [
        "Which",
        "*hope",
        "we",
        "have",
        "as",
        "an",
        "anchor",
        "of",
        "the",
        "soul,",
        "both",
        "sure",
        "and",
        "stedfast,",
        "and",
        "which",
        "entereth",
        "into",
        "that",
        "within",
        "the",
        "veil;"
      ],
      "header": "",
      "footer": ""
    },
    {
      "book_name": "Hebrews",
      "chapter": 6,
      "verse": 20,
      "text": [
        "Whither",
        "the",
        "forerunner",
        "is",
        "for",
        "us",
        "entered,",
        "*even",
        "Jesus,",
        "made",
        "an",
        "high",
        "priest",
        "for",
        "ever",
        "after",
        "the",
        "order",
        "of",
        "Melchisedec."
      ],
      "header": "",
      "footer": ""
    }
  ]
}