{
  "book_name": "Hebrews",
  "chapter": 7,
  "verses": [
    {
      "book_name": "Hebrews",
      "chapter": 7,
      "verse": 1,
      "text": [
        "For",
        "this",
        "Melchisedec,",
        "king",
        "of",
        "Salem,",
        "priest",
        "of",
        "the",
        "most",
        "high",
        "God,",
        "who",
        "met",
        "Abraham",
        "returning",
        "from",
        "the",
        "slaughter",
        "of",
        "the",
        "kings,",
        "and",
        "blessed",
        "him;"
      ],
      "header": "",
      "footer": ""
    },
    {
      "book_name": "Hebrews",
      "chapter": 7,
      "verse": 2,
      "text": [
        "To",
        "whom",
        "also",
        "Abraham",
        "gave",
        "a",
        "tenth",
        "part",
        "of",
        "all;",
        "first",
        "being",
        "by",
        "interpretation",
        "King",
        "of",
        "righteousness,",
        "and",
        "after",
        "that",
        "also",
        "King",
        "of",
        "Salem,",
        "which",
        "is,",
        "King",
        "of",
        "peace;"
      ],
      "header": "",
      "footer": ""
    },
    {
      "book_name": "Hebrews",
      "chapter": 7,
      "verse": 3,
      "text": [
        "Without",
        "father,",
        "without",
        "mother,",
        "without",
        "descent,",
        "having",
        "neither",
        "beginning",
        "of",
        "days,",
        "nor",
        "end",
        "of",
        "life;",
        "but",
        "made",
        "like",
        "unto",
        "the",
        "Son",
        "of",
        "God;",
        "abideth",
        "a",
        "priest",
        "continually."
      ],
      "header": "",
      "footer": ""
    },
    {
      "book_name": "Hebrews",
      "chapter": 7,
      "verse": 4,
      "text": [
        "Now",
        "consider",
        "how",
        "great",
        "this",
        "man",
        "*was,",
        "unto",
        "whom",
        "even",
        "the",
        "patriarch",
        "Abraham",
        "gave",
        "the",
        "tenth",
        "of",
        "the",
        "spoils."
      ],
      "header": "",
      "footer": ""
    },
    {
      "book_name": "Hebrews",
      "chapter": 7,
      "verse": 5,
      "text": [
        "And",
        "verily",
        "they",
        "that",
        "are",
        "of",
        "the",
        "sons",
        "of",
        "Levi,",
        "who",
        "receive",
        "the",
        "office",
        "of",
        "the",
        "priesthood,",
        "have",
        "a",
        "commandment",
        "to",
        "take",
        "tithes",
        "of",
        "the",
        "people",
        "according",
        "to",
        "the",
        "law,",
        "that",
        "is,",
        "of",
        "their",
        "brethren,",
        "though",
        "they",
        "come",
        "out",
        "of",
        "the",
        "loins",
        "of",
        "Abraham:"
      ],
      "header": "",
      "footer": ""
    },
    {
      "book_name": "Hebrews",
      "chapter": 7,
      "verse": 6,
      "text": [
        "But",
        "he",
        "whose",
        "descent",
        "is",
        "not",
        "counted",
        "from",
        "them",
        "received",
        "tithes",
        "of",
        "Abraham,",
        "and",
        "blessed",
        "him",
        "that",
        "had",
        "the",
        "promises."
      ],
      "header": "",
      "footer": ""
    },
    {
      "book_name": "Hebrews",
      "chapter": 7,
      "verse": 7,
      "text": [
        "And",
        "without",
        "all",
        "contradiction",
        "the",
        "less",
        "is",
        "blessed",
        "of",
        "the",
        "better."
      ],
      "header": "",
      "footer": ""
    },
    {
      "book_name": "Hebrews",
      "chapter": 7,
      "verse": 8,
      "text": [
        "And",
        "here",
        "men",
        "that",
        "die",
        "receive",
        "tithes;",
        "but",
        "there",
        "he",
        "*receiveth",
        "*them,",
        "of",
        "whom",
        "it",
        "is",
        "witnessed",
        "that",
        "he",
        "liveth."
      ],
      "header": "",
      "footer": ""
    },
    {
      "book_name": "Hebrews",
      "chapter": 7,
      "verse": 9,
      "text": [
        "And",
        "as",
        "I",
        "may",
        "so",
        "say,",
        "Levi",
        "also,",
        "who",
        "receiveth",
        "tithes,",
        "payed",
        "tithes",
        "in",
        "Abraham."
      ],
      "header": "",
      "footer": ""
    },
    {
      "book_name": "Hebrews",
      "chapter": 7,
      "verse": 10,
      "text": [
        "For",
        "he",
        "was",
        "yet",
        "in",
        "the",
        "loins",
        "of",
        "his",
        "father,",
        "when",
        "Melchisedec",
        "met",
        "him."
      ],
      "header": "",
      "footer": ""
    },
    {
      "book_name": "Hebrews",
      "chapter": 7,
      "verse": 11,
      "text": [
        "If",
        "therefore",
        "perfection",
        "were",
        "by",
        "the",
        "Levitical",
        "priesthood,",
        "(for",
        "under",
        "it",
        "the",
        "people",
        "received",
        "the",
        "law,)",
        "what",
        "further",
        "need",
        "*was",
        "*there",
        "that",
        "another",
        "priest",
        "should",
        "rise",
        "after",
        "the",
        "order",
        "of",
        "Melchisedec,",
        "and",
        "not",
        "be",
        "called",
        "after",
        "the",
        "order",
        "of",
        "Aaron?"
      ],
      "header": "",
      "footer": ""
    },
    {
      "book_name": "Hebrews",
      "chapter": 7,
      "verse": 12,
      "text": [
        "For",
        "the",
        "priesthood",
        "being",
        "changed,",
        "there",
        "is",
        "made",
        "of",
        "necessity",
        "a",
        "change",
        "also",
        "of",
        "the",
        "law."
      ],
      "header": "",
      "footer": ""
    },
    {
      "book_name": "Hebrews",
      "chapter": 7,
      "verse": 13,
      "text": [
        "For",
        "he",
        "of",
        "whom",
        "these",
        "things",
        "are",
        "spoken",
        "pertaineth",
        "to",
        "another",
        "tribe,",
        "of",
        "which",
        "no",
        "man",
        "gave",
        "attendance",
        "at",
        "the",
        "altar."
      ],
      "header": "",
      "footer": ""
    },
    {
      "book_name": "Hebrews",
      "chapter": 7,
      "verse": 14,
      "text": [
        "For",
        "*it",
        "*is",
        "evident",
        "that",
        "our",
        "Lord",
        "sprang",
        "out",
        "of",
        "Juda;",
        "of",
        "which",
        "tribe",
        "Moses",
        "spake",
        "nothing",
        "concerning",
        "priesthood."
      ],
      "header": "",
      "footer": ""
    },
    {
      "book_name": "Hebrews",
      "chapter": 7,
      "verse": 15,
      "text": [
        "And",
        "it",
        "is",
        "yet",
        "far",
        "more",
        "evident:",
        "for",
        "that",
        "after",
        "the",
        "similitude",
        "of",
        "Melchisedec",
        "there",
        "ariseth",
        "another",
        "priest,"
      ],
      "header": "",
      "footer": ""
    },
    {
      "book_name": "Hebrews",
      "chapter": 7,
      "verse": 16,
      "text": [
        "Who",
        "is",
        "made,",
        "not",
        "after",
        "the",
        "law",
        "of",
        "a",
        "carnal",
        "commandment,",
        "but",
        "after",
        "the",
        "power",
        "of",
        "an",
        "endless",
        "life."
      ],
      "header": "",
      "footer": ""
    },
    {
      "book_name": "Hebrews",
      "chapter": 7,
      "verse": 17,
      "text": [
        "For",
        "he",
        "testifieth,",
        "Thou",
        "*art",
        "a",
        "priest",
        "for",
        "ever",
        "after",
        "the",
        "order",
        "of",
        "Melchisedec."
      ],
      "header": "",
      "footer": ""
    },
    {
      "book_name": "Hebrews",
      "chapter": 7,
      "verse": 18,
      "text": [
        "For",
        "there",
        "is",
        "verily",
        "a",
        "disannulling",
        "of",
        "the",
        "commandment",
        "going",
        "before",
        "for",
        "the",
        "weakness",
        "and",
        "unprofitableness",
        "thereof."
      ],
      "header": "",
      "footer": ""
    },
    {
      "book_name": "Hebrews",
      "chapter": 7,
      "verse": 19,
      "text": [
        "For",
        "the",
        "law",
        "made",
        "nothing",
        "perfect,",
        "but",
        "the",
        "bringing",
        "in",
        "of",
        "a",
        "better",
        "hope",
        "*did;",
        "by",
        "the",
        "which",
        "we",
        "draw",
        "nigh",
        "unto",
        "God."
      ],
      "header": "",
      "footer": ""
    },
    {
      "book_name": "Hebrews",
      "chapter": 7,
      "verse": 20,
      "text": [
        "And",
        "inasmuch",
        "as",
        "not",
        "without",
        "an",
        "oath",
        "*he",
        "*was",
        "*made",
        "*priest:"
      ],
      "header": "",
      "footer": ""
    },
    {
      "book_name": "Hebrews",
      "chapter": 7,
      "verse": 21,
      "text": [
        "(For",
        "those",
        "priests",
        "were",
        "made",
        "without",
        "an",
        "oath;",
        "but",
        "this",
        "with",
        "an",
        "oath",
        "by",
        "him",
        "that",
        "said",
        "unto",
        "him,",
        "The",
        "Lord",
        "sware",
        "and",
        "will",
        "not",
        "repent,",
        "Thou",
        "*art",
        "a",
        "priest",
        "for",
        "ever",
        "after",
        "the",
        "order",
        "of",
        "Melchisedec:)"
      ],
      "header": "",
      "footer": ""
    },
    {
      "book_name": "Hebrews",
      "chapter": 7,
      "verse": 22,
      "text": [
        "By",
        "so",
        "much",
        "was",
        "Jesus",
        "made",
        "a",
        "surety",
        "of",
        "a",
        "better",
        "testament."
      ],
      "header": "",
      "footer": ""
    },
    {
      "book_name": "Hebrews",
      "chapter": 7,
      "verse": 23,
      "text": [
        "And",
        "they",
        "truly",
        "were",
        "many",
        "priests,",
        "because",
        "they",
        "were",
        "not",
        "suffered",
        "to",
        "continue",
        "by",
        "reason",
        "of",
        "death:"
      ],
      "header": "",
      "footer": ""
    },
    {
      "book_name": "Hebrews",
      "chapter": 7,
      "verse": 24,
      "text": [
        "But",
        "this",
        "*man,",
        "because",
        "he",
        "continueth",
        "ever,",
        "hath",
        "an",
        "unchangeable",
        "priesthood."
      ],
      "header": "",
      "footer": ""
    },
    {
      "book_name": "Hebrews",
      "chapter": 7,
      "verse": 25,
      "text": [
        "Wherefore",
        "he",
        "is",
        "able",
        "also",
        "to",
        "save",
        "them",
        "to",
        "the",
        "uttermost",
        "that",
        "come",
        "unto",
        "God",
        "by",
        "him,",
        "seeing",
        "he",
        "ever",
        "liveth",
        "to",
        "make",
        "intercession",
        "for",
        "them."
      ],
      "header": "",
      "footer": ""
    },
    {
      "book_name": "Hebrews",
      "chapter": 7,
      "verse": 26,
      "text": [
        "For",
        "such",
        "an",
        "high",
        "priest",
        "became",
        "us,",
        "*who",
        "*is",
        "holy,",
        "harmless,",
        "undefiled,",
        "separate",
        "from",
        "sinners,",
        "and",
        "made",
        "higher",
        "than",
        "the",
        "heavens;"
      ],
      "header": "",
      "footer": ""
    },
    {
      "book_name": "Hebrews",
      "chapter": 7,
      "verse": 27,
      "text": [
        "Who",
        "needeth",
        "not",
        "daily,",
        "as",
        "those",
        "high",
        "priests,",
        "to",
        "offer",
        "up",
        "sacrifice,",
        "first",
        "for",
        "his",
        "own",
        "sins,",
        "and",
        "then",
        "for",
        "the",
        "people's:",
        "for",
        "this",
        "he",
        "did",
        "once,",
        "when",
        "he",
        "offered",
        "up",
        "himself."
      ],
      "header": "",
      "footer": ""
    },
    {
      "book_name": "Hebrews",
      "chapter": 7,
      "verse": 28,
      "text": [
        "For",
        "the",
        "law",
        "maketh",
        "men",
        "high",
        "priests",
        "which",
        "have",
        "infirmity;",
        "but",
        "the",
        "word",
        "of",
        "the",
        "oath,",
        "which",
        "was",
        "since",
        "the",
        "law,",
        "*maketh",
        "the",
        "Son,",
        "who",
        "is",
        "consecrated",
        "for",
        "evermore."
      ],
      "header": "",
      "footer": ""
    }
  ]
}