{
  "book_name": "Ezra",
  "chapter": 2,
  "verses": [
    {
      "book_name": "Ezra",
      "chapter": 2,
      "verse": 1,
      "text": [
        "Now",
        "these",
        "*are",
        "the",
        "children",
        "of",
        "the",
        "province",
        "that",
        "went",
        "up",
        "out",
        "of",
        "the",
        "captivity,",
        "of",
        "those",
        "which",
        "had",
        "been",
        "carried",
        "away,",
        "whom",
        "Nebuchadnezzar",
        "the",
        "king",
        "of",
        "Babylon",
        "had",
        "carried",
        "away",
        "unto",
        "Babylon,",
        "and",
        "came",
        "again",
        "unto",
        "Jerusalem",
        "and",
        "Judah,",
        "every",
        "one",
        "unto",
        "his",
        "city;"
      ],
      "header": "",
      "footer": ""
    },
    {
      "book_name": "Ezra",
      "chapter": 2,
      "verse": 2,
      "text": [
        "Which",
        "came",
        "with",
        "Zerubbabel:",
        "Jeshua,",
        "Nehemiah,",
        "Seraiah,",
        "Reelaiah,",
        "Mordecai,",
        "Bilshan,",
        "Mispar,",
        "Bigvai,",
        "Rehum,",
        "Baanah.",
        "The",
        "number",
        "of",
        "the",
        "men",
        "of",
        "the",
        "people",
        "of",
        "Israel:"
      ],
      "header": "",
      "footer": ""
    },
    {
      "book_name": "Ezra",
      "chapter": 2,
      "verse": 3,
      "text": [
        "The",
        "children",
        "of",
        "Parosh,",
        "two",
        "thousand",
        "an",
        "hundred",
        "seventy",
        "and",
        "two."
      ],
      "header": "",
      "footer": ""
    },
    {
      "book_name": "Ezra",
      "chapter": 2,
      "verse": 4,
      "text": [
        "The",
        "children",
        "of",
        "Shephatiah,",
        "three",
        "hundred",
        "seventy",
        "and",
        "two."
      ],
      "header": "",
      "footer": ""
    },
    {
      "book_name": "Ezra",
      "chapter": 2,
      "verse": 5,
      "text": [
        "The",
        "children",
        "of",
        "Arah,",
        "seven",
        "hundred",
        "seventy",
        "and",
        "five."
      ],
      "header": "",
      "footer": ""
    },
    {
      "book_name": "Ezra",
      "chapter": 2,
      "verse": 6,
      "text": [
        "The",
        "children",
        "of",
        "Pahathmoab,",
        "of",
        "the",
        "children",
        "of",
        "Jeshua",
        "*and",
        "Joab,",
        "two",
        "thousand",
        "eight",
        "hundred",
        "and",
        "twelve."
      ],
      "header": "",
      "footer": ""
    },
    {
      "book_name": "Ezra",
      "chapter": 2,
      "verse": 7,
      "text": [
        "The",
        "children",
        "of",
        "Elam,",
        "a",
        "thousand",
        "two",
        "hundred",
        "fifty",
        "and",
        "four."
      ],
      "header": "",
      "footer": ""
    },
    {
      "book_name": "Ezra",
      "chapter": 2,
      "verse": 8,
      "text": [
        "The",
        "children",
        "of",
        "Zattu,",
        "nine",
        "hundred",
        "forty",
        "and",
        "five."
      ],
      "header": "",
      "footer": ""
    },
    {
      "book_name": "Ezra",
      "chapter": 2,
      "verse": 9,
      "text": [
        "The",
        "children",
        "of",
        "Zaccai,",
        "seven",
        "hundred",
        "and",
        "threescore."
      ],
      "header": "",
      "footer": ""
    },
    {
      "book_name": "Ezra",
      "chapter": 2,
      "verse": 10,
      "text": [
        "The",
        "children",
        "of",
        "Bani,",
        "six",
        "hundred",
        "forty",
        "and",
        "two."
      ],
      "header": "",
      "footer": ""
    },
    {
      "book_name": "Ezra",
      "chapter": 2,
      "verse": 11,
      "text": [
        "The",
        "children",
        "of",
        "Bebai,",
        "six",
        "hundred",
        "twenty",
        "and",
        "three."
      ],
      "header": "",
      "footer": ""
    },
    {
      "book_name": "Ezra",
      "chapter": 2,
      "verse": 12,
      "text": [
        "The",
        "children",
        "of",
        "Azgad,",
        "a",
        "thousand",
        "two",
        "hundred",
        "twenty",
        "and",
        "two."
      ],
      "header": "",
      "footer": ""
    },
    {
      "book_name": "Ezra",
      "chapter": 2,
      "verse": 13,
      "text": [
        "The",
        "children",
        "of",
        "Adonikam,",
        "six",
        "hundred",
        "sixty",
        "and",
        "six."
      ],
      "header": "",
      "footer": ""
    },
    {
      "book_name": "Ezra",
      "chapter": 2,
      "verse": 14,
      "text": [
        "The",
        "children",
        "of",
        "Bigvai,",
        "two",
        "thousand",
        "fifty",
        "and",
        "six."
      ],
      "header": "",
      "footer": ""
    },
    {
      "book_name": "Ezra",
      "chapter": 2,
      "verse": 15,
      "text": [
        "The",
        "children",
        "of",
        "Adin,",
        "four",
        "hundred",
        "fifty",
        "and",
        "four."
      ],
      "header": "",
      "footer": ""
    },
    {
      "book_name": "Ezra",
      "chapter": 2,
      "verse": 16,
      "text": [
        "The",
        "children",
        "of",
        "Ater",
        "of",
        "Hezekiah,",
        "ninety",
        "and",
        "eight."
      ],
      "header": "",
      "footer": ""
    },
    {
      "book_name": "Ezra",
      "chapter": 2,
      "verse": 17,
      "text": [
        "The",
        "children",
        "of",
        "Bezai,",
        "three",
        "hundred",
        "twenty",
        "and",
        "three."
      ],
      "header": "",
      "footer": ""
    },
    {
      "book_name": "Ezra",
      "chapter": 2,
      "verse": 18,
      "text": [
        "The",
        "children",
        "of",
        "Jorah,",
        "an",
        "hundred",
        "and",
        "twelve."
      ],
      "header": "",
      "footer": ""
    },
    {
      "book_name": "Ezra",
      "chapter": 2,
      "verse": 19,
      "text": [
        "The",
        "children",
        "of",
        "Hashum,",
        "two",
        "hundred",
        "twenty",
        "and",
        "three."
      ],
      "header": "",
      "footer": ""
    },
    {
      "book_name": "Ezra",
      "chapter": 2,
      "verse": 20,
      "text": [
        "The",
        "children",
        "of",
        "Gibbar,",
        "ninety",
        "and",
        "five."
      ],
      "header": "",
      "footer": ""
    },
    {
      "book_name": "Ezra",
      "chapter": 2,
      "verse": 21,
      "text": [
        "The",
        "children",
        "of",
        "Bethlehem,",
        "an",
        "hundred",
        "twenty",
        "and",
        "three."
      ],
      "header": "",
      "footer": ""
    },
    {
      "book_name": "Ezra",
      "chapter": 2,
      "verse": 22,
      "text": [
        "The",
        "men",
        "of",
        "Netophah,",
        "fifty",
        "and",
        "six."
      ],
      "header": "",
      "footer": ""
    },
    {
      "book_name": "Ezra",
      "chapter": 2,
      "verse": 23,
      "text": [
        "The",
        "men",
        "of",
        "Anathoth,",
        "an",
        "hundred",
        "twenty",
        "and",
        "eight."
      ],
      "header": "",
      "footer": ""
    },
    {
      "book_name": "Ezra",
      "chapter": 2,
      "verse": 24,
      "text": [
        "The",
        "children",
        "of",
        "Azmaveth,",
        "forty",
        "and",
        "two."
      ],
      "header": "",
      "footer": ""
    },
    {
      "book_name": "Ezra",
      "chapter": 2,
      "verse": 25,
      "text": [
        "The",
        "children",
        "of",
        "Kirjatharim,",
        "Chephirah,",
        "and",
        "Beeroth,",
        "seven",
        "hundred",
        "and",
        "forty",
        "and",
        "three."
      ],
      "header": "",
      "footer": ""
    },
    {
      "book_name": "Ezra",
      "chapter": 2,
      "verse": 26,
      "text": [
        "The",
        "children",
        "of",
        "Ramah",
        "and",
        "Geba,",
        "six",
        "hundred",
        "twenty",
        "and",
        "one."
      ],
      "header": "",
      "footer": ""
    },
    {
      "book_name": "Ezra",
      "chapter": 2,
      "verse": 27,
      "text": [
        "The",
        "men",
        "of",
        "Michmas,",
        "an",
        "hundred",
        "twenty",
        "and",
        "two."
      ],
      "header": "",
      "footer": ""
    },
    {
      "book_name": "Ezra",
      "chapter": 2,
      "verse": 28,
      "text": [
        "The",
        "men",
        "of",
        "Bethel",
        "and",
        "Ai,",
        "two",
        "hundred",
        "twenty",
        "and",
        "three."
      ],
      "header": "",
      "footer": ""
    },
    {
      "book_name": "Ezra",
      "chapter": 2,
      "verse": 29,
      "text": [
        "The",
        "children",
        "of",
        "Nebo,",
        "fifty",
        "and",
        "two."
      ],
      "header": "",
      "footer": ""
    },
    {
      "book_name": "Ezra",
      "chapter": 2,
      "verse": 30,
      "text": [
        "The",
        "children",
        "of",
        "Magbish,",
        "an",
        "hundred",
        "fifty",
        "and",
        "six."
      ],
      "header": "",
      "footer": ""
    },
    {
      "book_name": "Ezra",
      "chapter": 2,
      "verse": 31,
      "text": [
        "The",
        "children",
        "of",
        "the",
        "other",
        "Elam,",
        "a",
        "thousand",
        "two",
        "hundred",
        "fifty",
        "and",
        "four."
      ],
      "header": "",
      "footer": ""
    },
    {
      "book_name": "Ezra",
      "chapter": 2,
      "verse": 32,
      "text": [
        "The",
        "children",
        "of",
        "Harim,",
        "three",
        "hundred",
        "and",
        "twenty."
      ],
      "header": "",
      "footer": ""
    },
    {
      "book_name": "Ezra",
      "chapter": 2,
      "verse": 33,
      "text": [
        "The",
        "children",
        "of",
        "Lod,",
        "Hadid,",
        "and",
        "Ono,",
        "seven",
        "hundred",
        "twenty",
        "and",
        "five."
      ],
      "header": "",
      "footer": ""
    },
    {
      "book_name": "Ezra",
      "chapter": 2,
      "verse": 34,
      "text": [
        "The",
        "children",
        "of",
        "Jericho,",
        "three",
        "hundred",
        "forty",
        "and",
        "five."
      ],
      "header": "",
      "footer": ""
    },
    {
      "book_name": "Ezra",
      "chapter": 2,
      "verse": 35,
      "text": [
        "The",
        "children",
        "of",
        "Senaah,",
        "three",
        "thousand",
        "and",
        "six",
        "hundred",
        "and",
        "thirty."
      ],
      "header": "",
      "footer": ""
    },
    {
      "book_name": "Ezra",
      "chapter": 2,
      "verse": 36,
      "text": [
        "The",
        "priests:",
        "the",
        "children",
        "of",
        "Jedaiah,",
        "of",
        "the",
        "house",
        "of",
        "Jeshua,",
        "nine",
        "hundred",
        "seventy",
        "and",
        "three."
      ],
      "header": "",
      "footer": ""
    },
    {
      "book_name": "Ezra",
      "chapter": 2,
      "verse": 37,
      "text": [
        "The",
        "children",
        "of",
        "Immer,",
        "a",
        "thousand",
        "fifty",
        "and",
        "two."
      ],
      "header": "",
      "footer": ""
    },
    {
      "book_name": "Ezra",
      "chapter": 2,
      "verse": 38,
      "text": [
        "The",
        "children",
        "of",
        "Pashur,",
        "a",
        "thousand",
        "two",
        "hundred",
        "forty",
        "and",
        "seven."
      ],
      "header": "",
      "footer": ""
    },
    {
      "book_name": "Ezra",
      "chapter": 2,
      "verse": 39,
      "text": [
        "The",
        "children",
        "of",
        "Harim,",
        "a",
        "thousand",
        "and",
        "seventeen."
      ],
      "header": "",
      "footer": ""
    },
    {
      "book_name": "Ezra",
      "chapter": 2,
      "verse": 40,
      "text": [
        "¶",
        "The",
        "Levites:",
        "the",
        "children",
        "of",
        "Jeshua",
        "and",
        "Kadmiel,",
        "of",
        "the",
        "children",
        "of",
        "Hodaviah,",
        "seventy",
        "and",
        "four."
      ],
      "header": "",
      "footer": ""
    },
    {
      "book_name": "Ezra",
      "chapter": 2,
      "verse": 41,
      "text": [
        "¶",
        "The",
        "singers:",
        "the",
        "children",
        "of",
        "Asaph,",
        "an",
        "hundred",
        "twenty",
        "and",
        "eight."
      ],
      "header": "",
      "footer": ""
    },
    {
      "book_name": "Ezra",
      "chapter": 2,
      "verse": 42,
      "text": [
        "¶",
        "The",
        "children",
        "of",
        "the",
        "porters:",
        "the",
        "children",
        "of",
        "Shallum,",
        "the",
        "children",
        "of",
        "Ater,",
        "the",
        "children",
        "of",
        "Talmon,",
        "the",
        "children",
        "of",
        "Akkub,",
        "the",
        "children",
        "of",
        "Hatita,",
        "the",
        "children",
        "of",
        "Shobai,",
        "*in",
        "all",
        "an",
        "hundred",
        "thirty",
        "and",
        "nine."
      ],
      "header": "",
      "footer": ""
    },
    {
      "book_name": "Ezra",
      "chapter": 2,
      "verse": 43,
      "text": [
        "¶",
        "The",
        "Nethinims:",
        "the",
        "children",
        "of",
        "Ziha,",
        "the",
        "children",
        "of",
        "Hasupha,",
        "the",
        "children",
        "of",
        "Tabbaoth,"
      ],
      "header": "",
      "footer": ""
    },
    {
      "book_name": "Ezra",
      "chapter": 2,
      "verse": 44,
      "text": [
        "The",
        "children",
        "of",
        "Keros,",
        "the",
        "children",
        "of",
        "Siaha,",
        "the",
        "children",
        "of",
        "Padon,"
      ],
      "header": "",
      "footer": ""
    },
    {
      "book_name": "Ezra",
      "chapter": 2,
      "verse": 45,
      "text": [
        "The",
        "children",
        "of",
        "Lebanah,",
        "the",
        "children",
        "of",
        "Hagabah,",
        "the",
        "children",
        "of",
        "Akkub,"
      ],
      "header": "",
      "footer": ""
    },
    {
      "book_name": "Ezra",
      "chapter": 2,
      "verse": 46,
      "text": [
        "The",
        "children",
        "of",
        "Hagab,",
        "the",
        "children",
        "of",
        "Shalmai,",
        "the",
        "children",
        "of",
        "Hanan,"
      ],
      "header": "",
      "footer": ""
    },
    {
      "book_name": "Ezra",
      "chapter": 2,
      "verse": 47,
      "text": [
        "The",
        "children",
        "of",
        "Giddel,",
        "the",
        "children",
        "of",
        "Gahar,",
        "the",
        "children",
        "of",
        "Reaiah,"
      ],
      "header": "",
      "footer": ""
    },
    {
      "book_name": "Ezra",
      "chapter": 2,
      "verse": 48,
      "text": [
        "The",
        "children",
        "of",
        "Rezin,",
        "the",
        "children",
        "of",
        "Nekoda,",
        "the",
        "children",
        "of",
        "Gazzam,"
      ],
      "header": "",
      "footer": ""
    },
    {
      "book_name": "Ezra",
      "chapter": 2,
      "verse": 49,
      "text": [
        "The",
        "children",
        "of",
        "Uzza,",
        "the",
        "children",
        "of",
        "Paseah,",
        "the",
        "children",
        "of",
        "Besai,"
      ],
      "header": "",
      "footer": ""
    },
    {
      "book_name": "Ezra",
      "chapter": 2,
      "verse": 50,
      "text": [
        "The",
        "children",
        "of",
        "Asnah,",
        "the",
        "children",
        "of",
        "Mehunim,",
        "the",
        "children",
        "of",
        "Nephusim,"
      ],
      "header": "",
      "footer": ""
    },
    {
      "book_name": "Ezra",
      "chapter": 2,
      "verse": 51,
      "text": [
        "The",
        "children",
        "of",
        "Bakbuk,",
        "the",
        "children",
        "of",
        "Hakupha,",
        "the",
        "children",
        "of",
        "Harhur,"
      ],
      "header": "",
      "footer": ""
    },
    {
      "book_name": "Ezra",
      "chapter": 2,
      "verse": 52,
      "text": [
        "The",
        "children",
        "of",
        "Bazluth,",
        "the",
        "children",
        "of",
        "Mehida,",
        "the",
        "children",
        "of",
        "Harsha,"
      ],
      "header": "",
      "footer": ""
    },
    {
      "book_name": "Ezra",
      "chapter": 2,
      "verse": 53,
      "text": [
        "The",
        "children",
        "of",
        "Barkos,",
        "the",
        "children",
        "of",
        "Sisera,",
        "the",
        "children",
        "of",
        "Thamah,"
      ],
      "header": "",
      "footer": ""
    },
    {
      "book_name": "Ezra",
      "chapter": 2,
      "verse": 54,
      "text": [
        "The",
        "children",
        "of",
        "Neziah,",
        "the",
        "children",
        "of",
        "Hatipha."
      ],
      "header": "",
      "footer": ""
    },
    {
      "book_name": "Ezra",
      "chapter": 2,
      "verse": 55,
      "text": [
        "¶",
        "The",
        "children",
        "of",
        "Solomon's",
        "servants:",
        "the",
        "children",
        "of",
        "Sotai,",
        "the",
        "children",
        "of",
        "Sophereth,",
        "the",
        "children",
        "of",
        "Peruda,"
      ],
      "header": "",
      "footer": ""
    },
    {
      "book_name": "Ezra",
      "chapter": 2,
      "verse": 56,
      "text": [
        "The",
        "children",
        "of",
        "Jaalah,",
        "the",
        "children",
        "of",
        "Darkon,",
        "the",
        "children",
        "of",
        "Giddel,"
      ],
      "header": "",
      "footer": ""
    },
    {
      "book_name": "Ezra",
      "chapter": 2,
      "verse": 57,
      "text": [
        "The",
        "children",
        "of",
        "Shephatiah,",
        "the",
        "children",
        "of",
        "Hattil,",
        "the",
        "children",
        "of",
        "Pochereth",
        "of",
        "Zebaim,",
        "the",
        "children",
        "of",
        "Ami."
      ],
      "header": "",
      "footer": ""
    },
    {
      "book_name": "Ezra",
      "chapter": 2,
      "verse": 58,
      "text": [
        "All",
        "the",
        "Nethinims,",
        "and",
        "the",
        "children",
        "of",
        "Solomon's",
        "servants,",
        "*were",
        "three",
        "hundred",
        "ninety",
        "and",
        "two."
      ],
      "header": "",
      "footer": ""
    },
    {
      "book_name": "Ezra",
      "chapter": 2,
      "verse": 59,
      "text": [
        "And",
        "these",
        "*were",
        "they",
        "which",
        "went",
        "up",
        "from",
        "Telmelah,",
        "Telharsa,",
        "Cherub,",
        "Addan,",
        "*and",
        "Immer:",
        "but",
        "they",
        "could",
        "not",
        "shew",
        "their",
        "father's",
        "house,",
        "and",
        "their",
        "seed,",
        "whether",
        "they",
        "*were",
        "of",
        "Israel:"
      ],
      "header": "",
      "footer": ""
    },
    {
      "book_name": "Ezra",
      "chapter": 2,
      "verse": 60,
      "text": [
        "The",
        "children",
        "of",
        "Delaiah,",
        "the",
        "children",
        "of",
        "Tobiah,",
        "the",
        "children",
        "of",
        "Nekoda,",
        "six",
        "hundred",
        "fifty",
        "and",
        "two."
      ],
      "header": "",
      "footer": ""
    },
    {
      "book_name": "Ezra",
      "chapter": 2,
      "verse": 61,
      "text": [
        "¶",
        "And",
        "of",
        "the",
        "children",
        "of",
        "the",
        "priests:",
        "the",
        "children",
        "of",
        "Habaiah,",
        "the",
        "children",
        "of",
        "Koz,",
        "the",
        "children",
        "of",
        "Barzillai;",
        "which",
        "took",
        "a",
        "wife",
        "of",
        "the",
        "daughters",
        "of",
        "Barzillai",
        "the",
        "Gileadite,",
        "and",
        "was",
        "called",
        "after",
        "their",
        "name:"
      ],
      "header": "",
      "footer": ""
    },
    {
      "book_name": "Ezra",
      "chapter": 2,
      "verse": 62,
      "text": [
        "These",
        "sought",
        "their",
        "register",
        "*among",
        "those",
        "that",
        "were",
        "reckoned",
        "by",
        "genealogy,",
        "but",
        "they",
        "were",
        "not",
        "found:",
        "therefore",
        "were",
        "they,",
        "as",
        "polluted,",
        "put",
        "from",
        "the",
        "priesthood."
      ],
      "header": "",
      "footer": ""
    },
    {
      "book_name": "Ezra",
      "chapter": 2,
      "verse": 63,
      "text": [
        "And",
        "the",
        "Tirshatha",
        "said",
        "unto",
        "them,",
        "that",
        "they",
        "should",
        "not",
        "eat",
        "of",
        "the",
        "most",
        "holy",
        "things,",
        "till",
        "there",
        "stood",
        "up",
        "a",
        "priest",
        "with",
        "Urim",
        "and",
        "with",
        "Thummim."
      ],
      "header": "",
      "footer": ""
    },
    {
      "book_name": "Ezra",
      "chapter": 2,
      "verse": 64,
      "text": [
        "¶",
        "The",
        "whole",
        "congregation",
        "together",
        "*was",
        "forty",
        "and",
        "two",
        "thousand",
        "three",
        "hundred",
        "*and",
        "threescore,"
      ],
      "header": "",
      "footer": ""
    },
    {
      "book_name": "Ezra",
      "chapter": 2,
      "verse": 65,
      "text": [
        "Beside",
        "their",
        "servants",
        "and",
        "their",
        "maids,",
        "of",
        "whom",
        "*there",
        "*were",
        "seven",
        "thousand",
        "three",
        "hundred",
        "thirty",
        "and",
        "seven:",
        "and",
        "*there",
        "*were",
        "among",
        "them",
        "two",
        "hundred",
        "singing",
        "men",
        "and",
        "singing",
        "women."
      ],
      "header": "",
      "footer": ""
    },
    {
      "book_name": "Ezra",
      "chapter": 2,
      "verse": 66,
      "text": [
        "Their",
        "horses",
        "*were",
        "seven",
        "hundred",
        "thirty",
        "and",
        "six;",
        "their",
        "mules,",
        "two",
        "hundred",
        "forty",
        "and",
        "five;"
      ],
      "header": "",
      "footer": ""
    },
    {
      "book_name": "Ezra",
      "chapter": 2,
      "verse": 67,
      "text": [
        "Their",
        "camels,",
        "four",
        "hundred",
        "thirty",
        "and",
        "five;",
        "*their",
        "asses,",
        "six",
        "thousand",
        "seven",
        "hundred",
        "and",
        "twenty."
      ],
      "header": "",
      "footer": ""
    },
    {
      "book_name": "Ezra",
      "chapter": 2,
      "verse": 68,
      "text": [
        "¶",
        "And",
        "*some",
        "of",
        "the",
        "chief",
        "of",
        "the",
        "fathers,",
        "when",
        "they",
        "came",
        "to",
        "the",
        "house",
        "of",
        "the",
        "Lᴏʀᴅ",
        "which",
        "*is",
        "at",
        "Jerusalem,",
        "offered",
        "freely",
        "for",
        "the",
        "house",
        "of",
        "God",
        "to",
        "set",
        "it",
        "up",
        "in",
        "his",
        "place:"
      ],
      "header": "",
      "footer": ""
    },
    {
      "book_name": "Ezra",
      "chapter": 2,
      "verse": 69,
      "text": [
        "They",
        "gave",
        "after",
        "their",
        "ability",
        "unto",
        "the",
        "treasure",
        "of",
        "the",
        "work",
        "threescore",
        "and",
        "one",
        "thousand",
        "drams",
        "of",
        "gold,",
        "and",
        "five",
        "thousand",
        "pound",
        "of",
        "silver,",
        "and",
        "one",
        "hundred",
        "priests'",
        "garments."
      ],
      "header": "",
      "footer": ""
    },
    {
      "book_name": "Ezra",
      "chapter": 2,
      "verse": 70,
      "text": [
        "So",
        "the",
        "priests,",
        "and",
        "the",
        "Levites,",
        "and",
        "*some",
        "of",
        "the",
        "people,",
        "and",
        "the",
        "singers,",
        "and",
        "the",
        "porters,",
        "and",
        "the",
        "Nethinims,",
        "dwelt",
        "in",
        "their",
        "cities,",
        "and",
        "all",
        "Israel",
        "in",
        "their",
        "cities."
      ],
      "header": "",
      "footer": ""
    }
  ]
}