{
  "book_name": "Hosea",
  "chapter": 1,
  "verses": [
    {
      "book_name": "Hosea",
      "chapter": 1,
      "verse": 1,
      "text": [
        "The",
        "word",
        "of",
        "the",
        "Lᴏʀᴅ",
        "that",
        "came",
        "unto",
        "Hosea,",
        "the",
        "son",
        "of",
        "Beeri,",
        "in",
        "the",
        "days",
        "of",
        "Uzziah,",
        "Jotham,",
        "Ahaz,",
        "*and",
        "Hezekiah,",
        "kings",
        "of",
        "Judah,",
        "and",
        "in",
        "the",
        "days",
        "of",
        "Jeroboam",
        "the",
        "son",
        "of",
        "Joash,",
        "king",
        "of",
        "Israel."
      ],
      "header": "",
      "footer": ""
    },
    {
      "book_name": "Hosea",
      "chapter": 1,
      "verse": 2,
      "text": [
        "The",
        "beginning",
        "of",
        "the",
        "word",
        "of",
        "the",
        "Lᴏʀᴅ",
        "by",
        "Hosea.",
        "And",
        "the",
        "Lᴏʀᴅ",
        "said",
        "to",
        "Hosea,",
        "Go,",
        "take",
        "unto",
        "thee",
        "a",
        "wife",
        "of",
        "whoredoms",
        "and",
        "children",
        "of",
        "whoredoms:",
        "for",
        "the",
        "land",
        "hath",
        "committed",
        "great",
        "whoredom,",
        "*departing",
        "from",
        "the",
        "Lᴏʀᴅ."
      ],
      "header": "",
      "footer": ""
    },
    {
      "book_name": "Hosea",
      "chapter": 1,
      "verse": 3,
      "text": [
        "So",
        "he",
        "went",
        "and",
        "took",
        "Gomer",
        "the",
        "daughter",
        "of",
        "Diblaim;",
        "which",
        "conceived,",
        "and",
        "bare",
        "him",
        "a",
        "son."
      ],
      "header": "",
      "footer": ""
    },
    {
      "book_name": "Hosea",
      "chapter": 1,
      "verse": 4,
      "text": [
        "And",
        "the",
        "Lᴏʀᴅ",
        "said",
        "unto",
        "him,",
        "Call",
        "his",
        "name",
        "Jezreel;",
        "for",
        "yet",
        "a",
        "little",
        "*while,",
        "and",
        "I",
        "will",
        "avenge",
        "the",
        "blood",
        "of",
        "Jezreel",
        "upon",
        "the",
        "house",
        "of",
        "Jehu,",
        "and",
        "will",
        "cause",
        "to",
        "cease",
        "the",
        "kingdom",
        "of",
        "the",
        "house",
        "of",
        "Israel."
      ],
      "header": "",
      "footer": ""
    },
    {
      "book_name": "Hosea",
      "chapter": 1,
      "verse": 5,
      "text": [
        "And",
        "it",
        "shall",
        "come",
        "to",
        "pass",
        "at",
        "that",
        "day,",
        "that",
        "I",
        "will",
        "break",
        "the",
        "bow",
        "of",
        "Israel",
        "in",
        "the",
        "valley",
        "of",
        "Jezreel."
      ],
      "header": "",
      "footer": ""
    },
    {
      "book_name": "Hosea",
      "chapter": 1,
      "verse": 6,
      "text": [
        "¶",
        "And",
        "she",
        "conceived",
        "again,",
        "and",
        "bare",
        "a",
        "daughter.",
        "And",
        "*God",
        "said",
        "unto",
        "him,",
        "Call",
        "her",
        "name",
        "Loruhamah:",
        "for",
        "I",
        "will",
        "no",
        "more",
        "have",
        "mercy",
        "upon",
        "the",
        "house",
        "of",
        "Israel;",
        "but",
        "I",
        "will",
        "utterly",
        "take",
        "them",
        "away."
      ],
      "header": "",
      "footer": ""
    },
    {
      "book_name": "Hosea",
      "chapter": 1,
      "verse": 7,
      "text": [
        "But",
        "I",
        "will",
        "have",
        "mercy",
        "upon",
        "the",
        "house",
        "of",
        "Judah,",
        "and",
        "will",
        "save",
        "them",
        "by",
        "the",
        "Lᴏʀᴅ",
        "their",
        "God,",
        "and",
        "will",
        "not",
        "save",
        "them",
        "by",
        "bow,",
        "nor",
        "by",
        "sword,",
        "nor",
        "by",
        "battle,",
        "by",
        "horses,",
        "nor",
        "by",
        "horsemen."
      ],
      "header": "",
      "footer": ""
    },
    {
      "book_name": "Hosea",
      "chapter": 1,
      "verse": 8,
      "text": [
        "¶",
        "Now",
        "when",
        "she",
        "had",
        "weaned",
        "Loruhamah,",
        "she",
        "conceived,",
        "and",
        "bare",
        "a",
        "son."
      ],
      "header": "",
      "footer": ""
    },
    {
      "book_name": "Hosea",
      "chapter": 1,
      "verse": 9,
      "text": [
        "Then",
        "said",
        "*God,",
        "Call",
        "his",
        "name",
        "Loammi:",
        "for",
        "ye",
        "*are",
        "not",
        "my",
        "people,",
        "and",
        "I",
        "will",
        "not",
        "be",
        "your",
        "*God."
      ],
      "header": "",
      "footer": ""
    },
    {
      "book_name": "Hosea",
      "chapter": 1,
      "verse": 10,
      "text": [
        "¶",
        "Yet",
        "the",
        "number",
        "of",
        "the",
        "children",
        "of",
        "Israel",
        "shall",
        "be",
        "as",
        "the",
        "sand",
        "of",
        "the",
        "sea,",
        "which",
        "cannot",
        "be",
        "measured",
        "nor",
        "numbered;",
        "and",
        "it",
        "shall",
        "come",
        "to",
        "pass,",
        "*that",
        "in",
        "the",
        "place",
        "where",
        "it",
        "was",
        "said",
        "unto",
        "them,",
        "Ye",
        "*are",
        "not",
        "my",
        "people,",
        "*there",
        "it",
        "shall",
        "be",
        "said",
        "unto",
        "them,",
        "*Ye",
        "*are",
        "the",
        "sons",
        "of",
        "the",
        "living",
        "God."
      ],
      "header": "",
      "footer": ""
    },
    {
      "book_name": "Hosea",
      "chapter": 1,
      "verse": 11,
      "text": [
        "Then",
        "shall",
        "the",
        "children",
        "of",
        "Judah",
        "and",
        "the",
        "children",
        "of",
        "Israel",
        "be",
        "gathered",
        "together,",
        "and",
        "appoint",
        "themselves",
        "one",
        "head,",
        "and",
        "they",
        "shall",
        "come",
        "up",
        "out",
        "of",
        "the",
        "land:",
        "for",
        "great",
        "*shall",
        "*be",
        "the",
        "day",
        "of",
        "Jezreel."
      ],
      "header": "",
      "footer": ""
    }
  ]
}