{
  "book_name": "Hosea",
  "chapter": 11,
  "verses": [
    {
      "book_name": "Hosea",
      "chapter": 11,
      "verse": 1,
      "text": [
        "When",
        "Israel",
        "*was",
        "a",
        "child,",
        "then",
        "I",
        "loved",
        "him,",
        "and",
        "called",
        "my",
        "son",
        "out",
        "of",
        "Egypt."
      ],
      "header": "",
      "footer": ""
    },
    {
      "book_name": "Hosea",
      "chapter": 11,
      "verse": 2,
      "text": [
        "*As",
        "they",
        "called",
        "them,",
        "so",
        "they",
        "went",
        "from",
        "them:",
        "they",
        "sacrificed",
        "unto",
        "Baalim,",
        "and",
        "burned",
        "incense",
        "to",
        "graven",
        "images."
      ],
      "header": "",
      "footer": ""
    },
    {
      "book_name": "Hosea",
      "chapter": 11,
      "verse": 3,
      "text": [
        "I",
        "taught",
        "Ephraim",
        "also",
        "to",
        "go,",
        "taking",
        "them",
        "by",
        "their",
        "arms;",
        "but",
        "they",
        "knew",
        "not",
        "that",
        "I",
        "healed",
        "them."
      ],
      "header": "",
      "footer": ""
    },
    {
      "book_name": "Hosea",
      "chapter": 11,
      "verse": 4,
      "text": [
        "I",
        "drew",
        "them",
        "with",
        "cords",
        "of",
        "a",
        "man,",
        "with",
        "bands",
        "of",
        "love:",
        "and",
        "I",
        "was",
        "to",
        "them",
        "as",
        "they",
        "that",
        "take",
        "off",
        "the",
        "yoke",
        "on",
        "their",
        "jaws,",
        "and",
        "I",
        "laid",
        "meat",
        "unto",
        "them."
      ],
      "header": "",
      "footer": ""
    },
    {
      "book_name": "Hosea",
      "chapter": 11,
      "verse": 5,
      "text": [
        "¶",
        "He",
        "shall",
        "not",
        "return",
        "into",
        "the",
        "land",
        "of",
        "Egypt,",
        "but",
        "the",
        "Assyrian",
        "shall",
        "be",
        "his",
        "king,",
        "because",
        "they",
        "refused",
        "to",
        "return."
      ],
      "header": "",
      "footer": ""
    },
    {
      "book_name": "Hosea",
      "chapter": 11,
      "verse": 6,
      "text": [
        "And",
        "the",
        "sword",
        "shall",
        "abide",
        "on",
        "his",
        "cities,",
        "and",
        "shall",
        "consume",
        "his",
        "branches,",
        "and",
        "devour",
        "*them,",
        "because",
        "of",
        "their",
        "own",
        "counsels."
      ],
      "header": "",
      "footer": ""
    },
    {
      "book_name": "Hosea",
      "chapter": 11,
      "verse": 7,
      "text": [
        "And",
        "my",
        "people",
        "are",
        "bent",
        "to",
        "backsliding",
        "from",
        "me:",
        "though",
        "they",
        "called",
        "them",
        "to",
        "the",
        "most",
        "High,",
        "none",
        "at",
        "all",
        "would",
        "exalt",
        "*him."
      ],
      "header": "",
      "footer": ""
    },
    {
      "book_name": "Hosea",
      "chapter": 11,
      "verse": 8,
      "text": [
        "How",
        "shall",
        "I",
        "give",
        "thee",
        "up,",
        "Ephraim?",
        "*how",
        "shall",
        "I",
        "deliver",
        "thee,",
        "Israel?",
        "how",
        "shall",
        "I",
        "make",
        "thee",
        "as",
        "Admah?",
        "*how",
        "shall",
        "I",
        "set",
        "thee",
        "as",
        "Zeboim?",
        "mine",
        "heart",
        "is",
        "turned",
        "within",
        "me,",
        "my",
        "repentings",
        "are",
        "kindled",
        "together."
      ],
      "header": "",
      "footer": ""
    },
    {
      "book_name": "Hosea",
      "chapter": 11,
      "verse": 9,
      "text": [
        "I",
        "will",
        "not",
        "execute",
        "the",
        "fierceness",
        "of",
        "mine",
        "anger,",
        "I",
        "will",
        "not",
        "return",
        "to",
        "destroy",
        "Ephraim:",
        "for",
        "I",
        "*am",
        "God,",
        "and",
        "not",
        "man;",
        "the",
        "Holy",
        "One",
        "in",
        "the",
        "midst",
        "of",
        "thee:",
        "and",
        "I",
        "will",
        "not",
        "enter",
        "into",
        "the",
        "city."
      ],
      "header": "",
      "footer": ""
    },
    {
      "book_name": "Hosea",
      "chapter": 11,
      "verse": 10,
      "text": [
        "They",
        "shall",
        "walk",
        "after",
        "the",
        "Lᴏʀᴅ:",
        "he",
        "shall",
        "roar",
        "like",
        "a",
        "lion:",
        "when",
        "he",
        "shall",
        "roar,",
        "then",
        "the",
        "children",
        "shall",
        "tremble",
        "from",
        "the",
        "west."
      ],
      "header": "",
      "footer": ""
    },
    {
      "book_name": "Hosea",
      "chapter": 11,
      "verse": 11,
      "text": [
        "They",
        "shall",
        "tremble",
        "as",
        "a",
        "bird",
        "out",
        "of",
        "Egypt,",
        "and",
        "as",
        "a",
        "dove",
        "out",
        "of",
        "the",
        "land",
        "of",
        "Assyria:",
        "and",
        "I",
        "will",
        "place",
        "them",
        "in",
        "their",
        "houses,",
        "saith",
        "the",
        "Lᴏʀᴅ."
      ],
      "header": "",
      "footer": ""
    },
    {
      "book_name": "Hosea",
      "chapter": 11,
      "verse": 12,
      "text": [
        "Ephraim",
        "compasseth",
        "me",
        "about",
        "with",
        "lies,",
        "and",
        "the",
        "house",
        "of",
        "Israel",
        "with",
        "deceit:",
        "but",
        "Judah",
        "yet",
        "ruleth",
        "with",
        "God,",
        "and",
        "is",
        "faithful",
        "with",
        "the",
        "saints."
      ],
      "header": "",
      "footer": ""
    }
  ]
}