{
  "book_name": "Hosea",
  "chapter": 12,
  "verses": [
    {
      "book_name": "Hosea",
      "chapter": 12,
      "verse": 1,
      "text": [
        "Ephraim",
        "feedeth",
        "on",
        "wind,",
        "and",
        "followeth",
        "after",
        "the",
        "east",
        "wind:",
        "he",
        "daily",
        "increaseth",
        "lies",
        "and",
        "desolation;",
        "and",
        "they",
        "do",
        "make",
        "a",
        "covenant",
        "with",
        "the",
        "Assyrians,",
        "and",
        "oil",
        "is",
        "carried",
        "into",
        "Egypt."
      ],
      "header": "",
      "footer": ""
    },
    {
      "book_name": "Hosea",
      "chapter": 12,
      "verse": 2,
      "text": [
        "The",
        "Lᴏʀᴅ",
        "hath",
        "also",
        "a",
        "controversy",
        "with",
        "Judah,",
        "and",
        "will",
        "punish",
        "Jacob",
        "according",
        "to",
        "his",
        "ways;",
        "according",
        "to",
        "his",
        "doings",
        "will",
        "he",
        "recompense",
        "him."
      ],
      "header": "",
      "footer": ""
    },
    {
      "book_name": "Hosea",
      "chapter": 12,
      "verse": 3,
      "text": [
        "¶",
        "He",
        "took",
        "his",
        "brother",
        "by",
        "the",
        "heel",
        "in",
        "the",
        "womb,",
        "and",
        "by",
        "his",
        "strength",
        "he",
        "had",
        "power",
        "with",
        "God:"
      ],
      "header": "",
      "footer": ""
    },
    {
      "book_name": "Hosea",
      "chapter": 12,
      "verse": 4,
      "text": [
        "Yea,",
        "he",
        "had",
        "power",
        "over",
        "the",
        "angel,",
        "and",
        "prevailed:",
        "he",
        "wept,",
        "and",
        "made",
        "supplication",
        "unto",
        "him:",
        "he",
        "found",
        "him",
        "*in",
        "Bethel,",
        "and",
        "there",
        "he",
        "spake",
        "with",
        "us;"
      ],
      "header": "",
      "footer": ""
    },
    {
      "book_name": "Hosea",
      "chapter": 12,
      "verse": 5,
      "text": [
        "Even",
        "the",
        "Lᴏʀᴅ",
        "God",
        "of",
        "hosts;",
        "the",
        "Lᴏʀᴅ",
        "*is",
        "his",
        "memorial."
      ],
      "header": "",
      "footer": ""
    },
    {
      "book_name": "Hosea",
      "chapter": 12,
      "verse": 6,
      "text": [
        "Therefore",
        "turn",
        "thou",
        "to",
        "thy",
        "God:",
        "keep",
        "mercy",
        "and",
        "judgment,",
        "and",
        "wait",
        "on",
        "thy",
        "God",
        "continually."
      ],
      "header": "",
      "footer": ""
    },
    {
      "book_name": "Hosea",
      "chapter": 12,
      "verse": 7,
      "text": [
        "¶",
        "*He",
        "*is",
        "a",
        "merchant,",
        "the",
        "balances",
        "of",
        "deceit",
        "*are",
        "in",
        "his",
        "hand:",
        "he",
        "loveth",
        "to",
        "oppress."
      ],
      "header": "",
      "footer": ""
    },
    {
      "book_name": "Hosea",
      "chapter": 12,
      "verse": 8,
      "text": [
        "And",
        "Ephraim",
        "said,",
        "Yet",
        "I",
        "am",
        "become",
        "rich,",
        "I",
        "have",
        "found",
        "me",
        "out",
        "substance:",
        "*in",
        "all",
        "my",
        "labours",
        "they",
        "shall",
        "find",
        "none",
        "iniquity",
        "in",
        "me",
        "that",
        "*were",
        "sin."
      ],
      "header": "",
      "footer": ""
    },
    {
      "book_name": "Hosea",
      "chapter": 12,
      "verse": 9,
      "text": [
        "And",
        "I",
        "*that",
        "*am",
        "the",
        "Lᴏʀᴅ",
        "thy",
        "God",
        "from",
        "the",
        "land",
        "of",
        "Egypt",
        "will",
        "yet",
        "make",
        "thee",
        "to",
        "dwell",
        "in",
        "tabernacles,",
        "as",
        "in",
        "the",
        "days",
        "of",
        "the",
        "solemn",
        "feast."
      ],
      "header": "",
      "footer": ""
    },
    {
      "book_name": "Hosea",
      "chapter": 12,
      "verse": 10,
      "text": [
        "I",
        "have",
        "also",
        "spoken",
        "by",
        "the",
        "prophets,",
        "and",
        "I",
        "have",
        "multiplied",
        "visions,",
        "and",
        "used",
        "similitudes,",
        "by",
        "the",
        "ministry",
        "of",
        "the",
        "prophets."
      ],
      "header": "",
      "footer": ""
    },
    {
      "book_name": "Hosea",
      "chapter": 12,
      "verse": 11,
      "text": [
        "*Is",
        "*there",
        "iniquity",
        "*in",
        "Gilead?",
        "surely",
        "they",
        "are",
        "vanity:",
        "they",
        "sacrifice",
        "bullocks",
        "in",
        "Gilgal;",
        "yea,",
        "their",
        "altars",
        "*are",
        "as",
        "heaps",
        "in",
        "the",
        "furrows",
        "of",
        "the",
        "fields."
      ],
      "header": "",
      "footer": ""
    },
    {
      "book_name": "Hosea",
      "chapter": 12,
      "verse": 12,
      "text": [
        "And",
        "Jacob",
        "fled",
        "into",
        "the",
        "country",
        "of",
        "Syria,",
        "and",
        "Israel",
        "served",
        "for",
        "a",
        "wife,",
        "and",
        "for",
        "a",
        "wife",
        "he",
        "kept",
        "*sheep."
      ],
      "header": "",
      "footer": ""
    },
    {
      "book_name": "Hosea",
      "chapter": 12,
      "verse": 13,
      "text": [
        "And",
        "by",
        "a",
        "prophet",
        "the",
        "Lᴏʀᴅ",
        "brought",
        "Israel",
        "out",
        "of",
        "Egypt,",
        "and",
        "by",
        "a",
        "prophet",
        "was",
        "he",
        "preserved."
      ],
      "header": "",
      "footer": ""
    },
    {
      "book_name": "Hosea",
      "chapter": 12,
      "verse": 14,
      "text": [
        "Ephraim",
        "provoked",
        "*him",
        "to",
        "anger",
        "most",
        "bitterly:",
        "therefore",
        "shall",
        "he",
        "leave",
        "his",
        "blood",
        "upon",
        "him,",
        "and",
        "his",
        "reproach",
        "shall",
        "his",
        "Lord",
        "return",
        "unto",
        "him."
      ],
      "header": "",
      "footer": ""
    }
  ]
}