{
  "book_name": "Hosea",
  "chapter": 13,
  "verses": [
    {
      "book_name": "Hosea",
      "chapter": 13,
      "verse": 1,
      "text": [
        "When",
        "Ephraim",
        "spake",
        "trembling,",
        "he",
        "exalted",
        "himself",
        "in",
        "Israel;",
        "but",
        "when",
        "he",
        "offended",
        "in",
        "Baal,",
        "he",
        "died."
      ],
      "header": "",
      "footer": ""
    },
    {
      "book_name": "Hosea",
      "chapter": 13,
      "verse": 2,
      "text": [
        "And",
        "now",
        "they",
        "sin",
        "more",
        "and",
        "more,",
        "and",
        "have",
        "made",
        "them",
        "molten",
        "images",
        "of",
        "their",
        "silver,",
        "*and",
        "idols",
        "according",
        "to",
        "their",
        "own",
        "understanding,",
        "all",
        "of",
        "it",
        "the",
        "work",
        "of",
        "the",
        "craftsmen:",
        "they",
        "say",
        "of",
        "them,",
        "Let",
        "the",
        "men",
        "that",
        "sacrifice",
        "kiss",
        "the",
        "calves."
      ],
      "header": "",
      "footer": ""
    },
    {
      "book_name": "Hosea",
      "chapter": 13,
      "verse": 3,
      "text": [
        "Therefore",
        "they",
        "shall",
        "be",
        "as",
        "the",
        "morning",
        "cloud,",
        "and",
        "as",
        "the",
        "early",
        "dew",
        "that",
        "passeth",
        "away,",
        "as",
        "the",
        "chaff",
        "*that",
        "is",
        "driven",
        "with",
        "the",
        "whirlwind",
        "out",
        "of",
        "the",
        "floor,",
        "and",
        "as",
        "the",
        "smoke",
        "out",
        "of",
        "the",
        "chimney."
      ],
      "header": "",
      "footer": ""
    },
    {
      "book_name": "Hosea",
      "chapter": 13,
      "verse": 4,
      "text": [
        "Yet",
        "I",
        "*am",
        "the",
        "Lᴏʀᴅ",
        "thy",
        "God",
        "from",
        "the",
        "land",
        "of",
        "Egypt,",
        "and",
        "thou",
        "shalt",
        "know",
        "no",
        "god",
        "but",
        "me:",
        "for",
        "*there",
        "*is",
        "no",
        "saviour",
        "beside",
        "me."
      ],
      "header": "",
      "footer": ""
    },
    {
      "book_name": "Hosea",
      "chapter": 13,
      "verse": 5,
      "text": [
        "¶",
        "I",
        "did",
        "know",
        "thee",
        "in",
        "the",
        "wilderness,",
        "in",
        "the",
        "land",
        "of",
        "great",
        "drought."
      ],
      "header": "",
      "footer": ""
    },
    {
      "book_name": "Hosea",
      "chapter": 13,
      "verse": 6,
      "text": [
        "According",
        "to",
        "their",
        "pasture,",
        "so",
        "were",
        "they",
        "filled;",
        "they",
        "were",
        "filled,",
        "and",
        "their",
        "heart",
        "was",
        "exalted;",
        "therefore",
        "have",
        "they",
        "forgotten",
        "me."
      ],
      "header": "",
      "footer": ""
    },
    {
      "book_name": "Hosea",
      "chapter": 13,
      "verse": 7,
      "text": [
        "Therefore",
        "I",
        "will",
        "be",
        "unto",
        "them",
        "as",
        "a",
        "lion:",
        "as",
        "a",
        "leopard",
        "by",
        "the",
        "way",
        "will",
        "I",
        "observe",
        "*them:"
      ],
      "header": "",
      "footer": ""
    },
    {
      "book_name": "Hosea",
      "chapter": 13,
      "verse": 8,
      "text": [
        "I",
        "will",
        "meet",
        "them",
        "as",
        "a",
        "bear",
        "*that",
        "*is",
        "bereaved",
        "*of",
        "*her",
        "*whelps,",
        "and",
        "will",
        "rend",
        "the",
        "caul",
        "of",
        "their",
        "heart,",
        "and",
        "there",
        "will",
        "I",
        "devour",
        "them",
        "like",
        "a",
        "lion:",
        "the",
        "wild",
        "beast",
        "shall",
        "tear",
        "them."
      ],
      "header": "",
      "footer": ""
    },
    {
      "book_name": "Hosea",
      "chapter": 13,
      "verse": 9,
      "text": [
        "¶",
        "O",
        "Israel,",
        "thou",
        "hast",
        "destroyed",
        "thyself;",
        "but",
        "in",
        "me",
        "*is",
        "thine",
        "help."
      ],
      "header": "",
      "footer": ""
    },
    {
      "book_name": "Hosea",
      "chapter": 13,
      "verse": 10,
      "text": [
        "I",
        "will",
        "be",
        "thy",
        "king:",
        "where",
        "*is",
        "*any",
        "*other",
        "that",
        "may",
        "save",
        "thee",
        "in",
        "all",
        "thy",
        "cities?",
        "and",
        "thy",
        "judges",
        "of",
        "whom",
        "thou",
        "saidst,",
        "Give",
        "me",
        "a",
        "king",
        "and",
        "princes?"
      ],
      "header": "",
      "footer": ""
    },
    {
      "book_name": "Hosea",
      "chapter": 13,
      "verse": 11,
      "text": [
        "I",
        "gave",
        "thee",
        "a",
        "king",
        "in",
        "mine",
        "anger,",
        "and",
        "took",
        "*him",
        "away",
        "in",
        "my",
        "wrath."
      ],
      "header": "",
      "footer": ""
    },
    {
      "book_name": "Hosea",
      "chapter": 13,
      "verse": 12,
      "text": [
        "The",
        "iniquity",
        "of",
        "Ephraim",
        "*is",
        "bound",
        "up;",
        "his",
        "sin",
        "*is",
        "hid."
      ],
      "header": "",
      "footer": ""
    },
    {
      "book_name": "Hosea",
      "chapter": 13,
      "verse": 13,
      "text": [
        "The",
        "sorrows",
        "of",
        "a",
        "travailing",
        "woman",
        "shall",
        "come",
        "upon",
        "him:",
        "he",
        "*is",
        "an",
        "unwise",
        "son;",
        "for",
        "he",
        "should",
        "not",
        "stay",
        "long",
        "in",
        "*the",
        "*place",
        "*of",
        "the",
        "breaking",
        "forth",
        "of",
        "children."
      ],
      "header": "",
      "footer": ""
    },
    {
      "book_name": "Hosea",
      "chapter": 13,
      "verse": 14,
      "text": [
        "I",
        "will",
        "ransom",
        "them",
        "from",
        "the",
        "power",
        "of",
        "the",
        "grave;",
        "I",
        "will",
        "redeem",
        "them",
        "from",
        "death:",
        "O",
        "death,",
        "I",
        "will",
        "be",
        "thy",
        "plagues;",
        "O",
        "grave,",
        "I",
        "will",
        "be",
        "thy",
        "destruction:",
        "repentance",
        "shall",
        "be",
        "hid",
        "from",
        "mine",
        "eyes."
      ],
      "header": "",
      "footer": ""
    },
    {
      "book_name": "Hosea",
      "chapter": 13,
      "verse": 15,
      "text": [
        "¶",
        "Though",
        "he",
        "be",
        "fruitful",
        "among",
        "*his",
        "brethren,",
        "an",
        "east",
        "wind",
        "shall",
        "come,",
        "the",
        "wind",
        "of",
        "the",
        "Lᴏʀᴅ",
        "shall",
        "come",
        "up",
        "from",
        "the",
        "wilderness,",
        "and",
        "his",
        "spring",
        "shall",
        "become",
        "dry,",
        "and",
        "his",
        "fountain",
        "shall",
        "be",
        "dried",
        "up:",
        "he",
        "shall",
        "spoil",
        "the",
        "treasure",
        "of",
        "all",
        "pleasant",
        "vessels."
      ],
      "header": "",
      "footer": ""
    },
    {
      "book_name": "Hosea",
      "chapter": 13,
      "verse": 16,
      "text": [
        "Samaria",
        "shall",
        "become",
        "desolate;",
        "for",
        "she",
        "hath",
        "rebelled",
        "against",
        "her",
        "God:",
        "they",
        "shall",
        "fall",
        "by",
        "the",
        "sword:",
        "their",
        "infants",
        "shall",
        "be",
        "dashed",
        "in",
        "pieces,",
        "and",
        "their",
        "women",
        "with",
        "child",
        "shall",
        "be",
        "ripped",
        "up."
      ],
      "header": "",
      "footer": ""
    }
  ]
}