{
  "book_name": "Hosea",
  "chapter": 3,
  "verses": [
    {
      "book_name": "Hosea",
      "chapter": 3,
      "verse": 1,
      "text": [
        "Then",
        "said",
        "the",
        "Lᴏʀᴅ",
        "unto",
        "me,",
        "Go",
        "yet,",
        "love",
        "a",
        "woman",
        "beloved",
        "of",
        "*her",
        "friend,",
        "yet",
        "an",
        "adulteress,",
        "according",
        "to",
        "the",
        "love",
        "of",
        "the",
        "Lᴏʀᴅ",
        "toward",
        "the",
        "children",
        "of",
        "Israel,",
        "who",
        "look",
        "to",
        "other",
        "gods,",
        "and",
        "love",
        "flagons",
        "of",
        "wine."
      ],
      "header": "",
      "footer": ""
    },
    {
      "book_name": "Hosea",
      "chapter": 3,
      "verse": 2,
      "text": [
        "So",
        "I",
        "bought",
        "her",
        "to",
        "me",
        "for",
        "fifteen",
        "*pieces",
        "of",
        "silver,",
        "and",
        "*for",
        "an",
        "homer",
        "of",
        "barley,",
        "and",
        "an",
        "half",
        "homer",
        "of",
        "barley:"
      ],
      "header": "",
      "footer": ""
    },
    {
      "book_name": "Hosea",
      "chapter": 3,
      "verse": 3,
      "text": [
        "And",
        "I",
        "said",
        "unto",
        "her,",
        "Thou",
        "shalt",
        "abide",
        "for",
        "me",
        "many",
        "days;",
        "thou",
        "shalt",
        "not",
        "play",
        "the",
        "harlot,",
        "and",
        "thou",
        "shalt",
        "not",
        "be",
        "for",
        "*another",
        "man:",
        "so",
        "*will",
        "I",
        "also",
        "*be",
        "for",
        "thee."
      ],
      "header": "",
      "footer": ""
    },
    {
      "book_name": "Hosea",
      "chapter": 3,
      "verse": 4,
      "text": [
        "For",
        "the",
        "children",
        "of",
        "Israel",
        "shall",
        "abide",
        "many",
        "days",
        "without",
        "a",
        "king,",
        "and",
        "without",
        "a",
        "prince,",
        "and",
        "without",
        "a",
        "sacrifice,",
        "and",
        "without",
        "an",
        "image,",
        "and",
        "without",
        "an",
        "ephod,",
        "and",
        "*without",
        "teraphim:"
      ],
      "header": "",
      "footer": ""
    },
    {
      "book_name": "Hosea",
      "chapter": 3,
      "verse": 5,
      "text": [
        "Afterward",
        "shall",
        "the",
        "children",
        "of",
        "Israel",
        "return,",
        "and",
        "seek",
        "the",
        "Lᴏʀᴅ",
        "their",
        "God,",
        "and",
        "David",
        "their",
        "king;",
        "and",
        "shall",
        "fear",
        "the",
        "Lᴏʀᴅ",
        "and",
        "his",
        "goodness",
        "in",
        "the",
        "latter",
        "days."
      ],
      "header": "",
      "footer": ""
    }
  ]
}