{
  "book_name": "Hosea",
  "chapter": 4,
  "verses": [
    {
      "book_name": "Hosea",
      "chapter": 4,
      "verse": 1,
      "text": [
        "Hear",
        "the",
        "word",
        "of",
        "the",
        "Lᴏʀᴅ,",
        "ye",
        "children",
        "of",
        "Israel:",
        "for",
        "the",
        "Lᴏʀᴅ",
        "hath",
        "a",
        "controversy",
        "with",
        "the",
        "inhabitants",
        "of",
        "the",
        "land,",
        "because",
        "*there",
        "*is",
        "no",
        "truth,",
        "nor",
        "mercy,",
        "nor",
        "knowledge",
        "of",
        "God",
        "in",
        "the",
        "land."
      ],
      "header": "",
      "footer": ""
    },
    {
      "book_name": "Hosea",
      "chapter": 4,
      "verse": 2,
      "text": [
        "By",
        "swearing,",
        "and",
        "lying,",
        "and",
        "killing,",
        "and",
        "stealing,",
        "and",
        "committing",
        "adultery,",
        "they",
        "break",
        "out,",
        "and",
        "blood",
        "toucheth",
        "blood."
      ],
      "header": "",
      "footer": ""
    },
    {
      "book_name": "Hosea",
      "chapter": 4,
      "verse": 3,
      "text": [
        "Therefore",
        "shall",
        "the",
        "land",
        "mourn,",
        "and",
        "every",
        "one",
        "that",
        "dwelleth",
        "therein",
        "shall",
        "languish,",
        "with",
        "the",
        "beasts",
        "of",
        "the",
        "field,",
        "and",
        "with",
        "the",
        "fowls",
        "of",
        "heaven;",
        "yea,",
        "the",
        "fishes",
        "of",
        "the",
        "sea",
        "also",
        "shall",
        "be",
        "taken",
        "away."
      ],
      "header": "",
      "footer": ""
    },
    {
      "book_name": "Hosea",
      "chapter": 4,
      "verse": 4,
      "text": [
        "Yet",
        "let",
        "no",
        "man",
        "strive,",
        "nor",
        "reprove",
        "another:",
        "for",
        "thy",
        "people",
        "*are",
        "as",
        "they",
        "that",
        "strive",
        "with",
        "the",
        "priest."
      ],
      "header": "",
      "footer": ""
    },
    {
      "book_name": "Hosea",
      "chapter": 4,
      "verse": 5,
      "text": [
        "Therefore",
        "shalt",
        "thou",
        "fall",
        "in",
        "the",
        "day,",
        "and",
        "the",
        "prophet",
        "also",
        "shall",
        "fall",
        "with",
        "thee",
        "in",
        "the",
        "night,",
        "and",
        "I",
        "will",
        "destroy",
        "thy",
        "mother."
      ],
      "header": "",
      "footer": ""
    },
    {
      "book_name": "Hosea",
      "chapter": 4,
      "verse": 6,
      "text": [
        "¶",
        "My",
        "people",
        "are",
        "destroyed",
        "for",
        "lack",
        "of",
        "knowledge:",
        "because",
        "thou",
        "hast",
        "rejected",
        "knowledge,",
        "I",
        "will",
        "also",
        "reject",
        "thee,",
        "that",
        "thou",
        "shalt",
        "be",
        "no",
        "priest",
        "to",
        "me:",
        "seeing",
        "thou",
        "hast",
        "forgotten",
        "the",
        "law",
        "of",
        "thy",
        "God,",
        "I",
        "will",
        "also",
        "forget",
        "thy",
        "children."
      ],
      "header": "",
      "footer": ""
    },
    {
      "book_name": "Hosea",
      "chapter": 4,
      "verse": 7,
      "text": [
        "As",
        "they",
        "were",
        "increased,",
        "so",
        "they",
        "sinned",
        "against",
        "me:",
        "*therefore",
        "will",
        "I",
        "change",
        "their",
        "glory",
        "into",
        "shame."
      ],
      "header": "",
      "footer": ""
    },
    {
      "book_name": "Hosea",
      "chapter": 4,
      "verse": 8,
      "text": [
        "They",
        "eat",
        "up",
        "the",
        "sin",
        "of",
        "my",
        "people,",
        "and",
        "they",
        "set",
        "their",
        "heart",
        "on",
        "their",
        "iniquity."
      ],
      "header": "",
      "footer": ""
    },
    {
      "book_name": "Hosea",
      "chapter": 4,
      "verse": 9,
      "text": [
        "And",
        "there",
        "shall",
        "be,",
        "like",
        "people,",
        "like",
        "priest:",
        "and",
        "I",
        "will",
        "punish",
        "them",
        "for",
        "their",
        "ways,",
        "and",
        "reward",
        "them",
        "their",
        "doings."
      ],
      "header": "",
      "footer": ""
    },
    {
      "book_name": "Hosea",
      "chapter": 4,
      "verse": 10,
      "text": [
        "For",
        "they",
        "shall",
        "eat,",
        "and",
        "not",
        "have",
        "enough:",
        "they",
        "shall",
        "commit",
        "whoredom,",
        "and",
        "shall",
        "not",
        "increase:",
        "because",
        "they",
        "have",
        "left",
        "off",
        "to",
        "take",
        "heed",
        "to",
        "the",
        "Lᴏʀᴅ."
      ],
      "header": "",
      "footer": ""
    },
    {
      "book_name": "Hosea",
      "chapter": 4,
      "verse": 11,
      "text": [
        "Whoredom",
        "and",
        "wine",
        "and",
        "new",
        "wine",
        "take",
        "away",
        "the",
        "heart."
      ],
      "header": "",
      "footer": ""
    },
    {
      "book_name": "Hosea",
      "chapter": 4,
      "verse": 12,
      "text": [
        "¶",
        "My",
        "people",
        "ask",
        "counsel",
        "at",
        "their",
        "stocks,",
        "and",
        "their",
        "staff",
        "declareth",
        "unto",
        "them:",
        "for",
        "the",
        "spirit",
        "of",
        "whoredoms",
        "hath",
        "caused",
        "*them",
        "to",
        "err,",
        "and",
        "they",
        "have",
        "gone",
        "a",
        "whoring",
        "from",
        "under",
        "their",
        "God."
      ],
      "header": "",
      "footer": ""
    },
    {
      "book_name": "Hosea",
      "chapter": 4,
      "verse": 13,
      "text": [
        "They",
        "sacrifice",
        "upon",
        "the",
        "tops",
        "of",
        "the",
        "mountains,",
        "and",
        "burn",
        "incense",
        "upon",
        "the",
        "hills,",
        "under",
        "oaks",
        "and",
        "poplars",
        "and",
        "elms,",
        "because",
        "the",
        "shadow",
        "thereof",
        "*is",
        "good:",
        "therefore",
        "your",
        "daughters",
        "shall",
        "commit",
        "whoredom,",
        "and",
        "your",
        "spouses",
        "shall",
        "commit",
        "adultery."
      ],
      "header": "",
      "footer": ""
    },
    {
      "book_name": "Hosea",
      "chapter": 4,
      "verse": 14,
      "text": [
        "I",
        "will",
        "not",
        "punish",
        "your",
        "daughters",
        "when",
        "they",
        "commit",
        "whoredom,",
        "nor",
        "your",
        "spouses",
        "when",
        "they",
        "commit",
        "adultery:",
        "for",
        "themselves",
        "are",
        "separated",
        "with",
        "whores,",
        "and",
        "they",
        "sacrifice",
        "with",
        "harlots:",
        "therefore",
        "the",
        "people",
        "*that",
        "doth",
        "not",
        "understand",
        "shall",
        "fall."
      ],
      "header": "",
      "footer": ""
    },
    {
      "book_name": "Hosea",
      "chapter": 4,
      "verse": 15,
      "text": [
        "¶",
        "Though",
        "thou,",
        "Israel,",
        "play",
        "the",
        "harlot,",
        "*yet",
        "let",
        "not",
        "Judah",
        "offend;",
        "and",
        "come",
        "not",
        "ye",
        "unto",
        "Gilgal,",
        "neither",
        "go",
        "ye",
        "up",
        "to",
        "Bethaven,",
        "nor",
        "swear,",
        "The",
        "Lᴏʀᴅ",
        "liveth."
      ],
      "header": "",
      "footer": ""
    },
    {
      "book_name": "Hosea",
      "chapter": 4,
      "verse": 16,
      "text": [
        "For",
        "Israel",
        "slideth",
        "back",
        "as",
        "a",
        "backsliding",
        "heifer:",
        "now",
        "the",
        "Lᴏʀᴅ",
        "will",
        "feed",
        "them",
        "as",
        "a",
        "lamb",
        "in",
        "a",
        "large",
        "place."
      ],
      "header": "",
      "footer": ""
    },
    {
      "book_name": "Hosea",
      "chapter": 4,
      "verse": 17,
      "text": [
        "Ephraim",
        "*is",
        "joined",
        "to",
        "idols:",
        "let",
        "him",
        "alone."
      ],
      "header": "",
      "footer": ""
    },
    {
      "book_name": "Hosea",
      "chapter": 4,
      "verse": 18,
      "text": [
        "Their",
        "drink",
        "is",
        "sour:",
        "they",
        "have",
        "committed",
        "whoredom",
        "continually:",
        "her",
        "rulers",
        "*with",
        "shame",
        "do",
        "love,",
        "Give",
        "ye."
      ],
      "header": "",
      "footer": ""
    },
    {
      "book_name": "Hosea",
      "chapter": 4,
      "verse": 19,
      "text": [
        "The",
        "wind",
        "hath",
        "bound",
        "her",
        "up",
        "in",
        "her",
        "wings,",
        "and",
        "they",
        "shall",
        "be",
        "ashamed",
        "because",
        "of",
        "their",
        "sacrifices."
      ],
      "header": "",
      "footer": ""
    }
  ]
}