{
  "book_name": "Hosea",
  "chapter": 5,
  "verses": [
    {
      "book_name": "Hosea",
      "chapter": 5,
      "verse": 1,
      "text": [
        "Hear",
        "ye",
        "this,",
        "O",
        "priests;",
        "and",
        "hearken,",
        "ye",
        "house",
        "of",
        "Israel;",
        "and",
        "give",
        "ye",
        "ear,",
        "O",
        "house",
        "of",
        "the",
        "king;",
        "for",
        "judgment",
        "*is",
        "toward",
        "you,",
        "because",
        "ye",
        "have",
        "been",
        "a",
        "snare",
        "on",
        "Mizpah,",
        "and",
        "a",
        "net",
        "spread",
        "upon",
        "Tabor."
      ],
      "header": "",
      "footer": ""
    },
    {
      "book_name": "Hosea",
      "chapter": 5,
      "verse": 2,
      "text": [
        "And",
        "the",
        "revolters",
        "are",
        "profound",
        "to",
        "make",
        "slaughter,",
        "though",
        "I",
        "*have",
        "*been",
        "a",
        "rebuker",
        "of",
        "them",
        "all."
      ],
      "header": "",
      "footer": ""
    },
    {
      "book_name": "Hosea",
      "chapter": 5,
      "verse": 3,
      "text": [
        "I",
        "know",
        "Ephraim,",
        "and",
        "Israel",
        "is",
        "not",
        "hid",
        "from",
        "me:",
        "for",
        "now,",
        "O",
        "Ephraim,",
        "thou",
        "committest",
        "whoredom,",
        "*and",
        "Israel",
        "is",
        "defiled."
      ],
      "header": "",
      "footer": ""
    },
    {
      "book_name": "Hosea",
      "chapter": 5,
      "verse": 4,
      "text": [
        "They",
        "will",
        "not",
        "frame",
        "their",
        "doings",
        "to",
        "turn",
        "unto",
        "their",
        "God:",
        "for",
        "the",
        "spirit",
        "of",
        "whoredoms",
        "*is",
        "in",
        "the",
        "midst",
        "of",
        "them,",
        "and",
        "they",
        "have",
        "not",
        "known",
        "the",
        "Lᴏʀᴅ."
      ],
      "header": "",
      "footer": ""
    },
    {
      "book_name": "Hosea",
      "chapter": 5,
      "verse": 5,
      "text": [
        "And",
        "the",
        "pride",
        "of",
        "Israel",
        "doth",
        "testify",
        "to",
        "his",
        "face:",
        "therefore",
        "shall",
        "Israel",
        "and",
        "Ephraim",
        "fall",
        "in",
        "their",
        "iniquity;",
        "Judah",
        "also",
        "shall",
        "fall",
        "with",
        "them."
      ],
      "header": "",
      "footer": ""
    },
    {
      "book_name": "Hosea",
      "chapter": 5,
      "verse": 6,
      "text": [
        "They",
        "shall",
        "go",
        "with",
        "their",
        "flocks",
        "and",
        "with",
        "their",
        "herds",
        "to",
        "seek",
        "the",
        "Lᴏʀᴅ;",
        "but",
        "they",
        "shall",
        "not",
        "find",
        "*him;",
        "he",
        "hath",
        "withdrawn",
        "himself",
        "from",
        "them."
      ],
      "header": "",
      "footer": ""
    },
    {
      "book_name": "Hosea",
      "chapter": 5,
      "verse": 7,
      "text": [
        "They",
        "have",
        "dealt",
        "treacherously",
        "against",
        "the",
        "Lᴏʀᴅ:",
        "for",
        "they",
        "have",
        "begotten",
        "strange",
        "children:",
        "now",
        "shall",
        "a",
        "month",
        "devour",
        "them",
        "with",
        "their",
        "portions."
      ],
      "header": "",
      "footer": ""
    },
    {
      "book_name": "Hosea",
      "chapter": 5,
      "verse": 8,
      "text": [
        "Blow",
        "ye",
        "the",
        "cornet",
        "in",
        "Gibeah,",
        "*and",
        "the",
        "trumpet",
        "in",
        "Ramah:",
        "cry",
        "aloud",
        "*at",
        "Bethaven,",
        "after",
        "thee,",
        "O",
        "Benjamin."
      ],
      "header": "",
      "footer": ""
    },
    {
      "book_name": "Hosea",
      "chapter": 5,
      "verse": 9,
      "text": [
        "Ephraim",
        "shall",
        "be",
        "desolate",
        "in",
        "the",
        "day",
        "of",
        "rebuke:",
        "among",
        "the",
        "tribes",
        "of",
        "Israel",
        "have",
        "I",
        "made",
        "known",
        "that",
        "which",
        "shall",
        "surely",
        "be."
      ],
      "header": "",
      "footer": ""
    },
    {
      "book_name": "Hosea",
      "chapter": 5,
      "verse": 10,
      "text": [
        "The",
        "princes",
        "of",
        "Judah",
        "were",
        "like",
        "them",
        "that",
        "remove",
        "the",
        "bound:",
        "*therefore",
        "I",
        "will",
        "pour",
        "out",
        "my",
        "wrath",
        "upon",
        "them",
        "like",
        "water."
      ],
      "header": "",
      "footer": ""
    },
    {
      "book_name": "Hosea",
      "chapter": 5,
      "verse": 11,
      "text": [
        "Ephraim",
        "*is",
        "oppressed",
        "*and",
        "broken",
        "in",
        "judgment,",
        "because",
        "he",
        "willingly",
        "walked",
        "after",
        "the",
        "commandment."
      ],
      "header": "",
      "footer": ""
    },
    {
      "book_name": "Hosea",
      "chapter": 5,
      "verse": 12,
      "text": [
        "Therefore",
        "*will",
        "I",
        "*be",
        "unto",
        "Ephraim",
        "as",
        "a",
        "moth,",
        "and",
        "to",
        "the",
        "house",
        "of",
        "Judah",
        "as",
        "rottenness."
      ],
      "header": "",
      "footer": ""
    },
    {
      "book_name": "Hosea",
      "chapter": 5,
      "verse": 13,
      "text": [
        "When",
        "Ephraim",
        "saw",
        "his",
        "sickness,",
        "and",
        "Judah",
        "*saw",
        "his",
        "wound,",
        "then",
        "went",
        "Ephraim",
        "to",
        "the",
        "Assyrian,",
        "and",
        "sent",
        "to",
        "king",
        "Jareb:",
        "yet",
        "could",
        "he",
        "not",
        "heal",
        "you,",
        "nor",
        "cure",
        "you",
        "of",
        "your",
        "wound."
      ],
      "header": "",
      "footer": ""
    },
    {
      "book_name": "Hosea",
      "chapter": 5,
      "verse": 14,
      "text": [
        "For",
        "I",
        "*will",
        "*be",
        "unto",
        "Ephraim",
        "as",
        "a",
        "lion,",
        "and",
        "as",
        "a",
        "young",
        "lion",
        "to",
        "the",
        "house",
        "of",
        "Judah:",
        "I,",
        "*even",
        "I,",
        "will",
        "tear",
        "and",
        "go",
        "away;",
        "I",
        "will",
        "take",
        "away,",
        "and",
        "none",
        "shall",
        "rescue",
        "*him."
      ],
      "header": "",
      "footer": ""
    },
    {
      "book_name": "Hosea",
      "chapter": 5,
      "verse": 15,
      "text": [
        "¶",
        "I",
        "will",
        "go",
        "*and",
        "return",
        "to",
        "my",
        "place,",
        "till",
        "they",
        "acknowledge",
        "their",
        "offence,",
        "and",
        "seek",
        "my",
        "face:",
        "in",
        "their",
        "affliction",
        "they",
        "will",
        "seek",
        "me",
        "early."
      ],
      "header": "",
      "footer": ""
    }
  ]
}