{
  "book_name": "Hosea",
  "chapter": 7,
  "verses": [
    {
      "book_name": "Hosea",
      "chapter": 7,
      "verse": 1,
      "text": [
        "When",
        "I",
        "would",
        "have",
        "healed",
        "Israel,",
        "then",
        "the",
        "iniquity",
        "of",
        "Ephraim",
        "was",
        "discovered,",
        "and",
        "the",
        "wickedness",
        "of",
        "Samaria:",
        "for",
        "they",
        "commit",
        "falsehood;",
        "and",
        "the",
        "thief",
        "cometh",
        "in,",
        "*and",
        "the",
        "troop",
        "of",
        "robbers",
        "spoileth",
        "without."
      ],
      "header": "",
      "footer": ""
    },
    {
      "book_name": "Hosea",
      "chapter": 7,
      "verse": 2,
      "text": [
        "And",
        "they",
        "consider",
        "not",
        "in",
        "their",
        "hearts",
        "*that",
        "I",
        "remember",
        "all",
        "their",
        "wickedness:",
        "now",
        "their",
        "own",
        "doings",
        "have",
        "beset",
        "them",
        "about;",
        "they",
        "are",
        "before",
        "my",
        "face."
      ],
      "header": "",
      "footer": ""
    },
    {
      "book_name": "Hosea",
      "chapter": 7,
      "verse": 3,
      "text": [
        "They",
        "make",
        "the",
        "king",
        "glad",
        "with",
        "their",
        "wickedness,",
        "and",
        "the",
        "princes",
        "with",
        "their",
        "lies."
      ],
      "header": "",
      "footer": ""
    },
    {
      "book_name": "Hosea",
      "chapter": 7,
      "verse": 4,
      "text": [
        "They",
        "*are",
        "all",
        "adulterers,",
        "as",
        "an",
        "oven",
        "heated",
        "by",
        "the",
        "baker,",
        "*who",
        "ceaseth",
        "from",
        "raising",
        "after",
        "he",
        "hath",
        "kneaded",
        "the",
        "dough,",
        "until",
        "it",
        "be",
        "leavened."
      ],
      "header": "",
      "footer": ""
    },
    {
      "book_name": "Hosea",
      "chapter": 7,
      "verse": 5,
      "text": [
        "In",
        "the",
        "day",
        "of",
        "our",
        "king",
        "the",
        "princes",
        "have",
        "made",
        "*him",
        "sick",
        "with",
        "bottles",
        "of",
        "wine;",
        "he",
        "stretched",
        "out",
        "his",
        "hand",
        "with",
        "scorners."
      ],
      "header": "",
      "footer": ""
    },
    {
      "book_name": "Hosea",
      "chapter": 7,
      "verse": 6,
      "text": [
        "For",
        "they",
        "have",
        "made",
        "ready",
        "their",
        "heart",
        "like",
        "an",
        "oven,",
        "whiles",
        "they",
        "lie",
        "in",
        "wait:",
        "their",
        "baker",
        "sleepeth",
        "all",
        "the",
        "night;",
        "in",
        "the",
        "morning",
        "it",
        "burneth",
        "as",
        "a",
        "flaming",
        "fire."
      ],
      "header": "",
      "footer": ""
    },
    {
      "book_name": "Hosea",
      "chapter": 7,
      "verse": 7,
      "text": [
        "They",
        "are",
        "all",
        "hot",
        "as",
        "an",
        "oven,",
        "and",
        "have",
        "devoured",
        "their",
        "judges;",
        "all",
        "their",
        "kings",
        "are",
        "fallen:",
        "*there",
        "*is",
        "none",
        "among",
        "them",
        "that",
        "calleth",
        "unto",
        "me."
      ],
      "header": "",
      "footer": ""
    },
    {
      "book_name": "Hosea",
      "chapter": 7,
      "verse": 8,
      "text": [
        "Ephraim,",
        "he",
        "hath",
        "mixed",
        "himself",
        "among",
        "the",
        "people;",
        "Ephraim",
        "is",
        "a",
        "cake",
        "not",
        "turned."
      ],
      "header": "",
      "footer": ""
    },
    {
      "book_name": "Hosea",
      "chapter": 7,
      "verse": 9,
      "text": [
        "Strangers",
        "have",
        "devoured",
        "his",
        "strength,",
        "and",
        "he",
        "knoweth",
        "*it",
        "not:",
        "yea,",
        "gray",
        "hairs",
        "are",
        "here",
        "and",
        "there",
        "upon",
        "him,",
        "yet",
        "he",
        "knoweth",
        "not."
      ],
      "header": "",
      "footer": ""
    },
    {
      "book_name": "Hosea",
      "chapter": 7,
      "verse": 10,
      "text": [
        "And",
        "the",
        "pride",
        "of",
        "Israel",
        "testifieth",
        "to",
        "his",
        "face:",
        "and",
        "they",
        "do",
        "not",
        "return",
        "to",
        "the",
        "Lᴏʀᴅ",
        "their",
        "God,",
        "nor",
        "seek",
        "him",
        "for",
        "all",
        "this."
      ],
      "header": "",
      "footer": ""
    },
    {
      "book_name": "Hosea",
      "chapter": 7,
      "verse": 11,
      "text": [
        "¶",
        "Ephraim",
        "also",
        "is",
        "like",
        "a",
        "silly",
        "dove",
        "without",
        "heart:",
        "they",
        "call",
        "to",
        "Egypt,",
        "they",
        "go",
        "to",
        "Assyria."
      ],
      "header": "",
      "footer": ""
    },
    {
      "book_name": "Hosea",
      "chapter": 7,
      "verse": 12,
      "text": [
        "When",
        "they",
        "shall",
        "go,",
        "I",
        "will",
        "spread",
        "my",
        "net",
        "upon",
        "them;",
        "I",
        "will",
        "bring",
        "them",
        "down",
        "as",
        "the",
        "fowls",
        "of",
        "the",
        "heaven;",
        "I",
        "will",
        "chastise",
        "them,",
        "as",
        "their",
        "congregation",
        "hath",
        "heard."
      ],
      "header": "",
      "footer": ""
    },
    {
      "book_name": "Hosea",
      "chapter": 7,
      "verse": 13,
      "text": [
        "Woe",
        "unto",
        "them!",
        "for",
        "they",
        "have",
        "fled",
        "from",
        "me:",
        "destruction",
        "unto",
        "them!",
        "because",
        "they",
        "have",
        "transgressed",
        "against",
        "me:",
        "though",
        "I",
        "have",
        "redeemed",
        "them,",
        "yet",
        "they",
        "have",
        "spoken",
        "lies",
        "against",
        "me."
      ],
      "header": "",
      "footer": ""
    },
    {
      "book_name": "Hosea",
      "chapter": 7,
      "verse": 14,
      "text": [
        "And",
        "they",
        "have",
        "not",
        "cried",
        "unto",
        "me",
        "with",
        "their",
        "heart,",
        "when",
        "they",
        "howled",
        "upon",
        "their",
        "beds:",
        "they",
        "assemble",
        "themselves",
        "for",
        "corn",
        "and",
        "wine,",
        "*and",
        "they",
        "rebel",
        "against",
        "me."
      ],
      "header": "",
      "footer": ""
    },
    {
      "book_name": "Hosea",
      "chapter": 7,
      "verse": 15,
      "text": [
        "Though",
        "I",
        "have",
        "bound",
        "*and",
        "strengthened",
        "their",
        "arms,",
        "yet",
        "do",
        "they",
        "imagine",
        "mischief",
        "against",
        "me."
      ],
      "header": "",
      "footer": ""
    },
    {
      "book_name": "Hosea",
      "chapter": 7,
      "verse": 16,
      "text": [
        "They",
        "return,",
        "*but",
        "not",
        "to",
        "the",
        "most",
        "High:",
        "they",
        "are",
        "like",
        "a",
        "deceitful",
        "bow:",
        "their",
        "princes",
        "shall",
        "fall",
        "by",
        "the",
        "sword",
        "for",
        "the",
        "rage",
        "of",
        "their",
        "tongue:",
        "this",
        "*shall",
        "*be",
        "their",
        "derision",
        "in",
        "the",
        "land",
        "of",
        "Egypt."
      ],
      "header": "",
      "footer": ""
    }
  ]
}