{
  "book_name": "Hosea",
  "chapter": 8,
  "verses": [
    {
      "book_name": "Hosea",
      "chapter": 8,
      "verse": 1,
      "text": [
        "*Set",
        "the",
        "trumpet",
        "to",
        "thy",
        "mouth.",
        "*He",
        "*shall",
        "*come",
        "as",
        "an",
        "eagle",
        "against",
        "the",
        "house",
        "of",
        "the",
        "Lᴏʀᴅ,",
        "because",
        "they",
        "have",
        "transgressed",
        "my",
        "covenant,",
        "and",
        "trespassed",
        "against",
        "my",
        "law."
      ],
      "header": "",
      "footer": ""
    },
    {
      "book_name": "Hosea",
      "chapter": 8,
      "verse": 2,
      "text": [
        "Israel",
        "shall",
        "cry",
        "unto",
        "me,",
        "My",
        "God,",
        "we",
        "know",
        "thee."
      ],
      "header": "",
      "footer": ""
    },
    {
      "book_name": "Hosea",
      "chapter": 8,
      "verse": 3,
      "text": [
        "Israel",
        "hath",
        "cast",
        "off",
        "*the",
        "*thing",
        "*that",
        "*is",
        "good:",
        "the",
        "enemy",
        "shall",
        "pursue",
        "him."
      ],
      "header": "",
      "footer": ""
    },
    {
      "book_name": "Hosea",
      "chapter": 8,
      "verse": 4,
      "text": [
        "They",
        "have",
        "set",
        "up",
        "kings,",
        "but",
        "not",
        "by",
        "me:",
        "they",
        "have",
        "made",
        "princes,",
        "and",
        "I",
        "knew",
        "*it",
        "not:",
        "of",
        "their",
        "silver",
        "and",
        "their",
        "gold",
        "have",
        "they",
        "made",
        "them",
        "idols,",
        "that",
        "they",
        "may",
        "be",
        "cut",
        "off."
      ],
      "header": "",
      "footer": ""
    },
    {
      "book_name": "Hosea",
      "chapter": 8,
      "verse": 5,
      "text": [
        "¶",
        "Thy",
        "calf,",
        "O",
        "Samaria,",
        "hath",
        "cast",
        "*thee",
        "off;",
        "mine",
        "anger",
        "is",
        "kindled",
        "against",
        "them:",
        "how",
        "long",
        "*will",
        "*it",
        "*be",
        "ere",
        "they",
        "attain",
        "to",
        "innocency?"
      ],
      "header": "",
      "footer": ""
    },
    {
      "book_name": "Hosea",
      "chapter": 8,
      "verse": 6,
      "text": [
        "For",
        "from",
        "Israel",
        "*was",
        "it",
        "also:",
        "the",
        "workman",
        "made",
        "it;",
        "therefore",
        "it",
        "*is",
        "not",
        "God:",
        "but",
        "the",
        "calf",
        "of",
        "Samaria",
        "shall",
        "be",
        "broken",
        "in",
        "pieces."
      ],
      "header": "",
      "footer": ""
    },
    {
      "book_name": "Hosea",
      "chapter": 8,
      "verse": 7,
      "text": [
        "For",
        "they",
        "have",
        "sown",
        "the",
        "wind,",
        "and",
        "they",
        "shall",
        "reap",
        "the",
        "whirlwind:",
        "it",
        "hath",
        "no",
        "stalk:",
        "the",
        "bud",
        "shall",
        "yield",
        "no",
        "meal:",
        "if",
        "so",
        "be",
        "it",
        "yield,",
        "the",
        "strangers",
        "shall",
        "swallow",
        "it",
        "up."
      ],
      "header": "",
      "footer": ""
    },
    {
      "book_name": "Hosea",
      "chapter": 8,
      "verse": 8,
      "text": [
        "Israel",
        "is",
        "swallowed",
        "up:",
        "now",
        "shall",
        "they",
        "be",
        "among",
        "the",
        "Gentiles",
        "as",
        "a",
        "vessel",
        "wherein",
        "*is",
        "no",
        "pleasure."
      ],
      "header": "",
      "footer": ""
    },
    {
      "book_name": "Hosea",
      "chapter": 8,
      "verse": 9,
      "text": [
        "For",
        "they",
        "are",
        "gone",
        "up",
        "to",
        "Assyria,",
        "a",
        "wild",
        "ass",
        "alone",
        "by",
        "himself:",
        "Ephraim",
        "hath",
        "hired",
        "lovers."
      ],
      "header": "",
      "footer": ""
    },
    {
      "book_name": "Hosea",
      "chapter": 8,
      "verse": 10,
      "text": [
        "Yea,",
        "though",
        "they",
        "have",
        "hired",
        "among",
        "the",
        "nations,",
        "now",
        "will",
        "I",
        "gather",
        "them,",
        "and",
        "they",
        "shall",
        "sorrow",
        "a",
        "little",
        "for",
        "the",
        "burden",
        "of",
        "the",
        "king",
        "of",
        "princes."
      ],
      "header": "",
      "footer": ""
    },
    {
      "book_name": "Hosea",
      "chapter": 8,
      "verse": 11,
      "text": [
        "Because",
        "Ephraim",
        "hath",
        "made",
        "many",
        "altars",
        "to",
        "sin,",
        "altars",
        "shall",
        "be",
        "unto",
        "him",
        "to",
        "sin."
      ],
      "header": "",
      "footer": ""
    },
    {
      "book_name": "Hosea",
      "chapter": 8,
      "verse": 12,
      "text": [
        "I",
        "have",
        "written",
        "to",
        "him",
        "the",
        "great",
        "things",
        "of",
        "my",
        "law,",
        "*but",
        "they",
        "were",
        "counted",
        "as",
        "a",
        "strange",
        "thing."
      ],
      "header": "",
      "footer": ""
    },
    {
      "book_name": "Hosea",
      "chapter": 8,
      "verse": 13,
      "text": [
        "They",
        "sacrifice",
        "flesh",
        "*for",
        "the",
        "sacrifices",
        "of",
        "mine",
        "offerings,",
        "and",
        "eat",
        "*it;",
        "*but",
        "the",
        "Lᴏʀᴅ",
        "accepteth",
        "them",
        "not;",
        "now",
        "will",
        "he",
        "remember",
        "their",
        "iniquity,",
        "and",
        "visit",
        "their",
        "sins:",
        "they",
        "shall",
        "return",
        "to",
        "Egypt."
      ],
      "header": "",
      "footer": ""
    },
    {
      "book_name": "Hosea",
      "chapter": 8,
      "verse": 14,
      "text": [
        "For",
        "Israel",
        "hath",
        "forgotten",
        "his",
        "Maker,",
        "and",
        "buildeth",
        "temples;",
        "and",
        "Judah",
        "hath",
        "multiplied",
        "fenced",
        "cities:",
        "but",
        "I",
        "will",
        "send",
        "a",
        "fire",
        "upon",
        "his",
        "cities,",
        "and",
        "it",
        "shall",
        "devour",
        "the",
        "palaces",
        "thereof."
      ],
      "header": "",
      "footer": ""
    }
  ]
}