{
  "book_name": "Hosea",
  "chapter": 9,
  "verses": [
    {
      "book_name": "Hosea",
      "chapter": 9,
      "verse": 1,
      "text": [
        "Rejoice",
        "not,",
        "O",
        "Israel,",
        "for",
        "joy,",
        "as",
        "*other",
        "people:",
        "for",
        "thou",
        "hast",
        "gone",
        "a",
        "whoring",
        "from",
        "thy",
        "God,",
        "thou",
        "hast",
        "loved",
        "a",
        "reward",
        "upon",
        "every",
        "cornfloor."
      ],
      "header": "",
      "footer": ""
    },
    {
      "book_name": "Hosea",
      "chapter": 9,
      "verse": 2,
      "text": [
        "The",
        "floor",
        "and",
        "the",
        "winepress",
        "shall",
        "not",
        "feed",
        "them,",
        "and",
        "the",
        "new",
        "wine",
        "shall",
        "fail",
        "in",
        "her."
      ],
      "header": "",
      "footer": ""
    },
    {
      "book_name": "Hosea",
      "chapter": 9,
      "verse": 3,
      "text": [
        "They",
        "shall",
        "not",
        "dwell",
        "in",
        "the",
        "Lᴏʀᴅ's",
        "land;",
        "but",
        "Ephraim",
        "shall",
        "return",
        "to",
        "Egypt,",
        "and",
        "they",
        "shall",
        "eat",
        "unclean",
        "*things",
        "in",
        "Assyria."
      ],
      "header": "",
      "footer": ""
    },
    {
      "book_name": "Hosea",
      "chapter": 9,
      "verse": 4,
      "text": [
        "They",
        "shall",
        "not",
        "offer",
        "wine",
        "*offerings",
        "to",
        "the",
        "Lᴏʀᴅ,",
        "neither",
        "shall",
        "they",
        "be",
        "pleasing",
        "unto",
        "him:",
        "their",
        "sacrifices",
        "*shall",
        "*be",
        "unto",
        "them",
        "as",
        "the",
        "bread",
        "of",
        "mourners;",
        "all",
        "that",
        "eat",
        "thereof",
        "shall",
        "be",
        "polluted:",
        "for",
        "their",
        "bread",
        "for",
        "their",
        "soul",
        "shall",
        "not",
        "come",
        "into",
        "the",
        "house",
        "of",
        "the",
        "Lᴏʀᴅ."
      ],
      "header": "",
      "footer": ""
    },
    {
      "book_name": "Hosea",
      "chapter": 9,
      "verse": 5,
      "text": [
        "What",
        "will",
        "ye",
        "do",
        "in",
        "the",
        "solemn",
        "day,",
        "and",
        "in",
        "the",
        "day",
        "of",
        "the",
        "feast",
        "of",
        "the",
        "Lᴏʀᴅ?"
      ],
      "header": "",
      "footer": ""
    },
    {
      "book_name": "Hosea",
      "chapter": 9,
      "verse": 6,
      "text": [
        "For,",
        "lo,",
        "they",
        "are",
        "gone",
        "because",
        "of",
        "destruction:",
        "Egypt",
        "shall",
        "gather",
        "them",
        "up,",
        "Memphis",
        "shall",
        "bury",
        "them:",
        "the",
        "pleasant",
        "*places",
        "for",
        "their",
        "silver,",
        "nettles",
        "shall",
        "possess",
        "them:",
        "thorns",
        "*shall",
        "*be",
        "in",
        "their",
        "tabernacles."
      ],
      "header": "",
      "footer": ""
    },
    {
      "book_name": "Hosea",
      "chapter": 9,
      "verse": 7,
      "text": [
        "The",
        "days",
        "of",
        "visitation",
        "are",
        "come,",
        "the",
        "days",
        "of",
        "recompence",
        "are",
        "come;",
        "Israel",
        "shall",
        "know",
        "*it:",
        "the",
        "prophet",
        "*is",
        "a",
        "fool,",
        "the",
        "spiritual",
        "man",
        "*is",
        "mad,",
        "for",
        "the",
        "multitude",
        "of",
        "thine",
        "iniquity,",
        "and",
        "the",
        "great",
        "hatred."
      ],
      "header": "",
      "footer": ""
    },
    {
      "book_name": "Hosea",
      "chapter": 9,
      "verse": 8,
      "text": [
        "The",
        "watchman",
        "of",
        "Ephraim",
        "*was",
        "with",
        "my",
        "God:",
        "*but",
        "the",
        "prophet",
        "*is",
        "a",
        "snare",
        "of",
        "a",
        "fowler",
        "in",
        "all",
        "his",
        "ways,",
        "*and",
        "hatred",
        "in",
        "the",
        "house",
        "of",
        "his",
        "God."
      ],
      "header": "",
      "footer": ""
    },
    {
      "book_name": "Hosea",
      "chapter": 9,
      "verse": 9,
      "text": [
        "They",
        "have",
        "deeply",
        "corrupted",
        "*themselves,",
        "as",
        "in",
        "the",
        "days",
        "of",
        "Gibeah:",
        "*therefore",
        "he",
        "will",
        "remember",
        "their",
        "iniquity,",
        "he",
        "will",
        "visit",
        "their",
        "sins."
      ],
      "header": "",
      "footer": ""
    },
    {
      "book_name": "Hosea",
      "chapter": 9,
      "verse": 10,
      "text": [
        "I",
        "found",
        "Israel",
        "like",
        "grapes",
        "in",
        "the",
        "wilderness;",
        "I",
        "saw",
        "your",
        "fathers",
        "as",
        "the",
        "firstripe",
        "in",
        "the",
        "fig",
        "tree",
        "at",
        "her",
        "first",
        "time:",
        "*but",
        "they",
        "went",
        "to",
        "Baalpeor,",
        "and",
        "separated",
        "themselves",
        "unto",
        "*that",
        "shame;",
        "and",
        "*their",
        "abominations",
        "were",
        "according",
        "as",
        "they",
        "loved."
      ],
      "header": "",
      "footer": ""
    },
    {
      "book_name": "Hosea",
      "chapter": 9,
      "verse": 11,
      "text": [
        "*As",
        "*for",
        "Ephraim,",
        "their",
        "glory",
        "shall",
        "fly",
        "away",
        "like",
        "a",
        "bird,",
        "from",
        "the",
        "birth,",
        "and",
        "from",
        "the",
        "womb,",
        "and",
        "from",
        "the",
        "conception."
      ],
      "header": "",
      "footer": ""
    },
    {
      "book_name": "Hosea",
      "chapter": 9,
      "verse": 12,
      "text": [
        "Though",
        "they",
        "bring",
        "up",
        "their",
        "children,",
        "yet",
        "will",
        "I",
        "bereave",
        "them,",
        "*that",
        "*there",
        "*shall",
        "not",
        "*be",
        "a",
        "man",
        "*left:",
        "yea,",
        "woe",
        "also",
        "to",
        "them",
        "when",
        "I",
        "depart",
        "from",
        "them!"
      ],
      "header": "",
      "footer": ""
    },
    {
      "book_name": "Hosea",
      "chapter": 9,
      "verse": 13,
      "text": [
        "Ephraim,",
        "as",
        "I",
        "saw",
        "Tyrus,",
        "*is",
        "planted",
        "in",
        "a",
        "pleasant",
        "place:",
        "but",
        "Ephraim",
        "shall",
        "bring",
        "forth",
        "his",
        "children",
        "to",
        "the",
        "murderer."
      ],
      "header": "",
      "footer": ""
    },
    {
      "book_name": "Hosea",
      "chapter": 9,
      "verse": 14,
      "text": [
        "Give",
        "them,",
        "O",
        "Lᴏʀᴅ:",
        "what",
        "wilt",
        "thou",
        "give?",
        "give",
        "them",
        "a",
        "miscarrying",
        "womb",
        "and",
        "dry",
        "breasts."
      ],
      "header": "",
      "footer": ""
    },
    {
      "book_name": "Hosea",
      "chapter": 9,
      "verse": 15,
      "text": [
        "All",
        "their",
        "wickedness",
        "*is",
        "in",
        "Gilgal:",
        "for",
        "there",
        "I",
        "hated",
        "them:",
        "for",
        "the",
        "wickedness",
        "of",
        "their",
        "doings",
        "I",
        "will",
        "drive",
        "them",
        "out",
        "of",
        "mine",
        "house,",
        "I",
        "will",
        "love",
        "them",
        "no",
        "more:",
        "all",
        "their",
        "princes",
        "*are",
        "revolters."
      ],
      "header": "",
      "footer": ""
    },
    {
      "book_name": "Hosea",
      "chapter": 9,
      "verse": 16,
      "text": [
        "Ephraim",
        "is",
        "smitten,",
        "their",
        "root",
        "is",
        "dried",
        "up,",
        "they",
        "shall",
        "bear",
        "no",
        "fruit:",
        "yea,",
        "though",
        "they",
        "bring",
        "forth,",
        "yet",
        "will",
        "I",
        "slay",
        "*even",
        "the",
        "beloved",
        "*fruit",
        "of",
        "their",
        "womb."
      ],
      "header": "",
      "footer": ""
    },
    {
      "book_name": "Hosea",
      "chapter": 9,
      "verse": 17,
      "text": [
        "My",
        "God",
        "will",
        "cast",
        "them",
        "away,",
        "because",
        "they",
        "did",
        "not",
        "hearken",
        "unto",
        "him:",
        "and",
        "they",
        "shall",
        "be",
        "wanderers",
        "among",
        "the",
        "nations."
      ],
      "header": "",
      "footer": ""
    }
  ]
}