{
  "book_name": "Daniel",
  "chapter": 10,
  "verses": [
    {
      "book_name": "Daniel",
      "chapter": 10,
      "verse": 1,
      "text": [
        "In",
        "the",
        "third",
        "year",
        "of",
        "Cyrus",
        "king",
        "of",
        "Persia",
        "a",
        "thing",
        "was",
        "revealed",
        "unto",
        "Daniel,",
        "whose",
        "name",
        "was",
        "called",
        "Belteshazzar;",
        "and",
        "the",
        "thing",
        "*was",
        "true,",
        "but",
        "the",
        "time",
        "appointed",
        "*was",
        "long:",
        "and",
        "he",
        "understood",
        "the",
        "thing,",
        "and",
        "had",
        "understanding",
        "of",
        "the",
        "vision."
      ],
      "header": "",
      "footer": ""
    },
    {
      "book_name": "Daniel",
      "chapter": 10,
      "verse": 2,
      "text": [
        "In",
        "those",
        "days",
        "I",
        "Daniel",
        "was",
        "mourning",
        "three",
        "full",
        "weeks."
      ],
      "header": "",
      "footer": ""
    },
    {
      "book_name": "Daniel",
      "chapter": 10,
      "verse": 3,
      "text": [
        "I",
        "ate",
        "no",
        "pleasant",
        "bread,",
        "neither",
        "came",
        "flesh",
        "nor",
        "wine",
        "in",
        "my",
        "mouth,",
        "neither",
        "did",
        "I",
        "anoint",
        "myself",
        "at",
        "all,",
        "till",
        "three",
        "whole",
        "weeks",
        "were",
        "fulfilled."
      ],
      "header": "",
      "footer": ""
    },
    {
      "book_name": "Daniel",
      "chapter": 10,
      "verse": 4,
      "text": [
        "And",
        "in",
        "the",
        "four",
        "and",
        "twentieth",
        "day",
        "of",
        "the",
        "first",
        "month,",
        "as",
        "I",
        "was",
        "by",
        "the",
        "side",
        "of",
        "the",
        "great",
        "river,",
        "which",
        "*is",
        "Hiddekel;"
      ],
      "header": "",
      "footer": ""
    },
    {
      "book_name": "Daniel",
      "chapter": 10,
      "verse": 5,
      "text": [
        "Then",
        "I",
        "lifted",
        "up",
        "mine",
        "eyes,",
        "and",
        "looked,",
        "and",
        "behold",
        "a",
        "certain",
        "man",
        "clothed",
        "in",
        "linen,",
        "whose",
        "loins",
        "*were",
        "girded",
        "with",
        "fine",
        "gold",
        "of",
        "Uphaz:"
      ],
      "header": "",
      "footer": ""
    },
    {
      "book_name": "Daniel",
      "chapter": 10,
      "verse": 6,
      "text": [
        "His",
        "body",
        "also",
        "*was",
        "like",
        "the",
        "beryl,",
        "and",
        "his",
        "face",
        "as",
        "the",
        "appearance",
        "of",
        "lightning,",
        "and",
        "his",
        "eyes",
        "as",
        "lamps",
        "of",
        "fire,",
        "and",
        "his",
        "arms",
        "and",
        "his",
        "feet",
        "like",
        "in",
        "colour",
        "to",
        "polished",
        "brass,",
        "and",
        "the",
        "voice",
        "of",
        "his",
        "words",
        "like",
        "the",
        "voice",
        "of",
        "a",
        "multitude."
      ],
      "header": "",
      "footer": ""
    },
    {
      "book_name": "Daniel",
      "chapter": 10,
      "verse": 7,
      "text": [
        "And",
        "I",
        "Daniel",
        "alone",
        "saw",
        "the",
        "vision:",
        "for",
        "the",
        "men",
        "that",
        "were",
        "with",
        "me",
        "saw",
        "not",
        "the",
        "vision;",
        "but",
        "a",
        "great",
        "quaking",
        "fell",
        "upon",
        "them,",
        "so",
        "that",
        "they",
        "fled",
        "to",
        "hide",
        "themselves."
      ],
      "header": "",
      "footer": ""
    },
    {
      "book_name": "Daniel",
      "chapter": 10,
      "verse": 8,
      "text": [
        "Therefore",
        "I",
        "was",
        "left",
        "alone,",
        "and",
        "saw",
        "this",
        "great",
        "vision,",
        "and",
        "there",
        "remained",
        "no",
        "strength",
        "in",
        "me:",
        "for",
        "my",
        "comeliness",
        "was",
        "turned",
        "in",
        "me",
        "into",
        "corruption,",
        "and",
        "I",
        "retained",
        "no",
        "strength."
      ],
      "header": "",
      "footer": ""
    },
    {
      "book_name": "Daniel",
      "chapter": 10,
      "verse": 9,
      "text": [
        "Yet",
        "heard",
        "I",
        "the",
        "voice",
        "of",
        "his",
        "words:",
        "and",
        "when",
        "I",
        "heard",
        "the",
        "voice",
        "of",
        "his",
        "words,",
        "then",
        "was",
        "I",
        "in",
        "a",
        "deep",
        "sleep",
        "on",
        "my",
        "face,",
        "and",
        "my",
        "face",
        "toward",
        "the",
        "ground."
      ],
      "header": "",
      "footer": ""
    },
    {
      "book_name": "Daniel",
      "chapter": 10,
      "verse": 10,
      "text": [
        "¶",
        "And,",
        "behold,",
        "an",
        "hand",
        "touched",
        "me,",
        "which",
        "set",
        "me",
        "upon",
        "my",
        "knees",
        "and",
        "*upon",
        "the",
        "palms",
        "of",
        "my",
        "hands."
      ],
      "header": "",
      "footer": ""
    },
    {
      "book_name": "Daniel",
      "chapter": 10,
      "verse": 11,
      "text": [
        "And",
        "he",
        "said",
        "unto",
        "me,",
        "O",
        "Daniel,",
        "a",
        "man",
        "greatly",
        "beloved,",
        "understand",
        "the",
        "words",
        "that",
        "I",
        "speak",
        "unto",
        "thee,",
        "and",
        "stand",
        "upright:",
        "for",
        "unto",
        "thee",
        "am",
        "I",
        "now",
        "sent.",
        "And",
        "when",
        "he",
        "had",
        "spoken",
        "this",
        "word",
        "unto",
        "me,",
        "I",
        "stood",
        "trembling."
      ],
      "header": "",
      "footer": ""
    },
    {
      "book_name": "Daniel",
      "chapter": 10,
      "verse": 12,
      "text": [
        "Then",
        "said",
        "he",
        "unto",
        "me,",
        "Fear",
        "not,",
        "Daniel:",
        "for",
        "from",
        "the",
        "first",
        "day",
        "that",
        "thou",
        "didst",
        "set",
        "thine",
        "heart",
        "to",
        "understand,",
        "and",
        "to",
        "chasten",
        "thyself",
        "before",
        "thy",
        "God,",
        "thy",
        "words",
        "were",
        "heard,",
        "and",
        "I",
        "am",
        "come",
        "for",
        "thy",
        "words."
      ],
      "header": "",
      "footer": ""
    },
    {
      "book_name": "Daniel",
      "chapter": 10,
      "verse": 13,
      "text": [
        "But",
        "the",
        "prince",
        "of",
        "the",
        "kingdom",
        "of",
        "Persia",
        "withstood",
        "me",
        "one",
        "and",
        "twenty",
        "days:",
        "but,",
        "lo,",
        "Michael,",
        "one",
        "of",
        "the",
        "chief",
        "princes,",
        "came",
        "to",
        "help",
        "me;",
        "and",
        "I",
        "remained",
        "there",
        "with",
        "the",
        "kings",
        "of",
        "Persia."
      ],
      "header": "",
      "footer": ""
    },
    {
      "book_name": "Daniel",
      "chapter": 10,
      "verse": 14,
      "text": [
        "Now",
        "I",
        "am",
        "come",
        "to",
        "make",
        "thee",
        "understand",
        "what",
        "shall",
        "befall",
        "thy",
        "people",
        "in",
        "the",
        "latter",
        "days:",
        "for",
        "yet",
        "the",
        "vision",
        "*is",
        "for",
        "*many",
        "days."
      ],
      "header": "",
      "footer": ""
    },
    {
      "book_name": "Daniel",
      "chapter": 10,
      "verse": 15,
      "text": [
        "And",
        "when",
        "he",
        "had",
        "spoken",
        "such",
        "words",
        "unto",
        "me,",
        "I",
        "set",
        "my",
        "face",
        "toward",
        "the",
        "ground,",
        "and",
        "I",
        "became",
        "dumb."
      ],
      "header": "",
      "footer": ""
    },
    {
      "book_name": "Daniel",
      "chapter": 10,
      "verse": 16,
      "text": [
        "And,",
        "behold,",
        "*one",
        "like",
        "the",
        "similitude",
        "of",
        "the",
        "sons",
        "of",
        "men",
        "touched",
        "my",
        "lips:",
        "then",
        "I",
        "opened",
        "my",
        "mouth,",
        "and",
        "spake,",
        "and",
        "said",
        "unto",
        "him",
        "that",
        "stood",
        "before",
        "me,",
        "O",
        "my",
        "lord,",
        "by",
        "the",
        "vision",
        "my",
        "sorrows",
        "are",
        "turned",
        "upon",
        "me,",
        "and",
        "I",
        "have",
        "retained",
        "no",
        "strength."
      ],
      "header": "",
      "footer": ""
    },
    {
      "book_name": "Daniel",
      "chapter": 10,
      "verse": 17,
      "text": [
        "For",
        "how",
        "can",
        "the",
        "servant",
        "of",
        "this",
        "my",
        "lord",
        "talk",
        "with",
        "this",
        "my",
        "lord?",
        "for",
        "as",
        "for",
        "me,",
        "straightway",
        "there",
        "remained",
        "no",
        "strength",
        "in",
        "me,",
        "neither",
        "is",
        "there",
        "breath",
        "left",
        "in",
        "me."
      ],
      "header": "",
      "footer": ""
    },
    {
      "book_name": "Daniel",
      "chapter": 10,
      "verse": 18,
      "text": [
        "Then",
        "there",
        "came",
        "again",
        "and",
        "touched",
        "me",
        "*one",
        "like",
        "the",
        "appearance",
        "of",
        "a",
        "man,",
        "and",
        "he",
        "strengthened",
        "me,"
      ],
      "header": "",
      "footer": ""
    },
    {
      "book_name": "Daniel",
      "chapter": 10,
      "verse": 19,
      "text": [
        "And",
        "said,",
        "O",
        "man",
        "greatly",
        "beloved,",
        "fear",
        "not:",
        "peace",
        "*be",
        "unto",
        "thee,",
        "be",
        "strong,",
        "yea,",
        "be",
        "strong.",
        "And",
        "when",
        "he",
        "had",
        "spoken",
        "unto",
        "me,",
        "I",
        "was",
        "strengthened,",
        "and",
        "said,",
        "Let",
        "my",
        "lord",
        "speak;",
        "for",
        "thou",
        "hast",
        "strengthened",
        "me."
      ],
      "header": "",
      "footer": ""
    },
    {
      "book_name": "Daniel",
      "chapter": 10,
      "verse": 20,
      "text": [
        "Then",
        "said",
        "he,",
        "Knowest",
        "thou",
        "wherefore",
        "I",
        "come",
        "unto",
        "thee?",
        "and",
        "now",
        "will",
        "I",
        "return",
        "to",
        "fight",
        "with",
        "the",
        "prince",
        "of",
        "Persia:",
        "and",
        "when",
        "I",
        "am",
        "gone",
        "forth,",
        "lo,",
        "the",
        "prince",
        "of",
        "Grecia",
        "shall",
        "come."
      ],
      "header": "",
      "footer": ""
    },
    {
      "book_name": "Daniel",
      "chapter": 10,
      "verse": 21,
      "text": [
        "But",
        "I",
        "will",
        "shew",
        "thee",
        "that",
        "which",
        "is",
        "noted",
        "in",
        "the",
        "scripture",
        "of",
        "truth:",
        "and",
        "*there",
        "*is",
        "none",
        "that",
        "holdeth",
        "with",
        "me",
        "in",
        "these",
        "things,",
        "but",
        "Michael",
        "your",
        "prince."
      ],
      "header": "",
      "footer": ""
    }
  ]
}