{
  "book_name": "Haggai",
  "chapter": 1,
  "verses": [
    {
      "book_name": "Haggai",
      "chapter": 1,
      "verse": 1,
      "text": [
        "In",
        "the",
        "second",
        "year",
        "of",
        "Darius",
        "the",
        "king,",
        "in",
        "the",
        "sixth",
        "month,",
        "in",
        "the",
        "first",
        "day",
        "of",
        "the",
        "month,",
        "came",
        "the",
        "word",
        "of",
        "the",
        "Lᴏʀᴅ",
        "by",
        "Haggai",
        "the",
        "prophet",
        "unto",
        "Zerubbabel",
        "the",
        "son",
        "of",
        "Shealtiel,",
        "governor",
        "of",
        "Judah,",
        "and",
        "to",
        "Joshua",
        "the",
        "son",
        "of",
        "Josedech,",
        "the",
        "high",
        "priest,",
        "saying,"
      ],
      "header": "",
      "footer": ""
    },
    {
      "book_name": "Haggai",
      "chapter": 1,
      "verse": 2,
      "text": [
        "Thus",
        "speaketh",
        "the",
        "Lᴏʀᴅ",
        "of",
        "hosts,",
        "saying,",
        "This",
        "people",
        "say,",
        "The",
        "time",
        "is",
        "not",
        "come,",
        "the",
        "time",
        "that",
        "the",
        "Lᴏʀᴅ's",
        "house",
        "should",
        "be",
        "built."
      ],
      "header": "",
      "footer": ""
    },
    {
      "book_name": "Haggai",
      "chapter": 1,
      "verse": 3,
      "text": [
        "Then",
        "came",
        "the",
        "word",
        "of",
        "the",
        "Lᴏʀᴅ",
        "by",
        "Haggai",
        "the",
        "prophet,",
        "saying,"
      ],
      "header": "",
      "footer": ""
    },
    {
      "book_name": "Haggai",
      "chapter": 1,
      "verse": 4,
      "text": [
        "*Is",
        "*it",
        "time",
        "for",
        "you,",
        "O",
        "ye,",
        "to",
        "dwell",
        "in",
        "your",
        "cieled",
        "houses,",
        "and",
        "this",
        "house",
        "*lie",
        "waste?"
      ],
      "header": "",
      "footer": ""
    },
    {
      "book_name": "Haggai",
      "chapter": 1,
      "verse": 5,
      "text": [
        "Now",
        "therefore",
        "thus",
        "saith",
        "the",
        "Lᴏʀᴅ",
        "of",
        "hosts;",
        "Consider",
        "your",
        "ways."
      ],
      "header": "",
      "footer": ""
    },
    {
      "book_name": "Haggai",
      "chapter": 1,
      "verse": 6,
      "text": [
        "Ye",
        "have",
        "sown",
        "much,",
        "and",
        "bring",
        "in",
        "little;",
        "ye",
        "eat,",
        "but",
        "ye",
        "have",
        "not",
        "enough;",
        "ye",
        "drink,",
        "but",
        "ye",
        "are",
        "not",
        "filled",
        "with",
        "drink;",
        "ye",
        "clothe",
        "you,",
        "but",
        "there",
        "is",
        "none",
        "warm;",
        "and",
        "he",
        "that",
        "earneth",
        "wages",
        "earneth",
        "wages",
        "*to",
        "*put",
        "*it",
        "into",
        "a",
        "bag",
        "with",
        "holes."
      ],
      "header": "",
      "footer": ""
    },
    {
      "book_name": "Haggai",
      "chapter": 1,
      "verse": 7,
      "text": [
        "¶",
        "Thus",
        "saith",
        "the",
        "Lᴏʀᴅ",
        "of",
        "hosts;",
        "Consider",
        "your",
        "ways."
      ],
      "header": "",
      "footer": ""
    },
    {
      "book_name": "Haggai",
      "chapter": 1,
      "verse": 8,
      "text": [
        "Go",
        "up",
        "to",
        "the",
        "mountain,",
        "and",
        "bring",
        "wood,",
        "and",
        "build",
        "the",
        "house;",
        "and",
        "I",
        "will",
        "take",
        "pleasure",
        "in",
        "it,",
        "and",
        "I",
        "will",
        "be",
        "glorified,",
        "saith",
        "the",
        "Lᴏʀᴅ."
      ],
      "header": "",
      "footer": ""
    },
    {
      "book_name": "Haggai",
      "chapter": 1,
      "verse": 9,
      "text": [
        "Ye",
        "looked",
        "for",
        "much,",
        "and,",
        "lo,",
        "*it",
        "*came",
        "to",
        "little;",
        "and",
        "when",
        "ye",
        "brought",
        "*it",
        "home,",
        "I",
        "did",
        "blow",
        "upon",
        "it.",
        "Why?",
        "saith",
        "the",
        "Lᴏʀᴅ",
        "of",
        "hosts.",
        "Because",
        "of",
        "mine",
        "house",
        "that",
        "*is",
        "waste,",
        "and",
        "ye",
        "run",
        "every",
        "man",
        "unto",
        "his",
        "own",
        "house."
      ],
      "header": "",
      "footer": ""
    },
    {
      "book_name": "Haggai",
      "chapter": 1,
      "verse": 10,
      "text": [
        "Therefore",
        "the",
        "heaven",
        "over",
        "you",
        "is",
        "stayed",
        "from",
        "dew,",
        "and",
        "the",
        "earth",
        "is",
        "stayed",
        "*from",
        "her",
        "fruit."
      ],
      "header": "",
      "footer": ""
    },
    {
      "book_name": "Haggai",
      "chapter": 1,
      "verse": 11,
      "text": [
        "And",
        "I",
        "called",
        "for",
        "a",
        "drought",
        "upon",
        "the",
        "land,",
        "and",
        "upon",
        "the",
        "mountains,",
        "and",
        "upon",
        "the",
        "corn,",
        "and",
        "upon",
        "the",
        "new",
        "wine,",
        "and",
        "upon",
        "the",
        "oil,",
        "and",
        "upon",
        "*that",
        "which",
        "the",
        "ground",
        "bringeth",
        "forth,",
        "and",
        "upon",
        "men,",
        "and",
        "upon",
        "cattle,",
        "and",
        "upon",
        "all",
        "the",
        "labour",
        "of",
        "the",
        "hands."
      ],
      "header": "",
      "footer": ""
    },
    {
      "book_name": "Haggai",
      "chapter": 1,
      "verse": 12,
      "text": [
        "¶",
        "Then",
        "Zerubbabel",
        "the",
        "son",
        "of",
        "Shealtiel,",
        "and",
        "Joshua",
        "the",
        "son",
        "of",
        "Josedech,",
        "the",
        "high",
        "priest,",
        "with",
        "all",
        "the",
        "remnant",
        "of",
        "the",
        "people,",
        "obeyed",
        "the",
        "voice",
        "of",
        "the",
        "Lᴏʀᴅ",
        "their",
        "God,",
        "and",
        "the",
        "words",
        "of",
        "Haggai",
        "the",
        "prophet,",
        "as",
        "the",
        "Lᴏʀᴅ",
        "their",
        "God",
        "had",
        "sent",
        "him,",
        "and",
        "the",
        "people",
        "did",
        "fear",
        "before",
        "the",
        "Lᴏʀᴅ."
      ],
      "header": "",
      "footer": ""
    },
    {
      "book_name": "Haggai",
      "chapter": 1,
      "verse": 13,
      "text": [
        "Then",
        "spake",
        "Haggai",
        "the",
        "Lᴏʀᴅ's",
        "messenger",
        "in",
        "the",
        "Lᴏʀᴅ's",
        "message",
        "unto",
        "the",
        "people,",
        "saying,",
        "I",
        "*am",
        "with",
        "you,",
        "saith",
        "the",
        "Lᴏʀᴅ."
      ],
      "header": "",
      "footer": ""
    },
    {
      "book_name": "Haggai",
      "chapter": 1,
      "verse": 14,
      "text": [
        "And",
        "the",
        "Lᴏʀᴅ",
        "stirred",
        "up",
        "the",
        "spirit",
        "of",
        "Zerubbabel",
        "the",
        "son",
        "of",
        "Shealtiel,",
        "governor",
        "of",
        "Judah,",
        "and",
        "the",
        "spirit",
        "of",
        "Joshua",
        "the",
        "son",
        "of",
        "Josedech,",
        "the",
        "high",
        "priest,",
        "and",
        "the",
        "spirit",
        "of",
        "all",
        "the",
        "remnant",
        "of",
        "the",
        "people;",
        "and",
        "they",
        "came",
        "and",
        "did",
        "work",
        "in",
        "the",
        "house",
        "of",
        "the",
        "Lᴏʀᴅ",
        "of",
        "hosts,",
        "their",
        "God,"
      ],
      "header": "",
      "footer": ""
    },
    {
      "book_name": "Haggai",
      "chapter": 1,
      "verse": 15,
      "text": [
        "In",
        "the",
        "four",
        "and",
        "twentieth",
        "day",
        "of",
        "the",
        "sixth",
        "month,",
        "in",
        "the",
        "second",
        "year",
        "of",
        "Darius",
        "the",
        "king."
      ],
      "header": "",
      "footer": ""
    }
  ]
}