{
  "book_name": "Haggai",
  "chapter": 2,
  "verses": [
    {
      "book_name": "Haggai",
      "chapter": 2,
      "verse": 1,
      "text": [
        "In",
        "the",
        "seventh",
        "*month,",
        "in",
        "the",
        "one",
        "and",
        "twentieth",
        "*day",
        "of",
        "the",
        "month,",
        "came",
        "the",
        "word",
        "of",
        "the",
        "Lᴏʀᴅ",
        "by",
        "the",
        "prophet",
        "Haggai,",
        "saying,"
      ],
      "header": "",
      "footer": ""
    },
    {
      "book_name": "Haggai",
      "chapter": 2,
      "verse": 2,
      "text": [
        "Speak",
        "now",
        "to",
        "Zerubbabel",
        "the",
        "son",
        "of",
        "Shealtiel,",
        "governor",
        "of",
        "Judah,",
        "and",
        "to",
        "Joshua",
        "the",
        "son",
        "of",
        "Josedech,",
        "the",
        "high",
        "priest,",
        "and",
        "to",
        "the",
        "residue",
        "of",
        "the",
        "people,",
        "saying,"
      ],
      "header": "",
      "footer": ""
    },
    {
      "book_name": "Haggai",
      "chapter": 2,
      "verse": 3,
      "text": [
        "Who",
        "*is",
        "left",
        "among",
        "you",
        "that",
        "saw",
        "this",
        "house",
        "in",
        "her",
        "first",
        "glory?",
        "and",
        "how",
        "do",
        "ye",
        "see",
        "it",
        "now?",
        "*is",
        "*it",
        "not",
        "in",
        "your",
        "eyes",
        "in",
        "comparison",
        "of",
        "it",
        "as",
        "nothing?"
      ],
      "header": "",
      "footer": ""
    },
    {
      "book_name": "Haggai",
      "chapter": 2,
      "verse": 4,
      "text": [
        "Yet",
        "now",
        "be",
        "strong,",
        "O",
        "Zerubbabel,",
        "saith",
        "the",
        "Lᴏʀᴅ;",
        "and",
        "be",
        "strong,",
        "O",
        "Joshua,",
        "son",
        "of",
        "Josedech,",
        "the",
        "high",
        "priest;",
        "and",
        "be",
        "strong,",
        "all",
        "ye",
        "people",
        "of",
        "the",
        "land,",
        "saith",
        "the",
        "Lᴏʀᴅ,",
        "and",
        "work:",
        "for",
        "I",
        "*am",
        "with",
        "you,",
        "saith",
        "the",
        "Lᴏʀᴅ",
        "of",
        "hosts:"
      ],
      "header": "",
      "footer": ""
    },
    {
      "book_name": "Haggai",
      "chapter": 2,
      "verse": 5,
      "text": [
        "*According",
        "*to",
        "the",
        "word",
        "that",
        "I",
        "covenanted",
        "with",
        "you",
        "when",
        "ye",
        "came",
        "out",
        "of",
        "Egypt,",
        "so",
        "my",
        "spirit",
        "remaineth",
        "among",
        "you:",
        "fear",
        "ye",
        "not."
      ],
      "header": "",
      "footer": ""
    },
    {
      "book_name": "Haggai",
      "chapter": 2,
      "verse": 6,
      "text": [
        "For",
        "thus",
        "saith",
        "the",
        "Lᴏʀᴅ",
        "of",
        "hosts;",
        "Yet",
        "once,",
        "it",
        "*is",
        "a",
        "little",
        "while,",
        "and",
        "I",
        "will",
        "shake",
        "the",
        "heavens,",
        "and",
        "the",
        "earth,",
        "and",
        "the",
        "sea,",
        "and",
        "the",
        "dry",
        "*land;"
      ],
      "header": "",
      "footer": ""
    },
    {
      "book_name": "Haggai",
      "chapter": 2,
      "verse": 7,
      "text": [
        "And",
        "I",
        "will",
        "shake",
        "all",
        "nations,",
        "and",
        "the",
        "desire",
        "of",
        "all",
        "nations",
        "shall",
        "come:",
        "and",
        "I",
        "will",
        "fill",
        "this",
        "house",
        "with",
        "glory,",
        "saith",
        "the",
        "Lᴏʀᴅ",
        "of",
        "hosts."
      ],
      "header": "",
      "footer": ""
    },
    {
      "book_name": "Haggai",
      "chapter": 2,
      "verse": 8,
      "text": [
        "The",
        "silver",
        "*is",
        "mine,",
        "and",
        "the",
        "gold",
        "*is",
        "mine,",
        "saith",
        "the",
        "Lᴏʀᴅ",
        "of",
        "hosts."
      ],
      "header": "",
      "footer": ""
    },
    {
      "book_name": "Haggai",
      "chapter": 2,
      "verse": 9,
      "text": [
        "The",
        "glory",
        "of",
        "this",
        "latter",
        "house",
        "shall",
        "be",
        "greater",
        "than",
        "of",
        "the",
        "former,",
        "saith",
        "the",
        "Lᴏʀᴅ",
        "of",
        "hosts:",
        "and",
        "in",
        "this",
        "place",
        "will",
        "I",
        "give",
        "peace,",
        "saith",
        "the",
        "Lᴏʀᴅ",
        "of",
        "hosts."
      ],
      "header": "",
      "footer": ""
    },
    {
      "book_name": "Haggai",
      "chapter": 2,
      "verse": 10,
      "text": [
        "¶",
        "In",
        "the",
        "four",
        "and",
        "twentieth",
        "*day",
        "of",
        "the",
        "ninth",
        "*month,",
        "in",
        "the",
        "second",
        "year",
        "of",
        "Darius,",
        "came",
        "the",
        "word",
        "of",
        "the",
        "Lᴏʀᴅ",
        "by",
        "Haggai",
        "the",
        "prophet,",
        "saying,"
      ],
      "header": "",
      "footer": ""
    },
    {
      "book_name": "Haggai",
      "chapter": 2,
      "verse": 11,
      "text": [
        "Thus",
        "saith",
        "the",
        "Lᴏʀᴅ",
        "of",
        "hosts;",
        "Ask",
        "now",
        "the",
        "priests",
        "*concerning",
        "the",
        "law,",
        "saying,"
      ],
      "header": "",
      "footer": ""
    },
    {
      "book_name": "Haggai",
      "chapter": 2,
      "verse": 12,
      "text": [
        "If",
        "one",
        "bear",
        "holy",
        "flesh",
        "in",
        "the",
        "skirt",
        "of",
        "his",
        "garment,",
        "and",
        "with",
        "his",
        "skirt",
        "do",
        "touch",
        "bread,",
        "or",
        "pottage,",
        "or",
        "wine,",
        "or",
        "oil,",
        "or",
        "any",
        "meat,",
        "shall",
        "it",
        "be",
        "holy?",
        "And",
        "the",
        "priests",
        "answered",
        "and",
        "said,",
        "No."
      ],
      "header": "",
      "footer": ""
    },
    {
      "book_name": "Haggai",
      "chapter": 2,
      "verse": 13,
      "text": [
        "Then",
        "said",
        "Haggai,",
        "If",
        "*one",
        "*that",
        "*is",
        "unclean",
        "by",
        "a",
        "dead",
        "body",
        "touch",
        "any",
        "of",
        "these,",
        "shall",
        "it",
        "be",
        "unclean?",
        "And",
        "the",
        "priests",
        "answered",
        "and",
        "said,",
        "It",
        "shall",
        "be",
        "unclean."
      ],
      "header": "",
      "footer": ""
    },
    {
      "book_name": "Haggai",
      "chapter": 2,
      "verse": 14,
      "text": [
        "Then",
        "answered",
        "Haggai,",
        "and",
        "said,",
        "So",
        "*is",
        "this",
        "people,",
        "and",
        "so",
        "*is",
        "this",
        "nation",
        "before",
        "me,",
        "saith",
        "the",
        "Lᴏʀᴅ;",
        "and",
        "so",
        "*is",
        "every",
        "work",
        "of",
        "their",
        "hands;",
        "and",
        "that",
        "which",
        "they",
        "offer",
        "there",
        "*is",
        "unclean."
      ],
      "header": "",
      "footer": ""
    },
    {
      "book_name": "Haggai",
      "chapter": 2,
      "verse": 15,
      "text": [
        "And",
        "now,",
        "I",
        "pray",
        "you,",
        "consider",
        "from",
        "this",
        "day",
        "and",
        "upward,",
        "from",
        "before",
        "a",
        "stone",
        "was",
        "laid",
        "upon",
        "a",
        "stone",
        "in",
        "the",
        "temple",
        "of",
        "the",
        "Lᴏʀᴅ:"
      ],
      "header": "",
      "footer": ""
    },
    {
      "book_name": "Haggai",
      "chapter": 2,
      "verse": 16,
      "text": [
        "Since",
        "those",
        "*days",
        "were,",
        "when",
        "*one",
        "came",
        "to",
        "an",
        "heap",
        "of",
        "twenty",
        "*measures,",
        "there",
        "were",
        "*but",
        "ten:",
        "when",
        "*one",
        "came",
        "to",
        "the",
        "pressfat",
        "for",
        "to",
        "draw",
        "out",
        "fifty",
        "*vessels",
        "out",
        "of",
        "the",
        "press,",
        "there",
        "were",
        "*but",
        "twenty."
      ],
      "header": "",
      "footer": ""
    },
    {
      "book_name": "Haggai",
      "chapter": 2,
      "verse": 17,
      "text": [
        "I",
        "smote",
        "you",
        "with",
        "blasting",
        "and",
        "with",
        "mildew",
        "and",
        "with",
        "hail",
        "in",
        "all",
        "the",
        "labours",
        "of",
        "your",
        "hands;",
        "yet",
        "ye",
        "*turned",
        "not",
        "to",
        "me,",
        "saith",
        "the",
        "Lᴏʀᴅ."
      ],
      "header": "",
      "footer": ""
    },
    {
      "book_name": "Haggai",
      "chapter": 2,
      "verse": 18,
      "text": [
        "Consider",
        "now",
        "from",
        "this",
        "day",
        "and",
        "upward,",
        "from",
        "the",
        "four",
        "and",
        "twentieth",
        "day",
        "of",
        "the",
        "ninth",
        "*month,",
        "*even",
        "from",
        "the",
        "day",
        "that",
        "the",
        "foundation",
        "of",
        "the",
        "Lᴏʀᴅ's",
        "temple",
        "was",
        "laid,",
        "consider",
        "*it."
      ],
      "header": "",
      "footer": ""
    },
    {
      "book_name": "Haggai",
      "chapter": 2,
      "verse": 19,
      "text": [
        "Is",
        "the",
        "seed",
        "yet",
        "in",
        "the",
        "barn?",
        "yea,",
        "as",
        "yet",
        "the",
        "vine,",
        "and",
        "the",
        "fig",
        "tree,",
        "and",
        "the",
        "pomegranate,",
        "and",
        "the",
        "olive",
        "tree,",
        "hath",
        "not",
        "brought",
        "forth:",
        "from",
        "this",
        "day",
        "will",
        "I",
        "bless",
        "*you."
      ],
      "header": "",
      "footer": ""
    },
    {
      "book_name": "Haggai",
      "chapter": 2,
      "verse": 20,
      "text": [
        "¶",
        "And",
        "again",
        "the",
        "word",
        "of",
        "the",
        "Lᴏʀᴅ",
        "came",
        "unto",
        "Haggai",
        "in",
        "the",
        "four",
        "and",
        "twentieth",
        "*day",
        "of",
        "the",
        "month,",
        "saying,"
      ],
      "header": "",
      "footer": ""
    },
    {
      "book_name": "Haggai",
      "chapter": 2,
      "verse": 21,
      "text": [
        "Speak",
        "to",
        "Zerubbabel,",
        "governor",
        "of",
        "Judah,",
        "saying,",
        "I",
        "will",
        "shake",
        "the",
        "heavens",
        "and",
        "the",
        "earth;"
      ],
      "header": "",
      "footer": ""
    },
    {
      "book_name": "Haggai",
      "chapter": 2,
      "verse": 22,
      "text": [
        "And",
        "I",
        "will",
        "overthrow",
        "the",
        "throne",
        "of",
        "kingdoms,",
        "and",
        "I",
        "will",
        "destroy",
        "the",
        "strength",
        "of",
        "the",
        "kingdoms",
        "of",
        "the",
        "heathen;",
        "and",
        "I",
        "will",
        "overthrow",
        "the",
        "chariots,",
        "and",
        "those",
        "that",
        "ride",
        "in",
        "them;",
        "and",
        "the",
        "horses",
        "and",
        "their",
        "riders",
        "shall",
        "come",
        "down,",
        "every",
        "one",
        "by",
        "the",
        "sword",
        "of",
        "his",
        "brother."
      ],
      "header": "",
      "footer": ""
    },
    {
      "book_name": "Haggai",
      "chapter": 2,
      "verse": 23,
      "text": [
        "In",
        "that",
        "day,",
        "saith",
        "the",
        "Lᴏʀᴅ",
        "of",
        "hosts,",
        "will",
        "I",
        "take",
        "thee,",
        "O",
        "Zerubbabel,",
        "my",
        "servant,",
        "the",
        "son",
        "of",
        "Shealtiel,",
        "saith",
        "the",
        "Lᴏʀᴅ,",
        "and",
        "will",
        "make",
        "thee",
        "as",
        "a",
        "signet:",
        "for",
        "I",
        "have",
        "chosen",
        "thee,",
        "saith",
        "the",
        "Lᴏʀᴅ",
        "of",
        "hosts."
      ],
      "header": "",
      "footer": ""
    }
  ]
}