{
  "book_name": "1 Corinthians",
  "chapter": 7,
  "verses": [
    {
      "book_name": "1 Corinthians",
      "chapter": 7,
      "verse": 1,
      "text": [
        "Now",
        "concerning",
        "the",
        "things",
        "whereof",
        "ye",
        "wrote",
        "unto",
        "me:",
        "*It",
        "*is",
        "good",
        "for",
        "a",
        "man",
        "not",
        "to",
        "touch",
        "a",
        "woman."
      ],
      "header": "",
      "footer": ""
    },
    {
      "book_name": "1 Corinthians",
      "chapter": 7,
      "verse": 2,
      "text": [
        "Nevertheless,",
        "*to",
        "*avoid",
        "fornication,",
        "let",
        "every",
        "man",
        "have",
        "his",
        "own",
        "wife,",
        "and",
        "let",
        "every",
        "woman",
        "have",
        "her",
        "own",
        "husband."
      ],
      "header": "",
      "footer": ""
    },
    {
      "book_name": "1 Corinthians",
      "chapter": 7,
      "verse": 3,
      "text": [
        "Let",
        "the",
        "husband",
        "render",
        "unto",
        "the",
        "wife",
        "due",
        "benevolence:",
        "and",
        "likewise",
        "also",
        "the",
        "wife",
        "unto",
        "the",
        "husband."
      ],
      "header": "",
      "footer": ""
    },
    {
      "book_name": "1 Corinthians",
      "chapter": 7,
      "verse": 4,
      "text": [
        "The",
        "wife",
        "hath",
        "not",
        "power",
        "of",
        "her",
        "own",
        "body,",
        "but",
        "the",
        "husband:",
        "and",
        "likewise",
        "also",
        "the",
        "husband",
        "hath",
        "not",
        "power",
        "of",
        "his",
        "own",
        "body,",
        "but",
        "the",
        "wife."
      ],
      "header": "",
      "footer": ""
    },
    {
      "book_name": "1 Corinthians",
      "chapter": 7,
      "verse": 5,
      "text": [
        "Defraud",
        "ye",
        "not",
        "one",
        "the",
        "other,",
        "except",
        "*it",
        "*be",
        "with",
        "consent",
        "for",
        "a",
        "time,",
        "that",
        "ye",
        "may",
        "give",
        "yourselves",
        "to",
        "fasting",
        "and",
        "prayer;",
        "and",
        "come",
        "together",
        "again,",
        "that",
        "Satan",
        "tempt",
        "you",
        "not",
        "for",
        "your",
        "incontinency."
      ],
      "header": "",
      "footer": ""
    },
    {
      "book_name": "1 Corinthians",
      "chapter": 7,
      "verse": 6,
      "text": [
        "But",
        "I",
        "speak",
        "this",
        "by",
        "permission,",
        "*and",
        "not",
        "of",
        "commandment."
      ],
      "header": "",
      "footer": ""
    },
    {
      "book_name": "1 Corinthians",
      "chapter": 7,
      "verse": 7,
      "text": [
        "For",
        "I",
        "would",
        "that",
        "all",
        "men",
        "were",
        "even",
        "as",
        "I",
        "myself.",
        "But",
        "every",
        "man",
        "hath",
        "his",
        "proper",
        "gift",
        "of",
        "God,",
        "one",
        "after",
        "this",
        "manner,",
        "and",
        "another",
        "after",
        "that."
      ],
      "header": "",
      "footer": ""
    },
    {
      "book_name": "1 Corinthians",
      "chapter": 7,
      "verse": 8,
      "text": [
        "I",
        "say",
        "therefore",
        "to",
        "the",
        "unmarried",
        "and",
        "widows,",
        "It",
        "is",
        "good",
        "for",
        "them",
        "if",
        "they",
        "abide",
        "even",
        "as",
        "I."
      ],
      "header": "",
      "footer": ""
    },
    {
      "book_name": "1 Corinthians",
      "chapter": 7,
      "verse": 9,
      "text": [
        "But",
        "if",
        "they",
        "cannot",
        "contain,",
        "let",
        "them",
        "marry:",
        "for",
        "it",
        "is",
        "better",
        "to",
        "marry",
        "than",
        "to",
        "burn."
      ],
      "header": "",
      "footer": ""
    },
    {
      "book_name": "1 Corinthians",
      "chapter": 7,
      "verse": 10,
      "text": [
        "And",
        "unto",
        "the",
        "married",
        "I",
        "command,",
        "*yet",
        "not",
        "I,",
        "but",
        "the",
        "Lord,",
        "Let",
        "not",
        "the",
        "wife",
        "depart",
        "from",
        "*her",
        "husband:"
      ],
      "header": "",
      "footer": ""
    },
    {
      "book_name": "1 Corinthians",
      "chapter": 7,
      "verse": 11,
      "text": [
        "But",
        "and",
        "if",
        "she",
        "depart,",
        "let",
        "her",
        "remain",
        "unmarried,",
        "or",
        "be",
        "reconciled",
        "to",
        "*her",
        "husband:",
        "and",
        "let",
        "not",
        "the",
        "husband",
        "put",
        "away",
        "*his",
        "wife."
      ],
      "header": "",
      "footer": ""
    },
    {
      "book_name": "1 Corinthians",
      "chapter": 7,
      "verse": 12,
      "text": [
        "But",
        "to",
        "the",
        "rest",
        "speak",
        "I,",
        "not",
        "the",
        "Lord:",
        "If",
        "any",
        "brother",
        "hath",
        "a",
        "wife",
        "that",
        "believeth",
        "not,",
        "and",
        "she",
        "be",
        "pleased",
        "to",
        "dwell",
        "with",
        "him,",
        "let",
        "him",
        "not",
        "put",
        "her",
        "away."
      ],
      "header": "",
      "footer": ""
    },
    {
      "book_name": "1 Corinthians",
      "chapter": 7,
      "verse": 13,
      "text": [
        "And",
        "the",
        "woman",
        "which",
        "hath",
        "an",
        "husband",
        "that",
        "believeth",
        "not,",
        "and",
        "if",
        "he",
        "be",
        "pleased",
        "to",
        "dwell",
        "with",
        "her,",
        "let",
        "her",
        "not",
        "leave",
        "him."
      ],
      "header": "",
      "footer": ""
    },
    {
      "book_name": "1 Corinthians",
      "chapter": 7,
      "verse": 14,
      "text": [
        "For",
        "the",
        "unbelieving",
        "husband",
        "is",
        "sanctified",
        "by",
        "the",
        "wife,",
        "and",
        "the",
        "unbelieving",
        "wife",
        "is",
        "sanctified",
        "by",
        "the",
        "husband:",
        "else",
        "were",
        "your",
        "children",
        "unclean;",
        "but",
        "now",
        "are",
        "they",
        "holy."
      ],
      "header": "",
      "footer": ""
    },
    {
      "book_name": "1 Corinthians",
      "chapter": 7,
      "verse": 15,
      "text": [
        "But",
        "if",
        "the",
        "unbelieving",
        "depart,",
        "let",
        "him",
        "depart.",
        "A",
        "brother",
        "or",
        "a",
        "sister",
        "is",
        "not",
        "under",
        "bondage",
        "in",
        "such",
        "*cases:",
        "but",
        "God",
        "hath",
        "called",
        "us",
        "to",
        "peace."
      ],
      "header": "",
      "footer": ""
    },
    {
      "book_name": "1 Corinthians",
      "chapter": 7,
      "verse": 16,
      "text": [
        "For",
        "what",
        "knowest",
        "thou,",
        "O",
        "wife,",
        "whether",
        "thou",
        "shalt",
        "save",
        "*thy",
        "husband?",
        "or",
        "how",
        "knowest",
        "thou,",
        "O",
        "man,",
        "whether",
        "thou",
        "shalt",
        "save",
        "*thy",
        "wife?"
      ],
      "header": "",
      "footer": ""
    },
    {
      "book_name": "1 Corinthians",
      "chapter": 7,
      "verse": 17,
      "text": [
        "But",
        "as",
        "God",
        "hath",
        "distributed",
        "to",
        "every",
        "man,",
        "as",
        "the",
        "Lord",
        "hath",
        "called",
        "every",
        "one,",
        "so",
        "let",
        "him",
        "walk.",
        "And",
        "so",
        "ordain",
        "I",
        "in",
        "all",
        "churches."
      ],
      "header": "",
      "footer": ""
    },
    {
      "book_name": "1 Corinthians",
      "chapter": 7,
      "verse": 18,
      "text": [
        "Is",
        "any",
        "man",
        "called",
        "being",
        "circumcised?",
        "let",
        "him",
        "not",
        "become",
        "uncircumcised.",
        "Is",
        "any",
        "called",
        "in",
        "uncircumcision?",
        "let",
        "him",
        "not",
        "be",
        "circumcised."
      ],
      "header": "",
      "footer": ""
    },
    {
      "book_name": "1 Corinthians",
      "chapter": 7,
      "verse": 19,
      "text": [
        "Circumcision",
        "is",
        "nothing,",
        "and",
        "uncircumcision",
        "is",
        "nothing,",
        "but",
        "the",
        "keeping",
        "of",
        "the",
        "commandments",
        "of",
        "God."
      ],
      "header": "",
      "footer": ""
    },
    {
      "book_name": "1 Corinthians",
      "chapter": 7,
      "verse": 20,
      "text": [
        "Let",
        "every",
        "man",
        "abide",
        "in",
        "the",
        "same",
        "calling",
        "wherein",
        "he",
        "was",
        "called."
      ],
      "header": "",
      "footer": ""
    },
    {
      "book_name": "1 Corinthians",
      "chapter": 7,
      "verse": 21,
      "text": [
        "Art",
        "thou",
        "called",
        "*being",
        "a",
        "servant?",
        "care",
        "not",
        "for",
        "it:",
        "but",
        "if",
        "thou",
        "mayest",
        "be",
        "made",
        "free,",
        "use",
        "*it",
        "rather."
      ],
      "header": "",
      "footer": ""
    },
    {
      "book_name": "1 Corinthians",
      "chapter": 7,
      "verse": 22,
      "text": [
        "For",
        "he",
        "that",
        "is",
        "called",
        "in",
        "the",
        "Lord,",
        "*being",
        "a",
        "servant,",
        "is",
        "the",
        "Lord's",
        "freeman:",
        "likewise",
        "also",
        "he",
        "that",
        "is",
        "called,",
        "*being",
        "free,",
        "is",
        "Christ's",
        "servant."
      ],
      "header": "",
      "footer": ""
    },
    {
      "book_name": "1 Corinthians",
      "chapter": 7,
      "verse": 23,
      "text": [
        "Ye",
        "are",
        "bought",
        "with",
        "a",
        "price;",
        "be",
        "not",
        "ye",
        "the",
        "servants",
        "of",
        "men."
      ],
      "header": "",
      "footer": ""
    },
    {
      "book_name": "1 Corinthians",
      "chapter": 7,
      "verse": 24,
      "text": [
        "Brethren,",
        "let",
        "every",
        "man,",
        "wherein",
        "he",
        "is",
        "called,",
        "therein",
        "abide",
        "with",
        "God."
      ],
      "header": "",
      "footer": ""
    },
    {
      "book_name": "1 Corinthians",
      "chapter": 7,
      "verse": 25,
      "text": [
        "Now",
        "concerning",
        "virgins",
        "I",
        "have",
        "no",
        "commandment",
        "of",
        "the",
        "Lord:",
        "yet",
        "I",
        "give",
        "my",
        "judgment,",
        "as",
        "one",
        "that",
        "hath",
        "obtained",
        "mercy",
        "of",
        "the",
        "Lord",
        "to",
        "be",
        "faithful."
      ],
      "header": "",
      "footer": ""
    },
    {
      "book_name": "1 Corinthians",
      "chapter": 7,
      "verse": 26,
      "text": [
        "I",
        "suppose",
        "therefore",
        "that",
        "this",
        "is",
        "good",
        "for",
        "the",
        "present",
        "distress,",
        "*I",
        "*say,",
        "that",
        "*it",
        "*is",
        "good",
        "for",
        "a",
        "man",
        "so",
        "to",
        "be."
      ],
      "header": "",
      "footer": ""
    },
    {
      "book_name": "1 Corinthians",
      "chapter": 7,
      "verse": 27,
      "text": [
        "Art",
        "thou",
        "bound",
        "unto",
        "a",
        "wife?",
        "seek",
        "not",
        "to",
        "be",
        "loosed.",
        "Art",
        "thou",
        "loosed",
        "from",
        "a",
        "wife?",
        "seek",
        "not",
        "a",
        "wife."
      ],
      "header": "",
      "footer": ""
    },
    {
      "book_name": "1 Corinthians",
      "chapter": 7,
      "verse": 28,
      "text": [
        "But",
        "and",
        "if",
        "thou",
        "marry,",
        "thou",
        "hast",
        "not",
        "sinned;",
        "and",
        "if",
        "a",
        "virgin",
        "marry,",
        "she",
        "hath",
        "not",
        "sinned.",
        "Nevertheless",
        "such",
        "shall",
        "have",
        "trouble",
        "in",
        "the",
        "flesh:",
        "but",
        "I",
        "spare",
        "you."
      ],
      "header": "",
      "footer": ""
    },
    {
      "book_name": "1 Corinthians",
      "chapter": 7,
      "verse": 29,
      "text": [
        "But",
        "this",
        "I",
        "say,",
        "brethren,",
        "the",
        "time",
        "*is",
        "short:",
        "it",
        "remaineth,",
        "that",
        "both",
        "they",
        "that",
        "have",
        "wives",
        "be",
        "as",
        "though",
        "they",
        "had",
        "none;"
      ],
      "header": "",
      "footer": ""
    },
    {
      "book_name": "1 Corinthians",
      "chapter": 7,
      "verse": 30,
      "text": [
        "And",
        "they",
        "that",
        "weep,",
        "as",
        "though",
        "they",
        "wept",
        "not;",
        "and",
        "they",
        "that",
        "rejoice,",
        "as",
        "though",
        "they",
        "rejoiced",
        "not;",
        "and",
        "they",
        "that",
        "buy,",
        "as",
        "though",
        "they",
        "possessed",
        "not;"
      ],
      "header": "",
      "footer": ""
    },
    {
      "book_name": "1 Corinthians",
      "chapter": 7,
      "verse": 31,
      "text": [
        "And",
        "they",
        "that",
        "use",
        "this",
        "world,",
        "as",
        "not",
        "abusing",
        "*it:",
        "for",
        "the",
        "fashion",
        "of",
        "this",
        "world",
        "passeth",
        "away."
      ],
      "header": "",
      "footer": ""
    },
    {
      "book_name": "1 Corinthians",
      "chapter": 7,
      "verse": 32,
      "text": [
        "But",
        "I",
        "would",
        "have",
        "you",
        "without",
        "carefulness.",
        "He",
        "that",
        "is",
        "unmarried",
        "careth",
        "for",
        "the",
        "things",
        "that",
        "belong",
        "to",
        "the",
        "Lord,",
        "how",
        "he",
        "may",
        "please",
        "the",
        "Lord:"
      ],
      "header": "",
      "footer": ""
    },
    {
      "book_name": "1 Corinthians",
      "chapter": 7,
      "verse": 33,
      "text": [
        "But",
        "he",
        "that",
        "is",
        "married",
        "careth",
        "for",
        "the",
        "things",
        "that",
        "are",
        "of",
        "the",
        "world,",
        "how",
        "he",
        "may",
        "please",
        "*his",
        "wife."
      ],
      "header": "",
      "footer": ""
    },
    {
      "book_name": "1 Corinthians",
      "chapter": 7,
      "verse": 34,
      "text": [
        "There",
        "is",
        "difference",
        "*also",
        "between",
        "a",
        "wife",
        "and",
        "a",
        "virgin.",
        "The",
        "unmarried",
        "woman",
        "careth",
        "for",
        "the",
        "things",
        "of",
        "the",
        "Lord,",
        "that",
        "she",
        "may",
        "be",
        "holy",
        "both",
        "in",
        "body",
        "and",
        "in",
        "spirit:",
        "but",
        "she",
        "that",
        "is",
        "married",
        "careth",
        "for",
        "the",
        "things",
        "of",
        "the",
        "world,",
        "how",
        "she",
        "may",
        "please",
        "*her",
        "husband."
      ],
      "header": "",
      "footer": ""
    },
    {
      "book_name": "1 Corinthians",
      "chapter": 7,
      "verse": 35,
      "text": [
        "And",
        "this",
        "I",
        "speak",
        "for",
        "your",
        "own",
        "profit;",
        "not",
        "that",
        "I",
        "may",
        "cast",
        "a",
        "snare",
        "upon",
        "you,",
        "but",
        "for",
        "that",
        "which",
        "is",
        "comely,",
        "and",
        "that",
        "ye",
        "may",
        "attend",
        "upon",
        "the",
        "Lord",
        "without",
        "distraction."
      ],
      "header": "",
      "footer": ""
    },
    {
      "book_name": "1 Corinthians",
      "chapter": 7,
      "verse": 36,
      "text": [
        "But",
        "if",
        "any",
        "man",
        "think",
        "that",
        "he",
        "behaveth",
        "himself",
        "uncomely",
        "toward",
        "his",
        "virgin,",
        "if",
        "she",
        "pass",
        "the",
        "flower",
        "of",
        "*her",
        "age,",
        "and",
        "need",
        "so",
        "require,",
        "let",
        "him",
        "do",
        "what",
        "he",
        "will,",
        "he",
        "sinneth",
        "not:",
        "let",
        "them",
        "marry."
      ],
      "header": "",
      "footer": ""
    },
    {
      "book_name": "1 Corinthians",
      "chapter": 7,
      "verse": 37,
      "text": [
        "Nevertheless",
        "he",
        "that",
        "standeth",
        "stedfast",
        "in",
        "his",
        "heart,",
        "having",
        "no",
        "necessity,",
        "but",
        "hath",
        "power",
        "over",
        "his",
        "own",
        "will,",
        "and",
        "hath",
        "so",
        "decreed",
        "in",
        "his",
        "heart",
        "that",
        "he",
        "will",
        "keep",
        "his",
        "virgin,",
        "doeth",
        "well."
      ],
      "header": "",
      "footer": ""
    },
    {
      "book_name": "1 Corinthians",
      "chapter": 7,
      "verse": 38,
      "text": [
        "So",
        "then",
        "he",
        "that",
        "giveth",
        "*her",
        "in",
        "marriage",
        "doeth",
        "well;",
        "but",
        "he",
        "that",
        "giveth",
        "*her",
        "not",
        "in",
        "marriage",
        "doeth",
        "better."
      ],
      "header": "",
      "footer": ""
    },
    {
      "book_name": "1 Corinthians",
      "chapter": 7,
      "verse": 39,
      "text": [
        "The",
        "wife",
        "is",
        "bound",
        "by",
        "the",
        "law",
        "as",
        "long",
        "as",
        "her",
        "husband",
        "liveth;",
        "but",
        "if",
        "her",
        "husband",
        "be",
        "dead,",
        "she",
        "is",
        "at",
        "liberty",
        "to",
        "be",
        "married",
        "to",
        "whom",
        "she",
        "will;",
        "only",
        "in",
        "the",
        "Lord."
      ],
      "header": "",
      "footer": ""
    },
    {
      "book_name": "1 Corinthians",
      "chapter": 7,
      "verse": 40,
      "text": [
        "But",
        "she",
        "is",
        "happier",
        "if",
        "she",
        "so",
        "abide,",
        "after",
        "my",
        "judgment:",
        "and",
        "I",
        "think",
        "also",
        "that",
        "I",
        "have",
        "the",
        "Spirit",
        "of",
        "God."
      ],
      "header": "",
      "footer": ""
    }
  ]
}