{
  "book_name": "Zephaniah",
  "chapter": 1,
  "verses": [
    {
      "book_name": "Zephaniah",
      "chapter": 1,
      "verse": 1,
      "text": [
        "The",
        "word",
        "of",
        "the",
        "Lᴏʀᴅ",
        "which",
        "came",
        "unto",
        "Zephaniah",
        "the",
        "son",
        "of",
        "Cushi,",
        "the",
        "son",
        "of",
        "Gedaliah,",
        "the",
        "son",
        "of",
        "Amariah,",
        "the",
        "son",
        "of",
        "Hizkiah,",
        "in",
        "the",
        "days",
        "of",
        "Josiah",
        "the",
        "son",
        "of",
        "Amon,",
        "king",
        "of",
        "Judah."
      ],
      "header": "",
      "footer": ""
    },
    {
      "book_name": "Zephaniah",
      "chapter": 1,
      "verse": 2,
      "text": [
        "I",
        "will",
        "utterly",
        "consume",
        "all",
        "*things",
        "from",
        "off",
        "the",
        "land,",
        "saith",
        "the",
        "Lᴏʀᴅ."
      ],
      "header": "",
      "footer": ""
    },
    {
      "book_name": "Zephaniah",
      "chapter": 1,
      "verse": 3,
      "text": [
        "I",
        "will",
        "consume",
        "man",
        "and",
        "beast;",
        "I",
        "will",
        "consume",
        "the",
        "fowls",
        "of",
        "the",
        "heaven,",
        "and",
        "the",
        "fishes",
        "of",
        "the",
        "sea,",
        "and",
        "the",
        "stumblingblocks",
        "with",
        "the",
        "wicked;",
        "and",
        "I",
        "will",
        "cut",
        "off",
        "man",
        "from",
        "off",
        "the",
        "land,",
        "saith",
        "the",
        "Lᴏʀᴅ."
      ],
      "header": "",
      "footer": ""
    },
    {
      "book_name": "Zephaniah",
      "chapter": 1,
      "verse": 4,
      "text": [
        "I",
        "will",
        "also",
        "stretch",
        "out",
        "mine",
        "hand",
        "upon",
        "Judah,",
        "and",
        "upon",
        "all",
        "the",
        "inhabitants",
        "of",
        "Jerusalem;",
        "and",
        "I",
        "will",
        "cut",
        "off",
        "the",
        "remnant",
        "of",
        "Baal",
        "from",
        "this",
        "place,",
        "*and",
        "the",
        "name",
        "of",
        "the",
        "Chemarims",
        "with",
        "the",
        "priests;"
      ],
      "header": "",
      "footer": ""
    },
    {
      "book_name": "Zephaniah",
      "chapter": 1,
      "verse": 5,
      "text": [
        "And",
        "them",
        "that",
        "worship",
        "the",
        "host",
        "of",
        "heaven",
        "upon",
        "the",
        "housetops;",
        "and",
        "them",
        "that",
        "worship",
        "*and",
        "that",
        "swear",
        "by",
        "the",
        "Lᴏʀᴅ,",
        "and",
        "that",
        "swear",
        "by",
        "Malcham;"
      ],
      "header": "",
      "footer": ""
    },
    {
      "book_name": "Zephaniah",
      "chapter": 1,
      "verse": 6,
      "text": [
        "And",
        "them",
        "that",
        "are",
        "turned",
        "back",
        "from",
        "the",
        "Lᴏʀᴅ;",
        "and",
        "*those",
        "that",
        "have",
        "not",
        "sought",
        "the",
        "Lᴏʀᴅ,",
        "nor",
        "inquired",
        "for",
        "him."
      ],
      "header": "",
      "footer": ""
    },
    {
      "book_name": "Zephaniah",
      "chapter": 1,
      "verse": 7,
      "text": [
        "Hold",
        "thy",
        "peace",
        "at",
        "the",
        "presence",
        "of",
        "the",
        "Lord",
        "Gᴏᴅ:",
        "for",
        "the",
        "day",
        "of",
        "the",
        "Lᴏʀᴅ",
        "*is",
        "at",
        "hand:",
        "for",
        "the",
        "Lᴏʀᴅ",
        "hath",
        "prepared",
        "a",
        "sacrifice,",
        "he",
        "hath",
        "bid",
        "his",
        "guests."
      ],
      "header": "",
      "footer": ""
    },
    {
      "book_name": "Zephaniah",
      "chapter": 1,
      "verse": 8,
      "text": [
        "And",
        "it",
        "shall",
        "come",
        "to",
        "pass",
        "in",
        "the",
        "day",
        "of",
        "the",
        "Lᴏʀᴅ's",
        "sacrifice,",
        "that",
        "I",
        "will",
        "punish",
        "the",
        "princes,",
        "and",
        "the",
        "king's",
        "children,",
        "and",
        "all",
        "such",
        "as",
        "are",
        "clothed",
        "with",
        "strange",
        "apparel."
      ],
      "header": "",
      "footer": ""
    },
    {
      "book_name": "Zephaniah",
      "chapter": 1,
      "verse": 9,
      "text": [
        "In",
        "the",
        "same",
        "day",
        "also",
        "will",
        "I",
        "punish",
        "all",
        "those",
        "that",
        "leap",
        "on",
        "the",
        "threshold,",
        "which",
        "fill",
        "their",
        "masters'",
        "houses",
        "with",
        "violence",
        "and",
        "deceit."
      ],
      "header": "",
      "footer": ""
    },
    {
      "book_name": "Zephaniah",
      "chapter": 1,
      "verse": 10,
      "text": [
        "And",
        "it",
        "shall",
        "come",
        "to",
        "pass",
        "in",
        "that",
        "day,",
        "saith",
        "the",
        "Lᴏʀᴅ,",
        "*that",
        "*there",
        "*shall",
        "*be",
        "the",
        "noise",
        "of",
        "a",
        "cry",
        "from",
        "the",
        "fish",
        "gate,",
        "and",
        "an",
        "howling",
        "from",
        "the",
        "second,",
        "and",
        "a",
        "great",
        "crashing",
        "from",
        "the",
        "hills."
      ],
      "header": "",
      "footer": ""
    },
    {
      "book_name": "Zephaniah",
      "chapter": 1,
      "verse": 11,
      "text": [
        "Howl,",
        "ye",
        "inhabitants",
        "of",
        "Maktesh,",
        "for",
        "all",
        "the",
        "merchant",
        "people",
        "are",
        "cut",
        "down;",
        "all",
        "they",
        "that",
        "bear",
        "silver",
        "are",
        "cut",
        "off."
      ],
      "header": "",
      "footer": ""
    },
    {
      "book_name": "Zephaniah",
      "chapter": 1,
      "verse": 12,
      "text": [
        "And",
        "it",
        "shall",
        "come",
        "to",
        "pass",
        "at",
        "that",
        "time,",
        "*that",
        "I",
        "will",
        "search",
        "Jerusalem",
        "with",
        "candles,",
        "and",
        "punish",
        "the",
        "men",
        "that",
        "are",
        "settled",
        "on",
        "their",
        "lees:",
        "that",
        "say",
        "in",
        "their",
        "heart,",
        "The",
        "Lᴏʀᴅ",
        "will",
        "not",
        "do",
        "good,",
        "neither",
        "will",
        "he",
        "do",
        "evil."
      ],
      "header": "",
      "footer": ""
    },
    {
      "book_name": "Zephaniah",
      "chapter": 1,
      "verse": 13,
      "text": [
        "Therefore",
        "their",
        "goods",
        "shall",
        "become",
        "a",
        "booty,",
        "and",
        "their",
        "houses",
        "a",
        "desolation:",
        "they",
        "shall",
        "also",
        "build",
        "houses,",
        "but",
        "not",
        "inhabit",
        "*them;",
        "and",
        "they",
        "shall",
        "plant",
        "vineyards,",
        "but",
        "not",
        "drink",
        "the",
        "wine",
        "thereof."
      ],
      "header": "",
      "footer": ""
    },
    {
      "book_name": "Zephaniah",
      "chapter": 1,
      "verse": 14,
      "text": [
        "The",
        "great",
        "day",
        "of",
        "the",
        "Lᴏʀᴅ",
        "*is",
        "near,",
        "*it",
        "*is",
        "near,",
        "and",
        "hasteth",
        "greatly,",
        "*even",
        "the",
        "voice",
        "of",
        "the",
        "day",
        "of",
        "the",
        "Lᴏʀᴅ:",
        "the",
        "mighty",
        "man",
        "shall",
        "cry",
        "there",
        "bitterly."
      ],
      "header": "",
      "footer": ""
    },
    {
      "book_name": "Zephaniah",
      "chapter": 1,
      "verse": 15,
      "text": [
        "That",
        "day",
        "*is",
        "a",
        "day",
        "of",
        "wrath,",
        "a",
        "day",
        "of",
        "trouble",
        "and",
        "distress,",
        "a",
        "day",
        "of",
        "wasteness",
        "and",
        "desolation,",
        "a",
        "day",
        "of",
        "darkness",
        "and",
        "gloominess,",
        "a",
        "day",
        "of",
        "clouds",
        "and",
        "thick",
        "darkness,"
      ],
      "header": "",
      "footer": ""
    },
    {
      "book_name": "Zephaniah",
      "chapter": 1,
      "verse": 16,
      "text": [
        "A",
        "day",
        "of",
        "the",
        "trumpet",
        "and",
        "alarm",
        "against",
        "the",
        "fenced",
        "cities,",
        "and",
        "against",
        "the",
        "high",
        "towers."
      ],
      "header": "",
      "footer": ""
    },
    {
      "book_name": "Zephaniah",
      "chapter": 1,
      "verse": 17,
      "text": [
        "And",
        "I",
        "will",
        "bring",
        "distress",
        "upon",
        "men,",
        "that",
        "they",
        "shall",
        "walk",
        "like",
        "blind",
        "men,",
        "because",
        "they",
        "have",
        "sinned",
        "against",
        "the",
        "Lᴏʀᴅ:",
        "and",
        "their",
        "blood",
        "shall",
        "be",
        "poured",
        "out",
        "as",
        "dust,",
        "and",
        "their",
        "flesh",
        "as",
        "the",
        "dung."
      ],
      "header": "",
      "footer": ""
    },
    {
      "book_name": "Zephaniah",
      "chapter": 1,
      "verse": 18,
      "text": [
        "Neither",
        "their",
        "silver",
        "nor",
        "their",
        "gold",
        "shall",
        "be",
        "able",
        "to",
        "deliver",
        "them",
        "in",
        "the",
        "day",
        "of",
        "the",
        "Lᴏʀᴅ's",
        "wrath;",
        "but",
        "the",
        "whole",
        "land",
        "shall",
        "be",
        "devoured",
        "by",
        "the",
        "fire",
        "of",
        "his",
        "jealousy:",
        "for",
        "he",
        "shall",
        "make",
        "even",
        "a",
        "speedy",
        "riddance",
        "of",
        "all",
        "them",
        "that",
        "dwell",
        "in",
        "the",
        "land."
      ],
      "header": "",
      "footer": ""
    }
  ]
}