{
  "book_name": "Zephaniah",
  "chapter": 2,
  "verses": [
    {
      "book_name": "Zephaniah",
      "chapter": 2,
      "verse": 1,
      "text": [
        "Gather",
        "yourselves",
        "together,",
        "yea,",
        "gather",
        "together,",
        "O",
        "nation",
        "not",
        "desired;"
      ],
      "header": "",
      "footer": ""
    },
    {
      "book_name": "Zephaniah",
      "chapter": 2,
      "verse": 2,
      "text": [
        "Before",
        "the",
        "decree",
        "bring",
        "forth,",
        "*before",
        "the",
        "day",
        "pass",
        "as",
        "the",
        "chaff,",
        "before",
        "the",
        "fierce",
        "anger",
        "of",
        "the",
        "Lᴏʀᴅ",
        "come",
        "upon",
        "you,",
        "before",
        "the",
        "day",
        "of",
        "the",
        "Lᴏʀᴅ's",
        "anger",
        "come",
        "upon",
        "you."
      ],
      "header": "",
      "footer": ""
    },
    {
      "book_name": "Zephaniah",
      "chapter": 2,
      "verse": 3,
      "text": [
        "Seek",
        "ye",
        "the",
        "Lᴏʀᴅ,",
        "all",
        "ye",
        "meek",
        "of",
        "the",
        "earth,",
        "which",
        "have",
        "wrought",
        "his",
        "judgment;",
        "seek",
        "righteousness,",
        "seek",
        "meekness:",
        "it",
        "may",
        "be",
        "ye",
        "shall",
        "be",
        "hid",
        "in",
        "the",
        "day",
        "of",
        "the",
        "Lᴏʀᴅ's",
        "anger."
      ],
      "header": "",
      "footer": ""
    },
    {
      "book_name": "Zephaniah",
      "chapter": 2,
      "verse": 4,
      "text": [
        "¶",
        "For",
        "Gaza",
        "shall",
        "be",
        "forsaken,",
        "and",
        "Ashkelon",
        "a",
        "desolation:",
        "they",
        "shall",
        "drive",
        "out",
        "Ashdod",
        "at",
        "the",
        "noon",
        "day,",
        "and",
        "Ekron",
        "shall",
        "be",
        "rooted",
        "up."
      ],
      "header": "",
      "footer": ""
    },
    {
      "book_name": "Zephaniah",
      "chapter": 2,
      "verse": 5,
      "text": [
        "Woe",
        "unto",
        "the",
        "inhabitants",
        "of",
        "the",
        "sea",
        "coast,",
        "the",
        "nation",
        "of",
        "the",
        "Cherethites!",
        "the",
        "word",
        "of",
        "the",
        "Lᴏʀᴅ",
        "*is",
        "against",
        "you;",
        "O",
        "Canaan,",
        "the",
        "land",
        "of",
        "the",
        "Philistines,",
        "I",
        "will",
        "even",
        "destroy",
        "thee,",
        "that",
        "there",
        "shall",
        "be",
        "no",
        "inhabitant."
      ],
      "header": "",
      "footer": ""
    },
    {
      "book_name": "Zephaniah",
      "chapter": 2,
      "verse": 6,
      "text": [
        "And",
        "the",
        "sea",
        "coast",
        "shall",
        "be",
        "dwellings",
        "*and",
        "cottages",
        "for",
        "shepherds,",
        "and",
        "folds",
        "for",
        "flocks."
      ],
      "header": "",
      "footer": ""
    },
    {
      "book_name": "Zephaniah",
      "chapter": 2,
      "verse": 7,
      "text": [
        "And",
        "the",
        "coast",
        "shall",
        "be",
        "for",
        "the",
        "remnant",
        "of",
        "the",
        "house",
        "of",
        "Judah;",
        "they",
        "shall",
        "feed",
        "thereupon:",
        "in",
        "the",
        "houses",
        "of",
        "Ashkelon",
        "shall",
        "they",
        "lie",
        "down",
        "in",
        "the",
        "evening:",
        "for",
        "the",
        "Lᴏʀᴅ",
        "their",
        "God",
        "shall",
        "visit",
        "them,",
        "and",
        "turn",
        "away",
        "their",
        "captivity."
      ],
      "header": "",
      "footer": ""
    },
    {
      "book_name": "Zephaniah",
      "chapter": 2,
      "verse": 8,
      "text": [
        "¶",
        "I",
        "have",
        "heard",
        "the",
        "reproach",
        "of",
        "Moab,",
        "and",
        "the",
        "revilings",
        "of",
        "the",
        "children",
        "of",
        "Ammon,",
        "whereby",
        "they",
        "have",
        "reproached",
        "my",
        "people,",
        "and",
        "magnified",
        "*themselves",
        "against",
        "their",
        "border."
      ],
      "header": "",
      "footer": ""
    },
    {
      "book_name": "Zephaniah",
      "chapter": 2,
      "verse": 9,
      "text": [
        "Therefore",
        "*as",
        "I",
        "live,",
        "saith",
        "the",
        "Lᴏʀᴅ",
        "of",
        "hosts,",
        "the",
        "God",
        "of",
        "Israel,",
        "Surely",
        "Moab",
        "shall",
        "be",
        "as",
        "Sodom,",
        "and",
        "the",
        "children",
        "of",
        "Ammon",
        "as",
        "Gomorrah,",
        "*even",
        "the",
        "breeding",
        "of",
        "nettles,",
        "and",
        "saltpits,",
        "and",
        "a",
        "perpetual",
        "desolation:",
        "the",
        "residue",
        "of",
        "my",
        "people",
        "shall",
        "spoil",
        "them,",
        "and",
        "the",
        "remnant",
        "of",
        "my",
        "people",
        "shall",
        "possess",
        "them."
      ],
      "header": "",
      "footer": ""
    },
    {
      "book_name": "Zephaniah",
      "chapter": 2,
      "verse": 10,
      "text": [
        "This",
        "shall",
        "they",
        "have",
        "for",
        "their",
        "pride,",
        "because",
        "they",
        "have",
        "reproached",
        "and",
        "magnified",
        "*themselves",
        "against",
        "the",
        "people",
        "of",
        "the",
        "Lᴏʀᴅ",
        "of",
        "hosts."
      ],
      "header": "",
      "footer": ""
    },
    {
      "book_name": "Zephaniah",
      "chapter": 2,
      "verse": 11,
      "text": [
        "The",
        "Lᴏʀᴅ",
        "*will",
        "*be",
        "terrible",
        "unto",
        "them:",
        "for",
        "he",
        "will",
        "famish",
        "all",
        "the",
        "gods",
        "of",
        "the",
        "earth;",
        "and",
        "*men",
        "shall",
        "worship",
        "him,",
        "every",
        "one",
        "from",
        "his",
        "place,",
        "*even",
        "all",
        "the",
        "isles",
        "of",
        "the",
        "heathen."
      ],
      "header": "",
      "footer": ""
    },
    {
      "book_name": "Zephaniah",
      "chapter": 2,
      "verse": 12,
      "text": [
        "¶",
        "Ye",
        "Ethiopians",
        "also,",
        "ye",
        "*shall",
        "*be",
        "slain",
        "by",
        "my",
        "sword."
      ],
      "header": "",
      "footer": ""
    },
    {
      "book_name": "Zephaniah",
      "chapter": 2,
      "verse": 13,
      "text": [
        "And",
        "he",
        "will",
        "stretch",
        "out",
        "his",
        "hand",
        "against",
        "the",
        "north,",
        "and",
        "destroy",
        "Assyria;",
        "and",
        "will",
        "make",
        "Nineveh",
        "a",
        "desolation,",
        "*and",
        "dry",
        "like",
        "a",
        "wilderness."
      ],
      "header": "",
      "footer": ""
    },
    {
      "book_name": "Zephaniah",
      "chapter": 2,
      "verse": 14,
      "text": [
        "And",
        "flocks",
        "shall",
        "lie",
        "down",
        "in",
        "the",
        "midst",
        "of",
        "her,",
        "all",
        "the",
        "beasts",
        "of",
        "the",
        "nations:",
        "both",
        "the",
        "cormorant",
        "and",
        "the",
        "bittern",
        "shall",
        "lodge",
        "in",
        "the",
        "upper",
        "lintels",
        "of",
        "it;",
        "*their",
        "voice",
        "shall",
        "sing",
        "in",
        "the",
        "windows;",
        "desolation",
        "*shall",
        "*be",
        "in",
        "the",
        "thresholds:",
        "for",
        "he",
        "shall",
        "uncover",
        "the",
        "cedar",
        "work."
      ],
      "header": "",
      "footer": ""
    },
    {
      "book_name": "Zephaniah",
      "chapter": 2,
      "verse": 15,
      "text": [
        "This",
        "*is",
        "the",
        "rejoicing",
        "city",
        "that",
        "dwelt",
        "carelessly,",
        "that",
        "said",
        "in",
        "her",
        "heart,",
        "I",
        "*am,",
        "and",
        "*there",
        "*is",
        "none",
        "beside",
        "me:",
        "how",
        "is",
        "she",
        "become",
        "a",
        "desolation,",
        "a",
        "place",
        "for",
        "beasts",
        "to",
        "lie",
        "down",
        "in!",
        "every",
        "one",
        "that",
        "passeth",
        "by",
        "her",
        "shall",
        "hiss,",
        "*and",
        "wag",
        "his",
        "hand."
      ],
      "header": "",
      "footer": ""
    }
  ]
}