{
  "book_name": "Zephaniah",
  "chapter": 3,
  "verses": [
    {
      "book_name": "Zephaniah",
      "chapter": 3,
      "verse": 1,
      "text": [
        "Woe",
        "to",
        "her",
        "that",
        "is",
        "filthy",
        "and",
        "polluted,",
        "to",
        "the",
        "oppressing",
        "city!"
      ],
      "header": "",
      "footer": ""
    },
    {
      "book_name": "Zephaniah",
      "chapter": 3,
      "verse": 2,
      "text": [
        "She",
        "obeyed",
        "not",
        "the",
        "voice;",
        "she",
        "received",
        "not",
        "correction;",
        "she",
        "trusted",
        "not",
        "in",
        "the",
        "Lᴏʀᴅ;",
        "she",
        "drew",
        "not",
        "near",
        "to",
        "her",
        "God."
      ],
      "header": "",
      "footer": ""
    },
    {
      "book_name": "Zephaniah",
      "chapter": 3,
      "verse": 3,
      "text": [
        "Her",
        "princes",
        "within",
        "her",
        "*are",
        "roaring",
        "lions;",
        "her",
        "judges",
        "*are",
        "evening",
        "wolves;",
        "they",
        "gnaw",
        "not",
        "the",
        "bones",
        "till",
        "the",
        "morrow."
      ],
      "header": "",
      "footer": ""
    },
    {
      "book_name": "Zephaniah",
      "chapter": 3,
      "verse": 4,
      "text": [
        "Her",
        "prophets",
        "*are",
        "light",
        "*and",
        "treacherous",
        "persons:",
        "her",
        "priests",
        "have",
        "polluted",
        "the",
        "sanctuary,",
        "they",
        "have",
        "done",
        "violence",
        "to",
        "the",
        "law."
      ],
      "header": "",
      "footer": ""
    },
    {
      "book_name": "Zephaniah",
      "chapter": 3,
      "verse": 5,
      "text": [
        "The",
        "just",
        "Lᴏʀᴅ",
        "*is",
        "in",
        "the",
        "midst",
        "thereof;",
        "he",
        "will",
        "not",
        "do",
        "iniquity:",
        "every",
        "morning",
        "doth",
        "he",
        "bring",
        "his",
        "judgment",
        "to",
        "light,",
        "he",
        "faileth",
        "not;",
        "but",
        "the",
        "unjust",
        "knoweth",
        "no",
        "shame."
      ],
      "header": "",
      "footer": ""
    },
    {
      "book_name": "Zephaniah",
      "chapter": 3,
      "verse": 6,
      "text": [
        "I",
        "have",
        "cut",
        "off",
        "the",
        "nations:",
        "their",
        "towers",
        "are",
        "desolate;",
        "I",
        "made",
        "their",
        "streets",
        "waste,",
        "that",
        "none",
        "passeth",
        "by:",
        "their",
        "cities",
        "are",
        "destroyed,",
        "so",
        "that",
        "there",
        "is",
        "no",
        "man,",
        "that",
        "there",
        "is",
        "none",
        "inhabitant."
      ],
      "header": "",
      "footer": ""
    },
    {
      "book_name": "Zephaniah",
      "chapter": 3,
      "verse": 7,
      "text": [
        "I",
        "said,",
        "Surely",
        "thou",
        "wilt",
        "fear",
        "me,",
        "thou",
        "wilt",
        "receive",
        "instruction;",
        "so",
        "their",
        "dwelling",
        "should",
        "not",
        "be",
        "cut",
        "off,",
        "howsoever",
        "I",
        "punished",
        "them:",
        "but",
        "they",
        "rose",
        "early,",
        "*and",
        "corrupted",
        "all",
        "their",
        "doings."
      ],
      "header": "",
      "footer": ""
    },
    {
      "book_name": "Zephaniah",
      "chapter": 3,
      "verse": 8,
      "text": [
        "¶",
        "Therefore",
        "wait",
        "ye",
        "upon",
        "me,",
        "saith",
        "the",
        "Lᴏʀᴅ,",
        "until",
        "the",
        "day",
        "that",
        "I",
        "rise",
        "up",
        "to",
        "the",
        "prey:",
        "for",
        "my",
        "determination",
        "*is",
        "to",
        "gather",
        "the",
        "nations,",
        "that",
        "I",
        "may",
        "assemble",
        "the",
        "kingdoms,",
        "to",
        "pour",
        "upon",
        "them",
        "mine",
        "indignation,",
        "*even",
        "all",
        "my",
        "fierce",
        "anger:",
        "for",
        "all",
        "the",
        "earth",
        "shall",
        "be",
        "devoured",
        "with",
        "the",
        "fire",
        "of",
        "my",
        "jealousy."
      ],
      "header": "",
      "footer": ""
    },
    {
      "book_name": "Zephaniah",
      "chapter": 3,
      "verse": 9,
      "text": [
        "For",
        "then",
        "will",
        "I",
        "turn",
        "to",
        "the",
        "people",
        "a",
        "pure",
        "language,",
        "that",
        "they",
        "may",
        "all",
        "call",
        "upon",
        "the",
        "name",
        "of",
        "the",
        "Lᴏʀᴅ,",
        "to",
        "serve",
        "him",
        "with",
        "one",
        "consent."
      ],
      "header": "",
      "footer": ""
    },
    {
      "book_name": "Zephaniah",
      "chapter": 3,
      "verse": 10,
      "text": [
        "From",
        "beyond",
        "the",
        "rivers",
        "of",
        "Ethiopia",
        "my",
        "suppliants,",
        "*even",
        "the",
        "daughter",
        "of",
        "my",
        "dispersed,",
        "shall",
        "bring",
        "mine",
        "offering."
      ],
      "header": "",
      "footer": ""
    },
    {
      "book_name": "Zephaniah",
      "chapter": 3,
      "verse": 11,
      "text": [
        "In",
        "that",
        "day",
        "shalt",
        "thou",
        "not",
        "be",
        "ashamed",
        "for",
        "all",
        "thy",
        "doings,",
        "wherein",
        "thou",
        "hast",
        "transgressed",
        "against",
        "me:",
        "for",
        "then",
        "I",
        "will",
        "take",
        "away",
        "out",
        "of",
        "the",
        "midst",
        "of",
        "thee",
        "them",
        "that",
        "rejoice",
        "in",
        "thy",
        "pride,",
        "and",
        "thou",
        "shalt",
        "no",
        "more",
        "be",
        "haughty",
        "because",
        "of",
        "my",
        "holy",
        "mountain."
      ],
      "header": "",
      "footer": ""
    },
    {
      "book_name": "Zephaniah",
      "chapter": 3,
      "verse": 12,
      "text": [
        "I",
        "will",
        "also",
        "leave",
        "in",
        "the",
        "midst",
        "of",
        "thee",
        "an",
        "afflicted",
        "and",
        "poor",
        "people,",
        "and",
        "they",
        "shall",
        "trust",
        "in",
        "the",
        "name",
        "of",
        "the",
        "Lᴏʀᴅ."
      ],
      "header": "",
      "footer": ""
    },
    {
      "book_name": "Zephaniah",
      "chapter": 3,
      "verse": 13,
      "text": [
        "The",
        "remnant",
        "of",
        "Israel",
        "shall",
        "not",
        "do",
        "iniquity,",
        "nor",
        "speak",
        "lies;",
        "neither",
        "shall",
        "a",
        "deceitful",
        "tongue",
        "be",
        "found",
        "in",
        "their",
        "mouth:",
        "for",
        "they",
        "shall",
        "feed",
        "and",
        "lie",
        "down,",
        "and",
        "none",
        "shall",
        "make",
        "*them",
        "afraid."
      ],
      "header": "",
      "footer": ""
    },
    {
      "book_name": "Zephaniah",
      "chapter": 3,
      "verse": 14,
      "text": [
        "¶",
        "Sing,",
        "O",
        "daughter",
        "of",
        "Zion;",
        "shout,",
        "O",
        "Israel;",
        "be",
        "glad",
        "and",
        "rejoice",
        "with",
        "all",
        "the",
        "heart,",
        "O",
        "daughter",
        "of",
        "Jerusalem."
      ],
      "header": "",
      "footer": ""
    },
    {
      "book_name": "Zephaniah",
      "chapter": 3,
      "verse": 15,
      "text": [
        "The",
        "Lᴏʀᴅ",
        "hath",
        "taken",
        "away",
        "thy",
        "judgments,",
        "he",
        "hath",
        "cast",
        "out",
        "thine",
        "enemy:",
        "the",
        "king",
        "of",
        "Israel,",
        "*even",
        "the",
        "Lᴏʀᴅ,",
        "*is",
        "in",
        "the",
        "midst",
        "of",
        "thee:",
        "thou",
        "shalt",
        "not",
        "see",
        "evil",
        "any",
        "more."
      ],
      "header": "",
      "footer": ""
    },
    {
      "book_name": "Zephaniah",
      "chapter": 3,
      "verse": 16,
      "text": [
        "In",
        "that",
        "day",
        "it",
        "shall",
        "be",
        "said",
        "to",
        "Jerusalem,",
        "Fear",
        "thou",
        "not:",
        "*and",
        "*to",
        "Zion,",
        "Let",
        "not",
        "thine",
        "hands",
        "be",
        "slack."
      ],
      "header": "",
      "footer": ""
    },
    {
      "book_name": "Zephaniah",
      "chapter": 3,
      "verse": 17,
      "text": [
        "The",
        "Lᴏʀᴅ",
        "thy",
        "God",
        "in",
        "the",
        "midst",
        "of",
        "thee",
        "*is",
        "mighty;",
        "he",
        "will",
        "save,",
        "he",
        "will",
        "rejoice",
        "over",
        "thee",
        "with",
        "joy;",
        "he",
        "will",
        "rest",
        "in",
        "his",
        "love,",
        "he",
        "will",
        "joy",
        "over",
        "thee",
        "with",
        "singing."
      ],
      "header": "",
      "footer": ""
    },
    {
      "book_name": "Zephaniah",
      "chapter": 3,
      "verse": 18,
      "text": [
        "I",
        "will",
        "gather",
        "*them",
        "*that",
        "*are",
        "sorrowful",
        "for",
        "the",
        "solemn",
        "assembly,",
        "*who",
        "are",
        "of",
        "thee,",
        "*to",
        "*whom",
        "the",
        "reproach",
        "of",
        "it",
        "*was",
        "a",
        "burden."
      ],
      "header": "",
      "footer": ""
    },
    {
      "book_name": "Zephaniah",
      "chapter": 3,
      "verse": 19,
      "text": [
        "Behold,",
        "at",
        "that",
        "time",
        "I",
        "will",
        "undo",
        "all",
        "that",
        "afflict",
        "thee:",
        "and",
        "I",
        "will",
        "save",
        "her",
        "that",
        "halteth,",
        "and",
        "gather",
        "her",
        "that",
        "was",
        "driven",
        "out;",
        "and",
        "I",
        "will",
        "get",
        "them",
        "praise",
        "and",
        "fame",
        "in",
        "every",
        "land",
        "where",
        "they",
        "have",
        "been",
        "put",
        "to",
        "shame."
      ],
      "header": "",
      "footer": ""
    },
    {
      "book_name": "Zephaniah",
      "chapter": 3,
      "verse": 20,
      "text": [
        "At",
        "that",
        "time",
        "will",
        "I",
        "bring",
        "you",
        "*again,",
        "even",
        "in",
        "the",
        "time",
        "that",
        "I",
        "gather",
        "you:",
        "for",
        "I",
        "will",
        "make",
        "you",
        "a",
        "name",
        "and",
        "a",
        "praise",
        "among",
        "all",
        "people",
        "of",
        "the",
        "earth,",
        "when",
        "I",
        "turn",
        "back",
        "your",
        "captivity",
        "before",
        "your",
        "eyes,",
        "saith",
        "the",
        "Lᴏʀᴅ."
      ],
      "header": "",
      "footer": ""
    }
  ]
}