{
  "book_name": "Revelation",
  "chapter": 11,
  "verses": [
    {
      "book_name": "Revelation",
      "chapter": 11,
      "verse": 1,
      "text": [
        "And",
        "there",
        "was",
        "given",
        "me",
        "a",
        "reed",
        "like",
        "unto",
        "a",
        "rod:",
        "and",
        "the",
        "angel",
        "stood,",
        "saying,",
        "Rise,",
        "and",
        "measure",
        "the",
        "temple",
        "of",
        "God,",
        "and",
        "the",
        "altar,",
        "and",
        "them",
        "that",
        "worship",
        "therein."
      ],
      "header": "",
      "footer": ""
    },
    {
      "book_name": "Revelation",
      "chapter": 11,
      "verse": 2,
      "text": [
        "But",
        "the",
        "court",
        "which",
        "is",
        "without",
        "the",
        "temple",
        "leave",
        "out,",
        "and",
        "measure",
        "it",
        "not;",
        "for",
        "it",
        "is",
        "given",
        "unto",
        "the",
        "Gentiles:",
        "and",
        "the",
        "holy",
        "city",
        "shall",
        "they",
        "tread",
        "under",
        "foot",
        "forty",
        "*and",
        "two",
        "months."
      ],
      "header": "",
      "footer": ""
    },
    {
      "book_name": "Revelation",
      "chapter": 11,
      "verse": 3,
      "text": [
        "And",
        "I",
        "will",
        "give",
        "*power",
        "unto",
        "my",
        "two",
        "witnesses,",
        "and",
        "they",
        "shall",
        "prophesy",
        "a",
        "thousand",
        "two",
        "hundred",
        "*and",
        "threescore",
        "days,",
        "clothed",
        "in",
        "sackcloth."
      ],
      "header": "",
      "footer": ""
    },
    {
      "book_name": "Revelation",
      "chapter": 11,
      "verse": 4,
      "text": [
        "These",
        "are",
        "the",
        "two",
        "olive",
        "trees,",
        "and",
        "the",
        "two",
        "candlesticks",
        "standing",
        "before",
        "the",
        "God",
        "of",
        "the",
        "earth."
      ],
      "header": "",
      "footer": ""
    },
    {
      "book_name": "Revelation",
      "chapter": 11,
      "verse": 5,
      "text": [
        "And",
        "if",
        "any",
        "man",
        "will",
        "hurt",
        "them,",
        "fire",
        "proceedeth",
        "out",
        "of",
        "their",
        "mouth,",
        "and",
        "devoureth",
        "their",
        "enemies:",
        "and",
        "if",
        "any",
        "man",
        "will",
        "hurt",
        "them,",
        "he",
        "must",
        "in",
        "this",
        "manner",
        "be",
        "killed."
      ],
      "header": "",
      "footer": ""
    },
    {
      "book_name": "Revelation",
      "chapter": 11,
      "verse": 6,
      "text": [
        "These",
        "have",
        "power",
        "to",
        "shut",
        "heaven,",
        "that",
        "it",
        "rain",
        "not",
        "in",
        "the",
        "days",
        "of",
        "their",
        "prophecy:",
        "and",
        "have",
        "power",
        "over",
        "waters",
        "to",
        "turn",
        "them",
        "to",
        "blood,",
        "and",
        "to",
        "smite",
        "the",
        "earth",
        "with",
        "all",
        "plagues,",
        "as",
        "often",
        "as",
        "they",
        "will."
      ],
      "header": "",
      "footer": ""
    },
    {
      "book_name": "Revelation",
      "chapter": 11,
      "verse": 7,
      "text": [
        "And",
        "when",
        "they",
        "shall",
        "have",
        "finished",
        "their",
        "testimony,",
        "the",
        "beast",
        "that",
        "ascendeth",
        "out",
        "of",
        "the",
        "bottomless",
        "pit",
        "shall",
        "make",
        "war",
        "against",
        "them,",
        "and",
        "shall",
        "overcome",
        "them,",
        "and",
        "kill",
        "them."
      ],
      "header": "",
      "footer": ""
    },
    {
      "book_name": "Revelation",
      "chapter": 11,
      "verse": 8,
      "text": [
        "And",
        "their",
        "dead",
        "bodies",
        "*shall",
        "*lie",
        "in",
        "the",
        "street",
        "of",
        "the",
        "great",
        "city,",
        "which",
        "spiritually",
        "is",
        "called",
        "Sodom",
        "and",
        "Egypt,",
        "where",
        "also",
        "our",
        "Lord",
        "was",
        "crucified."
      ],
      "header": "",
      "footer": ""
    },
    {
      "book_name": "Revelation",
      "chapter": 11,
      "verse": 9,
      "text": [
        "And",
        "they",
        "of",
        "the",
        "people",
        "and",
        "kindreds",
        "and",
        "tongues",
        "and",
        "nations",
        "shall",
        "see",
        "their",
        "dead",
        "bodies",
        "three",
        "days",
        "and",
        "an",
        "half,",
        "and",
        "shall",
        "not",
        "suffer",
        "their",
        "dead",
        "bodies",
        "to",
        "be",
        "put",
        "in",
        "graves."
      ],
      "header": "",
      "footer": ""
    },
    {
      "book_name": "Revelation",
      "chapter": 11,
      "verse": 10,
      "text": [
        "And",
        "they",
        "that",
        "dwell",
        "upon",
        "the",
        "earth",
        "shall",
        "rejoice",
        "over",
        "them,",
        "and",
        "make",
        "merry,",
        "and",
        "shall",
        "send",
        "gifts",
        "one",
        "to",
        "another;",
        "because",
        "these",
        "two",
        "prophets",
        "tormented",
        "them",
        "that",
        "dwelt",
        "on",
        "the",
        "earth."
      ],
      "header": "",
      "footer": ""
    },
    {
      "book_name": "Revelation",
      "chapter": 11,
      "verse": 11,
      "text": [
        "And",
        "after",
        "three",
        "days",
        "and",
        "an",
        "half",
        "the",
        "Spirit",
        "of",
        "life",
        "from",
        "God",
        "entered",
        "into",
        "them,",
        "and",
        "they",
        "stood",
        "upon",
        "their",
        "feet;",
        "and",
        "great",
        "fear",
        "fell",
        "upon",
        "them",
        "which",
        "saw",
        "them."
      ],
      "header": "",
      "footer": ""
    },
    {
      "book_name": "Revelation",
      "chapter": 11,
      "verse": 12,
      "text": [
        "And",
        "they",
        "heard",
        "a",
        "great",
        "voice",
        "from",
        "heaven",
        "saying",
        "unto",
        "them,",
        "Come",
        "up",
        "hither.",
        "And",
        "they",
        "ascended",
        "up",
        "to",
        "heaven",
        "in",
        "a",
        "cloud;",
        "and",
        "their",
        "enemies",
        "beheld",
        "them."
      ],
      "header": "",
      "footer": ""
    },
    {
      "book_name": "Revelation",
      "chapter": 11,
      "verse": 13,
      "text": [
        "And",
        "the",
        "same",
        "hour",
        "was",
        "there",
        "a",
        "great",
        "earthquake,",
        "and",
        "the",
        "tenth",
        "part",
        "of",
        "the",
        "city",
        "fell,",
        "and",
        "in",
        "the",
        "earthquake",
        "were",
        "slain",
        "of",
        "men",
        "seven",
        "thousand:",
        "and",
        "the",
        "remnant",
        "were",
        "affrighted,",
        "and",
        "gave",
        "glory",
        "to",
        "the",
        "God",
        "of",
        "heaven."
      ],
      "header": "",
      "footer": ""
    },
    {
      "book_name": "Revelation",
      "chapter": 11,
      "verse": 14,
      "text": [
        "The",
        "second",
        "woe",
        "is",
        "past;",
        "*and,",
        "behold,",
        "the",
        "third",
        "woe",
        "cometh",
        "quickly."
      ],
      "header": "",
      "footer": ""
    },
    {
      "book_name": "Revelation",
      "chapter": 11,
      "verse": 15,
      "text": [
        "And",
        "the",
        "seventh",
        "angel",
        "sounded;",
        "and",
        "there",
        "were",
        "great",
        "voices",
        "in",
        "heaven,",
        "saying,",
        "The",
        "kingdoms",
        "of",
        "this",
        "world",
        "are",
        "become",
        "*the",
        "*kingdoms",
        "of",
        "our",
        "Lord,",
        "and",
        "of",
        "his",
        "Christ;",
        "and",
        "he",
        "shall",
        "reign",
        "for",
        "ever",
        "and",
        "ever."
      ],
      "header": "",
      "footer": ""
    },
    {
      "book_name": "Revelation",
      "chapter": 11,
      "verse": 16,
      "text": [
        "And",
        "the",
        "four",
        "and",
        "twenty",
        "elders,",
        "which",
        "sat",
        "before",
        "God",
        "on",
        "their",
        "seats,",
        "fell",
        "upon",
        "their",
        "faces,",
        "and",
        "worshipped",
        "God,"
      ],
      "header": "",
      "footer": ""
    },
    {
      "book_name": "Revelation",
      "chapter": 11,
      "verse": 17,
      "text": [
        "Saying,",
        "We",
        "give",
        "thee",
        "thanks,",
        "O",
        "Lord",
        "God",
        "Almighty,",
        "which",
        "art,",
        "and",
        "wast,",
        "and",
        "art",
        "to",
        "come;",
        "because",
        "thou",
        "hast",
        "taken",
        "to",
        "thee",
        "thy",
        "great",
        "power,",
        "and",
        "hast",
        "reigned."
      ],
      "header": "",
      "footer": ""
    },
    {
      "book_name": "Revelation",
      "chapter": 11,
      "verse": 18,
      "text": [
        "And",
        "the",
        "nations",
        "were",
        "angry,",
        "and",
        "thy",
        "wrath",
        "is",
        "come,",
        "and",
        "the",
        "time",
        "of",
        "the",
        "dead,",
        "that",
        "they",
        "should",
        "be",
        "judged,",
        "and",
        "that",
        "thou",
        "shouldest",
        "give",
        "reward",
        "unto",
        "thy",
        "servants",
        "the",
        "prophets,",
        "and",
        "to",
        "the",
        "saints,",
        "and",
        "them",
        "that",
        "fear",
        "thy",
        "name,",
        "small",
        "and",
        "great;",
        "and",
        "shouldest",
        "destroy",
        "them",
        "which",
        "destroy",
        "the",
        "earth."
      ],
      "header": "",
      "footer": ""
    },
    {
      "book_name": "Revelation",
      "chapter": 11,
      "verse": 19,
      "text": [
        "And",
        "the",
        "temple",
        "of",
        "God",
        "was",
        "opened",
        "in",
        "heaven,",
        "and",
        "there",
        "was",
        "seen",
        "in",
        "his",
        "temple",
        "the",
        "ark",
        "of",
        "his",
        "testament:",
        "and",
        "there",
        "were",
        "lightnings,",
        "and",
        "voices,",
        "and",
        "thunderings,",
        "and",
        "an",
        "earthquake,",
        "and",
        "great",
        "hail."
      ],
      "header": "",
      "footer": ""
    }
  ]
}