{
  "book_name": "Revelation",
  "chapter": 13,
  "verses": [
    {
      "book_name": "Revelation",
      "chapter": 13,
      "verse": 1,
      "text": [
        "And",
        "I",
        "stood",
        "upon",
        "the",
        "sand",
        "of",
        "the",
        "sea,",
        "and",
        "saw",
        "a",
        "beast",
        "rise",
        "up",
        "out",
        "of",
        "the",
        "sea,",
        "having",
        "seven",
        "heads",
        "and",
        "ten",
        "horns,",
        "and",
        "upon",
        "his",
        "horns",
        "ten",
        "crowns,",
        "and",
        "upon",
        "his",
        "heads",
        "the",
        "name",
        "of",
        "blasphemy."
      ],
      "header": "",
      "footer": ""
    },
    {
      "book_name": "Revelation",
      "chapter": 13,
      "verse": 2,
      "text": [
        "And",
        "the",
        "beast",
        "which",
        "I",
        "saw",
        "was",
        "like",
        "unto",
        "a",
        "leopard,",
        "and",
        "his",
        "feet",
        "were",
        "as",
        "*the",
        "*feet",
        "of",
        "a",
        "bear,",
        "and",
        "his",
        "mouth",
        "as",
        "the",
        "mouth",
        "of",
        "a",
        "lion:",
        "and",
        "the",
        "dragon",
        "gave",
        "him",
        "his",
        "power,",
        "and",
        "his",
        "seat,",
        "and",
        "great",
        "authority."
      ],
      "header": "",
      "footer": ""
    },
    {
      "book_name": "Revelation",
      "chapter": 13,
      "verse": 3,
      "text": [
        "And",
        "I",
        "saw",
        "one",
        "of",
        "his",
        "heads",
        "as",
        "it",
        "were",
        "wounded",
        "to",
        "death;",
        "and",
        "his",
        "deadly",
        "wound",
        "was",
        "healed:",
        "and",
        "all",
        "the",
        "world",
        "wondered",
        "after",
        "the",
        "beast."
      ],
      "header": "",
      "footer": ""
    },
    {
      "book_name": "Revelation",
      "chapter": 13,
      "verse": 4,
      "text": [
        "And",
        "they",
        "worshipped",
        "the",
        "dragon",
        "which",
        "gave",
        "power",
        "unto",
        "the",
        "beast:",
        "and",
        "they",
        "worshipped",
        "the",
        "beast,",
        "saying,",
        "Who",
        "*is",
        "like",
        "unto",
        "the",
        "beast?",
        "who",
        "is",
        "able",
        "to",
        "make",
        "war",
        "with",
        "him?"
      ],
      "header": "",
      "footer": ""
    },
    {
      "book_name": "Revelation",
      "chapter": 13,
      "verse": 5,
      "text": [
        "And",
        "there",
        "was",
        "given",
        "unto",
        "him",
        "a",
        "mouth",
        "speaking",
        "great",
        "things",
        "and",
        "blasphemies;",
        "and",
        "power",
        "was",
        "given",
        "unto",
        "him",
        "to",
        "continue",
        "forty",
        "*and",
        "two",
        "months."
      ],
      "header": "",
      "footer": ""
    },
    {
      "book_name": "Revelation",
      "chapter": 13,
      "verse": 6,
      "text": [
        "And",
        "he",
        "opened",
        "his",
        "mouth",
        "in",
        "blasphemy",
        "against",
        "God,",
        "to",
        "blaspheme",
        "his",
        "name,",
        "and",
        "his",
        "tabernacle,",
        "and",
        "them",
        "that",
        "dwell",
        "in",
        "heaven."
      ],
      "header": "",
      "footer": ""
    },
    {
      "book_name": "Revelation",
      "chapter": 13,
      "verse": 7,
      "text": [
        "And",
        "it",
        "was",
        "given",
        "unto",
        "him",
        "to",
        "make",
        "war",
        "with",
        "the",
        "saints,",
        "and",
        "to",
        "overcome",
        "them:",
        "and",
        "power",
        "was",
        "given",
        "him",
        "over",
        "all",
        "kindreds,",
        "and",
        "tongues,",
        "and",
        "nations."
      ],
      "header": "",
      "footer": ""
    },
    {
      "book_name": "Revelation",
      "chapter": 13,
      "verse": 8,
      "text": [
        "And",
        "all",
        "that",
        "dwell",
        "upon",
        "the",
        "earth",
        "shall",
        "worship",
        "him,",
        "whose",
        "names",
        "are",
        "not",
        "written",
        "in",
        "the",
        "book",
        "of",
        "life",
        "of",
        "the",
        "Lamb",
        "slain",
        "from",
        "the",
        "foundation",
        "of",
        "the",
        "world."
      ],
      "header": "",
      "footer": ""
    },
    {
      "book_name": "Revelation",
      "chapter": 13,
      "verse": 9,
      "text": [
        "If",
        "any",
        "man",
        "have",
        "an",
        "ear,",
        "let",
        "him",
        "hear."
      ],
      "header": "",
      "footer": ""
    },
    {
      "book_name": "Revelation",
      "chapter": 13,
      "verse": 10,
      "text": [
        "He",
        "that",
        "leadeth",
        "into",
        "captivity",
        "shall",
        "go",
        "into",
        "captivity:",
        "he",
        "that",
        "killeth",
        "with",
        "the",
        "sword",
        "must",
        "be",
        "killed",
        "with",
        "the",
        "sword.",
        "Here",
        "is",
        "the",
        "patience",
        "and",
        "the",
        "faith",
        "of",
        "the",
        "saints."
      ],
      "header": "",
      "footer": ""
    },
    {
      "book_name": "Revelation",
      "chapter": 13,
      "verse": 11,
      "text": [
        "And",
        "I",
        "beheld",
        "another",
        "beast",
        "coming",
        "up",
        "out",
        "of",
        "the",
        "earth;",
        "and",
        "he",
        "had",
        "two",
        "horns",
        "like",
        "a",
        "lamb,",
        "and",
        "he",
        "spake",
        "as",
        "a",
        "dragon."
      ],
      "header": "",
      "footer": ""
    },
    {
      "book_name": "Revelation",
      "chapter": 13,
      "verse": 12,
      "text": [
        "And",
        "he",
        "exerciseth",
        "all",
        "the",
        "power",
        "of",
        "the",
        "first",
        "beast",
        "before",
        "him,",
        "and",
        "causeth",
        "the",
        "earth",
        "and",
        "them",
        "which",
        "dwell",
        "therein",
        "to",
        "worship",
        "the",
        "first",
        "beast,",
        "whose",
        "deadly",
        "wound",
        "was",
        "healed."
      ],
      "header": "",
      "footer": ""
    },
    {
      "book_name": "Revelation",
      "chapter": 13,
      "verse": 13,
      "text": [
        "And",
        "he",
        "doeth",
        "great",
        "wonders,",
        "so",
        "that",
        "he",
        "maketh",
        "fire",
        "come",
        "down",
        "from",
        "heaven",
        "on",
        "the",
        "earth",
        "in",
        "the",
        "sight",
        "of",
        "men,"
      ],
      "header": "",
      "footer": ""
    },
    {
      "book_name": "Revelation",
      "chapter": 13,
      "verse": 14,
      "text": [
        "And",
        "deceiveth",
        "them",
        "that",
        "dwell",
        "on",
        "the",
        "earth",
        "by",
        "*the",
        "*means",
        "*of",
        "those",
        "miracles",
        "which",
        "he",
        "had",
        "power",
        "to",
        "do",
        "in",
        "the",
        "sight",
        "of",
        "the",
        "beast;",
        "saying",
        "to",
        "them",
        "that",
        "dwell",
        "on",
        "the",
        "earth,",
        "that",
        "they",
        "should",
        "make",
        "an",
        "image",
        "to",
        "the",
        "beast,",
        "which",
        "had",
        "the",
        "wound",
        "by",
        "a",
        "sword,",
        "and",
        "did",
        "live."
      ],
      "header": "",
      "footer": ""
    },
    {
      "book_name": "Revelation",
      "chapter": 13,
      "verse": 15,
      "text": [
        "And",
        "he",
        "had",
        "power",
        "to",
        "give",
        "life",
        "unto",
        "the",
        "image",
        "of",
        "the",
        "beast,",
        "that",
        "the",
        "image",
        "of",
        "the",
        "beast",
        "should",
        "both",
        "speak,",
        "and",
        "cause",
        "that",
        "as",
        "many",
        "as",
        "would",
        "not",
        "worship",
        "the",
        "image",
        "of",
        "the",
        "beast",
        "should",
        "be",
        "killed."
      ],
      "header": "",
      "footer": ""
    },
    {
      "book_name": "Revelation",
      "chapter": 13,
      "verse": 16,
      "text": [
        "And",
        "he",
        "causeth",
        "all,",
        "both",
        "small",
        "and",
        "great,",
        "rich",
        "and",
        "poor,",
        "free",
        "and",
        "bond,",
        "to",
        "receive",
        "a",
        "mark",
        "in",
        "their",
        "right",
        "hand,",
        "or",
        "in",
        "their",
        "foreheads:"
      ],
      "header": "",
      "footer": ""
    },
    {
      "book_name": "Revelation",
      "chapter": 13,
      "verse": 17,
      "text": [
        "And",
        "that",
        "no",
        "man",
        "might",
        "buy",
        "or",
        "sell,",
        "save",
        "he",
        "that",
        "had",
        "the",
        "mark,",
        "or",
        "the",
        "name",
        "of",
        "the",
        "beast,",
        "or",
        "the",
        "number",
        "of",
        "his",
        "name."
      ],
      "header": "",
      "footer": ""
    },
    {
      "book_name": "Revelation",
      "chapter": 13,
      "verse": 18,
      "text": [
        "Here",
        "is",
        "wisdom.",
        "Let",
        "him",
        "that",
        "hath",
        "understanding",
        "count",
        "the",
        "number",
        "of",
        "the",
        "beast:",
        "for",
        "it",
        "is",
        "the",
        "number",
        "of",
        "a",
        "man;",
        "and",
        "his",
        "number",
        "*is",
        "Six",
        "hundred",
        "threescore",
        "*and",
        "six."
      ],
      "header": "",
      "footer": ""
    }
  ]
}