{
  "book_name": "Revelation",
  "chapter": 15,
  "verses": [
    {
      "book_name": "Revelation",
      "chapter": 15,
      "verse": 1,
      "text": [
        "And",
        "I",
        "saw",
        "another",
        "sign",
        "in",
        "heaven,",
        "great",
        "and",
        "marvellous,",
        "seven",
        "angels",
        "having",
        "the",
        "seven",
        "last",
        "plagues;",
        "for",
        "in",
        "them",
        "is",
        "filled",
        "up",
        "the",
        "wrath",
        "of",
        "God."
      ],
      "header": "",
      "footer": ""
    },
    {
      "book_name": "Revelation",
      "chapter": 15,
      "verse": 2,
      "text": [
        "And",
        "I",
        "saw",
        "as",
        "it",
        "were",
        "a",
        "sea",
        "of",
        "glass",
        "mingled",
        "with",
        "fire:",
        "and",
        "them",
        "that",
        "had",
        "gotten",
        "the",
        "victory",
        "over",
        "the",
        "beast,",
        "and",
        "over",
        "his",
        "image,",
        "and",
        "over",
        "his",
        "mark,",
        "*and",
        "over",
        "the",
        "number",
        "of",
        "his",
        "name,",
        "stand",
        "on",
        "the",
        "sea",
        "of",
        "glass,",
        "having",
        "the",
        "harps",
        "of",
        "God."
      ],
      "header": "",
      "footer": ""
    },
    {
      "book_name": "Revelation",
      "chapter": 15,
      "verse": 3,
      "text": [
        "And",
        "they",
        "sing",
        "the",
        "song",
        "of",
        "Moses",
        "the",
        "servant",
        "of",
        "God,",
        "and",
        "the",
        "song",
        "of",
        "the",
        "Lamb,",
        "saying,",
        "Great",
        "and",
        "marvellous",
        "*are",
        "thy",
        "works,",
        "Lord",
        "God",
        "Almighty;",
        "just",
        "and",
        "true",
        "*are",
        "thy",
        "ways,",
        "thou",
        "King",
        "of",
        "saints."
      ],
      "header": "",
      "footer": ""
    },
    {
      "book_name": "Revelation",
      "chapter": 15,
      "verse": 4,
      "text": [
        "Who",
        "shall",
        "not",
        "fear",
        "thee,",
        "O",
        "Lord,",
        "and",
        "glorify",
        "thy",
        "name?",
        "for",
        "*thou",
        "only",
        "*art",
        "holy:",
        "for",
        "all",
        "nations",
        "shall",
        "come",
        "and",
        "worship",
        "before",
        "thee;",
        "for",
        "thy",
        "judgments",
        "are",
        "made",
        "manifest."
      ],
      "header": "",
      "footer": ""
    },
    {
      "book_name": "Revelation",
      "chapter": 15,
      "verse": 5,
      "text": [
        "And",
        "after",
        "that",
        "I",
        "looked,",
        "and,",
        "behold,",
        "the",
        "temple",
        "of",
        "the",
        "tabernacle",
        "of",
        "the",
        "testimony",
        "in",
        "heaven",
        "was",
        "opened:"
      ],
      "header": "",
      "footer": ""
    },
    {
      "book_name": "Revelation",
      "chapter": 15,
      "verse": 6,
      "text": [
        "And",
        "the",
        "seven",
        "angels",
        "came",
        "out",
        "of",
        "the",
        "temple,",
        "having",
        "the",
        "seven",
        "plagues,",
        "clothed",
        "in",
        "pure",
        "and",
        "white",
        "linen,",
        "and",
        "having",
        "their",
        "breasts",
        "girded",
        "with",
        "golden",
        "girdles."
      ],
      "header": "",
      "footer": ""
    },
    {
      "book_name": "Revelation",
      "chapter": 15,
      "verse": 7,
      "text": [
        "And",
        "one",
        "of",
        "the",
        "four",
        "beasts",
        "gave",
        "unto",
        "the",
        "seven",
        "angels",
        "seven",
        "golden",
        "vials",
        "full",
        "of",
        "the",
        "wrath",
        "of",
        "God,",
        "who",
        "liveth",
        "for",
        "ever",
        "and",
        "ever."
      ],
      "header": "",
      "footer": ""
    },
    {
      "book_name": "Revelation",
      "chapter": 15,
      "verse": 8,
      "text": [
        "And",
        "the",
        "temple",
        "was",
        "filled",
        "with",
        "smoke",
        "from",
        "the",
        "glory",
        "of",
        "God,",
        "and",
        "from",
        "his",
        "power;",
        "and",
        "no",
        "man",
        "was",
        "able",
        "to",
        "enter",
        "into",
        "the",
        "temple,",
        "till",
        "the",
        "seven",
        "plagues",
        "of",
        "the",
        "seven",
        "angels",
        "were",
        "fulfilled."
      ],
      "header": "",
      "footer": ""
    }
  ]
}