{
  "book_name": "Revelation",
  "chapter": 19,
  "verses": [
    {
      "book_name": "Revelation",
      "chapter": 19,
      "verse": 1,
      "text": [
        "And",
        "after",
        "these",
        "things",
        "I",
        "heard",
        "a",
        "great",
        "voice",
        "of",
        "much",
        "people",
        "in",
        "heaven,",
        "saying,",
        "Alleluia;",
        "Salvation,",
        "and",
        "glory,",
        "and",
        "honour,",
        "and",
        "power,",
        "unto",
        "the",
        "Lord",
        "our",
        "God:"
      ],
      "header": "",
      "footer": ""
    },
    {
      "book_name": "Revelation",
      "chapter": 19,
      "verse": 2,
      "text": [
        "For",
        "true",
        "and",
        "righteous",
        "*are",
        "his",
        "judgments:",
        "for",
        "he",
        "hath",
        "judged",
        "the",
        "great",
        "whore,",
        "which",
        "did",
        "corrupt",
        "the",
        "earth",
        "with",
        "her",
        "fornication,",
        "and",
        "hath",
        "avenged",
        "the",
        "blood",
        "of",
        "his",
        "servants",
        "at",
        "her",
        "hand."
      ],
      "header": "",
      "footer": ""
    },
    {
      "book_name": "Revelation",
      "chapter": 19,
      "verse": 3,
      "text": [
        "And",
        "again",
        "they",
        "said,",
        "Alleluia.",
        "And",
        "her",
        "smoke",
        "rose",
        "up",
        "for",
        "ever",
        "and",
        "ever."
      ],
      "header": "",
      "footer": ""
    },
    {
      "book_name": "Revelation",
      "chapter": 19,
      "verse": 4,
      "text": [
        "And",
        "the",
        "four",
        "and",
        "twenty",
        "elders",
        "and",
        "the",
        "four",
        "beasts",
        "fell",
        "down",
        "and",
        "worshipped",
        "God",
        "that",
        "sat",
        "on",
        "the",
        "throne,",
        "saying,",
        "Amen;",
        "Alleluia."
      ],
      "header": "",
      "footer": ""
    },
    {
      "book_name": "Revelation",
      "chapter": 19,
      "verse": 5,
      "text": [
        "And",
        "a",
        "voice",
        "came",
        "out",
        "of",
        "the",
        "throne,",
        "saying,",
        "Praise",
        "our",
        "God,",
        "all",
        "ye",
        "his",
        "servants,",
        "and",
        "ye",
        "that",
        "fear",
        "him,",
        "both",
        "small",
        "and",
        "great."
      ],
      "header": "",
      "footer": ""
    },
    {
      "book_name": "Revelation",
      "chapter": 19,
      "verse": 6,
      "text": [
        "And",
        "I",
        "heard",
        "as",
        "it",
        "were",
        "the",
        "voice",
        "of",
        "a",
        "great",
        "multitude,",
        "and",
        "as",
        "the",
        "voice",
        "of",
        "many",
        "waters,",
        "and",
        "as",
        "the",
        "voice",
        "of",
        "mighty",
        "thunderings,",
        "saying,",
        "Alleluia:",
        "for",
        "the",
        "Lord",
        "God",
        "omnipotent",
        "reigneth."
      ],
      "header": "",
      "footer": ""
    },
    {
      "book_name": "Revelation",
      "chapter": 19,
      "verse": 7,
      "text": [
        "Let",
        "us",
        "be",
        "glad",
        "and",
        "rejoice,",
        "and",
        "give",
        "honour",
        "to",
        "him:",
        "for",
        "the",
        "marriage",
        "of",
        "the",
        "Lamb",
        "is",
        "come,",
        "and",
        "his",
        "wife",
        "hath",
        "made",
        "herself",
        "ready."
      ],
      "header": "",
      "footer": ""
    },
    {
      "book_name": "Revelation",
      "chapter": 19,
      "verse": 8,
      "text": [
        "And",
        "to",
        "her",
        "was",
        "granted",
        "that",
        "she",
        "should",
        "be",
        "arrayed",
        "in",
        "fine",
        "linen,",
        "clean",
        "and",
        "white:",
        "for",
        "the",
        "fine",
        "linen",
        "is",
        "the",
        "righteousness",
        "of",
        "saints."
      ],
      "header": "",
      "footer": ""
    },
    {
      "book_name": "Revelation",
      "chapter": 19,
      "verse": 9,
      "text": [
        "And",
        "he",
        "saith",
        "unto",
        "me,",
        "Write,",
        "Blessed",
        "*are",
        "they",
        "which",
        "are",
        "called",
        "unto",
        "the",
        "marriage",
        "supper",
        "of",
        "the",
        "Lamb.",
        "And",
        "he",
        "saith",
        "unto",
        "me,",
        "These",
        "are",
        "the",
        "true",
        "sayings",
        "of",
        "God."
      ],
      "header": "",
      "footer": ""
    },
    {
      "book_name": "Revelation",
      "chapter": 19,
      "verse": 10,
      "text": [
        "And",
        "I",
        "fell",
        "at",
        "his",
        "feet",
        "to",
        "worship",
        "him.",
        "And",
        "he",
        "said",
        "unto",
        "me,",
        "See",
        "*thou",
        "*do",
        "*it",
        "not:",
        "I",
        "am",
        "thy",
        "fellowservant,",
        "and",
        "of",
        "thy",
        "brethren",
        "that",
        "have",
        "the",
        "testimony",
        "of",
        "Jesus:",
        "worship",
        "God:",
        "for",
        "the",
        "testimony",
        "of",
        "Jesus",
        "is",
        "the",
        "spirit",
        "of",
        "prophecy."
      ],
      "header": "",
      "footer": ""
    },
    {
      "book_name": "Revelation",
      "chapter": 19,
      "verse": 11,
      "text": [
        "And",
        "I",
        "saw",
        "heaven",
        "opened,",
        "and",
        "behold",
        "a",
        "white",
        "horse;",
        "and",
        "he",
        "that",
        "sat",
        "upon",
        "him",
        "*was",
        "called",
        "Faithful",
        "and",
        "True,",
        "and",
        "in",
        "righteousness",
        "he",
        "doth",
        "judge",
        "and",
        "make",
        "war."
      ],
      "header": "",
      "footer": ""
    },
    {
      "book_name": "Revelation",
      "chapter": 19,
      "verse": 12,
      "text": [
        "His",
        "eyes",
        "*were",
        "as",
        "a",
        "flame",
        "of",
        "fire,",
        "and",
        "on",
        "his",
        "head",
        "*were",
        "many",
        "crowns;",
        "and",
        "he",
        "had",
        "a",
        "name",
        "written,",
        "that",
        "no",
        "man",
        "knew,",
        "but",
        "he",
        "himself."
      ],
      "header": "",
      "footer": ""
    },
    {
      "book_name": "Revelation",
      "chapter": 19,
      "verse": 13,
      "text": [
        "And",
        "he",
        "*was",
        "clothed",
        "with",
        "a",
        "vesture",
        "dipped",
        "in",
        "blood:",
        "and",
        "his",
        "name",
        "is",
        "called",
        "The",
        "Word",
        "of",
        "God."
      ],
      "header": "",
      "footer": ""
    },
    {
      "book_name": "Revelation",
      "chapter": 19,
      "verse": 14,
      "text": [
        "And",
        "the",
        "armies",
        "*which",
        "*were",
        "in",
        "heaven",
        "followed",
        "him",
        "upon",
        "white",
        "horses,",
        "clothed",
        "in",
        "fine",
        "linen,",
        "white",
        "and",
        "clean."
      ],
      "header": "",
      "footer": ""
    },
    {
      "book_name": "Revelation",
      "chapter": 19,
      "verse": 15,
      "text": [
        "And",
        "out",
        "of",
        "his",
        "mouth",
        "goeth",
        "a",
        "sharp",
        "sword,",
        "that",
        "with",
        "it",
        "he",
        "should",
        "smite",
        "the",
        "nations:",
        "and",
        "he",
        "shall",
        "rule",
        "them",
        "with",
        "a",
        "rod",
        "of",
        "iron:",
        "and",
        "he",
        "treadeth",
        "the",
        "winepress",
        "of",
        "the",
        "fierceness",
        "and",
        "wrath",
        "of",
        "Almighty",
        "God."
      ],
      "header": "",
      "footer": ""
    },
    {
      "book_name": "Revelation",
      "chapter": 19,
      "verse": 16,
      "text": [
        "And",
        "he",
        "hath",
        "on",
        "*his",
        "vesture",
        "and",
        "on",
        "his",
        "thigh",
        "a",
        "name",
        "written,",
        "KING",
        "OF",
        "KINGS,",
        "AND",
        "LORD",
        "OF",
        "LORDS."
      ],
      "header": "",
      "footer": ""
    },
    {
      "book_name": "Revelation",
      "chapter": 19,
      "verse": 17,
      "text": [
        "And",
        "I",
        "saw",
        "an",
        "angel",
        "standing",
        "in",
        "the",
        "sun;",
        "and",
        "he",
        "cried",
        "with",
        "a",
        "loud",
        "voice,",
        "saying",
        "to",
        "all",
        "the",
        "fowls",
        "that",
        "fly",
        "in",
        "the",
        "midst",
        "of",
        "heaven,",
        "Come",
        "and",
        "gather",
        "yourselves",
        "together",
        "unto",
        "the",
        "supper",
        "of",
        "the",
        "great",
        "God;"
      ],
      "header": "",
      "footer": ""
    },
    {
      "book_name": "Revelation",
      "chapter": 19,
      "verse": 18,
      "text": [
        "That",
        "ye",
        "may",
        "eat",
        "the",
        "flesh",
        "of",
        "kings,",
        "and",
        "the",
        "flesh",
        "of",
        "captains,",
        "and",
        "the",
        "flesh",
        "of",
        "mighty",
        "men,",
        "and",
        "the",
        "flesh",
        "of",
        "horses,",
        "and",
        "of",
        "them",
        "that",
        "sit",
        "on",
        "them,",
        "and",
        "the",
        "flesh",
        "of",
        "all",
        "*men,",
        "*both",
        "free",
        "and",
        "bond,",
        "both",
        "small",
        "and",
        "great."
      ],
      "header": "",
      "footer": ""
    },
    {
      "book_name": "Revelation",
      "chapter": 19,
      "verse": 19,
      "text": [
        "And",
        "I",
        "saw",
        "the",
        "beast,",
        "and",
        "the",
        "kings",
        "of",
        "the",
        "earth,",
        "and",
        "their",
        "armies,",
        "gathered",
        "together",
        "to",
        "make",
        "war",
        "against",
        "him",
        "that",
        "sat",
        "on",
        "the",
        "horse,",
        "and",
        "against",
        "his",
        "army."
      ],
      "header": "",
      "footer": ""
    },
    {
      "book_name": "Revelation",
      "chapter": 19,
      "verse": 20,
      "text": [
        "And",
        "the",
        "beast",
        "was",
        "taken,",
        "and",
        "with",
        "him",
        "the",
        "false",
        "prophet",
        "that",
        "wrought",
        "miracles",
        "before",
        "him,",
        "with",
        "which",
        "he",
        "deceived",
        "them",
        "that",
        "had",
        "received",
        "the",
        "mark",
        "of",
        "the",
        "beast,",
        "and",
        "them",
        "that",
        "worshipped",
        "his",
        "image.",
        "These",
        "both",
        "were",
        "cast",
        "alive",
        "into",
        "a",
        "lake",
        "of",
        "fire",
        "burning",
        "with",
        "brimstone."
      ],
      "header": "",
      "footer": ""
    },
    {
      "book_name": "Revelation",
      "chapter": 19,
      "verse": 21,
      "text": [
        "And",
        "the",
        "remnant",
        "were",
        "slain",
        "with",
        "the",
        "sword",
        "of",
        "him",
        "that",
        "sat",
        "upon",
        "the",
        "horse,",
        "which",
        "*sword",
        "proceeded",
        "out",
        "of",
        "his",
        "mouth:",
        "and",
        "all",
        "the",
        "fowls",
        "were",
        "filled",
        "with",
        "their",
        "flesh."
      ],
      "header": "",
      "footer": ""
    }
  ]
}