{
  "book_name": "Revelation",
  "chapter": 2,
  "verses": [
    {
      "book_name": "Revelation",
      "chapter": 2,
      "verse": 1,
      "text": [
        "Unto",
        "the",
        "angel",
        "of",
        "the",
        "church",
        "of",
        "Ephesus",
        "write;",
        "These",
        "things",
        "saith",
        "he",
        "that",
        "holdeth",
        "the",
        "seven",
        "stars",
        "in",
        "his",
        "right",
        "hand,",
        "who",
        "walketh",
        "in",
        "the",
        "midst",
        "of",
        "the",
        "seven",
        "golden",
        "candlesticks;"
      ],
      "header": "",
      "footer": ""
    },
    {
      "book_name": "Revelation",
      "chapter": 2,
      "verse": 2,
      "text": [
        "I",
        "know",
        "thy",
        "works,",
        "and",
        "thy",
        "labour,",
        "and",
        "thy",
        "patience,",
        "and",
        "how",
        "thou",
        "canst",
        "not",
        "bear",
        "them",
        "which",
        "are",
        "evil:",
        "and",
        "thou",
        "hast",
        "tried",
        "them",
        "which",
        "say",
        "they",
        "are",
        "apostles,",
        "and",
        "are",
        "not,",
        "and",
        "hast",
        "found",
        "them",
        "liars:"
      ],
      "header": "",
      "footer": ""
    },
    {
      "book_name": "Revelation",
      "chapter": 2,
      "verse": 3,
      "text": [
        "And",
        "hast",
        "borne,",
        "and",
        "hast",
        "patience,",
        "and",
        "for",
        "my",
        "name's",
        "sake",
        "hast",
        "laboured,",
        "and",
        "hast",
        "not",
        "fainted."
      ],
      "header": "",
      "footer": ""
    },
    {
      "book_name": "Revelation",
      "chapter": 2,
      "verse": 4,
      "text": [
        "Nevertheless",
        "I",
        "have",
        "*somewhat",
        "against",
        "thee,",
        "because",
        "thou",
        "hast",
        "left",
        "thy",
        "first",
        "love."
      ],
      "header": "",
      "footer": ""
    },
    {
      "book_name": "Revelation",
      "chapter": 2,
      "verse": 5,
      "text": [
        "Remember",
        "therefore",
        "from",
        "whence",
        "thou",
        "art",
        "fallen,",
        "and",
        "repent,",
        "and",
        "do",
        "the",
        "first",
        "works;",
        "or",
        "else",
        "I",
        "will",
        "come",
        "unto",
        "thee",
        "quickly,",
        "and",
        "will",
        "remove",
        "thy",
        "candlestick",
        "out",
        "of",
        "his",
        "place,",
        "except",
        "thou",
        "repent."
      ],
      "header": "",
      "footer": ""
    },
    {
      "book_name": "Revelation",
      "chapter": 2,
      "verse": 6,
      "text": [
        "But",
        "this",
        "thou",
        "hast,",
        "that",
        "thou",
        "hatest",
        "the",
        "deeds",
        "of",
        "the",
        "Nicolaitans,",
        "which",
        "I",
        "also",
        "hate."
      ],
      "header": "",
      "footer": ""
    },
    {
      "book_name": "Revelation",
      "chapter": 2,
      "verse": 7,
      "text": [
        "He",
        "that",
        "hath",
        "an",
        "ear,",
        "let",
        "him",
        "hear",
        "what",
        "the",
        "Spirit",
        "saith",
        "unto",
        "the",
        "churches;",
        "To",
        "him",
        "that",
        "overcometh",
        "will",
        "I",
        "give",
        "to",
        "eat",
        "of",
        "the",
        "tree",
        "of",
        "life,",
        "which",
        "is",
        "in",
        "the",
        "midst",
        "of",
        "the",
        "paradise",
        "of",
        "God."
      ],
      "header": "",
      "footer": ""
    },
    {
      "book_name": "Revelation",
      "chapter": 2,
      "verse": 8,
      "text": [
        "And",
        "unto",
        "the",
        "angel",
        "of",
        "the",
        "church",
        "in",
        "Smyrna",
        "write;",
        "These",
        "things",
        "saith",
        "the",
        "first",
        "and",
        "the",
        "last,",
        "which",
        "was",
        "dead,",
        "and",
        "is",
        "alive;"
      ],
      "header": "",
      "footer": ""
    },
    {
      "book_name": "Revelation",
      "chapter": 2,
      "verse": 9,
      "text": [
        "I",
        "know",
        "thy",
        "works,",
        "and",
        "tribulation,",
        "and",
        "poverty,",
        "(but",
        "thou",
        "art",
        "rich)",
        "and",
        "*I",
        "*know",
        "the",
        "blasphemy",
        "of",
        "them",
        "which",
        "say",
        "they",
        "are",
        "Jews,",
        "and",
        "are",
        "not,",
        "but",
        "*are",
        "the",
        "synagogue",
        "of",
        "Satan."
      ],
      "header": "",
      "footer": ""
    },
    {
      "book_name": "Revelation",
      "chapter": 2,
      "verse": 10,
      "text": [
        "Fear",
        "none",
        "of",
        "those",
        "things",
        "which",
        "thou",
        "shalt",
        "suffer:",
        "behold,",
        "the",
        "devil",
        "shall",
        "cast",
        "*some",
        "of",
        "you",
        "into",
        "prison,",
        "that",
        "ye",
        "may",
        "be",
        "tried;",
        "and",
        "ye",
        "shall",
        "have",
        "tribulation",
        "ten",
        "days:",
        "be",
        "thou",
        "faithful",
        "unto",
        "death,",
        "and",
        "I",
        "will",
        "give",
        "thee",
        "a",
        "crown",
        "of",
        "life."
      ],
      "header": "",
      "footer": ""
    },
    {
      "book_name": "Revelation",
      "chapter": 2,
      "verse": 11,
      "text": [
        "He",
        "that",
        "hath",
        "an",
        "ear,",
        "let",
        "him",
        "hear",
        "what",
        "the",
        "Spirit",
        "saith",
        "unto",
        "the",
        "churches;",
        "He",
        "that",
        "overcometh",
        "shall",
        "not",
        "be",
        "hurt",
        "of",
        "the",
        "second",
        "death."
      ],
      "header": "",
      "footer": ""
    },
    {
      "book_name": "Revelation",
      "chapter": 2,
      "verse": 12,
      "text": [
        "And",
        "to",
        "the",
        "angel",
        "of",
        "the",
        "church",
        "in",
        "Pergamos",
        "write;",
        "These",
        "things",
        "saith",
        "he",
        "which",
        "hath",
        "the",
        "sharp",
        "sword",
        "with",
        "two",
        "edges;"
      ],
      "header": "",
      "footer": ""
    },
    {
      "book_name": "Revelation",
      "chapter": 2,
      "verse": 13,
      "text": [
        "I",
        "know",
        "thy",
        "works,",
        "and",
        "where",
        "thou",
        "dwellest,",
        "*even",
        "where",
        "Satan's",
        "seat",
        "*is:",
        "and",
        "thou",
        "holdest",
        "fast",
        "my",
        "name,",
        "and",
        "hast",
        "not",
        "denied",
        "my",
        "faith,",
        "even",
        "in",
        "those",
        "days",
        "wherein",
        "Antipas",
        "*was",
        "my",
        "faithful",
        "martyr,",
        "who",
        "was",
        "slain",
        "among",
        "you,",
        "where",
        "Satan",
        "dwelleth."
      ],
      "header": "",
      "footer": ""
    },
    {
      "book_name": "Revelation",
      "chapter": 2,
      "verse": 14,
      "text": [
        "But",
        "I",
        "have",
        "a",
        "few",
        "things",
        "against",
        "thee,",
        "because",
        "thou",
        "hast",
        "there",
        "them",
        "that",
        "hold",
        "the",
        "doctrine",
        "of",
        "Balaam,",
        "who",
        "taught",
        "Balac",
        "to",
        "cast",
        "a",
        "stumblingblock",
        "before",
        "the",
        "children",
        "of",
        "Israel,",
        "to",
        "eat",
        "things",
        "sacrificed",
        "unto",
        "idols,",
        "and",
        "to",
        "commit",
        "fornication."
      ],
      "header": "",
      "footer": ""
    },
    {
      "book_name": "Revelation",
      "chapter": 2,
      "verse": 15,
      "text": [
        "So",
        "hast",
        "thou",
        "also",
        "them",
        "that",
        "hold",
        "the",
        "doctrine",
        "of",
        "the",
        "Nicolaitans,",
        "which",
        "thing",
        "I",
        "hate."
      ],
      "header": "",
      "footer": ""
    },
    {
      "book_name": "Revelation",
      "chapter": 2,
      "verse": 16,
      "text": [
        "Repent;",
        "or",
        "else",
        "I",
        "will",
        "come",
        "unto",
        "thee",
        "quickly,",
        "and",
        "will",
        "fight",
        "against",
        "them",
        "with",
        "the",
        "sword",
        "of",
        "my",
        "mouth."
      ],
      "header": "",
      "footer": ""
    },
    {
      "book_name": "Revelation",
      "chapter": 2,
      "verse": 17,
      "text": [
        "He",
        "that",
        "hath",
        "an",
        "ear,",
        "let",
        "him",
        "hear",
        "what",
        "the",
        "Spirit",
        "saith",
        "unto",
        "the",
        "churches;",
        "To",
        "him",
        "that",
        "overcometh",
        "will",
        "I",
        "give",
        "to",
        "eat",
        "of",
        "the",
        "hidden",
        "manna,",
        "and",
        "will",
        "give",
        "him",
        "a",
        "white",
        "stone,",
        "and",
        "in",
        "the",
        "stone",
        "a",
        "new",
        "name",
        "written,",
        "which",
        "no",
        "man",
        "knoweth",
        "saving",
        "he",
        "that",
        "receiveth",
        "*it."
      ],
      "header": "",
      "footer": ""
    },
    {
      "book_name": "Revelation",
      "chapter": 2,
      "verse": 18,
      "text": [
        "And",
        "unto",
        "the",
        "angel",
        "of",
        "the",
        "church",
        "in",
        "Thyatira",
        "write;",
        "These",
        "things",
        "saith",
        "the",
        "Son",
        "of",
        "God,",
        "who",
        "hath",
        "his",
        "eyes",
        "like",
        "unto",
        "a",
        "flame",
        "of",
        "fire,",
        "and",
        "his",
        "feet",
        "*are",
        "like",
        "fine",
        "brass;"
      ],
      "header": "",
      "footer": ""
    },
    {
      "book_name": "Revelation",
      "chapter": 2,
      "verse": 19,
      "text": [
        "I",
        "know",
        "thy",
        "works,",
        "and",
        "charity,",
        "and",
        "service,",
        "and",
        "faith,",
        "and",
        "thy",
        "patience,",
        "and",
        "thy",
        "works;",
        "and",
        "the",
        "last",
        "*to",
        "*be",
        "more",
        "than",
        "the",
        "first."
      ],
      "header": "",
      "footer": ""
    },
    {
      "book_name": "Revelation",
      "chapter": 2,
      "verse": 20,
      "text": [
        "Notwithstanding",
        "I",
        "have",
        "a",
        "few",
        "things",
        "against",
        "thee,",
        "because",
        "thou",
        "sufferest",
        "that",
        "woman",
        "Jezebel,",
        "which",
        "calleth",
        "herself",
        "a",
        "prophetess,",
        "to",
        "teach",
        "and",
        "to",
        "seduce",
        "my",
        "servants",
        "to",
        "commit",
        "fornication,",
        "and",
        "to",
        "eat",
        "things",
        "sacrificed",
        "unto",
        "idols."
      ],
      "header": "",
      "footer": ""
    },
    {
      "book_name": "Revelation",
      "chapter": 2,
      "verse": 21,
      "text": [
        "And",
        "I",
        "gave",
        "her",
        "space",
        "to",
        "repent",
        "of",
        "her",
        "fornication;",
        "and",
        "she",
        "repented",
        "not."
      ],
      "header": "",
      "footer": ""
    },
    {
      "book_name": "Revelation",
      "chapter": 2,
      "verse": 22,
      "text": [
        "Behold,",
        "I",
        "will",
        "cast",
        "her",
        "into",
        "a",
        "bed,",
        "and",
        "them",
        "that",
        "commit",
        "adultery",
        "with",
        "her",
        "into",
        "great",
        "tribulation,",
        "except",
        "they",
        "repent",
        "of",
        "their",
        "deeds."
      ],
      "header": "",
      "footer": ""
    },
    {
      "book_name": "Revelation",
      "chapter": 2,
      "verse": 23,
      "text": [
        "And",
        "I",
        "will",
        "kill",
        "her",
        "children",
        "with",
        "death;",
        "and",
        "all",
        "the",
        "churches",
        "shall",
        "know",
        "that",
        "I",
        "am",
        "he",
        "which",
        "searcheth",
        "the",
        "reins",
        "and",
        "hearts:",
        "and",
        "I",
        "will",
        "give",
        "unto",
        "every",
        "one",
        "of",
        "you",
        "according",
        "to",
        "your",
        "works."
      ],
      "header": "",
      "footer": ""
    },
    {
      "book_name": "Revelation",
      "chapter": 2,
      "verse": 24,
      "text": [
        "But",
        "unto",
        "you",
        "I",
        "say,",
        "and",
        "unto",
        "the",
        "rest",
        "in",
        "Thyatira,",
        "as",
        "many",
        "as",
        "have",
        "not",
        "this",
        "doctrine,",
        "and",
        "which",
        "have",
        "not",
        "known",
        "the",
        "depths",
        "of",
        "Satan,",
        "as",
        "they",
        "speak;",
        "I",
        "will",
        "put",
        "upon",
        "you",
        "none",
        "other",
        "burden."
      ],
      "header": "",
      "footer": ""
    },
    {
      "book_name": "Revelation",
      "chapter": 2,
      "verse": 25,
      "text": [
        "But",
        "that",
        "which",
        "ye",
        "have",
        "*already",
        "hold",
        "fast",
        "till",
        "I",
        "come."
      ],
      "header": "",
      "footer": ""
    },
    {
      "book_name": "Revelation",
      "chapter": 2,
      "verse": 26,
      "text": [
        "And",
        "he",
        "that",
        "overcometh,",
        "and",
        "keepeth",
        "my",
        "works",
        "unto",
        "the",
        "end,",
        "to",
        "him",
        "will",
        "I",
        "give",
        "power",
        "over",
        "the",
        "nations:"
      ],
      "header": "",
      "footer": ""
    },
    {
      "book_name": "Revelation",
      "chapter": 2,
      "verse": 27,
      "text": [
        "And",
        "he",
        "shall",
        "rule",
        "them",
        "with",
        "a",
        "rod",
        "of",
        "iron;",
        "as",
        "the",
        "vessels",
        "of",
        "a",
        "potter",
        "shall",
        "they",
        "be",
        "broken",
        "to",
        "shivers:",
        "even",
        "as",
        "I",
        "received",
        "of",
        "my",
        "Father."
      ],
      "header": "",
      "footer": ""
    },
    {
      "book_name": "Revelation",
      "chapter": 2,
      "verse": 28,
      "text": [
        "And",
        "I",
        "will",
        "give",
        "him",
        "the",
        "morning",
        "star."
      ],
      "header": "",
      "footer": ""
    },
    {
      "book_name": "Revelation",
      "chapter": 2,
      "verse": 29,
      "text": [
        "He",
        "that",
        "hath",
        "an",
        "ear,",
        "let",
        "him",
        "hear",
        "what",
        "the",
        "Spirit",
        "saith",
        "unto",
        "the",
        "churches."
      ],
      "header": "",
      "footer": ""
    }
  ]
}