{
  "book_name": "Revelation",
  "chapter": 4,
  "verses": [
    {
      "book_name": "Revelation",
      "chapter": 4,
      "verse": 1,
      "text": [
        "After",
        "this",
        "I",
        "looked,",
        "and,",
        "behold,",
        "a",
        "door",
        "*was",
        "opened",
        "in",
        "heaven:",
        "and",
        "the",
        "first",
        "voice",
        "which",
        "I",
        "heard",
        "*was",
        "as",
        "it",
        "were",
        "of",
        "a",
        "trumpet",
        "talking",
        "with",
        "me;",
        "which",
        "said,",
        "Come",
        "up",
        "hither,",
        "and",
        "I",
        "will",
        "shew",
        "thee",
        "things",
        "which",
        "must",
        "be",
        "hereafter."
      ],
      "header": "",
      "footer": ""
    },
    {
      "book_name": "Revelation",
      "chapter": 4,
      "verse": 2,
      "text": [
        "And",
        "immediately",
        "I",
        "was",
        "in",
        "the",
        "spirit:",
        "and,",
        "behold,",
        "a",
        "throne",
        "was",
        "set",
        "in",
        "heaven,",
        "and",
        "*one",
        "sat",
        "on",
        "the",
        "throne."
      ],
      "header": "",
      "footer": ""
    },
    {
      "book_name": "Revelation",
      "chapter": 4,
      "verse": 3,
      "text": [
        "And",
        "he",
        "that",
        "sat",
        "was",
        "to",
        "look",
        "upon",
        "like",
        "a",
        "jasper",
        "and",
        "a",
        "sardine",
        "stone:",
        "and",
        "*there",
        "*was",
        "a",
        "rainbow",
        "round",
        "about",
        "the",
        "throne,",
        "in",
        "sight",
        "like",
        "unto",
        "an",
        "emerald."
      ],
      "header": "",
      "footer": ""
    },
    {
      "book_name": "Revelation",
      "chapter": 4,
      "verse": 4,
      "text": [
        "And",
        "round",
        "about",
        "the",
        "throne",
        "*were",
        "four",
        "and",
        "twenty",
        "seats:",
        "and",
        "upon",
        "the",
        "seats",
        "I",
        "saw",
        "four",
        "and",
        "twenty",
        "elders",
        "sitting,",
        "clothed",
        "in",
        "white",
        "raiment;",
        "and",
        "they",
        "had",
        "on",
        "their",
        "heads",
        "crowns",
        "of",
        "gold."
      ],
      "header": "",
      "footer": ""
    },
    {
      "book_name": "Revelation",
      "chapter": 4,
      "verse": 5,
      "text": [
        "And",
        "out",
        "of",
        "the",
        "throne",
        "proceeded",
        "lightnings",
        "and",
        "thunderings",
        "and",
        "voices:",
        "and",
        "*there",
        "*were",
        "seven",
        "lamps",
        "of",
        "fire",
        "burning",
        "before",
        "the",
        "throne,",
        "which",
        "are",
        "the",
        "seven",
        "Spirits",
        "of",
        "God."
      ],
      "header": "",
      "footer": ""
    },
    {
      "book_name": "Revelation",
      "chapter": 4,
      "verse": 6,
      "text": [
        "And",
        "before",
        "the",
        "throne",
        "*there",
        "*was",
        "a",
        "sea",
        "of",
        "glass",
        "like",
        "unto",
        "crystal:",
        "and",
        "in",
        "the",
        "midst",
        "of",
        "the",
        "throne,",
        "and",
        "round",
        "about",
        "the",
        "throne,",
        "*were",
        "four",
        "beasts",
        "full",
        "of",
        "eyes",
        "before",
        "and",
        "behind."
      ],
      "header": "",
      "footer": ""
    },
    {
      "book_name": "Revelation",
      "chapter": 4,
      "verse": 7,
      "text": [
        "And",
        "the",
        "first",
        "beast",
        "*was",
        "like",
        "a",
        "lion,",
        "and",
        "the",
        "second",
        "beast",
        "like",
        "a",
        "calf,",
        "and",
        "the",
        "third",
        "beast",
        "had",
        "a",
        "face",
        "as",
        "a",
        "man,",
        "and",
        "the",
        "fourth",
        "beast",
        "*was",
        "like",
        "a",
        "flying",
        "eagle."
      ],
      "header": "",
      "footer": ""
    },
    {
      "book_name": "Revelation",
      "chapter": 4,
      "verse": 8,
      "text": [
        "And",
        "the",
        "four",
        "beasts",
        "had",
        "each",
        "of",
        "them",
        "six",
        "wings",
        "about",
        "*him;",
        "and",
        "*they",
        "*were",
        "full",
        "of",
        "eyes",
        "within:",
        "and",
        "they",
        "rest",
        "not",
        "day",
        "and",
        "night,",
        "saying,",
        "Holy,",
        "holy,",
        "holy,",
        "Lord",
        "God",
        "Almighty,",
        "which",
        "was,",
        "and",
        "is,",
        "and",
        "is",
        "to",
        "come."
      ],
      "header": "",
      "footer": ""
    },
    {
      "book_name": "Revelation",
      "chapter": 4,
      "verse": 9,
      "text": [
        "And",
        "when",
        "those",
        "beasts",
        "give",
        "glory",
        "and",
        "honour",
        "and",
        "thanks",
        "to",
        "him",
        "that",
        "sat",
        "on",
        "the",
        "throne,",
        "who",
        "liveth",
        "for",
        "ever",
        "and",
        "ever,"
      ],
      "header": "",
      "footer": ""
    },
    {
      "book_name": "Revelation",
      "chapter": 4,
      "verse": 10,
      "text": [
        "The",
        "four",
        "and",
        "twenty",
        "elders",
        "fall",
        "down",
        "before",
        "him",
        "that",
        "sat",
        "on",
        "the",
        "throne,",
        "and",
        "worship",
        "him",
        "that",
        "liveth",
        "for",
        "ever",
        "and",
        "ever,",
        "and",
        "cast",
        "their",
        "crowns",
        "before",
        "the",
        "throne,",
        "saying,"
      ],
      "header": "",
      "footer": ""
    },
    {
      "book_name": "Revelation",
      "chapter": 4,
      "verse": 11,
      "text": [
        "Thou",
        "art",
        "worthy,",
        "O",
        "Lord,",
        "to",
        "receive",
        "glory",
        "and",
        "honour",
        "and",
        "power:",
        "for",
        "thou",
        "hast",
        "created",
        "all",
        "things,",
        "and",
        "for",
        "thy",
        "pleasure",
        "they",
        "are",
        "and",
        "were",
        "created."
      ],
      "header": "",
      "footer": ""
    }
  ]
}