{
  "book_name": "1 Timothy",
  "chapter": 4,
  "verses": [
    {
      "book_name": "1 Timothy",
      "chapter": 4,
      "verse": 1,
      "text": [
        "Now",
        "the",
        "Spirit",
        "speaketh",
        "expressly,",
        "that",
        "in",
        "the",
        "latter",
        "times",
        "some",
        "shall",
        "depart",
        "from",
        "the",
        "faith,",
        "giving",
        "heed",
        "to",
        "seducing",
        "spirits,",
        "and",
        "doctrines",
        "of",
        "devils;"
      ],
      "header": "",
      "footer": ""
    },
    {
      "book_name": "1 Timothy",
      "chapter": 4,
      "verse": 2,
      "text": [
        "Speaking",
        "lies",
        "in",
        "hypocrisy;",
        "having",
        "their",
        "conscience",
        "seared",
        "with",
        "a",
        "hot",
        "iron;"
      ],
      "header": "",
      "footer": ""
    },
    {
      "book_name": "1 Timothy",
      "chapter": 4,
      "verse": 3,
      "text": [
        "Forbidding",
        "to",
        "marry,",
        "*and",
        "*commanding",
        "to",
        "abstain",
        "from",
        "meats,",
        "which",
        "God",
        "hath",
        "created",
        "to",
        "be",
        "received",
        "with",
        "thanksgiving",
        "of",
        "them",
        "which",
        "believe",
        "and",
        "know",
        "the",
        "truth."
      ],
      "header": "",
      "footer": ""
    },
    {
      "book_name": "1 Timothy",
      "chapter": 4,
      "verse": 4,
      "text": [
        "For",
        "every",
        "creature",
        "of",
        "God",
        "*is",
        "good,",
        "and",
        "nothing",
        "to",
        "be",
        "refused,",
        "if",
        "it",
        "be",
        "received",
        "with",
        "thanksgiving:"
      ],
      "header": "",
      "footer": ""
    },
    {
      "book_name": "1 Timothy",
      "chapter": 4,
      "verse": 5,
      "text": [
        "For",
        "it",
        "is",
        "sanctified",
        "by",
        "the",
        "word",
        "of",
        "God",
        "and",
        "prayer."
      ],
      "header": "",
      "footer": ""
    },
    {
      "book_name": "1 Timothy",
      "chapter": 4,
      "verse": 6,
      "text": [
        "If",
        "thou",
        "put",
        "the",
        "brethren",
        "in",
        "remembrance",
        "of",
        "these",
        "things,",
        "thou",
        "shalt",
        "be",
        "a",
        "good",
        "minister",
        "of",
        "Jesus",
        "Christ,",
        "nourished",
        "up",
        "in",
        "the",
        "words",
        "of",
        "faith",
        "and",
        "of",
        "good",
        "doctrine,",
        "whereunto",
        "thou",
        "hast",
        "attained."
      ],
      "header": "",
      "footer": ""
    },
    {
      "book_name": "1 Timothy",
      "chapter": 4,
      "verse": 7,
      "text": [
        "But",
        "refuse",
        "profane",
        "and",
        "old",
        "wives'",
        "fables,",
        "and",
        "exercise",
        "thyself",
        "*rather",
        "unto",
        "godliness."
      ],
      "header": "",
      "footer": ""
    },
    {
      "book_name": "1 Timothy",
      "chapter": 4,
      "verse": 8,
      "text": [
        "For",
        "bodily",
        "exercise",
        "profiteth",
        "little:",
        "but",
        "godliness",
        "is",
        "profitable",
        "unto",
        "all",
        "things,",
        "having",
        "promise",
        "of",
        "the",
        "life",
        "that",
        "now",
        "is,",
        "and",
        "of",
        "that",
        "which",
        "is",
        "to",
        "come."
      ],
      "header": "",
      "footer": ""
    },
    {
      "book_name": "1 Timothy",
      "chapter": 4,
      "verse": 9,
      "text": [
        "This",
        "*is",
        "a",
        "faithful",
        "saying",
        "and",
        "worthy",
        "of",
        "all",
        "acceptation."
      ],
      "header": "",
      "footer": ""
    },
    {
      "book_name": "1 Timothy",
      "chapter": 4,
      "verse": 10,
      "text": [
        "For",
        "therefore",
        "we",
        "both",
        "labour",
        "and",
        "suffer",
        "reproach,",
        "because",
        "we",
        "trust",
        "in",
        "the",
        "living",
        "God,",
        "who",
        "is",
        "the",
        "Saviour",
        "of",
        "all",
        "men,",
        "specially",
        "of",
        "those",
        "that",
        "believe."
      ],
      "header": "",
      "footer": ""
    },
    {
      "book_name": "1 Timothy",
      "chapter": 4,
      "verse": 11,
      "text": [
        "These",
        "things",
        "command",
        "and",
        "teach."
      ],
      "header": "",
      "footer": ""
    },
    {
      "book_name": "1 Timothy",
      "chapter": 4,
      "verse": 12,
      "text": [
        "Let",
        "no",
        "man",
        "despise",
        "thy",
        "youth;",
        "but",
        "be",
        "thou",
        "an",
        "example",
        "of",
        "the",
        "believers,",
        "in",
        "word,",
        "in",
        "conversation,",
        "in",
        "charity,",
        "in",
        "spirit,",
        "in",
        "faith,",
        "in",
        "purity."
      ],
      "header": "",
      "footer": ""
    },
    {
      "book_name": "1 Timothy",
      "chapter": 4,
      "verse": 13,
      "text": [
        "Till",
        "I",
        "come,",
        "give",
        "attendance",
        "to",
        "reading,",
        "to",
        "exhortation,",
        "to",
        "doctrine."
      ],
      "header": "",
      "footer": ""
    },
    {
      "book_name": "1 Timothy",
      "chapter": 4,
      "verse": 14,
      "text": [
        "Neglect",
        "not",
        "the",
        "gift",
        "that",
        "is",
        "in",
        "thee,",
        "which",
        "was",
        "given",
        "thee",
        "by",
        "prophecy,",
        "with",
        "the",
        "laying",
        "on",
        "of",
        "the",
        "hands",
        "of",
        "the",
        "presbytery."
      ],
      "header": "",
      "footer": ""
    },
    {
      "book_name": "1 Timothy",
      "chapter": 4,
      "verse": 15,
      "text": [
        "Meditate",
        "upon",
        "these",
        "things;",
        "give",
        "thyself",
        "wholly",
        "to",
        "them;",
        "that",
        "thy",
        "profiting",
        "may",
        "appear",
        "to",
        "all."
      ],
      "header": "",
      "footer": ""
    },
    {
      "book_name": "1 Timothy",
      "chapter": 4,
      "verse": 16,
      "text": [
        "Take",
        "heed",
        "unto",
        "thyself,",
        "and",
        "unto",
        "the",
        "doctrine;",
        "continue",
        "in",
        "them:",
        "for",
        "in",
        "doing",
        "this",
        "thou",
        "shalt",
        "both",
        "save",
        "thyself,",
        "and",
        "them",
        "that",
        "hear",
        "thee."
      ],
      "header": "",
      "footer": ""
    }
  ]
}