{
  "book_name": "Isaiah",
  "chapter": 1,
  "verses": [
    {
      "book_name": "Isaiah",
      "chapter": 1,
      "verse": 1,
      "text": [
        "The",
        "vision",
        "of",
        "Isaiah",
        "the",
        "son",
        "of",
        "Amoz,",
        "which",
        "he",
        "saw",
        "concerning",
        "Judah",
        "and",
        "Jerusalem",
        "in",
        "the",
        "days",
        "of",
        "Uzziah,",
        "Jotham,",
        "Ahaz,",
        "*and",
        "Hezekiah,",
        "kings",
        "of",
        "Judah."
      ],
      "header": "",
      "footer": ""
    },
    {
      "book_name": "Isaiah",
      "chapter": 1,
      "verse": 2,
      "text": [
        "Hear,",
        "O",
        "heavens,",
        "and",
        "give",
        "ear,",
        "O",
        "earth:",
        "for",
        "the",
        "Lᴏʀᴅ",
        "hath",
        "spoken,",
        "I",
        "have",
        "nourished",
        "and",
        "brought",
        "up",
        "children,",
        "and",
        "they",
        "have",
        "rebelled",
        "against",
        "me."
      ],
      "header": "",
      "footer": ""
    },
    {
      "book_name": "Isaiah",
      "chapter": 1,
      "verse": 3,
      "text": [
        "The",
        "ox",
        "knoweth",
        "his",
        "owner,",
        "and",
        "the",
        "ass",
        "his",
        "master's",
        "crib:",
        "*but",
        "Israel",
        "doth",
        "not",
        "know,",
        "my",
        "people",
        "doth",
        "not",
        "consider."
      ],
      "header": "",
      "footer": ""
    },
    {
      "book_name": "Isaiah",
      "chapter": 1,
      "verse": 4,
      "text": [
        "Ah",
        "sinful",
        "nation,",
        "a",
        "people",
        "laden",
        "with",
        "iniquity,",
        "a",
        "seed",
        "of",
        "evildoers,",
        "children",
        "that",
        "are",
        "corrupters:",
        "they",
        "have",
        "forsaken",
        "the",
        "Lᴏʀᴅ,",
        "they",
        "have",
        "provoked",
        "the",
        "Holy",
        "One",
        "of",
        "Israel",
        "unto",
        "anger,",
        "they",
        "are",
        "gone",
        "away",
        "backward."
      ],
      "header": "",
      "footer": ""
    },
    {
      "book_name": "Isaiah",
      "chapter": 1,
      "verse": 5,
      "text": [
        "¶",
        "Why",
        "should",
        "ye",
        "be",
        "stricken",
        "any",
        "more?",
        "ye",
        "will",
        "revolt",
        "more",
        "and",
        "more:",
        "the",
        "whole",
        "head",
        "is",
        "sick,",
        "and",
        "the",
        "whole",
        "heart",
        "faint."
      ],
      "header": "",
      "footer": ""
    },
    {
      "book_name": "Isaiah",
      "chapter": 1,
      "verse": 6,
      "text": [
        "From",
        "the",
        "sole",
        "of",
        "the",
        "foot",
        "even",
        "unto",
        "the",
        "head",
        "*there",
        "*is",
        "no",
        "soundness",
        "in",
        "it;",
        "*but",
        "wounds,",
        "and",
        "bruises,",
        "and",
        "putrifying",
        "sores:",
        "they",
        "have",
        "not",
        "been",
        "closed,",
        "neither",
        "bound",
        "up,",
        "neither",
        "mollified",
        "with",
        "ointment."
      ],
      "header": "",
      "footer": ""
    },
    {
      "book_name": "Isaiah",
      "chapter": 1,
      "verse": 7,
      "text": [
        "Your",
        "country",
        "*is",
        "desolate,",
        "your",
        "cities",
        "*are",
        "burned",
        "with",
        "fire:",
        "your",
        "land,",
        "strangers",
        "devour",
        "it",
        "in",
        "your",
        "presence,",
        "and",
        "*it",
        "*is",
        "desolate,",
        "as",
        "overthrown",
        "by",
        "strangers."
      ],
      "header": "",
      "footer": ""
    },
    {
      "book_name": "Isaiah",
      "chapter": 1,
      "verse": 8,
      "text": [
        "And",
        "the",
        "daughter",
        "of",
        "Zion",
        "is",
        "left",
        "as",
        "a",
        "cottage",
        "in",
        "a",
        "vineyard,",
        "as",
        "a",
        "lodge",
        "in",
        "a",
        "garden",
        "of",
        "cucumbers,",
        "as",
        "a",
        "besieged",
        "city."
      ],
      "header": "",
      "footer": ""
    },
    {
      "book_name": "Isaiah",
      "chapter": 1,
      "verse": 9,
      "text": [
        "Except",
        "the",
        "Lᴏʀᴅ",
        "of",
        "hosts",
        "had",
        "left",
        "unto",
        "us",
        "a",
        "very",
        "small",
        "remnant,",
        "we",
        "should",
        "have",
        "been",
        "as",
        "Sodom,",
        "*and",
        "we",
        "should",
        "have",
        "been",
        "like",
        "unto",
        "Gomorrah."
      ],
      "header": "",
      "footer": ""
    },
    {
      "book_name": "Isaiah",
      "chapter": 1,
      "verse": 10,
      "text": [
        "¶",
        "Hear",
        "the",
        "word",
        "of",
        "the",
        "Lᴏʀᴅ,",
        "ye",
        "rulers",
        "of",
        "Sodom;",
        "give",
        "ear",
        "unto",
        "the",
        "law",
        "of",
        "our",
        "God,",
        "ye",
        "people",
        "of",
        "Gomorrah."
      ],
      "header": "",
      "footer": ""
    },
    {
      "book_name": "Isaiah",
      "chapter": 1,
      "verse": 11,
      "text": [
        "To",
        "what",
        "purpose",
        "*is",
        "the",
        "multitude",
        "of",
        "your",
        "sacrifices",
        "unto",
        "me?",
        "saith",
        "the",
        "Lᴏʀᴅ:",
        "I",
        "am",
        "full",
        "of",
        "the",
        "burnt",
        "offerings",
        "of",
        "rams,",
        "and",
        "the",
        "fat",
        "of",
        "fed",
        "beasts;",
        "and",
        "I",
        "delight",
        "not",
        "in",
        "the",
        "blood",
        "of",
        "bullocks,",
        "or",
        "of",
        "lambs,",
        "or",
        "of",
        "he",
        "goats."
      ],
      "header": "",
      "footer": ""
    },
    {
      "book_name": "Isaiah",
      "chapter": 1,
      "verse": 12,
      "text": [
        "When",
        "ye",
        "come",
        "to",
        "appear",
        "before",
        "me,",
        "who",
        "hath",
        "required",
        "this",
        "at",
        "your",
        "hand,",
        "to",
        "tread",
        "my",
        "courts?"
      ],
      "header": "",
      "footer": ""
    },
    {
      "book_name": "Isaiah",
      "chapter": 1,
      "verse": 13,
      "text": [
        "Bring",
        "no",
        "more",
        "vain",
        "oblations;",
        "incense",
        "is",
        "an",
        "abomination",
        "unto",
        "me;",
        "the",
        "new",
        "moons",
        "and",
        "sabbaths,",
        "the",
        "calling",
        "of",
        "assemblies,",
        "I",
        "cannot",
        "away",
        "with;",
        "*it",
        "*is",
        "iniquity,",
        "even",
        "the",
        "solemn",
        "meeting."
      ],
      "header": "",
      "footer": ""
    },
    {
      "book_name": "Isaiah",
      "chapter": 1,
      "verse": 14,
      "text": [
        "Your",
        "new",
        "moons",
        "and",
        "your",
        "appointed",
        "feasts",
        "my",
        "soul",
        "hateth:",
        "they",
        "are",
        "a",
        "trouble",
        "unto",
        "me;",
        "I",
        "am",
        "weary",
        "to",
        "bear",
        "*them."
      ],
      "header": "",
      "footer": ""
    },
    {
      "book_name": "Isaiah",
      "chapter": 1,
      "verse": 15,
      "text": [
        "And",
        "when",
        "ye",
        "spread",
        "forth",
        "your",
        "hands,",
        "I",
        "will",
        "hide",
        "mine",
        "eyes",
        "from",
        "you:",
        "yea,",
        "when",
        "ye",
        "make",
        "many",
        "prayers,",
        "I",
        "will",
        "not",
        "hear:",
        "your",
        "hands",
        "are",
        "full",
        "of",
        "blood."
      ],
      "header": "",
      "footer": ""
    },
    {
      "book_name": "Isaiah",
      "chapter": 1,
      "verse": 16,
      "text": [
        "¶",
        "Wash",
        "you,",
        "make",
        "you",
        "clean;",
        "put",
        "away",
        "the",
        "evil",
        "of",
        "your",
        "doings",
        "from",
        "before",
        "mine",
        "eyes;",
        "cease",
        "to",
        "do",
        "evil;"
      ],
      "header": "",
      "footer": ""
    },
    {
      "book_name": "Isaiah",
      "chapter": 1,
      "verse": 17,
      "text": [
        "Learn",
        "to",
        "do",
        "well;",
        "seek",
        "judgment,",
        "relieve",
        "the",
        "oppressed,",
        "judge",
        "the",
        "fatherless,",
        "plead",
        "for",
        "the",
        "widow."
      ],
      "header": "",
      "footer": ""
    },
    {
      "book_name": "Isaiah",
      "chapter": 1,
      "verse": 18,
      "text": [
        "Come",
        "now,",
        "and",
        "let",
        "us",
        "reason",
        "together,",
        "saith",
        "the",
        "Lᴏʀᴅ:",
        "though",
        "your",
        "sins",
        "be",
        "as",
        "scarlet,",
        "they",
        "shall",
        "be",
        "as",
        "white",
        "as",
        "snow;",
        "though",
        "they",
        "be",
        "red",
        "like",
        "crimson,",
        "they",
        "shall",
        "be",
        "as",
        "wool."
      ],
      "header": "",
      "footer": ""
    },
    {
      "book_name": "Isaiah",
      "chapter": 1,
      "verse": 19,
      "text": [
        "If",
        "ye",
        "be",
        "willing",
        "and",
        "obedient,",
        "ye",
        "shall",
        "eat",
        "the",
        "good",
        "of",
        "the",
        "land:"
      ],
      "header": "",
      "footer": ""
    },
    {
      "book_name": "Isaiah",
      "chapter": 1,
      "verse": 20,
      "text": [
        "But",
        "if",
        "ye",
        "refuse",
        "and",
        "rebel,",
        "ye",
        "shall",
        "be",
        "devoured",
        "with",
        "the",
        "sword:",
        "for",
        "the",
        "mouth",
        "of",
        "the",
        "Lᴏʀᴅ",
        "hath",
        "spoken",
        "*it."
      ],
      "header": "",
      "footer": ""
    },
    {
      "book_name": "Isaiah",
      "chapter": 1,
      "verse": 21,
      "text": [
        "¶",
        "How",
        "is",
        "the",
        "faithful",
        "city",
        "become",
        "an",
        "harlot!",
        "it",
        "was",
        "full",
        "of",
        "judgment;",
        "righteousness",
        "lodged",
        "in",
        "it;",
        "but",
        "now",
        "murderers."
      ],
      "header": "",
      "footer": ""
    },
    {
      "book_name": "Isaiah",
      "chapter": 1,
      "verse": 22,
      "text": [
        "Thy",
        "silver",
        "is",
        "become",
        "dross,",
        "thy",
        "wine",
        "mixed",
        "with",
        "water:"
      ],
      "header": "",
      "footer": ""
    },
    {
      "book_name": "Isaiah",
      "chapter": 1,
      "verse": 23,
      "text": [
        "Thy",
        "princes",
        "*are",
        "rebellious,",
        "and",
        "companions",
        "of",
        "thieves:",
        "every",
        "one",
        "loveth",
        "gifts,",
        "and",
        "followeth",
        "after",
        "rewards:",
        "they",
        "judge",
        "not",
        "the",
        "fatherless,",
        "neither",
        "doth",
        "the",
        "cause",
        "of",
        "the",
        "widow",
        "come",
        "unto",
        "them."
      ],
      "header": "",
      "footer": ""
    },
    {
      "book_name": "Isaiah",
      "chapter": 1,
      "verse": 24,
      "text": [
        "Therefore",
        "saith",
        "the",
        "Lord,",
        "the",
        "Lᴏʀᴅ",
        "of",
        "hosts,",
        "the",
        "mighty",
        "One",
        "of",
        "Israel,",
        "Ah,",
        "I",
        "will",
        "ease",
        "me",
        "of",
        "mine",
        "adversaries,",
        "and",
        "avenge",
        "me",
        "of",
        "mine",
        "enemies:"
      ],
      "header": "",
      "footer": ""
    },
    {
      "book_name": "Isaiah",
      "chapter": 1,
      "verse": 25,
      "text": [
        "¶",
        "And",
        "I",
        "will",
        "turn",
        "my",
        "hand",
        "upon",
        "thee,",
        "and",
        "purely",
        "purge",
        "away",
        "thy",
        "dross,",
        "and",
        "take",
        "away",
        "all",
        "thy",
        "tin:"
      ],
      "header": "",
      "footer": ""
    },
    {
      "book_name": "Isaiah",
      "chapter": 1,
      "verse": 26,
      "text": [
        "And",
        "I",
        "will",
        "restore",
        "thy",
        "judges",
        "as",
        "at",
        "the",
        "first,",
        "and",
        "thy",
        "counsellers",
        "as",
        "at",
        "the",
        "beginning:",
        "afterward",
        "thou",
        "shalt",
        "be",
        "called,",
        "The",
        "city",
        "of",
        "righteousness,",
        "the",
        "faithful",
        "city."
      ],
      "header": "",
      "footer": ""
    },
    {
      "book_name": "Isaiah",
      "chapter": 1,
      "verse": 27,
      "text": [
        "Zion",
        "shall",
        "be",
        "redeemed",
        "with",
        "judgment,",
        "and",
        "her",
        "converts",
        "with",
        "righteousness."
      ],
      "header": "",
      "footer": ""
    },
    {
      "book_name": "Isaiah",
      "chapter": 1,
      "verse": 28,
      "text": [
        "¶",
        "And",
        "the",
        "destruction",
        "of",
        "the",
        "transgressors",
        "and",
        "of",
        "the",
        "sinners",
        "*shall",
        "*be",
        "together,",
        "and",
        "they",
        "that",
        "forsake",
        "the",
        "Lᴏʀᴅ",
        "shall",
        "be",
        "consumed."
      ],
      "header": "",
      "footer": ""
    },
    {
      "book_name": "Isaiah",
      "chapter": 1,
      "verse": 29,
      "text": [
        "For",
        "they",
        "shall",
        "be",
        "ashamed",
        "of",
        "the",
        "oaks",
        "which",
        "ye",
        "have",
        "desired,",
        "and",
        "ye",
        "shall",
        "be",
        "confounded",
        "for",
        "the",
        "gardens",
        "that",
        "ye",
        "have",
        "chosen."
      ],
      "header": "",
      "footer": ""
    },
    {
      "book_name": "Isaiah",
      "chapter": 1,
      "verse": 30,
      "text": [
        "For",
        "ye",
        "shall",
        "be",
        "as",
        "an",
        "oak",
        "whose",
        "leaf",
        "fadeth,",
        "and",
        "as",
        "a",
        "garden",
        "that",
        "hath",
        "no",
        "water."
      ],
      "header": "",
      "footer": ""
    },
    {
      "book_name": "Isaiah",
      "chapter": 1,
      "verse": 31,
      "text": [
        "And",
        "the",
        "strong",
        "shall",
        "be",
        "as",
        "tow,",
        "and",
        "the",
        "maker",
        "of",
        "it",
        "as",
        "a",
        "spark,",
        "and",
        "they",
        "shall",
        "both",
        "burn",
        "together,",
        "and",
        "none",
        "shall",
        "quench",
        "*them."
      ],
      "header": "",
      "footer": ""
    }
  ]
}