{
  "book_name": "Isaiah",
  "chapter": 11,
  "verses": [
    {
      "book_name": "Isaiah",
      "chapter": 11,
      "verse": 1,
      "text": [
        "And",
        "there",
        "shall",
        "come",
        "forth",
        "a",
        "rod",
        "out",
        "of",
        "the",
        "stem",
        "of",
        "Jesse,",
        "and",
        "a",
        "Branch",
        "shall",
        "grow",
        "out",
        "of",
        "his",
        "roots:"
      ],
      "header": "",
      "footer": ""
    },
    {
      "book_name": "Isaiah",
      "chapter": 11,
      "verse": 2,
      "text": [
        "And",
        "the",
        "spirit",
        "of",
        "the",
        "Lᴏʀᴅ",
        "shall",
        "rest",
        "upon",
        "him,",
        "the",
        "spirit",
        "of",
        "wisdom",
        "and",
        "understanding,",
        "the",
        "spirit",
        "of",
        "counsel",
        "and",
        "might,",
        "the",
        "spirit",
        "of",
        "knowledge",
        "and",
        "of",
        "the",
        "fear",
        "of",
        "the",
        "Lᴏʀᴅ;"
      ],
      "header": "",
      "footer": ""
    },
    {
      "book_name": "Isaiah",
      "chapter": 11,
      "verse": 3,
      "text": [
        "And",
        "shall",
        "make",
        "him",
        "of",
        "quick",
        "understanding",
        "in",
        "the",
        "fear",
        "of",
        "the",
        "Lᴏʀᴅ:",
        "and",
        "he",
        "shall",
        "not",
        "judge",
        "after",
        "the",
        "sight",
        "of",
        "his",
        "eyes,",
        "neither",
        "reprove",
        "after",
        "the",
        "hearing",
        "of",
        "his",
        "ears:"
      ],
      "header": "",
      "footer": ""
    },
    {
      "book_name": "Isaiah",
      "chapter": 11,
      "verse": 4,
      "text": [
        "But",
        "with",
        "righteousness",
        "shall",
        "he",
        "judge",
        "the",
        "poor,",
        "and",
        "reprove",
        "with",
        "equity",
        "for",
        "the",
        "meek",
        "of",
        "the",
        "earth:",
        "and",
        "he",
        "shall",
        "smite",
        "the",
        "earth",
        "with",
        "the",
        "rod",
        "of",
        "his",
        "mouth,",
        "and",
        "with",
        "the",
        "breath",
        "of",
        "his",
        "lips",
        "shall",
        "he",
        "slay",
        "the",
        "wicked."
      ],
      "header": "",
      "footer": ""
    },
    {
      "book_name": "Isaiah",
      "chapter": 11,
      "verse": 5,
      "text": [
        "And",
        "righteousness",
        "shall",
        "be",
        "the",
        "girdle",
        "of",
        "his",
        "loins,",
        "and",
        "faithfulness",
        "the",
        "girdle",
        "of",
        "his",
        "reins."
      ],
      "header": "",
      "footer": ""
    },
    {
      "book_name": "Isaiah",
      "chapter": 11,
      "verse": 6,
      "text": [
        "The",
        "wolf",
        "also",
        "shall",
        "dwell",
        "with",
        "the",
        "lamb,",
        "and",
        "the",
        "leopard",
        "shall",
        "lie",
        "down",
        "with",
        "the",
        "kid;",
        "and",
        "the",
        "calf",
        "and",
        "the",
        "young",
        "lion",
        "and",
        "the",
        "fatling",
        "together;",
        "and",
        "a",
        "little",
        "child",
        "shall",
        "lead",
        "them."
      ],
      "header": "",
      "footer": ""
    },
    {
      "book_name": "Isaiah",
      "chapter": 11,
      "verse": 7,
      "text": [
        "And",
        "the",
        "cow",
        "and",
        "the",
        "bear",
        "shall",
        "feed;",
        "their",
        "young",
        "ones",
        "shall",
        "lie",
        "down",
        "together:",
        "and",
        "the",
        "lion",
        "shall",
        "eat",
        "straw",
        "like",
        "the",
        "ox."
      ],
      "header": "",
      "footer": ""
    },
    {
      "book_name": "Isaiah",
      "chapter": 11,
      "verse": 8,
      "text": [
        "And",
        "the",
        "sucking",
        "child",
        "shall",
        "play",
        "on",
        "the",
        "hole",
        "of",
        "the",
        "asp,",
        "and",
        "the",
        "weaned",
        "child",
        "shall",
        "put",
        "his",
        "hand",
        "on",
        "the",
        "cockatrice'",
        "den."
      ],
      "header": "",
      "footer": ""
    },
    {
      "book_name": "Isaiah",
      "chapter": 11,
      "verse": 9,
      "text": [
        "They",
        "shall",
        "not",
        "hurt",
        "nor",
        "destroy",
        "in",
        "all",
        "my",
        "holy",
        "mountain:",
        "for",
        "the",
        "earth",
        "shall",
        "be",
        "full",
        "of",
        "the",
        "knowledge",
        "of",
        "the",
        "Lᴏʀᴅ,",
        "as",
        "the",
        "waters",
        "cover",
        "the",
        "sea."
      ],
      "header": "",
      "footer": ""
    },
    {
      "book_name": "Isaiah",
      "chapter": 11,
      "verse": 10,
      "text": [
        "¶",
        "And",
        "in",
        "that",
        "day",
        "there",
        "shall",
        "be",
        "a",
        "root",
        "of",
        "Jesse,",
        "which",
        "shall",
        "stand",
        "for",
        "an",
        "ensign",
        "of",
        "the",
        "people;",
        "to",
        "it",
        "shall",
        "the",
        "Gentiles",
        "seek:",
        "and",
        "his",
        "rest",
        "shall",
        "be",
        "glorious."
      ],
      "header": "",
      "footer": ""
    },
    {
      "book_name": "Isaiah",
      "chapter": 11,
      "verse": 11,
      "text": [
        "And",
        "it",
        "shall",
        "come",
        "to",
        "pass",
        "in",
        "that",
        "day,",
        "*that",
        "the",
        "Lord",
        "shall",
        "set",
        "his",
        "hand",
        "again",
        "the",
        "second",
        "time",
        "to",
        "recover",
        "the",
        "remnant",
        "of",
        "his",
        "people,",
        "which",
        "shall",
        "be",
        "left,",
        "from",
        "Assyria,",
        "and",
        "from",
        "Egypt,",
        "and",
        "from",
        "Pathros,",
        "and",
        "from",
        "Cush,",
        "and",
        "from",
        "Elam,",
        "and",
        "from",
        "Shinar,",
        "and",
        "from",
        "Hamath,",
        "and",
        "from",
        "the",
        "islands",
        "of",
        "the",
        "sea."
      ],
      "header": "",
      "footer": ""
    },
    {
      "book_name": "Isaiah",
      "chapter": 11,
      "verse": 12,
      "text": [
        "And",
        "he",
        "shall",
        "set",
        "up",
        "an",
        "ensign",
        "for",
        "the",
        "nations,",
        "and",
        "shall",
        "assemble",
        "the",
        "outcasts",
        "of",
        "Israel,",
        "and",
        "gather",
        "together",
        "the",
        "dispersed",
        "of",
        "Judah",
        "from",
        "the",
        "four",
        "corners",
        "of",
        "the",
        "earth."
      ],
      "header": "",
      "footer": ""
    },
    {
      "book_name": "Isaiah",
      "chapter": 11,
      "verse": 13,
      "text": [
        "The",
        "envy",
        "also",
        "of",
        "Ephraim",
        "shall",
        "depart,",
        "and",
        "the",
        "adversaries",
        "of",
        "Judah",
        "shall",
        "be",
        "cut",
        "off:",
        "Ephraim",
        "shall",
        "not",
        "envy",
        "Judah,",
        "and",
        "Judah",
        "shall",
        "not",
        "vex",
        "Ephraim."
      ],
      "header": "",
      "footer": ""
    },
    {
      "book_name": "Isaiah",
      "chapter": 11,
      "verse": 14,
      "text": [
        "But",
        "they",
        "shall",
        "fly",
        "upon",
        "the",
        "shoulders",
        "of",
        "the",
        "Philistines",
        "toward",
        "the",
        "west;",
        "they",
        "shall",
        "spoil",
        "them",
        "of",
        "the",
        "east",
        "together:",
        "they",
        "shall",
        "lay",
        "their",
        "hand",
        "upon",
        "Edom",
        "and",
        "Moab;",
        "and",
        "the",
        "children",
        "of",
        "Ammon",
        "shall",
        "obey",
        "them."
      ],
      "header": "",
      "footer": ""
    },
    {
      "book_name": "Isaiah",
      "chapter": 11,
      "verse": 15,
      "text": [
        "And",
        "the",
        "Lᴏʀᴅ",
        "shall",
        "utterly",
        "destroy",
        "the",
        "tongue",
        "of",
        "the",
        "Egyptian",
        "sea;",
        "and",
        "with",
        "his",
        "mighty",
        "wind",
        "shall",
        "he",
        "shake",
        "his",
        "hand",
        "over",
        "the",
        "river,",
        "and",
        "shall",
        "smite",
        "it",
        "in",
        "the",
        "seven",
        "streams,",
        "and",
        "make",
        "*men",
        "go",
        "over",
        "dryshod."
      ],
      "header": "",
      "footer": ""
    },
    {
      "book_name": "Isaiah",
      "chapter": 11,
      "verse": 16,
      "text": [
        "And",
        "there",
        "shall",
        "be",
        "an",
        "highway",
        "for",
        "the",
        "remnant",
        "of",
        "his",
        "people,",
        "which",
        "shall",
        "be",
        "left,",
        "from",
        "Assyria;",
        "like",
        "as",
        "it",
        "was",
        "to",
        "Israel",
        "in",
        "the",
        "day",
        "that",
        "he",
        "came",
        "up",
        "out",
        "of",
        "the",
        "land",
        "of",
        "Egypt."
      ],
      "header": "",
      "footer": ""
    }
  ]
}