{
  "book_name": "Isaiah",
  "chapter": 19,
  "verses": [
    {
      "book_name": "Isaiah",
      "chapter": 19,
      "verse": 1,
      "text": [
        "The",
        "burden",
        "of",
        "Egypt.",
        "Behold,",
        "the",
        "Lᴏʀᴅ",
        "rideth",
        "upon",
        "a",
        "swift",
        "cloud,",
        "and",
        "shall",
        "come",
        "into",
        "Egypt:",
        "and",
        "the",
        "idols",
        "of",
        "Egypt",
        "shall",
        "be",
        "moved",
        "at",
        "his",
        "presence,",
        "and",
        "the",
        "heart",
        "of",
        "Egypt",
        "shall",
        "melt",
        "in",
        "the",
        "midst",
        "of",
        "it."
      ],
      "header": "",
      "footer": ""
    },
    {
      "book_name": "Isaiah",
      "chapter": 19,
      "verse": 2,
      "text": [
        "And",
        "I",
        "will",
        "set",
        "the",
        "Egyptians",
        "against",
        "the",
        "Egyptians:",
        "and",
        "they",
        "shall",
        "fight",
        "every",
        "one",
        "against",
        "his",
        "brother,",
        "and",
        "every",
        "one",
        "against",
        "his",
        "neighbour;",
        "city",
        "against",
        "city,",
        "*and",
        "kingdom",
        "against",
        "kingdom."
      ],
      "header": "",
      "footer": ""
    },
    {
      "book_name": "Isaiah",
      "chapter": 19,
      "verse": 3,
      "text": [
        "And",
        "the",
        "spirit",
        "of",
        "Egypt",
        "shall",
        "fail",
        "in",
        "the",
        "midst",
        "thereof;",
        "and",
        "I",
        "will",
        "destroy",
        "the",
        "counsel",
        "thereof:",
        "and",
        "they",
        "shall",
        "seek",
        "to",
        "the",
        "idols,",
        "and",
        "to",
        "the",
        "charmers,",
        "and",
        "to",
        "them",
        "that",
        "have",
        "familiar",
        "spirits,",
        "and",
        "to",
        "the",
        "wizards."
      ],
      "header": "",
      "footer": ""
    },
    {
      "book_name": "Isaiah",
      "chapter": 19,
      "verse": 4,
      "text": [
        "And",
        "the",
        "Egyptians",
        "will",
        "I",
        "give",
        "over",
        "into",
        "the",
        "hand",
        "of",
        "a",
        "cruel",
        "lord;",
        "and",
        "a",
        "fierce",
        "king",
        "shall",
        "rule",
        "over",
        "them,",
        "saith",
        "the",
        "Lord,",
        "the",
        "Lᴏʀᴅ",
        "of",
        "hosts."
      ],
      "header": "",
      "footer": ""
    },
    {
      "book_name": "Isaiah",
      "chapter": 19,
      "verse": 5,
      "text": [
        "And",
        "the",
        "waters",
        "shall",
        "fail",
        "from",
        "the",
        "sea,",
        "and",
        "the",
        "river",
        "shall",
        "be",
        "wasted",
        "and",
        "dried",
        "up."
      ],
      "header": "",
      "footer": ""
    },
    {
      "book_name": "Isaiah",
      "chapter": 19,
      "verse": 6,
      "text": [
        "And",
        "they",
        "shall",
        "turn",
        "the",
        "rivers",
        "far",
        "away;",
        "*and",
        "the",
        "brooks",
        "of",
        "defence",
        "shall",
        "be",
        "emptied",
        "and",
        "dried",
        "up:",
        "the",
        "reeds",
        "and",
        "flags",
        "shall",
        "wither."
      ],
      "header": "",
      "footer": ""
    },
    {
      "book_name": "Isaiah",
      "chapter": 19,
      "verse": 7,
      "text": [
        "The",
        "paper",
        "reeds",
        "by",
        "the",
        "brooks,",
        "by",
        "the",
        "mouth",
        "of",
        "the",
        "brooks,",
        "and",
        "every",
        "thing",
        "sown",
        "by",
        "the",
        "brooks,",
        "shall",
        "wither,",
        "be",
        "driven",
        "away,",
        "and",
        "be",
        "no",
        "*more."
      ],
      "header": "",
      "footer": ""
    },
    {
      "book_name": "Isaiah",
      "chapter": 19,
      "verse": 8,
      "text": [
        "The",
        "fishers",
        "also",
        "shall",
        "mourn,",
        "and",
        "all",
        "they",
        "that",
        "cast",
        "angle",
        "into",
        "the",
        "brooks",
        "shall",
        "lament,",
        "and",
        "they",
        "that",
        "spread",
        "nets",
        "upon",
        "the",
        "waters",
        "shall",
        "languish."
      ],
      "header": "",
      "footer": ""
    },
    {
      "book_name": "Isaiah",
      "chapter": 19,
      "verse": 9,
      "text": [
        "Moreover",
        "they",
        "that",
        "work",
        "in",
        "fine",
        "flax,",
        "and",
        "they",
        "that",
        "weave",
        "networks,",
        "shall",
        "be",
        "confounded."
      ],
      "header": "",
      "footer": ""
    },
    {
      "book_name": "Isaiah",
      "chapter": 19,
      "verse": 10,
      "text": [
        "And",
        "they",
        "shall",
        "be",
        "broken",
        "in",
        "the",
        "purposes",
        "thereof,",
        "all",
        "that",
        "make",
        "sluices",
        "*and",
        "ponds",
        "for",
        "fish."
      ],
      "header": "",
      "footer": ""
    },
    {
      "book_name": "Isaiah",
      "chapter": 19,
      "verse": 11,
      "text": [
        "¶",
        "Surely",
        "the",
        "princes",
        "of",
        "Zoan",
        "*are",
        "fools,",
        "the",
        "counsel",
        "of",
        "the",
        "wise",
        "counsellers",
        "of",
        "Pharaoh",
        "is",
        "become",
        "brutish:",
        "how",
        "say",
        "ye",
        "unto",
        "Pharaoh,",
        "I",
        "*am",
        "the",
        "son",
        "of",
        "the",
        "wise,",
        "the",
        "son",
        "of",
        "ancient",
        "kings?"
      ],
      "header": "",
      "footer": ""
    },
    {
      "book_name": "Isaiah",
      "chapter": 19,
      "verse": 12,
      "text": [
        "Where",
        "*are",
        "they?",
        "where",
        "*are",
        "thy",
        "wise",
        "*men?",
        "and",
        "let",
        "them",
        "tell",
        "thee",
        "now,",
        "and",
        "let",
        "them",
        "know",
        "what",
        "the",
        "Lᴏʀᴅ",
        "of",
        "hosts",
        "hath",
        "purposed",
        "upon",
        "Egypt."
      ],
      "header": "",
      "footer": ""
    },
    {
      "book_name": "Isaiah",
      "chapter": 19,
      "verse": 13,
      "text": [
        "The",
        "princes",
        "of",
        "Zoan",
        "are",
        "become",
        "fools,",
        "the",
        "princes",
        "of",
        "Noph",
        "are",
        "deceived;",
        "they",
        "have",
        "also",
        "seduced",
        "Egypt,",
        "*even",
        "*they",
        "*that",
        "*are",
        "the",
        "stay",
        "of",
        "the",
        "tribes",
        "thereof."
      ],
      "header": "",
      "footer": ""
    },
    {
      "book_name": "Isaiah",
      "chapter": 19,
      "verse": 14,
      "text": [
        "The",
        "Lᴏʀᴅ",
        "hath",
        "mingled",
        "a",
        "perverse",
        "spirit",
        "in",
        "the",
        "midst",
        "thereof:",
        "and",
        "they",
        "have",
        "caused",
        "Egypt",
        "to",
        "err",
        "in",
        "every",
        "work",
        "thereof,",
        "as",
        "a",
        "drunken",
        "*man",
        "staggereth",
        "in",
        "his",
        "vomit."
      ],
      "header": "",
      "footer": ""
    },
    {
      "book_name": "Isaiah",
      "chapter": 19,
      "verse": 15,
      "text": [
        "Neither",
        "shall",
        "there",
        "be",
        "*any",
        "work",
        "for",
        "Egypt,",
        "which",
        "the",
        "head",
        "or",
        "tail,",
        "branch",
        "or",
        "rush,",
        "may",
        "do."
      ],
      "header": "",
      "footer": ""
    },
    {
      "book_name": "Isaiah",
      "chapter": 19,
      "verse": 16,
      "text": [
        "In",
        "that",
        "day",
        "shall",
        "Egypt",
        "be",
        "like",
        "unto",
        "women:",
        "and",
        "it",
        "shall",
        "be",
        "afraid",
        "and",
        "fear",
        "because",
        "of",
        "the",
        "shaking",
        "of",
        "the",
        "hand",
        "of",
        "the",
        "Lᴏʀᴅ",
        "of",
        "hosts,",
        "which",
        "he",
        "shaketh",
        "over",
        "it."
      ],
      "header": "",
      "footer": ""
    },
    {
      "book_name": "Isaiah",
      "chapter": 19,
      "verse": 17,
      "text": [
        "And",
        "the",
        "land",
        "of",
        "Judah",
        "shall",
        "be",
        "a",
        "terror",
        "unto",
        "Egypt,",
        "every",
        "one",
        "that",
        "maketh",
        "mention",
        "thereof",
        "shall",
        "be",
        "afraid",
        "in",
        "himself,",
        "because",
        "of",
        "the",
        "counsel",
        "of",
        "the",
        "Lᴏʀᴅ",
        "of",
        "hosts,",
        "which",
        "he",
        "hath",
        "determined",
        "against",
        "it."
      ],
      "header": "",
      "footer": ""
    },
    {
      "book_name": "Isaiah",
      "chapter": 19,
      "verse": 18,
      "text": [
        "¶",
        "In",
        "that",
        "day",
        "shall",
        "five",
        "cities",
        "in",
        "the",
        "land",
        "of",
        "Egypt",
        "speak",
        "the",
        "language",
        "of",
        "Canaan,",
        "and",
        "swear",
        "to",
        "the",
        "Lᴏʀᴅ",
        "of",
        "hosts;",
        "one",
        "shall",
        "be",
        "called,",
        "The",
        "city",
        "of",
        "destruction."
      ],
      "header": "",
      "footer": ""
    },
    {
      "book_name": "Isaiah",
      "chapter": 19,
      "verse": 19,
      "text": [
        "In",
        "that",
        "day",
        "shall",
        "there",
        "be",
        "an",
        "altar",
        "to",
        "the",
        "Lᴏʀᴅ",
        "in",
        "the",
        "midst",
        "of",
        "the",
        "land",
        "of",
        "Egypt,",
        "and",
        "a",
        "pillar",
        "at",
        "the",
        "border",
        "thereof",
        "to",
        "the",
        "Lᴏʀᴅ."
      ],
      "header": "",
      "footer": ""
    },
    {
      "book_name": "Isaiah",
      "chapter": 19,
      "verse": 20,
      "text": [
        "And",
        "it",
        "shall",
        "be",
        "for",
        "a",
        "sign",
        "and",
        "for",
        "a",
        "witness",
        "unto",
        "the",
        "Lᴏʀᴅ",
        "of",
        "hosts",
        "in",
        "the",
        "land",
        "of",
        "Egypt:",
        "for",
        "they",
        "shall",
        "cry",
        "unto",
        "the",
        "Lᴏʀᴅ",
        "because",
        "of",
        "the",
        "oppressors,",
        "and",
        "he",
        "shall",
        "send",
        "them",
        "a",
        "saviour,",
        "and",
        "a",
        "great",
        "one,",
        "and",
        "he",
        "shall",
        "deliver",
        "them."
      ],
      "header": "",
      "footer": ""
    },
    {
      "book_name": "Isaiah",
      "chapter": 19,
      "verse": 21,
      "text": [
        "And",
        "the",
        "Lᴏʀᴅ",
        "shall",
        "be",
        "known",
        "to",
        "Egypt,",
        "and",
        "the",
        "Egyptians",
        "shall",
        "know",
        "the",
        "Lᴏʀᴅ",
        "in",
        "that",
        "day,",
        "and",
        "shall",
        "do",
        "sacrifice",
        "and",
        "oblation;",
        "yea,",
        "they",
        "shall",
        "vow",
        "a",
        "vow",
        "unto",
        "the",
        "Lᴏʀᴅ,",
        "and",
        "perform",
        "*it."
      ],
      "header": "",
      "footer": ""
    },
    {
      "book_name": "Isaiah",
      "chapter": 19,
      "verse": 22,
      "text": [
        "And",
        "the",
        "Lᴏʀᴅ",
        "shall",
        "smite",
        "Egypt:",
        "he",
        "shall",
        "smite",
        "and",
        "heal",
        "*it:",
        "and",
        "they",
        "shall",
        "return",
        "*even",
        "to",
        "the",
        "Lᴏʀᴅ,",
        "and",
        "he",
        "shall",
        "be",
        "intreated",
        "of",
        "them,",
        "and",
        "shall",
        "heal",
        "them."
      ],
      "header": "",
      "footer": ""
    },
    {
      "book_name": "Isaiah",
      "chapter": 19,
      "verse": 23,
      "text": [
        "¶",
        "In",
        "that",
        "day",
        "shall",
        "there",
        "be",
        "a",
        "highway",
        "out",
        "of",
        "Egypt",
        "to",
        "Assyria,",
        "and",
        "the",
        "Assyrian",
        "shall",
        "come",
        "into",
        "Egypt,",
        "and",
        "the",
        "Egyptian",
        "into",
        "Assyria,",
        "and",
        "the",
        "Egyptians",
        "shall",
        "serve",
        "with",
        "the",
        "Assyrians."
      ],
      "header": "",
      "footer": ""
    },
    {
      "book_name": "Isaiah",
      "chapter": 19,
      "verse": 24,
      "text": [
        "In",
        "that",
        "day",
        "shall",
        "Israel",
        "be",
        "the",
        "third",
        "with",
        "Egypt",
        "and",
        "with",
        "Assyria,",
        "*even",
        "a",
        "blessing",
        "in",
        "the",
        "midst",
        "of",
        "the",
        "land:"
      ],
      "header": "",
      "footer": ""
    },
    {
      "book_name": "Isaiah",
      "chapter": 19,
      "verse": 25,
      "text": [
        "Whom",
        "the",
        "Lᴏʀᴅ",
        "of",
        "hosts",
        "shall",
        "bless,",
        "saying,",
        "Blessed",
        "*be",
        "Egypt",
        "my",
        "people,",
        "and",
        "Assyria",
        "the",
        "work",
        "of",
        "my",
        "hands,",
        "and",
        "Israel",
        "mine",
        "inheritance."
      ],
      "header": "",
      "footer": ""
    }
  ]
}