{
  "book_name": "Isaiah",
  "chapter": 21,
  "verses": [
    {
      "book_name": "Isaiah",
      "chapter": 21,
      "verse": 1,
      "text": [
        "The",
        "burden",
        "of",
        "the",
        "desert",
        "of",
        "the",
        "sea.",
        "As",
        "whirlwinds",
        "in",
        "the",
        "south",
        "pass",
        "through;",
        "*so",
        "it",
        "cometh",
        "from",
        "the",
        "desert,",
        "from",
        "a",
        "terrible",
        "land."
      ],
      "header": "",
      "footer": ""
    },
    {
      "book_name": "Isaiah",
      "chapter": 21,
      "verse": 2,
      "text": [
        "A",
        "grievous",
        "vision",
        "is",
        "declared",
        "unto",
        "me;",
        "the",
        "treacherous",
        "dealer",
        "dealeth",
        "treacherously,",
        "and",
        "the",
        "spoiler",
        "spoileth.",
        "Go",
        "up,",
        "O",
        "Elam:",
        "besiege,",
        "O",
        "Media;",
        "all",
        "the",
        "sighing",
        "thereof",
        "have",
        "I",
        "made",
        "to",
        "cease."
      ],
      "header": "",
      "footer": ""
    },
    {
      "book_name": "Isaiah",
      "chapter": 21,
      "verse": 3,
      "text": [
        "Therefore",
        "are",
        "my",
        "loins",
        "filled",
        "with",
        "pain:",
        "pangs",
        "have",
        "taken",
        "hold",
        "upon",
        "me,",
        "as",
        "the",
        "pangs",
        "of",
        "a",
        "woman",
        "that",
        "travaileth:",
        "I",
        "was",
        "bowed",
        "down",
        "at",
        "the",
        "hearing",
        "*of",
        "*it;",
        "I",
        "was",
        "dismayed",
        "at",
        "the",
        "seeing",
        "*of",
        "*it."
      ],
      "header": "",
      "footer": ""
    },
    {
      "book_name": "Isaiah",
      "chapter": 21,
      "verse": 4,
      "text": [
        "My",
        "heart",
        "panted,",
        "fearfulness",
        "affrighted",
        "me:",
        "the",
        "night",
        "of",
        "my",
        "pleasure",
        "hath",
        "he",
        "turned",
        "into",
        "fear",
        "unto",
        "me."
      ],
      "header": "",
      "footer": ""
    },
    {
      "book_name": "Isaiah",
      "chapter": 21,
      "verse": 5,
      "text": [
        "Prepare",
        "the",
        "table,",
        "watch",
        "in",
        "the",
        "watchtower,",
        "eat,",
        "drink:",
        "arise,",
        "ye",
        "princes,",
        "*and",
        "anoint",
        "the",
        "shield."
      ],
      "header": "",
      "footer": ""
    },
    {
      "book_name": "Isaiah",
      "chapter": 21,
      "verse": 6,
      "text": [
        "For",
        "thus",
        "hath",
        "the",
        "Lord",
        "said",
        "unto",
        "me,",
        "Go,",
        "set",
        "a",
        "watchman,",
        "let",
        "him",
        "declare",
        "what",
        "he",
        "seeth."
      ],
      "header": "",
      "footer": ""
    },
    {
      "book_name": "Isaiah",
      "chapter": 21,
      "verse": 7,
      "text": [
        "And",
        "he",
        "saw",
        "a",
        "chariot",
        "*with",
        "a",
        "couple",
        "of",
        "horsemen,",
        "a",
        "chariot",
        "of",
        "asses,",
        "*and",
        "a",
        "chariot",
        "of",
        "camels;",
        "and",
        "he",
        "hearkened",
        "diligently",
        "with",
        "much",
        "heed:"
      ],
      "header": "",
      "footer": ""
    },
    {
      "book_name": "Isaiah",
      "chapter": 21,
      "verse": 8,
      "text": [
        "And",
        "he",
        "cried,",
        "A",
        "lion:",
        "My",
        "lord,",
        "I",
        "stand",
        "continually",
        "upon",
        "the",
        "watchtower",
        "in",
        "the",
        "daytime,",
        "and",
        "I",
        "am",
        "set",
        "in",
        "my",
        "ward",
        "whole",
        "nights:"
      ],
      "header": "",
      "footer": ""
    },
    {
      "book_name": "Isaiah",
      "chapter": 21,
      "verse": 9,
      "text": [
        "And,",
        "behold,",
        "here",
        "cometh",
        "a",
        "chariot",
        "of",
        "men,",
        "*with",
        "a",
        "couple",
        "of",
        "horsemen.",
        "And",
        "he",
        "answered",
        "and",
        "said,",
        "Babylon",
        "is",
        "fallen,",
        "is",
        "fallen;",
        "and",
        "all",
        "the",
        "graven",
        "images",
        "of",
        "her",
        "gods",
        "he",
        "hath",
        "broken",
        "unto",
        "the",
        "ground."
      ],
      "header": "",
      "footer": ""
    },
    {
      "book_name": "Isaiah",
      "chapter": 21,
      "verse": 10,
      "text": [
        "O",
        "my",
        "threshing,",
        "and",
        "the",
        "corn",
        "of",
        "my",
        "floor:",
        "that",
        "which",
        "I",
        "have",
        "heard",
        "of",
        "the",
        "Lᴏʀᴅ",
        "of",
        "hosts,",
        "the",
        "God",
        "of",
        "Israel,",
        "have",
        "I",
        "declared",
        "unto",
        "you."
      ],
      "header": "",
      "footer": ""
    },
    {
      "book_name": "Isaiah",
      "chapter": 21,
      "verse": 11,
      "text": [
        "¶",
        "The",
        "burden",
        "of",
        "Dumah.",
        "He",
        "calleth",
        "to",
        "me",
        "out",
        "of",
        "Seir,",
        "Watchman,",
        "what",
        "of",
        "the",
        "night?",
        "Watchman,",
        "what",
        "of",
        "the",
        "night?"
      ],
      "header": "",
      "footer": ""
    },
    {
      "book_name": "Isaiah",
      "chapter": 21,
      "verse": 12,
      "text": [
        "The",
        "watchman",
        "said,",
        "The",
        "morning",
        "cometh,",
        "and",
        "also",
        "the",
        "night:",
        "if",
        "ye",
        "will",
        "inquire,",
        "inquire",
        "ye:",
        "return,",
        "come."
      ],
      "header": "",
      "footer": ""
    },
    {
      "book_name": "Isaiah",
      "chapter": 21,
      "verse": 13,
      "text": [
        "¶",
        "The",
        "burden",
        "upon",
        "Arabia.",
        "In",
        "the",
        "forest",
        "in",
        "Arabia",
        "shall",
        "ye",
        "lodge,",
        "O",
        "ye",
        "travelling",
        "companies",
        "of",
        "Dedanim."
      ],
      "header": "",
      "footer": ""
    },
    {
      "book_name": "Isaiah",
      "chapter": 21,
      "verse": 14,
      "text": [
        "The",
        "inhabitants",
        "of",
        "the",
        "land",
        "of",
        "Tema",
        "brought",
        "water",
        "to",
        "him",
        "that",
        "was",
        "thirsty,",
        "they",
        "prevented",
        "with",
        "their",
        "bread",
        "him",
        "that",
        "fled."
      ],
      "header": "",
      "footer": ""
    },
    {
      "book_name": "Isaiah",
      "chapter": 21,
      "verse": 15,
      "text": [
        "For",
        "they",
        "fled",
        "from",
        "the",
        "swords,",
        "from",
        "the",
        "drawn",
        "sword,",
        "and",
        "from",
        "the",
        "bent",
        "bow,",
        "and",
        "from",
        "the",
        "grievousness",
        "of",
        "war."
      ],
      "header": "",
      "footer": ""
    },
    {
      "book_name": "Isaiah",
      "chapter": 21,
      "verse": 16,
      "text": [
        "For",
        "thus",
        "hath",
        "the",
        "Lord",
        "said",
        "unto",
        "me,",
        "Within",
        "a",
        "year,",
        "according",
        "to",
        "the",
        "years",
        "of",
        "an",
        "hireling,",
        "and",
        "all",
        "the",
        "glory",
        "of",
        "Kedar",
        "shall",
        "fail:"
      ],
      "header": "",
      "footer": ""
    },
    {
      "book_name": "Isaiah",
      "chapter": 21,
      "verse": 17,
      "text": [
        "And",
        "the",
        "residue",
        "of",
        "the",
        "number",
        "of",
        "archers,",
        "the",
        "mighty",
        "men",
        "of",
        "the",
        "children",
        "of",
        "Kedar,",
        "shall",
        "be",
        "diminished:",
        "for",
        "the",
        "Lᴏʀᴅ",
        "God",
        "of",
        "Israel",
        "hath",
        "spoken",
        "*it."
      ],
      "header": "",
      "footer": ""
    }
  ]
}