{
  "book_name": "Isaiah",
  "chapter": 23,
  "verses": [
    {
      "book_name": "Isaiah",
      "chapter": 23,
      "verse": 1,
      "text": [
        "The",
        "burden",
        "of",
        "Tyre.",
        "Howl,",
        "ye",
        "ships",
        "of",
        "Tarshish;",
        "for",
        "it",
        "is",
        "laid",
        "waste,",
        "so",
        "that",
        "there",
        "is",
        "no",
        "house,",
        "no",
        "entering",
        "in:",
        "from",
        "the",
        "land",
        "of",
        "Chittim",
        "it",
        "is",
        "revealed",
        "to",
        "them."
      ],
      "header": "",
      "footer": ""
    },
    {
      "book_name": "Isaiah",
      "chapter": 23,
      "verse": 2,
      "text": [
        "Be",
        "still,",
        "ye",
        "inhabitants",
        "of",
        "the",
        "isle;",
        "thou",
        "whom",
        "the",
        "merchants",
        "of",
        "Zidon,",
        "that",
        "pass",
        "over",
        "the",
        "sea,",
        "have",
        "replenished."
      ],
      "header": "",
      "footer": ""
    },
    {
      "book_name": "Isaiah",
      "chapter": 23,
      "verse": 3,
      "text": [
        "And",
        "by",
        "great",
        "waters",
        "the",
        "seed",
        "of",
        "Sihor,",
        "the",
        "harvest",
        "of",
        "the",
        "river,",
        "*is",
        "her",
        "revenue;",
        "and",
        "she",
        "is",
        "a",
        "mart",
        "of",
        "nations."
      ],
      "header": "",
      "footer": ""
    },
    {
      "book_name": "Isaiah",
      "chapter": 23,
      "verse": 4,
      "text": [
        "Be",
        "thou",
        "ashamed,",
        "O",
        "Zidon:",
        "for",
        "the",
        "sea",
        "hath",
        "spoken,",
        "*even",
        "the",
        "strength",
        "of",
        "the",
        "sea,",
        "saying,",
        "I",
        "travail",
        "not,",
        "nor",
        "bring",
        "forth",
        "children,",
        "neither",
        "do",
        "I",
        "nourish",
        "up",
        "young",
        "men,",
        "*nor",
        "bring",
        "up",
        "virgins."
      ],
      "header": "",
      "footer": ""
    },
    {
      "book_name": "Isaiah",
      "chapter": 23,
      "verse": 5,
      "text": [
        "As",
        "at",
        "the",
        "report",
        "concerning",
        "Egypt,",
        "*so",
        "shall",
        "they",
        "be",
        "sorely",
        "pained",
        "at",
        "the",
        "report",
        "of",
        "Tyre."
      ],
      "header": "",
      "footer": ""
    },
    {
      "book_name": "Isaiah",
      "chapter": 23,
      "verse": 6,
      "text": [
        "Pass",
        "ye",
        "over",
        "to",
        "Tarshish;",
        "howl,",
        "ye",
        "inhabitants",
        "of",
        "the",
        "isle."
      ],
      "header": "",
      "footer": ""
    },
    {
      "book_name": "Isaiah",
      "chapter": 23,
      "verse": 7,
      "text": [
        "*Is",
        "this",
        "your",
        "joyous",
        "*city,",
        "whose",
        "antiquity",
        "*is",
        "of",
        "ancient",
        "days?",
        "her",
        "own",
        "feet",
        "shall",
        "carry",
        "her",
        "afar",
        "off",
        "to",
        "sojourn."
      ],
      "header": "",
      "footer": ""
    },
    {
      "book_name": "Isaiah",
      "chapter": 23,
      "verse": 8,
      "text": [
        "Who",
        "hath",
        "taken",
        "this",
        "counsel",
        "against",
        "Tyre,",
        "the",
        "crowning",
        "*city,",
        "whose",
        "merchants",
        "*are",
        "princes,",
        "whose",
        "traffickers",
        "*are",
        "the",
        "honourable",
        "of",
        "the",
        "earth?"
      ],
      "header": "",
      "footer": ""
    },
    {
      "book_name": "Isaiah",
      "chapter": 23,
      "verse": 9,
      "text": [
        "The",
        "Lᴏʀᴅ",
        "of",
        "hosts",
        "hath",
        "purposed",
        "it,",
        "to",
        "stain",
        "the",
        "pride",
        "of",
        "all",
        "glory,",
        "*and",
        "to",
        "bring",
        "into",
        "contempt",
        "all",
        "the",
        "honourable",
        "of",
        "the",
        "earth."
      ],
      "header": "",
      "footer": ""
    },
    {
      "book_name": "Isaiah",
      "chapter": 23,
      "verse": 10,
      "text": [
        "Pass",
        "through",
        "thy",
        "land",
        "as",
        "a",
        "river,",
        "O",
        "daughter",
        "of",
        "Tarshish:",
        "*there",
        "*is",
        "no",
        "more",
        "strength."
      ],
      "header": "",
      "footer": ""
    },
    {
      "book_name": "Isaiah",
      "chapter": 23,
      "verse": 11,
      "text": [
        "He",
        "stretched",
        "out",
        "his",
        "hand",
        "over",
        "the",
        "sea,",
        "he",
        "shook",
        "the",
        "kingdoms:",
        "the",
        "Lᴏʀᴅ",
        "hath",
        "given",
        "a",
        "commandment",
        "against",
        "the",
        "merchant",
        "*city,",
        "to",
        "destroy",
        "the",
        "strong",
        "holds",
        "thereof."
      ],
      "header": "",
      "footer": ""
    },
    {
      "book_name": "Isaiah",
      "chapter": 23,
      "verse": 12,
      "text": [
        "And",
        "he",
        "said,",
        "Thou",
        "shalt",
        "no",
        "more",
        "rejoice,",
        "O",
        "thou",
        "oppressed",
        "virgin,",
        "daughter",
        "of",
        "Zidon:",
        "arise,",
        "pass",
        "over",
        "to",
        "Chittim;",
        "there",
        "also",
        "shalt",
        "thou",
        "have",
        "no",
        "rest."
      ],
      "header": "",
      "footer": ""
    },
    {
      "book_name": "Isaiah",
      "chapter": 23,
      "verse": 13,
      "text": [
        "Behold",
        "the",
        "land",
        "of",
        "the",
        "Chaldeans;",
        "this",
        "people",
        "was",
        "not,",
        "*till",
        "the",
        "Assyrian",
        "founded",
        "it",
        "for",
        "them",
        "that",
        "dwell",
        "in",
        "the",
        "wilderness:",
        "they",
        "set",
        "up",
        "the",
        "towers",
        "thereof,",
        "they",
        "raised",
        "up",
        "the",
        "palaces",
        "thereof;",
        "*and",
        "he",
        "brought",
        "it",
        "to",
        "ruin."
      ],
      "header": "",
      "footer": ""
    },
    {
      "book_name": "Isaiah",
      "chapter": 23,
      "verse": 14,
      "text": [
        "Howl,",
        "ye",
        "ships",
        "of",
        "Tarshish:",
        "for",
        "your",
        "strength",
        "is",
        "laid",
        "waste."
      ],
      "header": "",
      "footer": ""
    },
    {
      "book_name": "Isaiah",
      "chapter": 23,
      "verse": 15,
      "text": [
        "And",
        "it",
        "shall",
        "come",
        "to",
        "pass",
        "in",
        "that",
        "day,",
        "that",
        "Tyre",
        "shall",
        "be",
        "forgotten",
        "seventy",
        "years,",
        "according",
        "to",
        "the",
        "days",
        "of",
        "one",
        "king:",
        "after",
        "the",
        "end",
        "of",
        "seventy",
        "years",
        "shall",
        "Tyre",
        "sing",
        "as",
        "an",
        "harlot."
      ],
      "header": "",
      "footer": ""
    },
    {
      "book_name": "Isaiah",
      "chapter": 23,
      "verse": 16,
      "text": [
        "Take",
        "an",
        "harp,",
        "go",
        "about",
        "the",
        "city,",
        "thou",
        "harlot",
        "that",
        "hast",
        "been",
        "forgotten;",
        "make",
        "sweet",
        "melody,",
        "sing",
        "many",
        "songs,",
        "that",
        "thou",
        "mayest",
        "be",
        "remembered."
      ],
      "header": "",
      "footer": ""
    },
    {
      "book_name": "Isaiah",
      "chapter": 23,
      "verse": 17,
      "text": [
        "¶",
        "And",
        "it",
        "shall",
        "come",
        "to",
        "pass",
        "after",
        "the",
        "end",
        "of",
        "seventy",
        "years,",
        "that",
        "the",
        "Lᴏʀᴅ",
        "will",
        "visit",
        "Tyre,",
        "and",
        "she",
        "shall",
        "turn",
        "to",
        "her",
        "hire,",
        "and",
        "shall",
        "commit",
        "fornication",
        "with",
        "all",
        "the",
        "kingdoms",
        "of",
        "the",
        "world",
        "upon",
        "the",
        "face",
        "of",
        "the",
        "earth."
      ],
      "header": "",
      "footer": ""
    },
    {
      "book_name": "Isaiah",
      "chapter": 23,
      "verse": 18,
      "text": [
        "And",
        "her",
        "merchandise",
        "and",
        "her",
        "hire",
        "shall",
        "be",
        "holiness",
        "to",
        "the",
        "Lᴏʀᴅ:",
        "it",
        "shall",
        "not",
        "be",
        "treasured",
        "nor",
        "laid",
        "up;",
        "for",
        "her",
        "merchandise",
        "shall",
        "be",
        "for",
        "them",
        "that",
        "dwell",
        "before",
        "the",
        "Lᴏʀᴅ,",
        "to",
        "eat",
        "sufficiently,",
        "and",
        "for",
        "durable",
        "clothing."
      ],
      "header": "",
      "footer": ""
    }
  ]
}