{
  "book_name": "Isaiah",
  "chapter": 24,
  "verses": [
    {
      "book_name": "Isaiah",
      "chapter": 24,
      "verse": 1,
      "text": [
        "Behold,",
        "the",
        "Lᴏʀᴅ",
        "maketh",
        "the",
        "earth",
        "empty,",
        "and",
        "maketh",
        "it",
        "waste,",
        "and",
        "turneth",
        "it",
        "upside",
        "down,",
        "and",
        "scattereth",
        "abroad",
        "the",
        "inhabitants",
        "thereof."
      ],
      "header": "",
      "footer": ""
    },
    {
      "book_name": "Isaiah",
      "chapter": 24,
      "verse": 2,
      "text": [
        "And",
        "it",
        "shall",
        "be,",
        "as",
        "with",
        "the",
        "people,",
        "so",
        "with",
        "the",
        "priest;",
        "as",
        "with",
        "the",
        "servant,",
        "so",
        "with",
        "his",
        "master;",
        "as",
        "with",
        "the",
        "maid,",
        "so",
        "with",
        "her",
        "mistress;",
        "as",
        "with",
        "the",
        "buyer,",
        "so",
        "with",
        "the",
        "seller;",
        "as",
        "with",
        "the",
        "lender,",
        "so",
        "with",
        "the",
        "borrower;",
        "as",
        "with",
        "the",
        "taker",
        "of",
        "usury,",
        "so",
        "with",
        "the",
        "giver",
        "of",
        "usury",
        "to",
        "him."
      ],
      "header": "",
      "footer": ""
    },
    {
      "book_name": "Isaiah",
      "chapter": 24,
      "verse": 3,
      "text": [
        "The",
        "land",
        "shall",
        "be",
        "utterly",
        "emptied,",
        "and",
        "utterly",
        "spoiled:",
        "for",
        "the",
        "Lᴏʀᴅ",
        "hath",
        "spoken",
        "this",
        "word."
      ],
      "header": "",
      "footer": ""
    },
    {
      "book_name": "Isaiah",
      "chapter": 24,
      "verse": 4,
      "text": [
        "The",
        "earth",
        "mourneth",
        "*and",
        "fadeth",
        "away,",
        "the",
        "world",
        "languisheth",
        "*and",
        "fadeth",
        "away,",
        "the",
        "haughty",
        "people",
        "of",
        "the",
        "earth",
        "do",
        "languish."
      ],
      "header": "",
      "footer": ""
    },
    {
      "book_name": "Isaiah",
      "chapter": 24,
      "verse": 5,
      "text": [
        "The",
        "earth",
        "also",
        "is",
        "defiled",
        "under",
        "the",
        "inhabitants",
        "thereof;",
        "because",
        "they",
        "have",
        "transgressed",
        "the",
        "laws,",
        "changed",
        "the",
        "ordinance,",
        "broken",
        "the",
        "everlasting",
        "covenant."
      ],
      "header": "",
      "footer": ""
    },
    {
      "book_name": "Isaiah",
      "chapter": 24,
      "verse": 6,
      "text": [
        "Therefore",
        "hath",
        "the",
        "curse",
        "devoured",
        "the",
        "earth,",
        "and",
        "they",
        "that",
        "dwell",
        "therein",
        "are",
        "desolate:",
        "therefore",
        "the",
        "inhabitants",
        "of",
        "the",
        "earth",
        "are",
        "burned,",
        "and",
        "few",
        "men",
        "left."
      ],
      "header": "",
      "footer": ""
    },
    {
      "book_name": "Isaiah",
      "chapter": 24,
      "verse": 7,
      "text": [
        "The",
        "new",
        "wine",
        "mourneth,",
        "the",
        "vine",
        "languisheth,",
        "all",
        "the",
        "merryhearted",
        "do",
        "sigh."
      ],
      "header": "",
      "footer": ""
    },
    {
      "book_name": "Isaiah",
      "chapter": 24,
      "verse": 8,
      "text": [
        "The",
        "mirth",
        "of",
        "tabrets",
        "ceaseth,",
        "the",
        "noise",
        "of",
        "them",
        "that",
        "rejoice",
        "endeth,",
        "the",
        "joy",
        "of",
        "the",
        "harp",
        "ceaseth."
      ],
      "header": "",
      "footer": ""
    },
    {
      "book_name": "Isaiah",
      "chapter": 24,
      "verse": 9,
      "text": [
        "They",
        "shall",
        "not",
        "drink",
        "wine",
        "with",
        "a",
        "song;",
        "strong",
        "drink",
        "shall",
        "be",
        "bitter",
        "to",
        "them",
        "that",
        "drink",
        "it."
      ],
      "header": "",
      "footer": ""
    },
    {
      "book_name": "Isaiah",
      "chapter": 24,
      "verse": 10,
      "text": [
        "The",
        "city",
        "of",
        "confusion",
        "is",
        "broken",
        "down:",
        "every",
        "house",
        "is",
        "shut",
        "up,",
        "that",
        "no",
        "man",
        "may",
        "come",
        "in."
      ],
      "header": "",
      "footer": ""
    },
    {
      "book_name": "Isaiah",
      "chapter": 24,
      "verse": 11,
      "text": [
        "*There",
        "*is",
        "a",
        "crying",
        "for",
        "wine",
        "in",
        "the",
        "streets;",
        "all",
        "joy",
        "is",
        "darkened,",
        "the",
        "mirth",
        "of",
        "the",
        "land",
        "is",
        "gone."
      ],
      "header": "",
      "footer": ""
    },
    {
      "book_name": "Isaiah",
      "chapter": 24,
      "verse": 12,
      "text": [
        "In",
        "the",
        "city",
        "is",
        "left",
        "desolation,",
        "and",
        "the",
        "gate",
        "is",
        "smitten",
        "with",
        "destruction."
      ],
      "header": "",
      "footer": ""
    },
    {
      "book_name": "Isaiah",
      "chapter": 24,
      "verse": 13,
      "text": [
        "¶",
        "When",
        "thus",
        "it",
        "shall",
        "be",
        "in",
        "the",
        "midst",
        "of",
        "the",
        "land",
        "among",
        "the",
        "people,",
        "*there",
        "*shall",
        "*be",
        "as",
        "the",
        "shaking",
        "of",
        "an",
        "olive",
        "tree,",
        "*and",
        "as",
        "the",
        "gleaning",
        "grapes",
        "when",
        "the",
        "vintage",
        "is",
        "done."
      ],
      "header": "",
      "footer": ""
    },
    {
      "book_name": "Isaiah",
      "chapter": 24,
      "verse": 14,
      "text": [
        "They",
        "shall",
        "lift",
        "up",
        "their",
        "voice,",
        "they",
        "shall",
        "sing",
        "for",
        "the",
        "majesty",
        "of",
        "the",
        "Lᴏʀᴅ,",
        "they",
        "shall",
        "cry",
        "aloud",
        "from",
        "the",
        "sea."
      ],
      "header": "",
      "footer": ""
    },
    {
      "book_name": "Isaiah",
      "chapter": 24,
      "verse": 15,
      "text": [
        "Wherefore",
        "glorify",
        "ye",
        "the",
        "Lᴏʀᴅ",
        "in",
        "the",
        "fires,",
        "*even",
        "the",
        "name",
        "of",
        "the",
        "Lᴏʀᴅ",
        "God",
        "of",
        "Israel",
        "in",
        "the",
        "isles",
        "of",
        "the",
        "sea."
      ],
      "header": "",
      "footer": ""
    },
    {
      "book_name": "Isaiah",
      "chapter": 24,
      "verse": 16,
      "text": [
        "¶",
        "From",
        "the",
        "uttermost",
        "part",
        "of",
        "the",
        "earth",
        "have",
        "we",
        "heard",
        "songs,",
        "*even",
        "glory",
        "to",
        "the",
        "righteous.",
        "But",
        "I",
        "said,",
        "My",
        "leanness,",
        "my",
        "leanness,",
        "woe",
        "unto",
        "me!",
        "the",
        "treacherous",
        "dealers",
        "have",
        "dealt",
        "treacherously;",
        "yea,",
        "the",
        "treacherous",
        "dealers",
        "have",
        "dealt",
        "very",
        "treacherously."
      ],
      "header": "",
      "footer": ""
    },
    {
      "book_name": "Isaiah",
      "chapter": 24,
      "verse": 17,
      "text": [
        "Fear,",
        "and",
        "the",
        "pit,",
        "and",
        "the",
        "snare,",
        "*are",
        "upon",
        "thee,",
        "O",
        "inhabitant",
        "of",
        "the",
        "earth."
      ],
      "header": "",
      "footer": ""
    },
    {
      "book_name": "Isaiah",
      "chapter": 24,
      "verse": 18,
      "text": [
        "And",
        "it",
        "shall",
        "come",
        "to",
        "pass,",
        "*that",
        "he",
        "who",
        "fleeth",
        "from",
        "the",
        "noise",
        "of",
        "the",
        "fear",
        "shall",
        "fall",
        "into",
        "the",
        "pit;",
        "and",
        "he",
        "that",
        "cometh",
        "up",
        "out",
        "of",
        "the",
        "midst",
        "of",
        "the",
        "pit",
        "shall",
        "be",
        "taken",
        "in",
        "the",
        "snare:",
        "for",
        "the",
        "windows",
        "from",
        "on",
        "high",
        "are",
        "open,",
        "and",
        "the",
        "foundations",
        "of",
        "the",
        "earth",
        "do",
        "shake."
      ],
      "header": "",
      "footer": ""
    },
    {
      "book_name": "Isaiah",
      "chapter": 24,
      "verse": 19,
      "text": [
        "The",
        "earth",
        "is",
        "utterly",
        "broken",
        "down,",
        "the",
        "earth",
        "is",
        "clean",
        "dissolved,",
        "the",
        "earth",
        "is",
        "moved",
        "exceedingly."
      ],
      "header": "",
      "footer": ""
    },
    {
      "book_name": "Isaiah",
      "chapter": 24,
      "verse": 20,
      "text": [
        "The",
        "earth",
        "shall",
        "reel",
        "to",
        "and",
        "fro",
        "like",
        "a",
        "drunkard,",
        "and",
        "shall",
        "be",
        "removed",
        "like",
        "a",
        "cottage;",
        "and",
        "the",
        "transgression",
        "thereof",
        "shall",
        "be",
        "heavy",
        "upon",
        "it;",
        "and",
        "it",
        "shall",
        "fall,",
        "and",
        "not",
        "rise",
        "again."
      ],
      "header": "",
      "footer": ""
    },
    {
      "book_name": "Isaiah",
      "chapter": 24,
      "verse": 21,
      "text": [
        "And",
        "it",
        "shall",
        "come",
        "to",
        "pass",
        "in",
        "that",
        "day,",
        "*that",
        "the",
        "Lᴏʀᴅ",
        "shall",
        "punish",
        "the",
        "host",
        "of",
        "the",
        "high",
        "ones",
        "*that",
        "*are",
        "on",
        "high,",
        "and",
        "the",
        "kings",
        "of",
        "the",
        "earth",
        "upon",
        "the",
        "earth."
      ],
      "header": "",
      "footer": ""
    },
    {
      "book_name": "Isaiah",
      "chapter": 24,
      "verse": 22,
      "text": [
        "And",
        "they",
        "shall",
        "be",
        "gathered",
        "together,",
        "*as",
        "prisoners",
        "are",
        "gathered",
        "in",
        "the",
        "pit,",
        "and",
        "shall",
        "be",
        "shut",
        "up",
        "in",
        "the",
        "prison,",
        "and",
        "after",
        "many",
        "days",
        "shall",
        "they",
        "be",
        "visited."
      ],
      "header": "",
      "footer": ""
    },
    {
      "book_name": "Isaiah",
      "chapter": 24,
      "verse": 23,
      "text": [
        "Then",
        "the",
        "moon",
        "shall",
        "be",
        "confounded,",
        "and",
        "the",
        "sun",
        "ashamed,",
        "when",
        "the",
        "Lᴏʀᴅ",
        "of",
        "hosts",
        "shall",
        "reign",
        "in",
        "mount",
        "Zion,",
        "and",
        "in",
        "Jerusalem,",
        "and",
        "before",
        "his",
        "ancients",
        "gloriously."
      ],
      "header": "",
      "footer": ""
    }
  ]
}