{
  "book_name": "Isaiah",
  "chapter": 25,
  "verses": [
    {
      "book_name": "Isaiah",
      "chapter": 25,
      "verse": 1,
      "text": [
        "O",
        "Lᴏʀᴅ,",
        "thou",
        "*art",
        "my",
        "God;",
        "I",
        "will",
        "exalt",
        "thee,",
        "I",
        "will",
        "praise",
        "thy",
        "name;",
        "for",
        "thou",
        "hast",
        "done",
        "wonderful",
        "*things;",
        "*thy",
        "counsels",
        "of",
        "old",
        "*are",
        "faithfulness",
        "*and",
        "truth."
      ],
      "header": "",
      "footer": ""
    },
    {
      "book_name": "Isaiah",
      "chapter": 25,
      "verse": 2,
      "text": [
        "For",
        "thou",
        "hast",
        "made",
        "of",
        "a",
        "city",
        "an",
        "heap;",
        "*of",
        "a",
        "defenced",
        "city",
        "a",
        "ruin:",
        "a",
        "palace",
        "of",
        "strangers",
        "to",
        "be",
        "no",
        "city;",
        "it",
        "shall",
        "never",
        "be",
        "built."
      ],
      "header": "",
      "footer": ""
    },
    {
      "book_name": "Isaiah",
      "chapter": 25,
      "verse": 3,
      "text": [
        "Therefore",
        "shall",
        "the",
        "strong",
        "people",
        "glorify",
        "thee,",
        "the",
        "city",
        "of",
        "the",
        "terrible",
        "nations",
        "shall",
        "fear",
        "thee."
      ],
      "header": "",
      "footer": ""
    },
    {
      "book_name": "Isaiah",
      "chapter": 25,
      "verse": 4,
      "text": [
        "For",
        "thou",
        "hast",
        "been",
        "a",
        "strength",
        "to",
        "the",
        "poor,",
        "a",
        "strength",
        "to",
        "the",
        "needy",
        "in",
        "his",
        "distress,",
        "a",
        "refuge",
        "from",
        "the",
        "storm,",
        "a",
        "shadow",
        "from",
        "the",
        "heat,",
        "when",
        "the",
        "blast",
        "of",
        "the",
        "terrible",
        "ones",
        "*is",
        "as",
        "a",
        "storm",
        "*against",
        "the",
        "wall."
      ],
      "header": "",
      "footer": ""
    },
    {
      "book_name": "Isaiah",
      "chapter": 25,
      "verse": 5,
      "text": [
        "Thou",
        "shalt",
        "bring",
        "down",
        "the",
        "noise",
        "of",
        "strangers,",
        "as",
        "the",
        "heat",
        "in",
        "a",
        "dry",
        "place;",
        "*even",
        "the",
        "heat",
        "with",
        "the",
        "shadow",
        "of",
        "a",
        "cloud:",
        "the",
        "branch",
        "of",
        "the",
        "terrible",
        "ones",
        "shall",
        "be",
        "brought",
        "low."
      ],
      "header": "",
      "footer": ""
    },
    {
      "book_name": "Isaiah",
      "chapter": 25,
      "verse": 6,
      "text": [
        "¶",
        "And",
        "in",
        "this",
        "mountain",
        "shall",
        "the",
        "Lᴏʀᴅ",
        "of",
        "hosts",
        "make",
        "unto",
        "all",
        "people",
        "a",
        "feast",
        "of",
        "fat",
        "things,",
        "a",
        "feast",
        "of",
        "wines",
        "on",
        "the",
        "lees,",
        "of",
        "fat",
        "things",
        "full",
        "of",
        "marrow,",
        "of",
        "wines",
        "on",
        "the",
        "lees",
        "well",
        "refined."
      ],
      "header": "",
      "footer": ""
    },
    {
      "book_name": "Isaiah",
      "chapter": 25,
      "verse": 7,
      "text": [
        "And",
        "he",
        "will",
        "destroy",
        "in",
        "this",
        "mountain",
        "the",
        "face",
        "of",
        "the",
        "covering",
        "cast",
        "over",
        "all",
        "people,",
        "and",
        "the",
        "vail",
        "that",
        "is",
        "spread",
        "over",
        "all",
        "nations."
      ],
      "header": "",
      "footer": ""
    },
    {
      "book_name": "Isaiah",
      "chapter": 25,
      "verse": 8,
      "text": [
        "He",
        "will",
        "swallow",
        "up",
        "death",
        "in",
        "victory;",
        "and",
        "the",
        "Lord",
        "Gᴏᴅ",
        "will",
        "wipe",
        "away",
        "tears",
        "from",
        "off",
        "all",
        "faces;",
        "and",
        "the",
        "rebuke",
        "of",
        "his",
        "people",
        "shall",
        "he",
        "take",
        "away",
        "from",
        "off",
        "all",
        "the",
        "earth:",
        "for",
        "the",
        "Lᴏʀᴅ",
        "hath",
        "spoken",
        "*it."
      ],
      "header": "",
      "footer": ""
    },
    {
      "book_name": "Isaiah",
      "chapter": 25,
      "verse": 9,
      "text": [
        "¶",
        "And",
        "it",
        "shall",
        "be",
        "said",
        "in",
        "that",
        "day,",
        "Lo,",
        "this",
        "*is",
        "our",
        "God;",
        "we",
        "have",
        "waited",
        "for",
        "him,",
        "and",
        "he",
        "will",
        "save",
        "us:",
        "this",
        "*is",
        "the",
        "Lᴏʀᴅ;",
        "we",
        "have",
        "waited",
        "for",
        "him,",
        "we",
        "will",
        "be",
        "glad",
        "and",
        "rejoice",
        "in",
        "his",
        "salvation."
      ],
      "header": "",
      "footer": ""
    },
    {
      "book_name": "Isaiah",
      "chapter": 25,
      "verse": 10,
      "text": [
        "For",
        "in",
        "this",
        "mountain",
        "shall",
        "the",
        "hand",
        "of",
        "the",
        "Lᴏʀᴅ",
        "rest,",
        "and",
        "Moab",
        "shall",
        "be",
        "trodden",
        "down",
        "under",
        "him,",
        "even",
        "as",
        "straw",
        "is",
        "trodden",
        "down",
        "for",
        "the",
        "dunghill."
      ],
      "header": "",
      "footer": ""
    },
    {
      "book_name": "Isaiah",
      "chapter": 25,
      "verse": 11,
      "text": [
        "And",
        "he",
        "shall",
        "spread",
        "forth",
        "his",
        "hands",
        "in",
        "the",
        "midst",
        "of",
        "them,",
        "as",
        "he",
        "that",
        "swimmeth",
        "spreadeth",
        "forth",
        "*his",
        "*hands",
        "to",
        "swim:",
        "and",
        "he",
        "shall",
        "bring",
        "down",
        "their",
        "pride",
        "together",
        "with",
        "the",
        "spoils",
        "of",
        "their",
        "hands."
      ],
      "header": "",
      "footer": ""
    },
    {
      "book_name": "Isaiah",
      "chapter": 25,
      "verse": 12,
      "text": [
        "And",
        "the",
        "fortress",
        "of",
        "the",
        "high",
        "fort",
        "of",
        "thy",
        "walls",
        "shall",
        "he",
        "bring",
        "down,",
        "lay",
        "low,",
        "*and",
        "bring",
        "to",
        "the",
        "ground,",
        "*even",
        "to",
        "the",
        "dust."
      ],
      "header": "",
      "footer": ""
    }
  ]
}