{
  "book_name": "Isaiah",
  "chapter": 30,
  "verses": [
    {
      "book_name": "Isaiah",
      "chapter": 30,
      "verse": 1,
      "text": [
        "Woe",
        "to",
        "the",
        "rebellious",
        "children,",
        "saith",
        "the",
        "Lᴏʀᴅ,",
        "that",
        "take",
        "counsel,",
        "but",
        "not",
        "of",
        "me;",
        "and",
        "that",
        "cover",
        "with",
        "a",
        "covering,",
        "but",
        "not",
        "of",
        "my",
        "spirit,",
        "that",
        "they",
        "may",
        "add",
        "sin",
        "to",
        "sin:"
      ],
      "header": "",
      "footer": ""
    },
    {
      "book_name": "Isaiah",
      "chapter": 30,
      "verse": 2,
      "text": [
        "That",
        "walk",
        "to",
        "go",
        "down",
        "into",
        "Egypt,",
        "and",
        "have",
        "not",
        "asked",
        "at",
        "my",
        "mouth;",
        "to",
        "strengthen",
        "themselves",
        "in",
        "the",
        "strength",
        "of",
        "Pharaoh,",
        "and",
        "to",
        "trust",
        "in",
        "the",
        "shadow",
        "of",
        "Egypt!"
      ],
      "header": "",
      "footer": ""
    },
    {
      "book_name": "Isaiah",
      "chapter": 30,
      "verse": 3,
      "text": [
        "Therefore",
        "shall",
        "the",
        "strength",
        "of",
        "Pharaoh",
        "be",
        "your",
        "shame,",
        "and",
        "the",
        "trust",
        "in",
        "the",
        "shadow",
        "of",
        "Egypt",
        "*your",
        "confusion."
      ],
      "header": "",
      "footer": ""
    },
    {
      "book_name": "Isaiah",
      "chapter": 30,
      "verse": 4,
      "text": [
        "For",
        "his",
        "princes",
        "were",
        "at",
        "Zoan,",
        "and",
        "his",
        "ambassadors",
        "came",
        "to",
        "Hanes."
      ],
      "header": "",
      "footer": ""
    },
    {
      "book_name": "Isaiah",
      "chapter": 30,
      "verse": 5,
      "text": [
        "They",
        "were",
        "all",
        "ashamed",
        "of",
        "a",
        "people",
        "*that",
        "could",
        "not",
        "profit",
        "them,",
        "nor",
        "be",
        "an",
        "help",
        "nor",
        "profit,",
        "but",
        "a",
        "shame,",
        "and",
        "also",
        "a",
        "reproach."
      ],
      "header": "",
      "footer": ""
    },
    {
      "book_name": "Isaiah",
      "chapter": 30,
      "verse": 6,
      "text": [
        "The",
        "burden",
        "of",
        "the",
        "beasts",
        "of",
        "the",
        "south:",
        "into",
        "the",
        "land",
        "of",
        "trouble",
        "and",
        "anguish,",
        "from",
        "whence",
        "*come",
        "the",
        "young",
        "and",
        "old",
        "lion,",
        "the",
        "viper",
        "and",
        "fiery",
        "flying",
        "serpent,",
        "they",
        "will",
        "carry",
        "their",
        "riches",
        "upon",
        "the",
        "shoulders",
        "of",
        "young",
        "asses,",
        "and",
        "their",
        "treasures",
        "upon",
        "the",
        "bunches",
        "of",
        "camels,",
        "to",
        "a",
        "people",
        "*that",
        "shall",
        "not",
        "profit",
        "*them."
      ],
      "header": "",
      "footer": ""
    },
    {
      "book_name": "Isaiah",
      "chapter": 30,
      "verse": 7,
      "text": [
        "For",
        "the",
        "Egyptians",
        "shall",
        "help",
        "in",
        "vain,",
        "and",
        "to",
        "no",
        "purpose:",
        "therefore",
        "have",
        "I",
        "cried",
        "concerning",
        "this,",
        "Their",
        "strength",
        "*is",
        "to",
        "sit",
        "still."
      ],
      "header": "",
      "footer": ""
    },
    {
      "book_name": "Isaiah",
      "chapter": 30,
      "verse": 8,
      "text": [
        "¶",
        "Now",
        "go,",
        "write",
        "it",
        "before",
        "them",
        "in",
        "a",
        "table,",
        "and",
        "note",
        "it",
        "in",
        "a",
        "book,",
        "that",
        "it",
        "may",
        "be",
        "for",
        "the",
        "time",
        "to",
        "come",
        "for",
        "ever",
        "and",
        "ever:"
      ],
      "header": "",
      "footer": ""
    },
    {
      "book_name": "Isaiah",
      "chapter": 30,
      "verse": 9,
      "text": [
        "That",
        "this",
        "*is",
        "a",
        "rebellious",
        "people,",
        "lying",
        "children,",
        "children",
        "*that",
        "will",
        "not",
        "hear",
        "the",
        "law",
        "of",
        "the",
        "Lᴏʀᴅ:"
      ],
      "header": "",
      "footer": ""
    },
    {
      "book_name": "Isaiah",
      "chapter": 30,
      "verse": 10,
      "text": [
        "Which",
        "say",
        "to",
        "the",
        "seers,",
        "See",
        "not;",
        "and",
        "to",
        "the",
        "prophets,",
        "Prophesy",
        "not",
        "unto",
        "us",
        "right",
        "things,",
        "speak",
        "unto",
        "us",
        "smooth",
        "things,",
        "prophesy",
        "deceits:"
      ],
      "header": "",
      "footer": ""
    },
    {
      "book_name": "Isaiah",
      "chapter": 30,
      "verse": 11,
      "text": [
        "Get",
        "you",
        "out",
        "of",
        "the",
        "way,",
        "turn",
        "aside",
        "out",
        "of",
        "the",
        "path,",
        "cause",
        "the",
        "Holy",
        "One",
        "of",
        "Israel",
        "to",
        "cease",
        "from",
        "before",
        "us."
      ],
      "header": "",
      "footer": ""
    },
    {
      "book_name": "Isaiah",
      "chapter": 30,
      "verse": 12,
      "text": [
        "Wherefore",
        "thus",
        "saith",
        "the",
        "Holy",
        "One",
        "of",
        "Israel,",
        "Because",
        "ye",
        "despise",
        "this",
        "word,",
        "and",
        "trust",
        "in",
        "oppression",
        "and",
        "perverseness,",
        "and",
        "stay",
        "thereon:"
      ],
      "header": "",
      "footer": ""
    },
    {
      "book_name": "Isaiah",
      "chapter": 30,
      "verse": 13,
      "text": [
        "Therefore",
        "this",
        "iniquity",
        "shall",
        "be",
        "to",
        "you",
        "as",
        "a",
        "breach",
        "ready",
        "to",
        "fall,",
        "swelling",
        "out",
        "in",
        "a",
        "high",
        "wall,",
        "whose",
        "breaking",
        "cometh",
        "suddenly",
        "at",
        "an",
        "instant."
      ],
      "header": "",
      "footer": ""
    },
    {
      "book_name": "Isaiah",
      "chapter": 30,
      "verse": 14,
      "text": [
        "And",
        "he",
        "shall",
        "break",
        "it",
        "as",
        "the",
        "breaking",
        "of",
        "the",
        "potters'",
        "vessel",
        "that",
        "is",
        "broken",
        "in",
        "pieces;",
        "he",
        "shall",
        "not",
        "spare:",
        "so",
        "that",
        "there",
        "shall",
        "not",
        "be",
        "found",
        "in",
        "the",
        "bursting",
        "of",
        "it",
        "a",
        "sherd",
        "to",
        "take",
        "fire",
        "from",
        "the",
        "hearth,",
        "or",
        "to",
        "take",
        "water",
        "*withal",
        "out",
        "of",
        "the",
        "pit."
      ],
      "header": "",
      "footer": ""
    },
    {
      "book_name": "Isaiah",
      "chapter": 30,
      "verse": 15,
      "text": [
        "For",
        "thus",
        "saith",
        "the",
        "Lord",
        "Gᴏᴅ,",
        "the",
        "Holy",
        "One",
        "of",
        "Israel;",
        "In",
        "returning",
        "and",
        "rest",
        "shall",
        "ye",
        "be",
        "saved;",
        "in",
        "quietness",
        "and",
        "in",
        "confidence",
        "shall",
        "be",
        "your",
        "strength:",
        "and",
        "ye",
        "would",
        "not."
      ],
      "header": "",
      "footer": ""
    },
    {
      "book_name": "Isaiah",
      "chapter": 30,
      "verse": 16,
      "text": [
        "But",
        "ye",
        "said,",
        "No;",
        "for",
        "we",
        "will",
        "flee",
        "upon",
        "horses;",
        "therefore",
        "shall",
        "ye",
        "flee:",
        "and,",
        "We",
        "will",
        "ride",
        "upon",
        "the",
        "swift;",
        "therefore",
        "shall",
        "they",
        "that",
        "pursue",
        "you",
        "be",
        "swift."
      ],
      "header": "",
      "footer": ""
    },
    {
      "book_name": "Isaiah",
      "chapter": 30,
      "verse": 17,
      "text": [
        "One",
        "thousand",
        "*shall",
        "*flee",
        "at",
        "the",
        "rebuke",
        "of",
        "one;",
        "at",
        "the",
        "rebuke",
        "of",
        "five",
        "shall",
        "ye",
        "flee:",
        "till",
        "ye",
        "be",
        "left",
        "as",
        "a",
        "beacon",
        "upon",
        "the",
        "top",
        "of",
        "a",
        "mountain,",
        "and",
        "as",
        "an",
        "ensign",
        "on",
        "an",
        "hill."
      ],
      "header": "",
      "footer": ""
    },
    {
      "book_name": "Isaiah",
      "chapter": 30,
      "verse": 18,
      "text": [
        "¶",
        "And",
        "therefore",
        "will",
        "the",
        "Lᴏʀᴅ",
        "wait,",
        "that",
        "he",
        "may",
        "be",
        "gracious",
        "unto",
        "you,",
        "and",
        "therefore",
        "will",
        "he",
        "be",
        "exalted,",
        "that",
        "he",
        "may",
        "have",
        "mercy",
        "upon",
        "you:",
        "for",
        "the",
        "Lᴏʀᴅ",
        "*is",
        "a",
        "God",
        "of",
        "judgment:",
        "blessed",
        "*are",
        "all",
        "they",
        "that",
        "wait",
        "for",
        "him."
      ],
      "header": "",
      "footer": ""
    },
    {
      "book_name": "Isaiah",
      "chapter": 30,
      "verse": 19,
      "text": [
        "For",
        "the",
        "people",
        "shall",
        "dwell",
        "in",
        "Zion",
        "at",
        "Jerusalem:",
        "thou",
        "shalt",
        "weep",
        "no",
        "more:",
        "he",
        "will",
        "be",
        "very",
        "gracious",
        "unto",
        "thee",
        "at",
        "the",
        "voice",
        "of",
        "thy",
        "cry;",
        "when",
        "he",
        "shall",
        "hear",
        "it,",
        "he",
        "will",
        "answer",
        "thee."
      ],
      "header": "",
      "footer": ""
    },
    {
      "book_name": "Isaiah",
      "chapter": 30,
      "verse": 20,
      "text": [
        "And",
        "*though",
        "the",
        "Lord",
        "give",
        "you",
        "the",
        "bread",
        "of",
        "adversity,",
        "and",
        "the",
        "water",
        "of",
        "affliction,",
        "yet",
        "shall",
        "not",
        "thy",
        "teachers",
        "be",
        "removed",
        "into",
        "a",
        "corner",
        "any",
        "more,",
        "but",
        "thine",
        "eyes",
        "shall",
        "see",
        "thy",
        "teachers:"
      ],
      "header": "",
      "footer": ""
    },
    {
      "book_name": "Isaiah",
      "chapter": 30,
      "verse": 21,
      "text": [
        "And",
        "thine",
        "ears",
        "shall",
        "hear",
        "a",
        "word",
        "behind",
        "thee,",
        "saying,",
        "This",
        "*is",
        "the",
        "way,",
        "walk",
        "ye",
        "in",
        "it,",
        "when",
        "ye",
        "turn",
        "to",
        "the",
        "right",
        "hand,",
        "and",
        "when",
        "ye",
        "turn",
        "to",
        "the",
        "left."
      ],
      "header": "",
      "footer": ""
    },
    {
      "book_name": "Isaiah",
      "chapter": 30,
      "verse": 22,
      "text": [
        "Ye",
        "shall",
        "defile",
        "also",
        "the",
        "covering",
        "of",
        "thy",
        "graven",
        "images",
        "of",
        "silver,",
        "and",
        "the",
        "ornament",
        "of",
        "thy",
        "molten",
        "images",
        "of",
        "gold:",
        "thou",
        "shalt",
        "cast",
        "them",
        "away",
        "as",
        "a",
        "menstruous",
        "cloth;",
        "thou",
        "shalt",
        "say",
        "unto",
        "it,",
        "Get",
        "thee",
        "hence."
      ],
      "header": "",
      "footer": ""
    },
    {
      "book_name": "Isaiah",
      "chapter": 30,
      "verse": 23,
      "text": [
        "Then",
        "shall",
        "he",
        "give",
        "the",
        "rain",
        "of",
        "thy",
        "seed,",
        "that",
        "thou",
        "shalt",
        "sow",
        "the",
        "ground",
        "withal;",
        "and",
        "bread",
        "of",
        "the",
        "increase",
        "of",
        "the",
        "earth,",
        "and",
        "it",
        "shall",
        "be",
        "fat",
        "and",
        "plenteous:",
        "in",
        "that",
        "day",
        "shall",
        "thy",
        "cattle",
        "feed",
        "in",
        "large",
        "pastures."
      ],
      "header": "",
      "footer": ""
    },
    {
      "book_name": "Isaiah",
      "chapter": 30,
      "verse": 24,
      "text": [
        "The",
        "oxen",
        "likewise",
        "and",
        "the",
        "young",
        "asses",
        "that",
        "ear",
        "the",
        "ground",
        "shall",
        "eat",
        "clean",
        "provender,",
        "which",
        "hath",
        "been",
        "winnowed",
        "with",
        "the",
        "shovel",
        "and",
        "with",
        "the",
        "fan."
      ],
      "header": "",
      "footer": ""
    },
    {
      "book_name": "Isaiah",
      "chapter": 30,
      "verse": 25,
      "text": [
        "And",
        "there",
        "shall",
        "be",
        "upon",
        "every",
        "high",
        "mountain,",
        "and",
        "upon",
        "every",
        "high",
        "hill,",
        "rivers",
        "*and",
        "streams",
        "of",
        "waters",
        "in",
        "the",
        "day",
        "of",
        "the",
        "great",
        "slaughter,",
        "when",
        "the",
        "towers",
        "fall."
      ],
      "header": "",
      "footer": ""
    },
    {
      "book_name": "Isaiah",
      "chapter": 30,
      "verse": 26,
      "text": [
        "Moreover",
        "the",
        "light",
        "of",
        "the",
        "moon",
        "shall",
        "be",
        "as",
        "the",
        "light",
        "of",
        "the",
        "sun,",
        "and",
        "the",
        "light",
        "of",
        "the",
        "sun",
        "shall",
        "be",
        "sevenfold,",
        "as",
        "the",
        "light",
        "of",
        "seven",
        "days,",
        "in",
        "the",
        "day",
        "that",
        "the",
        "Lᴏʀᴅ",
        "bindeth",
        "up",
        "the",
        "breach",
        "of",
        "his",
        "people,",
        "and",
        "healeth",
        "the",
        "stroke",
        "of",
        "their",
        "wound."
      ],
      "header": "",
      "footer": ""
    },
    {
      "book_name": "Isaiah",
      "chapter": 30,
      "verse": 27,
      "text": [
        "¶",
        "Behold,",
        "the",
        "name",
        "of",
        "the",
        "Lᴏʀᴅ",
        "cometh",
        "from",
        "far,",
        "burning",
        "*with",
        "his",
        "anger,",
        "and",
        "the",
        "burden",
        "*thereof",
        "*is",
        "heavy:",
        "his",
        "lips",
        "are",
        "full",
        "of",
        "indignation,",
        "and",
        "his",
        "tongue",
        "as",
        "a",
        "devouring",
        "fire:"
      ],
      "header": "",
      "footer": ""
    },
    {
      "book_name": "Isaiah",
      "chapter": 30,
      "verse": 28,
      "text": [
        "And",
        "his",
        "breath,",
        "as",
        "an",
        "overflowing",
        "stream,",
        "shall",
        "reach",
        "to",
        "the",
        "midst",
        "of",
        "the",
        "neck,",
        "to",
        "sift",
        "the",
        "nations",
        "with",
        "the",
        "sieve",
        "of",
        "vanity:",
        "and",
        "*there",
        "*shall",
        "*be",
        "a",
        "bridle",
        "in",
        "the",
        "jaws",
        "of",
        "the",
        "people,",
        "causing",
        "*them",
        "to",
        "err."
      ],
      "header": "",
      "footer": ""
    },
    {
      "book_name": "Isaiah",
      "chapter": 30,
      "verse": 29,
      "text": [
        "Ye",
        "shall",
        "have",
        "a",
        "song,",
        "as",
        "in",
        "the",
        "night",
        "*when",
        "a",
        "holy",
        "solemnity",
        "is",
        "kept;",
        "and",
        "gladness",
        "of",
        "heart,",
        "as",
        "when",
        "one",
        "goeth",
        "with",
        "a",
        "pipe",
        "to",
        "come",
        "into",
        "the",
        "mountain",
        "of",
        "the",
        "Lᴏʀᴅ,",
        "to",
        "the",
        "mighty",
        "One",
        "of",
        "Israel."
      ],
      "header": "",
      "footer": ""
    },
    {
      "book_name": "Isaiah",
      "chapter": 30,
      "verse": 30,
      "text": [
        "And",
        "the",
        "Lᴏʀᴅ",
        "shall",
        "cause",
        "his",
        "glorious",
        "voice",
        "to",
        "be",
        "heard,",
        "and",
        "shall",
        "shew",
        "the",
        "lighting",
        "down",
        "of",
        "his",
        "arm,",
        "with",
        "the",
        "indignation",
        "of",
        "*his",
        "anger,",
        "and",
        "*with",
        "the",
        "flame",
        "of",
        "a",
        "devouring",
        "fire,",
        "*with",
        "scattering,",
        "and",
        "tempest,",
        "and",
        "hailstones."
      ],
      "header": "",
      "footer": ""
    },
    {
      "book_name": "Isaiah",
      "chapter": 30,
      "verse": 31,
      "text": [
        "For",
        "through",
        "the",
        "voice",
        "of",
        "the",
        "Lᴏʀᴅ",
        "shall",
        "the",
        "Assyrian",
        "be",
        "beaten",
        "down,",
        "*which",
        "smote",
        "with",
        "a",
        "rod."
      ],
      "header": "",
      "footer": ""
    },
    {
      "book_name": "Isaiah",
      "chapter": 30,
      "verse": 32,
      "text": [
        "And",
        "*in",
        "every",
        "place",
        "where",
        "the",
        "grounded",
        "staff",
        "shall",
        "pass,",
        "which",
        "the",
        "Lᴏʀᴅ",
        "shall",
        "lay",
        "upon",
        "him,",
        "*it",
        "shall",
        "be",
        "with",
        "tabrets",
        "and",
        "harps:",
        "and",
        "in",
        "battles",
        "of",
        "shaking",
        "will",
        "he",
        "fight",
        "with",
        "it."
      ],
      "header": "",
      "footer": ""
    },
    {
      "book_name": "Isaiah",
      "chapter": 30,
      "verse": 33,
      "text": [
        "For",
        "Tophet",
        "*is",
        "ordained",
        "of",
        "old;",
        "yea,",
        "for",
        "the",
        "king",
        "it",
        "is",
        "prepared;",
        "he",
        "hath",
        "made",
        "*it",
        "deep",
        "*and",
        "large:",
        "the",
        "pile",
        "thereof",
        "*is",
        "fire",
        "and",
        "much",
        "wood;",
        "the",
        "breath",
        "of",
        "the",
        "Lᴏʀᴅ,",
        "like",
        "a",
        "stream",
        "of",
        "brimstone,",
        "doth",
        "kindle",
        "it."
      ],
      "header": "",
      "footer": ""
    }
  ]
}