{
  "book_name": "Isaiah",
  "chapter": 33,
  "verses": [
    {
      "book_name": "Isaiah",
      "chapter": 33,
      "verse": 1,
      "text": [
        "Woe",
        "to",
        "thee",
        "that",
        "spoilest,",
        "and",
        "thou",
        "*wast",
        "not",
        "spoiled;",
        "and",
        "dealest",
        "treacherously,",
        "and",
        "they",
        "dealt",
        "not",
        "treacherously",
        "with",
        "thee!",
        "when",
        "thou",
        "shalt",
        "cease",
        "to",
        "spoil,",
        "thou",
        "shalt",
        "be",
        "spoiled;",
        "*and",
        "when",
        "thou",
        "shalt",
        "make",
        "an",
        "end",
        "to",
        "deal",
        "treacherously,",
        "they",
        "shall",
        "deal",
        "treacherously",
        "with",
        "thee."
      ],
      "header": "",
      "footer": ""
    },
    {
      "book_name": "Isaiah",
      "chapter": 33,
      "verse": 2,
      "text": [
        "O",
        "Lᴏʀᴅ,",
        "be",
        "gracious",
        "unto",
        "us;",
        "we",
        "have",
        "waited",
        "for",
        "thee:",
        "be",
        "thou",
        "their",
        "arm",
        "every",
        "morning,",
        "our",
        "salvation",
        "also",
        "in",
        "the",
        "time",
        "of",
        "trouble."
      ],
      "header": "",
      "footer": ""
    },
    {
      "book_name": "Isaiah",
      "chapter": 33,
      "verse": 3,
      "text": [
        "At",
        "the",
        "noise",
        "of",
        "the",
        "tumult",
        "the",
        "people",
        "fled;",
        "at",
        "the",
        "lifting",
        "up",
        "of",
        "thyself",
        "the",
        "nations",
        "were",
        "scattered."
      ],
      "header": "",
      "footer": ""
    },
    {
      "book_name": "Isaiah",
      "chapter": 33,
      "verse": 4,
      "text": [
        "And",
        "your",
        "spoil",
        "shall",
        "be",
        "gathered",
        "*like",
        "the",
        "gathering",
        "of",
        "the",
        "caterpiller:",
        "as",
        "the",
        "running",
        "to",
        "and",
        "fro",
        "of",
        "locusts",
        "shall",
        "he",
        "run",
        "upon",
        "them."
      ],
      "header": "",
      "footer": ""
    },
    {
      "book_name": "Isaiah",
      "chapter": 33,
      "verse": 5,
      "text": [
        "The",
        "Lᴏʀᴅ",
        "is",
        "exalted;",
        "for",
        "he",
        "dwelleth",
        "on",
        "high:",
        "he",
        "hath",
        "filled",
        "Zion",
        "with",
        "judgment",
        "and",
        "righteousness."
      ],
      "header": "",
      "footer": ""
    },
    {
      "book_name": "Isaiah",
      "chapter": 33,
      "verse": 6,
      "text": [
        "And",
        "wisdom",
        "and",
        "knowledge",
        "shall",
        "be",
        "the",
        "stability",
        "of",
        "thy",
        "times,",
        "*and",
        "strength",
        "of",
        "salvation:",
        "the",
        "fear",
        "of",
        "the",
        "Lᴏʀᴅ",
        "*is",
        "his",
        "treasure."
      ],
      "header": "",
      "footer": ""
    },
    {
      "book_name": "Isaiah",
      "chapter": 33,
      "verse": 7,
      "text": [
        "Behold,",
        "their",
        "valiant",
        "ones",
        "shall",
        "cry",
        "without:",
        "the",
        "ambassadors",
        "of",
        "peace",
        "shall",
        "weep",
        "bitterly."
      ],
      "header": "",
      "footer": ""
    },
    {
      "book_name": "Isaiah",
      "chapter": 33,
      "verse": 8,
      "text": [
        "The",
        "highways",
        "lie",
        "waste,",
        "the",
        "wayfaring",
        "man",
        "ceaseth:",
        "he",
        "hath",
        "broken",
        "the",
        "covenant,",
        "he",
        "hath",
        "despised",
        "the",
        "cities,",
        "he",
        "regardeth",
        "no",
        "man."
      ],
      "header": "",
      "footer": ""
    },
    {
      "book_name": "Isaiah",
      "chapter": 33,
      "verse": 9,
      "text": [
        "The",
        "earth",
        "mourneth",
        "*and",
        "languisheth:",
        "Lebanon",
        "is",
        "ashamed",
        "*and",
        "hewn",
        "down:",
        "Sharon",
        "is",
        "like",
        "a",
        "wilderness;",
        "and",
        "Bashan",
        "and",
        "Carmel",
        "shake",
        "off",
        "*their",
        "*fruits."
      ],
      "header": "",
      "footer": ""
    },
    {
      "book_name": "Isaiah",
      "chapter": 33,
      "verse": 10,
      "text": [
        "Now",
        "will",
        "I",
        "rise,",
        "saith",
        "the",
        "Lᴏʀᴅ;",
        "now",
        "will",
        "I",
        "be",
        "exalted;",
        "now",
        "will",
        "I",
        "lift",
        "up",
        "myself."
      ],
      "header": "",
      "footer": ""
    },
    {
      "book_name": "Isaiah",
      "chapter": 33,
      "verse": 11,
      "text": [
        "Ye",
        "shall",
        "conceive",
        "chaff,",
        "ye",
        "shall",
        "bring",
        "forth",
        "stubble:",
        "your",
        "breath,",
        "*as",
        "fire,",
        "shall",
        "devour",
        "you."
      ],
      "header": "",
      "footer": ""
    },
    {
      "book_name": "Isaiah",
      "chapter": 33,
      "verse": 12,
      "text": [
        "And",
        "the",
        "people",
        "shall",
        "be",
        "*as",
        "the",
        "burnings",
        "of",
        "lime:",
        "*as",
        "thorns",
        "cut",
        "up",
        "shall",
        "they",
        "be",
        "burned",
        "in",
        "the",
        "fire."
      ],
      "header": "",
      "footer": ""
    },
    {
      "book_name": "Isaiah",
      "chapter": 33,
      "verse": 13,
      "text": [
        "¶",
        "Hear,",
        "ye",
        "*that",
        "*are",
        "far",
        "off,",
        "what",
        "I",
        "have",
        "done;",
        "and,",
        "ye",
        "*that",
        "*are",
        "near,",
        "acknowledge",
        "my",
        "might."
      ],
      "header": "",
      "footer": ""
    },
    {
      "book_name": "Isaiah",
      "chapter": 33,
      "verse": 14,
      "text": [
        "The",
        "sinners",
        "in",
        "Zion",
        "are",
        "afraid;",
        "fearfulness",
        "hath",
        "surprised",
        "the",
        "hypocrites.",
        "Who",
        "among",
        "us",
        "shall",
        "dwell",
        "with",
        "the",
        "devouring",
        "fire?",
        "who",
        "among",
        "us",
        "shall",
        "dwell",
        "with",
        "everlasting",
        "burnings?"
      ],
      "header": "",
      "footer": ""
    },
    {
      "book_name": "Isaiah",
      "chapter": 33,
      "verse": 15,
      "text": [
        "He",
        "that",
        "walketh",
        "righteously,",
        "and",
        "speaketh",
        "uprightly;",
        "he",
        "that",
        "despiseth",
        "the",
        "gain",
        "of",
        "oppressions,",
        "that",
        "shaketh",
        "his",
        "hands",
        "from",
        "holding",
        "of",
        "bribes,",
        "that",
        "stoppeth",
        "his",
        "ears",
        "from",
        "hearing",
        "of",
        "blood,",
        "and",
        "shutteth",
        "his",
        "eyes",
        "from",
        "seeing",
        "evil;"
      ],
      "header": "",
      "footer": ""
    },
    {
      "book_name": "Isaiah",
      "chapter": 33,
      "verse": 16,
      "text": [
        "He",
        "shall",
        "dwell",
        "on",
        "high:",
        "his",
        "place",
        "of",
        "defence",
        "*shall",
        "*be",
        "the",
        "munitions",
        "of",
        "rocks:",
        "bread",
        "shall",
        "be",
        "given",
        "him;",
        "his",
        "waters",
        "*shall",
        "*be",
        "sure."
      ],
      "header": "",
      "footer": ""
    },
    {
      "book_name": "Isaiah",
      "chapter": 33,
      "verse": 17,
      "text": [
        "Thine",
        "eyes",
        "shall",
        "see",
        "the",
        "king",
        "in",
        "his",
        "beauty:",
        "they",
        "shall",
        "behold",
        "the",
        "land",
        "that",
        "is",
        "very",
        "far",
        "off."
      ],
      "header": "",
      "footer": ""
    },
    {
      "book_name": "Isaiah",
      "chapter": 33,
      "verse": 18,
      "text": [
        "Thine",
        "heart",
        "shall",
        "meditate",
        "terror.",
        "Where",
        "*is",
        "the",
        "scribe?",
        "where",
        "*is",
        "the",
        "receiver?",
        "where",
        "*is",
        "he",
        "that",
        "counted",
        "the",
        "towers?"
      ],
      "header": "",
      "footer": ""
    },
    {
      "book_name": "Isaiah",
      "chapter": 33,
      "verse": 19,
      "text": [
        "Thou",
        "shalt",
        "not",
        "see",
        "a",
        "fierce",
        "people,",
        "a",
        "people",
        "of",
        "a",
        "deeper",
        "speech",
        "than",
        "thou",
        "canst",
        "perceive;",
        "of",
        "a",
        "stammering",
        "tongue,",
        "*that",
        "*thou",
        "*canst",
        "not",
        "understand."
      ],
      "header": "",
      "footer": ""
    },
    {
      "book_name": "Isaiah",
      "chapter": 33,
      "verse": 20,
      "text": [
        "Look",
        "upon",
        "Zion,",
        "the",
        "city",
        "of",
        "our",
        "solemnities:",
        "thine",
        "eyes",
        "shall",
        "see",
        "Jerusalem",
        "a",
        "quiet",
        "habitation,",
        "a",
        "tabernacle",
        "*that",
        "shall",
        "not",
        "be",
        "taken",
        "down;",
        "not",
        "one",
        "of",
        "the",
        "stakes",
        "thereof",
        "shall",
        "ever",
        "be",
        "removed,",
        "neither",
        "shall",
        "any",
        "of",
        "the",
        "cords",
        "thereof",
        "be",
        "broken."
      ],
      "header": "",
      "footer": ""
    },
    {
      "book_name": "Isaiah",
      "chapter": 33,
      "verse": 21,
      "text": [
        "But",
        "there",
        "the",
        "glorious",
        "Lᴏʀᴅ",
        "*will",
        "*be",
        "unto",
        "us",
        "a",
        "place",
        "of",
        "broad",
        "rivers",
        "*and",
        "streams;",
        "wherein",
        "shall",
        "go",
        "no",
        "galley",
        "with",
        "oars,",
        "neither",
        "shall",
        "gallant",
        "ship",
        "pass",
        "thereby."
      ],
      "header": "",
      "footer": ""
    },
    {
      "book_name": "Isaiah",
      "chapter": 33,
      "verse": 22,
      "text": [
        "For",
        "the",
        "Lᴏʀᴅ",
        "*is",
        "our",
        "judge,",
        "the",
        "Lᴏʀᴅ",
        "*is",
        "our",
        "lawgiver,",
        "the",
        "Lᴏʀᴅ",
        "*is",
        "our",
        "king;",
        "he",
        "will",
        "save",
        "us."
      ],
      "header": "",
      "footer": ""
    },
    {
      "book_name": "Isaiah",
      "chapter": 33,
      "verse": 23,
      "text": [
        "Thy",
        "tacklings",
        "are",
        "loosed;",
        "they",
        "could",
        "not",
        "well",
        "strengthen",
        "their",
        "mast,",
        "they",
        "could",
        "not",
        "spread",
        "the",
        "sail:",
        "then",
        "is",
        "the",
        "prey",
        "of",
        "a",
        "great",
        "spoil",
        "divided;",
        "the",
        "lame",
        "take",
        "the",
        "prey."
      ],
      "header": "",
      "footer": ""
    },
    {
      "book_name": "Isaiah",
      "chapter": 33,
      "verse": 24,
      "text": [
        "And",
        "the",
        "inhabitant",
        "shall",
        "not",
        "say,",
        "I",
        "am",
        "sick:",
        "the",
        "people",
        "that",
        "dwell",
        "therein",
        "*shall",
        "*be",
        "forgiven",
        "*their",
        "iniquity."
      ],
      "header": "",
      "footer": ""
    }
  ]
}