{
  "book_name": "Isaiah",
  "chapter": 34,
  "verses": [
    {
      "book_name": "Isaiah",
      "chapter": 34,
      "verse": 1,
      "text": [
        "Come",
        "near,",
        "ye",
        "nations,",
        "to",
        "hear;",
        "and",
        "hearken,",
        "ye",
        "people:",
        "let",
        "the",
        "earth",
        "hear,",
        "and",
        "all",
        "that",
        "is",
        "therein;",
        "the",
        "world,",
        "and",
        "all",
        "things",
        "that",
        "come",
        "forth",
        "of",
        "it."
      ],
      "header": "",
      "footer": ""
    },
    {
      "book_name": "Isaiah",
      "chapter": 34,
      "verse": 2,
      "text": [
        "For",
        "the",
        "indignation",
        "of",
        "the",
        "Lᴏʀᴅ",
        "*is",
        "upon",
        "all",
        "nations,",
        "and",
        "*his",
        "fury",
        "upon",
        "all",
        "their",
        "armies:",
        "he",
        "hath",
        "utterly",
        "destroyed",
        "them,",
        "he",
        "hath",
        "delivered",
        "them",
        "to",
        "the",
        "slaughter."
      ],
      "header": "",
      "footer": ""
    },
    {
      "book_name": "Isaiah",
      "chapter": 34,
      "verse": 3,
      "text": [
        "Their",
        "slain",
        "also",
        "shall",
        "be",
        "cast",
        "out,",
        "and",
        "their",
        "stink",
        "shall",
        "come",
        "up",
        "out",
        "of",
        "their",
        "carcases,",
        "and",
        "the",
        "mountains",
        "shall",
        "be",
        "melted",
        "with",
        "their",
        "blood."
      ],
      "header": "",
      "footer": ""
    },
    {
      "book_name": "Isaiah",
      "chapter": 34,
      "verse": 4,
      "text": [
        "And",
        "all",
        "the",
        "host",
        "of",
        "heaven",
        "shall",
        "be",
        "dissolved,",
        "and",
        "the",
        "heavens",
        "shall",
        "be",
        "rolled",
        "together",
        "as",
        "a",
        "scroll:",
        "and",
        "all",
        "their",
        "host",
        "shall",
        "fall",
        "down,",
        "as",
        "the",
        "leaf",
        "falleth",
        "off",
        "from",
        "the",
        "vine,",
        "and",
        "as",
        "a",
        "falling",
        "*fig",
        "from",
        "the",
        "fig",
        "tree."
      ],
      "header": "",
      "footer": ""
    },
    {
      "book_name": "Isaiah",
      "chapter": 34,
      "verse": 5,
      "text": [
        "For",
        "my",
        "sword",
        "shall",
        "be",
        "bathed",
        "in",
        "heaven:",
        "behold,",
        "it",
        "shall",
        "come",
        "down",
        "upon",
        "Idumea,",
        "and",
        "upon",
        "the",
        "people",
        "of",
        "my",
        "curse,",
        "to",
        "judgment."
      ],
      "header": "",
      "footer": ""
    },
    {
      "book_name": "Isaiah",
      "chapter": 34,
      "verse": 6,
      "text": [
        "The",
        "sword",
        "of",
        "the",
        "Lᴏʀᴅ",
        "is",
        "filled",
        "with",
        "blood,",
        "it",
        "is",
        "made",
        "fat",
        "with",
        "fatness,",
        "*and",
        "with",
        "the",
        "blood",
        "of",
        "lambs",
        "and",
        "goats,",
        "with",
        "the",
        "fat",
        "of",
        "the",
        "kidneys",
        "of",
        "rams:",
        "for",
        "the",
        "Lᴏʀᴅ",
        "hath",
        "a",
        "sacrifice",
        "in",
        "Bozrah,",
        "and",
        "a",
        "great",
        "slaughter",
        "in",
        "the",
        "land",
        "of",
        "Idumea."
      ],
      "header": "",
      "footer": ""
    },
    {
      "book_name": "Isaiah",
      "chapter": 34,
      "verse": 7,
      "text": [
        "And",
        "the",
        "unicorns",
        "shall",
        "come",
        "down",
        "with",
        "them,",
        "and",
        "the",
        "bullocks",
        "with",
        "the",
        "bulls;",
        "and",
        "their",
        "land",
        "shall",
        "be",
        "soaked",
        "with",
        "blood,",
        "and",
        "their",
        "dust",
        "made",
        "fat",
        "with",
        "fatness."
      ],
      "header": "",
      "footer": ""
    },
    {
      "book_name": "Isaiah",
      "chapter": 34,
      "verse": 8,
      "text": [
        "For",
        "*it",
        "*is",
        "the",
        "day",
        "of",
        "the",
        "Lᴏʀᴅ's",
        "vengeance,",
        "*and",
        "the",
        "year",
        "of",
        "recompences",
        "for",
        "the",
        "controversy",
        "of",
        "Zion."
      ],
      "header": "",
      "footer": ""
    },
    {
      "book_name": "Isaiah",
      "chapter": 34,
      "verse": 9,
      "text": [
        "And",
        "the",
        "streams",
        "thereof",
        "shall",
        "be",
        "turned",
        "into",
        "pitch,",
        "and",
        "the",
        "dust",
        "thereof",
        "into",
        "brimstone,",
        "and",
        "the",
        "land",
        "thereof",
        "shall",
        "become",
        "burning",
        "pitch."
      ],
      "header": "",
      "footer": ""
    },
    {
      "book_name": "Isaiah",
      "chapter": 34,
      "verse": 10,
      "text": [
        "It",
        "shall",
        "not",
        "be",
        "quenched",
        "night",
        "nor",
        "day;",
        "the",
        "smoke",
        "thereof",
        "shall",
        "go",
        "up",
        "for",
        "ever:",
        "from",
        "generation",
        "to",
        "generation",
        "it",
        "shall",
        "lie",
        "waste;",
        "none",
        "shall",
        "pass",
        "through",
        "it",
        "for",
        "ever",
        "and",
        "ever."
      ],
      "header": "",
      "footer": ""
    },
    {
      "book_name": "Isaiah",
      "chapter": 34,
      "verse": 11,
      "text": [
        "¶",
        "But",
        "the",
        "cormorant",
        "and",
        "the",
        "bittern",
        "shall",
        "possess",
        "it;",
        "the",
        "owl",
        "also",
        "and",
        "the",
        "raven",
        "shall",
        "dwell",
        "in",
        "it:",
        "and",
        "he",
        "shall",
        "stretch",
        "out",
        "upon",
        "it",
        "the",
        "line",
        "of",
        "confusion,",
        "and",
        "the",
        "stones",
        "of",
        "emptiness."
      ],
      "header": "",
      "footer": ""
    },
    {
      "book_name": "Isaiah",
      "chapter": 34,
      "verse": 12,
      "text": [
        "They",
        "shall",
        "call",
        "the",
        "nobles",
        "thereof",
        "to",
        "the",
        "kingdom,",
        "but",
        "none",
        "*shall",
        "*be",
        "there,",
        "and",
        "all",
        "her",
        "princes",
        "shall",
        "be",
        "nothing."
      ],
      "header": "",
      "footer": ""
    },
    {
      "book_name": "Isaiah",
      "chapter": 34,
      "verse": 13,
      "text": [
        "And",
        "thorns",
        "shall",
        "come",
        "up",
        "in",
        "her",
        "palaces,",
        "nettles",
        "and",
        "brambles",
        "in",
        "the",
        "fortresses",
        "thereof:",
        "and",
        "it",
        "shall",
        "be",
        "an",
        "habitation",
        "of",
        "dragons,",
        "*and",
        "a",
        "court",
        "for",
        "owls."
      ],
      "header": "",
      "footer": ""
    },
    {
      "book_name": "Isaiah",
      "chapter": 34,
      "verse": 14,
      "text": [
        "The",
        "wild",
        "beasts",
        "of",
        "the",
        "desert",
        "shall",
        "also",
        "meet",
        "with",
        "the",
        "wild",
        "beasts",
        "of",
        "the",
        "island,",
        "and",
        "the",
        "satyr",
        "shall",
        "cry",
        "to",
        "his",
        "fellow;",
        "the",
        "screech",
        "owl",
        "also",
        "shall",
        "rest",
        "there,",
        "and",
        "find",
        "for",
        "herself",
        "a",
        "place",
        "of",
        "rest."
      ],
      "header": "",
      "footer": ""
    },
    {
      "book_name": "Isaiah",
      "chapter": 34,
      "verse": 15,
      "text": [
        "There",
        "shall",
        "the",
        "great",
        "owl",
        "make",
        "her",
        "nest,",
        "and",
        "lay,",
        "and",
        "hatch,",
        "and",
        "gather",
        "under",
        "her",
        "shadow:",
        "there",
        "shall",
        "the",
        "vultures",
        "also",
        "be",
        "gathered,",
        "every",
        "one",
        "with",
        "her",
        "mate."
      ],
      "header": "",
      "footer": ""
    },
    {
      "book_name": "Isaiah",
      "chapter": 34,
      "verse": 16,
      "text": [
        "¶",
        "Seek",
        "ye",
        "out",
        "of",
        "the",
        "book",
        "of",
        "the",
        "Lᴏʀᴅ,",
        "and",
        "read:",
        "no",
        "one",
        "of",
        "these",
        "shall",
        "fail,",
        "none",
        "shall",
        "want",
        "her",
        "mate:",
        "for",
        "my",
        "mouth",
        "it",
        "hath",
        "commanded,",
        "and",
        "his",
        "spirit",
        "it",
        "hath",
        "gathered",
        "them."
      ],
      "header": "",
      "footer": ""
    },
    {
      "book_name": "Isaiah",
      "chapter": 34,
      "verse": 17,
      "text": [
        "And",
        "he",
        "hath",
        "cast",
        "the",
        "lot",
        "for",
        "them,",
        "and",
        "his",
        "hand",
        "hath",
        "divided",
        "it",
        "unto",
        "them",
        "by",
        "line:",
        "they",
        "shall",
        "possess",
        "it",
        "for",
        "ever,",
        "from",
        "generation",
        "to",
        "generation",
        "shall",
        "they",
        "dwell",
        "therein."
      ],
      "header": "",
      "footer": ""
    }
  ]
}