{
  "book_name": "Isaiah",
  "chapter": 38,
  "verses": [
    {
      "book_name": "Isaiah",
      "chapter": 38,
      "verse": 1,
      "text": [
        "In",
        "those",
        "days",
        "was",
        "Hezekiah",
        "sick",
        "unto",
        "death.",
        "And",
        "Isaiah",
        "the",
        "prophet",
        "the",
        "son",
        "of",
        "Amoz",
        "came",
        "unto",
        "him,",
        "and",
        "said",
        "unto",
        "him,",
        "Thus",
        "saith",
        "the",
        "Lᴏʀᴅ,",
        "Set",
        "thine",
        "house",
        "in",
        "order:",
        "for",
        "thou",
        "shalt",
        "die,",
        "and",
        "not",
        "live."
      ],
      "header": "",
      "footer": ""
    },
    {
      "book_name": "Isaiah",
      "chapter": 38,
      "verse": 2,
      "text": [
        "Then",
        "Hezekiah",
        "turned",
        "his",
        "face",
        "toward",
        "the",
        "wall,",
        "and",
        "prayed",
        "unto",
        "the",
        "Lᴏʀᴅ,"
      ],
      "header": "",
      "footer": ""
    },
    {
      "book_name": "Isaiah",
      "chapter": 38,
      "verse": 3,
      "text": [
        "And",
        "said,",
        "Remember",
        "now,",
        "O",
        "Lᴏʀᴅ,",
        "I",
        "beseech",
        "thee,",
        "how",
        "I",
        "have",
        "walked",
        "before",
        "thee",
        "in",
        "truth",
        "and",
        "with",
        "a",
        "perfect",
        "heart,",
        "and",
        "have",
        "done",
        "*that",
        "*which",
        "*is",
        "good",
        "in",
        "thy",
        "sight.",
        "And",
        "Hezekiah",
        "wept",
        "sore."
      ],
      "header": "",
      "footer": ""
    },
    {
      "book_name": "Isaiah",
      "chapter": 38,
      "verse": 4,
      "text": [
        "¶",
        "Then",
        "came",
        "the",
        "word",
        "of",
        "the",
        "Lᴏʀᴅ",
        "to",
        "Isaiah,",
        "saying,"
      ],
      "header": "",
      "footer": ""
    },
    {
      "book_name": "Isaiah",
      "chapter": 38,
      "verse": 5,
      "text": [
        "Go,",
        "and",
        "say",
        "to",
        "Hezekiah,",
        "Thus",
        "saith",
        "the",
        "Lᴏʀᴅ,",
        "the",
        "God",
        "of",
        "David",
        "thy",
        "father,",
        "I",
        "have",
        "heard",
        "thy",
        "prayer,",
        "I",
        "have",
        "seen",
        "thy",
        "tears:",
        "behold,",
        "I",
        "will",
        "add",
        "unto",
        "thy",
        "days",
        "fifteen",
        "years."
      ],
      "header": "",
      "footer": ""
    },
    {
      "book_name": "Isaiah",
      "chapter": 38,
      "verse": 6,
      "text": [
        "And",
        "I",
        "will",
        "deliver",
        "thee",
        "and",
        "this",
        "city",
        "out",
        "of",
        "the",
        "hand",
        "of",
        "the",
        "king",
        "of",
        "Assyria:",
        "and",
        "I",
        "will",
        "defend",
        "this",
        "city."
      ],
      "header": "",
      "footer": ""
    },
    {
      "book_name": "Isaiah",
      "chapter": 38,
      "verse": 7,
      "text": [
        "And",
        "this",
        "*shall",
        "*be",
        "a",
        "sign",
        "unto",
        "thee",
        "from",
        "the",
        "Lᴏʀᴅ,",
        "that",
        "the",
        "Lᴏʀᴅ",
        "will",
        "do",
        "this",
        "thing",
        "that",
        "he",
        "hath",
        "spoken;"
      ],
      "header": "",
      "footer": ""
    },
    {
      "book_name": "Isaiah",
      "chapter": 38,
      "verse": 8,
      "text": [
        "Behold,",
        "I",
        "will",
        "bring",
        "again",
        "the",
        "shadow",
        "of",
        "the",
        "degrees,",
        "which",
        "is",
        "gone",
        "down",
        "in",
        "the",
        "sun",
        "dial",
        "of",
        "Ahaz,",
        "ten",
        "degrees",
        "backward.",
        "So",
        "the",
        "sun",
        "returned",
        "ten",
        "degrees,",
        "by",
        "which",
        "degrees",
        "it",
        "was",
        "gone",
        "down."
      ],
      "header": "",
      "footer": ""
    },
    {
      "book_name": "Isaiah",
      "chapter": 38,
      "verse": 9,
      "text": [
        "¶",
        "The",
        "writing",
        "of",
        "Hezekiah",
        "king",
        "of",
        "Judah,",
        "when",
        "he",
        "had",
        "been",
        "sick,",
        "and",
        "was",
        "recovered",
        "of",
        "his",
        "sickness:"
      ],
      "header": "",
      "footer": ""
    },
    {
      "book_name": "Isaiah",
      "chapter": 38,
      "verse": 10,
      "text": [
        "I",
        "said",
        "in",
        "the",
        "cutting",
        "off",
        "of",
        "my",
        "days,",
        "I",
        "shall",
        "go",
        "to",
        "the",
        "gates",
        "of",
        "the",
        "grave:",
        "I",
        "am",
        "deprived",
        "of",
        "the",
        "residue",
        "of",
        "my",
        "years."
      ],
      "header": "",
      "footer": ""
    },
    {
      "book_name": "Isaiah",
      "chapter": 38,
      "verse": 11,
      "text": [
        "I",
        "said,",
        "I",
        "shall",
        "not",
        "see",
        "the",
        "Lᴏʀᴅ,",
        "*even",
        "the",
        "Lᴏʀᴅ,",
        "in",
        "the",
        "land",
        "of",
        "the",
        "living:",
        "I",
        "shall",
        "behold",
        "man",
        "no",
        "more",
        "with",
        "the",
        "inhabitants",
        "of",
        "the",
        "world."
      ],
      "header": "",
      "footer": ""
    },
    {
      "book_name": "Isaiah",
      "chapter": 38,
      "verse": 12,
      "text": [
        "Mine",
        "age",
        "is",
        "departed,",
        "and",
        "is",
        "removed",
        "from",
        "me",
        "as",
        "a",
        "shepherd's",
        "tent:",
        "I",
        "have",
        "cut",
        "off",
        "like",
        "a",
        "weaver",
        "my",
        "life:",
        "he",
        "will",
        "cut",
        "me",
        "off",
        "with",
        "pining",
        "sickness:",
        "from",
        "day",
        "*even",
        "to",
        "night",
        "wilt",
        "thou",
        "make",
        "an",
        "end",
        "of",
        "me."
      ],
      "header": "",
      "footer": ""
    },
    {
      "book_name": "Isaiah",
      "chapter": 38,
      "verse": 13,
      "text": [
        "I",
        "reckoned",
        "till",
        "morning,",
        "*that,",
        "as",
        "a",
        "lion,",
        "so",
        "will",
        "he",
        "break",
        "all",
        "my",
        "bones:",
        "from",
        "day",
        "*even",
        "to",
        "night",
        "wilt",
        "thou",
        "make",
        "an",
        "end",
        "of",
        "me."
      ],
      "header": "",
      "footer": ""
    },
    {
      "book_name": "Isaiah",
      "chapter": 38,
      "verse": 14,
      "text": [
        "Like",
        "a",
        "crane",
        "*or",
        "a",
        "swallow,",
        "so",
        "did",
        "I",
        "chatter:",
        "I",
        "did",
        "mourn",
        "as",
        "a",
        "dove:",
        "mine",
        "eyes",
        "fail",
        "*with",
        "*looking",
        "upward:",
        "O",
        "Lᴏʀᴅ,",
        "I",
        "am",
        "oppressed;",
        "undertake",
        "for",
        "me."
      ],
      "header": "",
      "footer": ""
    },
    {
      "book_name": "Isaiah",
      "chapter": 38,
      "verse": 15,
      "text": [
        "What",
        "shall",
        "I",
        "say?",
        "he",
        "hath",
        "both",
        "spoken",
        "unto",
        "me,",
        "and",
        "himself",
        "hath",
        "done",
        "*it:",
        "I",
        "shall",
        "go",
        "softly",
        "all",
        "my",
        "years",
        "in",
        "the",
        "bitterness",
        "of",
        "my",
        "soul."
      ],
      "header": "",
      "footer": ""
    },
    {
      "book_name": "Isaiah",
      "chapter": 38,
      "verse": 16,
      "text": [
        "O",
        "Lord,",
        "by",
        "these",
        "*things",
        "*men",
        "live,",
        "and",
        "in",
        "all",
        "these",
        "*things",
        "*is",
        "the",
        "life",
        "of",
        "my",
        "spirit:",
        "so",
        "wilt",
        "thou",
        "recover",
        "me,",
        "and",
        "make",
        "me",
        "to",
        "live."
      ],
      "header": "",
      "footer": ""
    },
    {
      "book_name": "Isaiah",
      "chapter": 38,
      "verse": 17,
      "text": [
        "Behold,",
        "for",
        "peace",
        "I",
        "had",
        "great",
        "bitterness:",
        "but",
        "thou",
        "hast",
        "in",
        "love",
        "to",
        "my",
        "soul",
        "*delivered",
        "*it",
        "from",
        "the",
        "pit",
        "of",
        "corruption:",
        "for",
        "thou",
        "hast",
        "cast",
        "all",
        "my",
        "sins",
        "behind",
        "thy",
        "back."
      ],
      "header": "",
      "footer": ""
    },
    {
      "book_name": "Isaiah",
      "chapter": 38,
      "verse": 18,
      "text": [
        "For",
        "the",
        "grave",
        "cannot",
        "praise",
        "thee,",
        "death",
        "can",
        "*not",
        "celebrate",
        "thee:",
        "they",
        "that",
        "go",
        "down",
        "into",
        "the",
        "pit",
        "cannot",
        "hope",
        "for",
        "thy",
        "truth."
      ],
      "header": "",
      "footer": ""
    },
    {
      "book_name": "Isaiah",
      "chapter": 38,
      "verse": 19,
      "text": [
        "The",
        "living,",
        "the",
        "living,",
        "he",
        "shall",
        "praise",
        "thee,",
        "as",
        "I",
        "*do",
        "this",
        "day:",
        "the",
        "father",
        "to",
        "the",
        "children",
        "shall",
        "make",
        "known",
        "thy",
        "truth."
      ],
      "header": "",
      "footer": ""
    },
    {
      "book_name": "Isaiah",
      "chapter": 38,
      "verse": 20,
      "text": [
        "The",
        "Lᴏʀᴅ",
        "*was",
        "*ready",
        "to",
        "save",
        "me:",
        "therefore",
        "we",
        "will",
        "sing",
        "my",
        "songs",
        "to",
        "the",
        "stringed",
        "instruments",
        "all",
        "the",
        "days",
        "of",
        "our",
        "life",
        "in",
        "the",
        "house",
        "of",
        "the",
        "Lᴏʀᴅ."
      ],
      "header": "",
      "footer": ""
    },
    {
      "book_name": "Isaiah",
      "chapter": 38,
      "verse": 21,
      "text": [
        "For",
        "Isaiah",
        "had",
        "said,",
        "Let",
        "them",
        "take",
        "a",
        "lump",
        "of",
        "figs,",
        "and",
        "lay",
        "*it",
        "for",
        "a",
        "plaister",
        "upon",
        "the",
        "boil,",
        "and",
        "he",
        "shall",
        "recover."
      ],
      "header": "",
      "footer": ""
    },
    {
      "book_name": "Isaiah",
      "chapter": 38,
      "verse": 22,
      "text": [
        "Hezekiah",
        "also",
        "had",
        "said,",
        "What",
        "*is",
        "the",
        "sign",
        "that",
        "I",
        "shall",
        "go",
        "up",
        "to",
        "the",
        "house",
        "of",
        "the",
        "Lᴏʀᴅ?"
      ],
      "header": "",
      "footer": ""
    }
  ]
}