{
  "book_name": "Isaiah",
  "chapter": 4,
  "verses": [
    {
      "book_name": "Isaiah",
      "chapter": 4,
      "verse": 1,
      "text": [
        "And",
        "in",
        "that",
        "day",
        "seven",
        "women",
        "shall",
        "take",
        "hold",
        "of",
        "one",
        "man,",
        "saying,",
        "We",
        "will",
        "eat",
        "our",
        "own",
        "bread,",
        "and",
        "wear",
        "our",
        "own",
        "apparel:",
        "only",
        "let",
        "us",
        "be",
        "called",
        "by",
        "thy",
        "name,",
        "to",
        "take",
        "away",
        "our",
        "reproach."
      ],
      "header": "",
      "footer": ""
    },
    {
      "book_name": "Isaiah",
      "chapter": 4,
      "verse": 2,
      "text": [
        "In",
        "that",
        "day",
        "shall",
        "the",
        "branch",
        "of",
        "the",
        "Lᴏʀᴅ",
        "be",
        "beautiful",
        "and",
        "glorious,",
        "and",
        "the",
        "fruit",
        "of",
        "the",
        "earth",
        "*shall",
        "*be",
        "excellent",
        "and",
        "comely",
        "for",
        "them",
        "that",
        "are",
        "escaped",
        "of",
        "Israel."
      ],
      "header": "",
      "footer": ""
    },
    {
      "book_name": "Isaiah",
      "chapter": 4,
      "verse": 3,
      "text": [
        "And",
        "it",
        "shall",
        "come",
        "to",
        "pass,",
        "*that",
        "*he",
        "*that",
        "*is",
        "left",
        "in",
        "Zion,",
        "and",
        "*he",
        "*that",
        "remaineth",
        "in",
        "Jerusalem,",
        "shall",
        "be",
        "called",
        "holy,",
        "*even",
        "every",
        "one",
        "that",
        "is",
        "written",
        "among",
        "the",
        "living",
        "in",
        "Jerusalem:"
      ],
      "header": "",
      "footer": ""
    },
    {
      "book_name": "Isaiah",
      "chapter": 4,
      "verse": 4,
      "text": [
        "When",
        "the",
        "Lord",
        "shall",
        "have",
        "washed",
        "away",
        "the",
        "filth",
        "of",
        "the",
        "daughters",
        "of",
        "Zion,",
        "and",
        "shall",
        "have",
        "purged",
        "the",
        "blood",
        "of",
        "Jerusalem",
        "from",
        "the",
        "midst",
        "thereof",
        "by",
        "the",
        "spirit",
        "of",
        "judgment,",
        "and",
        "by",
        "the",
        "spirit",
        "of",
        "burning."
      ],
      "header": "",
      "footer": ""
    },
    {
      "book_name": "Isaiah",
      "chapter": 4,
      "verse": 5,
      "text": [
        "And",
        "the",
        "Lᴏʀᴅ",
        "will",
        "create",
        "upon",
        "every",
        "dwelling",
        "place",
        "of",
        "mount",
        "Zion,",
        "and",
        "upon",
        "her",
        "assemblies,",
        "a",
        "cloud",
        "and",
        "smoke",
        "by",
        "day,",
        "and",
        "the",
        "shining",
        "of",
        "a",
        "flaming",
        "fire",
        "by",
        "night:",
        "for",
        "upon",
        "all",
        "the",
        "glory",
        "*shall",
        "*be",
        "a",
        "defence."
      ],
      "header": "",
      "footer": ""
    },
    {
      "book_name": "Isaiah",
      "chapter": 4,
      "verse": 6,
      "text": [
        "And",
        "there",
        "shall",
        "be",
        "a",
        "tabernacle",
        "for",
        "a",
        "shadow",
        "in",
        "the",
        "daytime",
        "from",
        "the",
        "heat,",
        "and",
        "for",
        "a",
        "place",
        "of",
        "refuge,",
        "and",
        "for",
        "a",
        "covert",
        "from",
        "storm",
        "and",
        "from",
        "rain."
      ],
      "header": "",
      "footer": ""
    }
  ]
}