{
  "book_name": "Isaiah",
  "chapter": 40,
  "verses": [
    {
      "book_name": "Isaiah",
      "chapter": 40,
      "verse": 1,
      "text": [
        "Comfort",
        "ye,",
        "comfort",
        "ye",
        "my",
        "people,",
        "saith",
        "your",
        "God."
      ],
      "header": "",
      "footer": ""
    },
    {
      "book_name": "Isaiah",
      "chapter": 40,
      "verse": 2,
      "text": [
        "Speak",
        "ye",
        "comfortably",
        "to",
        "Jerusalem,",
        "and",
        "cry",
        "unto",
        "her,",
        "that",
        "her",
        "warfare",
        "is",
        "accomplished,",
        "that",
        "her",
        "iniquity",
        "is",
        "pardoned:",
        "for",
        "she",
        "hath",
        "received",
        "of",
        "the",
        "Lᴏʀᴅ's",
        "hand",
        "double",
        "for",
        "all",
        "her",
        "sins."
      ],
      "header": "",
      "footer": ""
    },
    {
      "book_name": "Isaiah",
      "chapter": 40,
      "verse": 3,
      "text": [
        "¶",
        "The",
        "voice",
        "of",
        "him",
        "that",
        "crieth",
        "in",
        "the",
        "wilderness,",
        "Prepare",
        "ye",
        "the",
        "way",
        "of",
        "the",
        "Lᴏʀᴅ,",
        "make",
        "straight",
        "in",
        "the",
        "desert",
        "a",
        "highway",
        "for",
        "our",
        "God."
      ],
      "header": "",
      "footer": ""
    },
    {
      "book_name": "Isaiah",
      "chapter": 40,
      "verse": 4,
      "text": [
        "Every",
        "valley",
        "shall",
        "be",
        "exalted,",
        "and",
        "every",
        "mountain",
        "and",
        "hill",
        "shall",
        "be",
        "made",
        "low:",
        "and",
        "the",
        "crooked",
        "shall",
        "be",
        "made",
        "straight,",
        "and",
        "the",
        "rough",
        "places",
        "plain:"
      ],
      "header": "",
      "footer": ""
    },
    {
      "book_name": "Isaiah",
      "chapter": 40,
      "verse": 5,
      "text": [
        "And",
        "the",
        "glory",
        "of",
        "the",
        "Lᴏʀᴅ",
        "shall",
        "be",
        "revealed,",
        "and",
        "all",
        "flesh",
        "shall",
        "see",
        "*it",
        "together:",
        "for",
        "the",
        "mouth",
        "of",
        "the",
        "Lᴏʀᴅ",
        "hath",
        "spoken",
        "*it."
      ],
      "header": "",
      "footer": ""
    },
    {
      "book_name": "Isaiah",
      "chapter": 40,
      "verse": 6,
      "text": [
        "The",
        "voice",
        "said,",
        "Cry.",
        "And",
        "he",
        "said,",
        "What",
        "shall",
        "I",
        "cry?",
        "All",
        "flesh",
        "*is",
        "grass,",
        "and",
        "all",
        "the",
        "goodliness",
        "thereof",
        "*is",
        "as",
        "the",
        "flower",
        "of",
        "the",
        "field:"
      ],
      "header": "",
      "footer": ""
    },
    {
      "book_name": "Isaiah",
      "chapter": 40,
      "verse": 7,
      "text": [
        "The",
        "grass",
        "withereth,",
        "the",
        "flower",
        "fadeth:",
        "because",
        "the",
        "spirit",
        "of",
        "the",
        "Lᴏʀᴅ",
        "bloweth",
        "upon",
        "it:",
        "surely",
        "the",
        "people",
        "*is",
        "grass."
      ],
      "header": "",
      "footer": ""
    },
    {
      "book_name": "Isaiah",
      "chapter": 40,
      "verse": 8,
      "text": [
        "The",
        "grass",
        "withereth,",
        "the",
        "flower",
        "fadeth:",
        "but",
        "the",
        "word",
        "of",
        "our",
        "God",
        "shall",
        "stand",
        "for",
        "ever."
      ],
      "header": "",
      "footer": ""
    },
    {
      "book_name": "Isaiah",
      "chapter": 40,
      "verse": 9,
      "text": [
        "¶",
        "O",
        "Zion,",
        "that",
        "bringest",
        "good",
        "tidings,",
        "get",
        "thee",
        "up",
        "into",
        "the",
        "high",
        "mountain;",
        "O",
        "Jerusalem,",
        "that",
        "bringest",
        "good",
        "tidings,",
        "lift",
        "up",
        "thy",
        "voice",
        "with",
        "strength;",
        "lift",
        "*it",
        "up,",
        "be",
        "not",
        "afraid;",
        "say",
        "unto",
        "the",
        "cities",
        "of",
        "Judah,",
        "Behold",
        "your",
        "God!"
      ],
      "header": "",
      "footer": ""
    },
    {
      "book_name": "Isaiah",
      "chapter": 40,
      "verse": 10,
      "text": [
        "Behold,",
        "the",
        "Lord",
        "Gᴏᴅ",
        "will",
        "come",
        "with",
        "strong",
        "*hand,",
        "and",
        "his",
        "arm",
        "shall",
        "rule",
        "for",
        "him:",
        "behold,",
        "his",
        "reward",
        "*is",
        "with",
        "him,",
        "and",
        "his",
        "work",
        "before",
        "him."
      ],
      "header": "",
      "footer": ""
    },
    {
      "book_name": "Isaiah",
      "chapter": 40,
      "verse": 11,
      "text": [
        "He",
        "shall",
        "feed",
        "his",
        "flock",
        "like",
        "a",
        "shepherd:",
        "he",
        "shall",
        "gather",
        "the",
        "lambs",
        "with",
        "his",
        "arm,",
        "and",
        "carry",
        "*them",
        "in",
        "his",
        "bosom,",
        "*and",
        "shall",
        "gently",
        "lead",
        "those",
        "that",
        "are",
        "with",
        "young."
      ],
      "header": "",
      "footer": ""
    },
    {
      "book_name": "Isaiah",
      "chapter": 40,
      "verse": 12,
      "text": [
        "¶",
        "Who",
        "hath",
        "measured",
        "the",
        "waters",
        "in",
        "the",
        "hollow",
        "of",
        "his",
        "hand,",
        "and",
        "meted",
        "out",
        "heaven",
        "with",
        "the",
        "span,",
        "and",
        "comprehended",
        "the",
        "dust",
        "of",
        "the",
        "earth",
        "in",
        "a",
        "measure,",
        "and",
        "weighed",
        "the",
        "mountains",
        "in",
        "scales,",
        "and",
        "the",
        "hills",
        "in",
        "a",
        "balance?"
      ],
      "header": "",
      "footer": ""
    },
    {
      "book_name": "Isaiah",
      "chapter": 40,
      "verse": 13,
      "text": [
        "Who",
        "hath",
        "directed",
        "the",
        "Spirit",
        "of",
        "the",
        "Lᴏʀᴅ,",
        "or",
        "*being",
        "his",
        "counseller",
        "hath",
        "taught",
        "him?"
      ],
      "header": "",
      "footer": ""
    },
    {
      "book_name": "Isaiah",
      "chapter": 40,
      "verse": 14,
      "text": [
        "With",
        "whom",
        "took",
        "he",
        "counsel,",
        "and",
        "*who",
        "instructed",
        "him,",
        "and",
        "taught",
        "him",
        "in",
        "the",
        "path",
        "of",
        "judgment,",
        "and",
        "taught",
        "him",
        "knowledge,",
        "and",
        "shewed",
        "to",
        "him",
        "the",
        "way",
        "of",
        "understanding?"
      ],
      "header": "",
      "footer": ""
    },
    {
      "book_name": "Isaiah",
      "chapter": 40,
      "verse": 15,
      "text": [
        "Behold,",
        "the",
        "nations",
        "*are",
        "as",
        "a",
        "drop",
        "of",
        "a",
        "bucket,",
        "and",
        "are",
        "counted",
        "as",
        "the",
        "small",
        "dust",
        "of",
        "the",
        "balance:",
        "behold,",
        "he",
        "taketh",
        "up",
        "the",
        "isles",
        "as",
        "a",
        "very",
        "little",
        "thing."
      ],
      "header": "",
      "footer": ""
    },
    {
      "book_name": "Isaiah",
      "chapter": 40,
      "verse": 16,
      "text": [
        "And",
        "Lebanon",
        "*is",
        "not",
        "sufficient",
        "to",
        "burn,",
        "nor",
        "the",
        "beasts",
        "thereof",
        "sufficient",
        "for",
        "a",
        "burnt",
        "offering."
      ],
      "header": "",
      "footer": ""
    },
    {
      "book_name": "Isaiah",
      "chapter": 40,
      "verse": 17,
      "text": [
        "All",
        "nations",
        "before",
        "him",
        "*are",
        "as",
        "nothing;",
        "and",
        "they",
        "are",
        "counted",
        "to",
        "him",
        "less",
        "than",
        "nothing,",
        "and",
        "vanity."
      ],
      "header": "",
      "footer": ""
    },
    {
      "book_name": "Isaiah",
      "chapter": 40,
      "verse": 18,
      "text": [
        "¶",
        "To",
        "whom",
        "then",
        "will",
        "ye",
        "liken",
        "God?",
        "or",
        "what",
        "likeness",
        "will",
        "ye",
        "compare",
        "unto",
        "him?"
      ],
      "header": "",
      "footer": ""
    },
    {
      "book_name": "Isaiah",
      "chapter": 40,
      "verse": 19,
      "text": [
        "The",
        "workman",
        "melteth",
        "a",
        "graven",
        "image,",
        "and",
        "the",
        "goldsmith",
        "spreadeth",
        "it",
        "over",
        "with",
        "gold,",
        "and",
        "casteth",
        "silver",
        "chains."
      ],
      "header": "",
      "footer": ""
    },
    {
      "book_name": "Isaiah",
      "chapter": 40,
      "verse": 20,
      "text": [
        "He",
        "that",
        "*is",
        "so",
        "impoverished",
        "that",
        "he",
        "hath",
        "no",
        "oblation",
        "chooseth",
        "a",
        "tree",
        "*that",
        "will",
        "not",
        "rot;",
        "he",
        "seeketh",
        "unto",
        "him",
        "a",
        "cunning",
        "workman",
        "to",
        "prepare",
        "a",
        "graven",
        "image,",
        "*that",
        "shall",
        "not",
        "be",
        "moved."
      ],
      "header": "",
      "footer": ""
    },
    {
      "book_name": "Isaiah",
      "chapter": 40,
      "verse": 21,
      "text": [
        "Have",
        "ye",
        "not",
        "known?",
        "have",
        "ye",
        "not",
        "heard?",
        "hath",
        "it",
        "not",
        "been",
        "told",
        "you",
        "from",
        "the",
        "beginning?",
        "have",
        "ye",
        "not",
        "understood",
        "from",
        "the",
        "foundations",
        "of",
        "the",
        "earth?"
      ],
      "header": "",
      "footer": ""
    },
    {
      "book_name": "Isaiah",
      "chapter": 40,
      "verse": 22,
      "text": [
        "*It",
        "*is",
        "he",
        "that",
        "sitteth",
        "upon",
        "the",
        "circle",
        "of",
        "the",
        "earth,",
        "and",
        "the",
        "inhabitants",
        "thereof",
        "*are",
        "as",
        "grasshoppers;",
        "that",
        "stretcheth",
        "out",
        "the",
        "heavens",
        "as",
        "a",
        "curtain,",
        "and",
        "spreadeth",
        "them",
        "out",
        "as",
        "a",
        "tent",
        "to",
        "dwell",
        "in:"
      ],
      "header": "",
      "footer": ""
    },
    {
      "book_name": "Isaiah",
      "chapter": 40,
      "verse": 23,
      "text": [
        "That",
        "bringeth",
        "the",
        "princes",
        "to",
        "nothing;",
        "he",
        "maketh",
        "the",
        "judges",
        "of",
        "the",
        "earth",
        "as",
        "vanity."
      ],
      "header": "",
      "footer": ""
    },
    {
      "book_name": "Isaiah",
      "chapter": 40,
      "verse": 24,
      "text": [
        "Yea,",
        "they",
        "shall",
        "not",
        "be",
        "planted;",
        "yea,",
        "they",
        "shall",
        "not",
        "be",
        "sown:",
        "yea,",
        "their",
        "stock",
        "shall",
        "not",
        "take",
        "root",
        "in",
        "the",
        "earth:",
        "and",
        "he",
        "shall",
        "also",
        "blow",
        "upon",
        "them,",
        "and",
        "they",
        "shall",
        "wither,",
        "and",
        "the",
        "whirlwind",
        "shall",
        "take",
        "them",
        "away",
        "as",
        "stubble."
      ],
      "header": "",
      "footer": ""
    },
    {
      "book_name": "Isaiah",
      "chapter": 40,
      "verse": 25,
      "text": [
        "To",
        "whom",
        "then",
        "will",
        "ye",
        "liken",
        "me,",
        "or",
        "shall",
        "I",
        "be",
        "equal?",
        "saith",
        "the",
        "Holy",
        "One."
      ],
      "header": "",
      "footer": ""
    },
    {
      "book_name": "Isaiah",
      "chapter": 40,
      "verse": 26,
      "text": [
        "Lift",
        "up",
        "your",
        "eyes",
        "on",
        "high,",
        "and",
        "behold",
        "who",
        "hath",
        "created",
        "these",
        "*things,",
        "that",
        "bringeth",
        "out",
        "their",
        "host",
        "by",
        "number:",
        "he",
        "calleth",
        "them",
        "all",
        "by",
        "names",
        "by",
        "the",
        "greatness",
        "of",
        "his",
        "might,",
        "for",
        "that",
        "*he",
        "*is",
        "strong",
        "in",
        "power;",
        "not",
        "one",
        "faileth."
      ],
      "header": "",
      "footer": ""
    },
    {
      "book_name": "Isaiah",
      "chapter": 40,
      "verse": 27,
      "text": [
        "Why",
        "sayest",
        "thou,",
        "O",
        "Jacob,",
        "and",
        "speakest,",
        "O",
        "Israel,",
        "My",
        "way",
        "is",
        "hid",
        "from",
        "the",
        "Lᴏʀᴅ,",
        "and",
        "my",
        "judgment",
        "is",
        "passed",
        "over",
        "from",
        "my",
        "God?"
      ],
      "header": "",
      "footer": ""
    },
    {
      "book_name": "Isaiah",
      "chapter": 40,
      "verse": 28,
      "text": [
        "¶",
        "Hast",
        "thou",
        "not",
        "known?",
        "hast",
        "thou",
        "not",
        "heard,",
        "*that",
        "the",
        "everlasting",
        "God,",
        "the",
        "Lᴏʀᴅ,",
        "the",
        "Creator",
        "of",
        "the",
        "ends",
        "of",
        "the",
        "earth,",
        "fainteth",
        "not,",
        "neither",
        "is",
        "weary?",
        "*there",
        "*is",
        "no",
        "searching",
        "of",
        "his",
        "understanding."
      ],
      "header": "",
      "footer": ""
    },
    {
      "book_name": "Isaiah",
      "chapter": 40,
      "verse": 29,
      "text": [
        "He",
        "giveth",
        "power",
        "to",
        "the",
        "faint;",
        "and",
        "to",
        "*them",
        "*that",
        "*have",
        "no",
        "might",
        "he",
        "increaseth",
        "strength."
      ],
      "header": "",
      "footer": ""
    },
    {
      "book_name": "Isaiah",
      "chapter": 40,
      "verse": 30,
      "text": [
        "Even",
        "the",
        "youths",
        "shall",
        "faint",
        "and",
        "be",
        "weary,",
        "and",
        "the",
        "young",
        "men",
        "shall",
        "utterly",
        "fall:"
      ],
      "header": "",
      "footer": ""
    },
    {
      "book_name": "Isaiah",
      "chapter": 40,
      "verse": 31,
      "text": [
        "But",
        "they",
        "that",
        "wait",
        "upon",
        "the",
        "Lᴏʀᴅ",
        "shall",
        "renew",
        "*their",
        "strength;",
        "they",
        "shall",
        "mount",
        "up",
        "with",
        "wings",
        "as",
        "eagles;",
        "they",
        "shall",
        "run,",
        "and",
        "not",
        "be",
        "weary;",
        "*and",
        "they",
        "shall",
        "walk,",
        "and",
        "not",
        "faint."
      ],
      "header": "",
      "footer": ""
    }
  ]
}