{
  "book_name": "Isaiah",
  "chapter": 41,
  "verses": [
    {
      "book_name": "Isaiah",
      "chapter": 41,
      "verse": 1,
      "text": [
        "Keep",
        "silence",
        "before",
        "me,",
        "O",
        "islands;",
        "and",
        "let",
        "the",
        "people",
        "renew",
        "*their",
        "strength:",
        "let",
        "them",
        "come",
        "near;",
        "then",
        "let",
        "them",
        "speak:",
        "let",
        "us",
        "come",
        "near",
        "together",
        "to",
        "judgment."
      ],
      "header": "",
      "footer": ""
    },
    {
      "book_name": "Isaiah",
      "chapter": 41,
      "verse": 2,
      "text": [
        "Who",
        "raised",
        "up",
        "the",
        "righteous",
        "*man",
        "from",
        "the",
        "east,",
        "called",
        "him",
        "to",
        "his",
        "foot,",
        "gave",
        "the",
        "nations",
        "before",
        "him,",
        "and",
        "made",
        "*him",
        "rule",
        "over",
        "kings?",
        "he",
        "gave",
        "*them",
        "as",
        "the",
        "dust",
        "to",
        "his",
        "sword,",
        "*and",
        "as",
        "driven",
        "stubble",
        "to",
        "his",
        "bow."
      ],
      "header": "",
      "footer": ""
    },
    {
      "book_name": "Isaiah",
      "chapter": 41,
      "verse": 3,
      "text": [
        "He",
        "pursued",
        "them,",
        "*and",
        "passed",
        "safely;",
        "*even",
        "by",
        "the",
        "way",
        "*that",
        "he",
        "had",
        "not",
        "gone",
        "with",
        "his",
        "feet."
      ],
      "header": "",
      "footer": ""
    },
    {
      "book_name": "Isaiah",
      "chapter": 41,
      "verse": 4,
      "text": [
        "Who",
        "hath",
        "wrought",
        "and",
        "done",
        "*it,",
        "calling",
        "the",
        "generations",
        "from",
        "the",
        "beginning?",
        "I",
        "the",
        "Lᴏʀᴅ,",
        "the",
        "first,",
        "and",
        "with",
        "the",
        "last;",
        "I",
        "*am",
        "he."
      ],
      "header": "",
      "footer": ""
    },
    {
      "book_name": "Isaiah",
      "chapter": 41,
      "verse": 5,
      "text": [
        "The",
        "isles",
        "saw",
        "*it,",
        "and",
        "feared;",
        "the",
        "ends",
        "of",
        "the",
        "earth",
        "were",
        "afraid,",
        "drew",
        "near,",
        "and",
        "came."
      ],
      "header": "",
      "footer": ""
    },
    {
      "book_name": "Isaiah",
      "chapter": 41,
      "verse": 6,
      "text": [
        "They",
        "helped",
        "every",
        "one",
        "his",
        "neighbour;",
        "and",
        "*every",
        "*one",
        "said",
        "to",
        "his",
        "brother,",
        "Be",
        "of",
        "good",
        "courage."
      ],
      "header": "",
      "footer": ""
    },
    {
      "book_name": "Isaiah",
      "chapter": 41,
      "verse": 7,
      "text": [
        "So",
        "the",
        "carpenter",
        "encouraged",
        "the",
        "goldsmith,",
        "*and",
        "he",
        "that",
        "smootheth",
        "*with",
        "the",
        "hammer",
        "him",
        "that",
        "smote",
        "the",
        "anvil,",
        "saying,",
        "It",
        "*is",
        "ready",
        "for",
        "the",
        "sodering:",
        "and",
        "he",
        "fastened",
        "it",
        "with",
        "nails,",
        "*that",
        "it",
        "should",
        "not",
        "be",
        "moved."
      ],
      "header": "",
      "footer": ""
    },
    {
      "book_name": "Isaiah",
      "chapter": 41,
      "verse": 8,
      "text": [
        "But",
        "thou,",
        "Israel,",
        "*art",
        "my",
        "servant,",
        "Jacob",
        "whom",
        "I",
        "have",
        "chosen,",
        "the",
        "seed",
        "of",
        "Abraham",
        "my",
        "friend."
      ],
      "header": "",
      "footer": ""
    },
    {
      "book_name": "Isaiah",
      "chapter": 41,
      "verse": 9,
      "text": [
        "*Thou",
        "whom",
        "I",
        "have",
        "taken",
        "from",
        "the",
        "ends",
        "of",
        "the",
        "earth,",
        "and",
        "called",
        "thee",
        "from",
        "the",
        "chief",
        "men",
        "thereof,",
        "and",
        "said",
        "unto",
        "thee,",
        "Thou",
        "*art",
        "my",
        "servant;",
        "I",
        "have",
        "chosen",
        "thee,",
        "and",
        "not",
        "cast",
        "thee",
        "away."
      ],
      "header": "",
      "footer": ""
    },
    {
      "book_name": "Isaiah",
      "chapter": 41,
      "verse": 10,
      "text": [
        "¶",
        "Fear",
        "thou",
        "not;",
        "for",
        "I",
        "*am",
        "with",
        "thee:",
        "be",
        "not",
        "dismayed;",
        "for",
        "I",
        "*am",
        "thy",
        "God:",
        "I",
        "will",
        "strengthen",
        "thee;",
        "yea,",
        "I",
        "will",
        "help",
        "thee;",
        "yea,",
        "I",
        "will",
        "uphold",
        "thee",
        "with",
        "the",
        "right",
        "hand",
        "of",
        "my",
        "righteousness."
      ],
      "header": "",
      "footer": ""
    },
    {
      "book_name": "Isaiah",
      "chapter": 41,
      "verse": 11,
      "text": [
        "Behold,",
        "all",
        "they",
        "that",
        "were",
        "incensed",
        "against",
        "thee",
        "shall",
        "be",
        "ashamed",
        "and",
        "confounded:",
        "they",
        "shall",
        "be",
        "as",
        "nothing;",
        "and",
        "they",
        "that",
        "strive",
        "with",
        "thee",
        "shall",
        "perish."
      ],
      "header": "",
      "footer": ""
    },
    {
      "book_name": "Isaiah",
      "chapter": 41,
      "verse": 12,
      "text": [
        "Thou",
        "shalt",
        "seek",
        "them,",
        "and",
        "shalt",
        "not",
        "find",
        "them,",
        "*even",
        "them",
        "that",
        "contended",
        "with",
        "thee:",
        "they",
        "that",
        "war",
        "against",
        "thee",
        "shall",
        "be",
        "as",
        "nothing,",
        "and",
        "as",
        "a",
        "thing",
        "of",
        "nought."
      ],
      "header": "",
      "footer": ""
    },
    {
      "book_name": "Isaiah",
      "chapter": 41,
      "verse": 13,
      "text": [
        "For",
        "I",
        "the",
        "Lᴏʀᴅ",
        "thy",
        "God",
        "will",
        "hold",
        "thy",
        "right",
        "hand,",
        "saying",
        "unto",
        "thee,",
        "Fear",
        "not;",
        "I",
        "will",
        "help",
        "thee."
      ],
      "header": "",
      "footer": ""
    },
    {
      "book_name": "Isaiah",
      "chapter": 41,
      "verse": 14,
      "text": [
        "Fear",
        "not,",
        "thou",
        "worm",
        "Jacob,",
        "*and",
        "ye",
        "men",
        "of",
        "Israel;",
        "I",
        "will",
        "help",
        "thee,",
        "saith",
        "the",
        "Lᴏʀᴅ,",
        "and",
        "thy",
        "redeemer,",
        "the",
        "Holy",
        "One",
        "of",
        "Israel."
      ],
      "header": "",
      "footer": ""
    },
    {
      "book_name": "Isaiah",
      "chapter": 41,
      "verse": 15,
      "text": [
        "Behold,",
        "I",
        "will",
        "make",
        "thee",
        "a",
        "new",
        "sharp",
        "threshing",
        "instrument",
        "having",
        "teeth:",
        "thou",
        "shalt",
        "thresh",
        "the",
        "mountains,",
        "and",
        "beat",
        "*them",
        "small,",
        "and",
        "shalt",
        "make",
        "the",
        "hills",
        "as",
        "chaff."
      ],
      "header": "",
      "footer": ""
    },
    {
      "book_name": "Isaiah",
      "chapter": 41,
      "verse": 16,
      "text": [
        "Thou",
        "shalt",
        "fan",
        "them,",
        "and",
        "the",
        "wind",
        "shall",
        "carry",
        "them",
        "away,",
        "and",
        "the",
        "whirlwind",
        "shall",
        "scatter",
        "them:",
        "and",
        "thou",
        "shalt",
        "rejoice",
        "in",
        "the",
        "Lᴏʀᴅ,",
        "*and",
        "shalt",
        "glory",
        "in",
        "the",
        "Holy",
        "One",
        "of",
        "Israel."
      ],
      "header": "",
      "footer": ""
    },
    {
      "book_name": "Isaiah",
      "chapter": 41,
      "verse": 17,
      "text": [
        "*When",
        "the",
        "poor",
        "and",
        "needy",
        "seek",
        "water,",
        "and",
        "*there",
        "*is",
        "none,",
        "*and",
        "their",
        "tongue",
        "faileth",
        "for",
        "thirst,",
        "I",
        "the",
        "Lᴏʀᴅ",
        "will",
        "hear",
        "them,",
        "*I",
        "the",
        "God",
        "of",
        "Israel",
        "will",
        "not",
        "forsake",
        "them."
      ],
      "header": "",
      "footer": ""
    },
    {
      "book_name": "Isaiah",
      "chapter": 41,
      "verse": 18,
      "text": [
        "I",
        "will",
        "open",
        "rivers",
        "in",
        "high",
        "places,",
        "and",
        "fountains",
        "in",
        "the",
        "midst",
        "of",
        "the",
        "valleys:",
        "I",
        "will",
        "make",
        "the",
        "wilderness",
        "a",
        "pool",
        "of",
        "water,",
        "and",
        "the",
        "dry",
        "land",
        "springs",
        "of",
        "water."
      ],
      "header": "",
      "footer": ""
    },
    {
      "book_name": "Isaiah",
      "chapter": 41,
      "verse": 19,
      "text": [
        "I",
        "will",
        "plant",
        "in",
        "the",
        "wilderness",
        "the",
        "cedar,",
        "the",
        "shittah",
        "tree,",
        "and",
        "the",
        "myrtle,",
        "and",
        "the",
        "oil",
        "tree;",
        "I",
        "will",
        "set",
        "in",
        "the",
        "desert",
        "the",
        "fir",
        "tree,",
        "*and",
        "the",
        "pine,",
        "and",
        "the",
        "box",
        "tree",
        "together:"
      ],
      "header": "",
      "footer": ""
    },
    {
      "book_name": "Isaiah",
      "chapter": 41,
      "verse": 20,
      "text": [
        "That",
        "they",
        "may",
        "see,",
        "and",
        "know,",
        "and",
        "consider,",
        "and",
        "understand",
        "together,",
        "that",
        "the",
        "hand",
        "of",
        "the",
        "Lᴏʀᴅ",
        "hath",
        "done",
        "this,",
        "and",
        "the",
        "Holy",
        "One",
        "of",
        "Israel",
        "hath",
        "created",
        "it."
      ],
      "header": "",
      "footer": ""
    },
    {
      "book_name": "Isaiah",
      "chapter": 41,
      "verse": 21,
      "text": [
        "Produce",
        "your",
        "cause,",
        "saith",
        "the",
        "Lᴏʀᴅ;",
        "bring",
        "forth",
        "your",
        "strong",
        "*reasons,",
        "saith",
        "the",
        "King",
        "of",
        "Jacob."
      ],
      "header": "",
      "footer": ""
    },
    {
      "book_name": "Isaiah",
      "chapter": 41,
      "verse": 22,
      "text": [
        "Let",
        "them",
        "bring",
        "*them",
        "forth,",
        "and",
        "shew",
        "us",
        "what",
        "shall",
        "happen:",
        "let",
        "them",
        "shew",
        "the",
        "former",
        "things,",
        "what",
        "they",
        "*be,",
        "that",
        "we",
        "may",
        "consider",
        "them,",
        "and",
        "know",
        "the",
        "latter",
        "end",
        "of",
        "them;",
        "or",
        "declare",
        "us",
        "things",
        "for",
        "to",
        "come."
      ],
      "header": "",
      "footer": ""
    },
    {
      "book_name": "Isaiah",
      "chapter": 41,
      "verse": 23,
      "text": [
        "Shew",
        "the",
        "things",
        "that",
        "are",
        "to",
        "come",
        "hereafter,",
        "that",
        "we",
        "may",
        "know",
        "that",
        "ye",
        "*are",
        "gods:",
        "yea,",
        "do",
        "good,",
        "or",
        "do",
        "evil,",
        "that",
        "we",
        "may",
        "be",
        "dismayed,",
        "and",
        "behold",
        "*it",
        "together."
      ],
      "header": "",
      "footer": ""
    },
    {
      "book_name": "Isaiah",
      "chapter": 41,
      "verse": 24,
      "text": [
        "Behold,",
        "ye",
        "*are",
        "of",
        "nothing,",
        "and",
        "your",
        "work",
        "of",
        "nought:",
        "an",
        "abomination",
        "*is",
        "*he",
        "*that",
        "chooseth",
        "you."
      ],
      "header": "",
      "footer": ""
    },
    {
      "book_name": "Isaiah",
      "chapter": 41,
      "verse": 25,
      "text": [
        "I",
        "have",
        "raised",
        "up",
        "*one",
        "from",
        "the",
        "north,",
        "and",
        "he",
        "shall",
        "come:",
        "from",
        "the",
        "rising",
        "of",
        "the",
        "sun",
        "shall",
        "he",
        "call",
        "upon",
        "my",
        "name:",
        "and",
        "he",
        "shall",
        "come",
        "upon",
        "princes",
        "as",
        "*upon",
        "morter,",
        "and",
        "as",
        "the",
        "potter",
        "treadeth",
        "clay."
      ],
      "header": "",
      "footer": ""
    },
    {
      "book_name": "Isaiah",
      "chapter": 41,
      "verse": 26,
      "text": [
        "Who",
        "hath",
        "declared",
        "from",
        "the",
        "beginning,",
        "that",
        "we",
        "may",
        "know?",
        "and",
        "beforetime,",
        "that",
        "we",
        "may",
        "say,",
        "*He",
        "*is",
        "righteous?",
        "yea,",
        "*there",
        "*is",
        "none",
        "that",
        "sheweth,",
        "yea,",
        "*there",
        "*is",
        "none",
        "that",
        "declareth,",
        "yea,",
        "*there",
        "*is",
        "none",
        "that",
        "heareth",
        "your",
        "words."
      ],
      "header": "",
      "footer": ""
    },
    {
      "book_name": "Isaiah",
      "chapter": 41,
      "verse": 27,
      "text": [
        "The",
        "first",
        "*shall",
        "*say",
        "to",
        "Zion,",
        "Behold,",
        "behold",
        "them:",
        "and",
        "I",
        "will",
        "give",
        "to",
        "Jerusalem",
        "one",
        "that",
        "bringeth",
        "good",
        "tidings."
      ],
      "header": "",
      "footer": ""
    },
    {
      "book_name": "Isaiah",
      "chapter": 41,
      "verse": 28,
      "text": [
        "For",
        "I",
        "beheld,",
        "and",
        "*there",
        "*was",
        "no",
        "man;",
        "even",
        "among",
        "them,",
        "and",
        "*there",
        "*was",
        "no",
        "counseller,",
        "that,",
        "when",
        "I",
        "asked",
        "of",
        "them,",
        "could",
        "answer",
        "a",
        "word."
      ],
      "header": "",
      "footer": ""
    },
    {
      "book_name": "Isaiah",
      "chapter": 41,
      "verse": 29,
      "text": [
        "Behold,",
        "they",
        "*are",
        "all",
        "vanity;",
        "their",
        "works",
        "*are",
        "nothing:",
        "their",
        "molten",
        "images",
        "*are",
        "wind",
        "and",
        "confusion."
      ],
      "header": "",
      "footer": ""
    }
  ]
}