{
  "book_name": "Isaiah",
  "chapter": 45,
  "verses": [
    {
      "book_name": "Isaiah",
      "chapter": 45,
      "verse": 1,
      "text": [
        "Thus",
        "saith",
        "the",
        "Lᴏʀᴅ",
        "to",
        "his",
        "anointed,",
        "to",
        "Cyrus,",
        "whose",
        "right",
        "hand",
        "I",
        "have",
        "holden,",
        "to",
        "subdue",
        "nations",
        "before",
        "him;",
        "and",
        "I",
        "will",
        "loose",
        "the",
        "loins",
        "of",
        "kings,",
        "to",
        "open",
        "before",
        "him",
        "the",
        "two",
        "leaved",
        "gates;",
        "and",
        "the",
        "gates",
        "shall",
        "not",
        "be",
        "shut;"
      ],
      "header": "",
      "footer": ""
    },
    {
      "book_name": "Isaiah",
      "chapter": 45,
      "verse": 2,
      "text": [
        "I",
        "will",
        "go",
        "before",
        "thee,",
        "and",
        "make",
        "the",
        "crooked",
        "places",
        "straight:",
        "I",
        "will",
        "break",
        "in",
        "pieces",
        "the",
        "gates",
        "of",
        "brass,",
        "and",
        "cut",
        "in",
        "sunder",
        "the",
        "bars",
        "of",
        "iron:"
      ],
      "header": "",
      "footer": ""
    },
    {
      "book_name": "Isaiah",
      "chapter": 45,
      "verse": 3,
      "text": [
        "And",
        "I",
        "will",
        "give",
        "thee",
        "the",
        "treasures",
        "of",
        "darkness,",
        "and",
        "hidden",
        "riches",
        "of",
        "secret",
        "places,",
        "that",
        "thou",
        "mayest",
        "know",
        "that",
        "I,",
        "the",
        "Lᴏʀᴅ,",
        "which",
        "call",
        "*thee",
        "by",
        "thy",
        "name,",
        "*am",
        "the",
        "God",
        "of",
        "Israel."
      ],
      "header": "",
      "footer": ""
    },
    {
      "book_name": "Isaiah",
      "chapter": 45,
      "verse": 4,
      "text": [
        "For",
        "Jacob",
        "my",
        "servant's",
        "sake,",
        "and",
        "Israel",
        "mine",
        "elect,",
        "I",
        "have",
        "even",
        "called",
        "thee",
        "by",
        "thy",
        "name:",
        "I",
        "have",
        "surnamed",
        "thee,",
        "though",
        "thou",
        "hast",
        "not",
        "known",
        "me."
      ],
      "header": "",
      "footer": ""
    },
    {
      "book_name": "Isaiah",
      "chapter": 45,
      "verse": 5,
      "text": [
        "¶",
        "I",
        "*am",
        "the",
        "Lᴏʀᴅ,",
        "and",
        "*there",
        "*is",
        "none",
        "else,",
        "*there",
        "*is",
        "no",
        "God",
        "beside",
        "me:",
        "I",
        "girded",
        "thee,",
        "though",
        "thou",
        "hast",
        "not",
        "known",
        "me:"
      ],
      "header": "",
      "footer": ""
    },
    {
      "book_name": "Isaiah",
      "chapter": 45,
      "verse": 6,
      "text": [
        "That",
        "they",
        "may",
        "know",
        "from",
        "the",
        "rising",
        "of",
        "the",
        "sun,",
        "and",
        "from",
        "the",
        "west,",
        "that",
        "*there",
        "*is",
        "none",
        "beside",
        "me.",
        "I",
        "*am",
        "the",
        "Lᴏʀᴅ,",
        "and",
        "*there",
        "*is",
        "none",
        "else."
      ],
      "header": "",
      "footer": ""
    },
    {
      "book_name": "Isaiah",
      "chapter": 45,
      "verse": 7,
      "text": [
        "I",
        "form",
        "the",
        "light,",
        "and",
        "create",
        "darkness:",
        "I",
        "make",
        "peace,",
        "and",
        "create",
        "evil:",
        "I",
        "the",
        "Lᴏʀᴅ",
        "do",
        "all",
        "these",
        "*things."
      ],
      "header": "",
      "footer": ""
    },
    {
      "book_name": "Isaiah",
      "chapter": 45,
      "verse": 8,
      "text": [
        "Drop",
        "down,",
        "ye",
        "heavens,",
        "from",
        "above,",
        "and",
        "let",
        "the",
        "skies",
        "pour",
        "down",
        "righteousness:",
        "let",
        "the",
        "earth",
        "open,",
        "and",
        "let",
        "them",
        "bring",
        "forth",
        "salvation,",
        "and",
        "let",
        "righteousness",
        "spring",
        "up",
        "together;",
        "I",
        "the",
        "Lᴏʀᴅ",
        "have",
        "created",
        "it."
      ],
      "header": "",
      "footer": ""
    },
    {
      "book_name": "Isaiah",
      "chapter": 45,
      "verse": 9,
      "text": [
        "Woe",
        "unto",
        "him",
        "that",
        "striveth",
        "with",
        "his",
        "Maker!",
        "*Let",
        "the",
        "potsherd",
        "*strive",
        "with",
        "the",
        "potsherds",
        "of",
        "the",
        "earth.",
        "Shall",
        "the",
        "clay",
        "say",
        "to",
        "him",
        "that",
        "fashioneth",
        "it,",
        "What",
        "makest",
        "thou?",
        "or",
        "thy",
        "work,",
        "He",
        "hath",
        "no",
        "hands?"
      ],
      "header": "",
      "footer": ""
    },
    {
      "book_name": "Isaiah",
      "chapter": 45,
      "verse": 10,
      "text": [
        "Woe",
        "unto",
        "him",
        "that",
        "saith",
        "unto",
        "*his",
        "father,",
        "What",
        "begettest",
        "thou?",
        "or",
        "to",
        "the",
        "woman,",
        "What",
        "hast",
        "thou",
        "brought",
        "forth?"
      ],
      "header": "",
      "footer": ""
    },
    {
      "book_name": "Isaiah",
      "chapter": 45,
      "verse": 11,
      "text": [
        "Thus",
        "saith",
        "the",
        "Lᴏʀᴅ,",
        "the",
        "Holy",
        "One",
        "of",
        "Israel,",
        "and",
        "his",
        "Maker,",
        "Ask",
        "me",
        "of",
        "things",
        "to",
        "come",
        "concerning",
        "my",
        "sons,",
        "and",
        "concerning",
        "the",
        "work",
        "of",
        "my",
        "hands",
        "command",
        "ye",
        "me."
      ],
      "header": "",
      "footer": ""
    },
    {
      "book_name": "Isaiah",
      "chapter": 45,
      "verse": 12,
      "text": [
        "I",
        "have",
        "made",
        "the",
        "earth,",
        "and",
        "created",
        "man",
        "upon",
        "it:",
        "I,",
        "*even",
        "my",
        "hands,",
        "have",
        "stretched",
        "out",
        "the",
        "heavens,",
        "and",
        "all",
        "their",
        "host",
        "have",
        "I",
        "commanded."
      ],
      "header": "",
      "footer": ""
    },
    {
      "book_name": "Isaiah",
      "chapter": 45,
      "verse": 13,
      "text": [
        "I",
        "have",
        "raised",
        "him",
        "up",
        "in",
        "righteousness,",
        "and",
        "I",
        "will",
        "direct",
        "all",
        "his",
        "ways:",
        "he",
        "shall",
        "build",
        "my",
        "city,",
        "and",
        "he",
        "shall",
        "let",
        "go",
        "my",
        "captives,",
        "not",
        "for",
        "price",
        "nor",
        "reward,",
        "saith",
        "the",
        "Lᴏʀᴅ",
        "of",
        "hosts."
      ],
      "header": "",
      "footer": ""
    },
    {
      "book_name": "Isaiah",
      "chapter": 45,
      "verse": 14,
      "text": [
        "Thus",
        "saith",
        "the",
        "Lᴏʀᴅ,",
        "The",
        "labour",
        "of",
        "Egypt,",
        "and",
        "merchandise",
        "of",
        "Ethiopia",
        "and",
        "of",
        "the",
        "Sabeans,",
        "men",
        "of",
        "stature,",
        "shall",
        "come",
        "over",
        "unto",
        "thee,",
        "and",
        "they",
        "shall",
        "be",
        "thine:",
        "they",
        "shall",
        "come",
        "after",
        "thee;",
        "in",
        "chains",
        "they",
        "shall",
        "come",
        "over,",
        "and",
        "they",
        "shall",
        "fall",
        "down",
        "unto",
        "thee,",
        "they",
        "shall",
        "make",
        "supplication",
        "unto",
        "thee,",
        "*saying,",
        "Surely",
        "God",
        "*is",
        "in",
        "thee;",
        "and",
        "*there",
        "*is",
        "none",
        "else,",
        "*there",
        "*is",
        "no",
        "God."
      ],
      "header": "",
      "footer": ""
    },
    {
      "book_name": "Isaiah",
      "chapter": 45,
      "verse": 15,
      "text": [
        "Verily",
        "thou",
        "*art",
        "a",
        "God",
        "that",
        "hidest",
        "thyself,",
        "O",
        "God",
        "of",
        "Israel,",
        "the",
        "Saviour."
      ],
      "header": "",
      "footer": ""
    },
    {
      "book_name": "Isaiah",
      "chapter": 45,
      "verse": 16,
      "text": [
        "They",
        "shall",
        "be",
        "ashamed,",
        "and",
        "also",
        "confounded,",
        "all",
        "of",
        "them:",
        "they",
        "shall",
        "go",
        "to",
        "confusion",
        "together",
        "*that",
        "*are",
        "makers",
        "of",
        "idols."
      ],
      "header": "",
      "footer": ""
    },
    {
      "book_name": "Isaiah",
      "chapter": 45,
      "verse": 17,
      "text": [
        "*But",
        "Israel",
        "shall",
        "be",
        "saved",
        "in",
        "the",
        "Lᴏʀᴅ",
        "with",
        "an",
        "everlasting",
        "salvation:",
        "ye",
        "shall",
        "not",
        "be",
        "ashamed",
        "nor",
        "confounded",
        "world",
        "without",
        "end."
      ],
      "header": "",
      "footer": ""
    },
    {
      "book_name": "Isaiah",
      "chapter": 45,
      "verse": 18,
      "text": [
        "For",
        "thus",
        "saith",
        "the",
        "Lᴏʀᴅ",
        "that",
        "created",
        "the",
        "heavens;",
        "God",
        "himself",
        "that",
        "formed",
        "the",
        "earth",
        "and",
        "made",
        "it;",
        "he",
        "hath",
        "established",
        "it,",
        "he",
        "created",
        "it",
        "not",
        "in",
        "vain,",
        "he",
        "formed",
        "it",
        "to",
        "be",
        "inhabited:",
        "I",
        "*am",
        "the",
        "Lᴏʀᴅ;",
        "and",
        "*there",
        "*is",
        "none",
        "else."
      ],
      "header": "",
      "footer": ""
    },
    {
      "book_name": "Isaiah",
      "chapter": 45,
      "verse": 19,
      "text": [
        "I",
        "have",
        "not",
        "spoken",
        "in",
        "secret,",
        "in",
        "a",
        "dark",
        "place",
        "of",
        "the",
        "earth:",
        "I",
        "said",
        "not",
        "unto",
        "the",
        "seed",
        "of",
        "Jacob,",
        "Seek",
        "ye",
        "me",
        "in",
        "vain:",
        "I",
        "the",
        "Lᴏʀᴅ",
        "speak",
        "righteousness,",
        "I",
        "declare",
        "things",
        "that",
        "are",
        "right."
      ],
      "header": "",
      "footer": ""
    },
    {
      "book_name": "Isaiah",
      "chapter": 45,
      "verse": 20,
      "text": [
        "¶",
        "Assemble",
        "yourselves",
        "and",
        "come;",
        "draw",
        "near",
        "together,",
        "ye",
        "*that",
        "*are",
        "escaped",
        "of",
        "the",
        "nations:",
        "they",
        "have",
        "no",
        "knowledge",
        "that",
        "set",
        "up",
        "the",
        "wood",
        "of",
        "their",
        "graven",
        "image,",
        "and",
        "pray",
        "unto",
        "a",
        "god",
        "*that",
        "cannot",
        "save."
      ],
      "header": "",
      "footer": ""
    },
    {
      "book_name": "Isaiah",
      "chapter": 45,
      "verse": 21,
      "text": [
        "Tell",
        "ye,",
        "and",
        "bring",
        "*them",
        "near;",
        "yea,",
        "let",
        "them",
        "take",
        "counsel",
        "together:",
        "who",
        "hath",
        "declared",
        "this",
        "from",
        "ancient",
        "time?",
        "*who",
        "hath",
        "told",
        "it",
        "from",
        "that",
        "time?",
        "*have",
        "not",
        "I",
        "the",
        "Lᴏʀᴅ?",
        "and",
        "*there",
        "*is",
        "no",
        "God",
        "else",
        "beside",
        "me;",
        "a",
        "just",
        "God",
        "and",
        "a",
        "Saviour;",
        "*there",
        "*is",
        "none",
        "beside",
        "me."
      ],
      "header": "",
      "footer": ""
    },
    {
      "book_name": "Isaiah",
      "chapter": 45,
      "verse": 22,
      "text": [
        "Look",
        "unto",
        "me,",
        "and",
        "be",
        "ye",
        "saved,",
        "all",
        "the",
        "ends",
        "of",
        "the",
        "earth:",
        "for",
        "I",
        "*am",
        "God,",
        "and",
        "*there",
        "*is",
        "none",
        "else."
      ],
      "header": "",
      "footer": ""
    },
    {
      "book_name": "Isaiah",
      "chapter": 45,
      "verse": 23,
      "text": [
        "I",
        "have",
        "sworn",
        "by",
        "myself,",
        "the",
        "word",
        "is",
        "gone",
        "out",
        "of",
        "my",
        "mouth",
        "*in",
        "righteousness,",
        "and",
        "shall",
        "not",
        "return,",
        "That",
        "unto",
        "me",
        "every",
        "knee",
        "shall",
        "bow,",
        "every",
        "tongue",
        "shall",
        "swear."
      ],
      "header": "",
      "footer": ""
    },
    {
      "book_name": "Isaiah",
      "chapter": 45,
      "verse": 24,
      "text": [
        "Surely,",
        "shall",
        "*one",
        "say,",
        "in",
        "the",
        "Lᴏʀᴅ",
        "have",
        "I",
        "righteousness",
        "and",
        "strength:",
        "*even",
        "to",
        "him",
        "shall",
        "*men",
        "come;",
        "and",
        "all",
        "that",
        "are",
        "incensed",
        "against",
        "him",
        "shall",
        "be",
        "ashamed."
      ],
      "header": "",
      "footer": ""
    },
    {
      "book_name": "Isaiah",
      "chapter": 45,
      "verse": 25,
      "text": [
        "In",
        "the",
        "Lᴏʀᴅ",
        "shall",
        "all",
        "the",
        "seed",
        "of",
        "Israel",
        "be",
        "justified,",
        "and",
        "shall",
        "glory."
      ],
      "header": "",
      "footer": ""
    }
  ]
}