{
  "book_name": "Isaiah",
  "chapter": 50,
  "verses": [
    {
      "book_name": "Isaiah",
      "chapter": 50,
      "verse": 1,
      "text": [
        "Thus",
        "saith",
        "the",
        "Lᴏʀᴅ,",
        "Where",
        "*is",
        "the",
        "bill",
        "of",
        "your",
        "mother's",
        "divorcement,",
        "whom",
        "I",
        "have",
        "put",
        "away?",
        "or",
        "which",
        "of",
        "my",
        "creditors",
        "*is",
        "*it",
        "to",
        "whom",
        "I",
        "have",
        "sold",
        "you?",
        "Behold,",
        "for",
        "your",
        "iniquities",
        "have",
        "ye",
        "sold",
        "yourselves,",
        "and",
        "for",
        "your",
        "transgressions",
        "is",
        "your",
        "mother",
        "put",
        "away."
      ],
      "header": "",
      "footer": ""
    },
    {
      "book_name": "Isaiah",
      "chapter": 50,
      "verse": 2,
      "text": [
        "Wherefore,",
        "when",
        "I",
        "came,",
        "*was",
        "*there",
        "no",
        "man?",
        "when",
        "I",
        "called,",
        "*was",
        "*there",
        "none",
        "to",
        "answer?",
        "Is",
        "my",
        "hand",
        "shortened",
        "at",
        "all,",
        "that",
        "it",
        "cannot",
        "redeem?",
        "or",
        "have",
        "I",
        "no",
        "power",
        "to",
        "deliver?",
        "behold,",
        "at",
        "my",
        "rebuke",
        "I",
        "dry",
        "up",
        "the",
        "sea,",
        "I",
        "make",
        "the",
        "rivers",
        "a",
        "wilderness:",
        "their",
        "fish",
        "stinketh,",
        "because",
        "*there",
        "*is",
        "no",
        "water,",
        "and",
        "dieth",
        "for",
        "thirst."
      ],
      "header": "",
      "footer": ""
    },
    {
      "book_name": "Isaiah",
      "chapter": 50,
      "verse": 3,
      "text": [
        "I",
        "clothe",
        "the",
        "heavens",
        "with",
        "blackness,",
        "and",
        "I",
        "make",
        "sackcloth",
        "their",
        "covering."
      ],
      "header": "",
      "footer": ""
    },
    {
      "book_name": "Isaiah",
      "chapter": 50,
      "verse": 4,
      "text": [
        "The",
        "Lord",
        "Gᴏᴅ",
        "hath",
        "given",
        "me",
        "the",
        "tongue",
        "of",
        "the",
        "learned,",
        "that",
        "I",
        "should",
        "know",
        "how",
        "to",
        "speak",
        "a",
        "word",
        "in",
        "season",
        "to",
        "*him",
        "*that",
        "*is",
        "weary:",
        "he",
        "wakeneth",
        "morning",
        "by",
        "morning,",
        "he",
        "wakeneth",
        "mine",
        "ear",
        "to",
        "hear",
        "as",
        "the",
        "learned."
      ],
      "header": "",
      "footer": ""
    },
    {
      "book_name": "Isaiah",
      "chapter": 50,
      "verse": 5,
      "text": [
        "¶",
        "The",
        "Lord",
        "Gᴏᴅ",
        "hath",
        "opened",
        "mine",
        "ear,",
        "and",
        "I",
        "was",
        "not",
        "rebellious,",
        "neither",
        "turned",
        "away",
        "back."
      ],
      "header": "",
      "footer": ""
    },
    {
      "book_name": "Isaiah",
      "chapter": 50,
      "verse": 6,
      "text": [
        "I",
        "gave",
        "my",
        "back",
        "to",
        "the",
        "smiters,",
        "and",
        "my",
        "cheeks",
        "to",
        "them",
        "that",
        "plucked",
        "off",
        "the",
        "hair:",
        "I",
        "hid",
        "not",
        "my",
        "face",
        "from",
        "shame",
        "and",
        "spitting."
      ],
      "header": "",
      "footer": ""
    },
    {
      "book_name": "Isaiah",
      "chapter": 50,
      "verse": 7,
      "text": [
        "¶",
        "For",
        "the",
        "Lord",
        "Gᴏᴅ",
        "will",
        "help",
        "me;",
        "therefore",
        "shall",
        "I",
        "not",
        "be",
        "confounded:",
        "therefore",
        "have",
        "I",
        "set",
        "my",
        "face",
        "like",
        "a",
        "flint,",
        "and",
        "I",
        "know",
        "that",
        "I",
        "shall",
        "not",
        "be",
        "ashamed."
      ],
      "header": "",
      "footer": ""
    },
    {
      "book_name": "Isaiah",
      "chapter": 50,
      "verse": 8,
      "text": [
        "*He",
        "*is",
        "near",
        "that",
        "justifieth",
        "me;",
        "who",
        "will",
        "contend",
        "with",
        "me?",
        "let",
        "us",
        "stand",
        "together:",
        "who",
        "*is",
        "mine",
        "adversary?",
        "let",
        "him",
        "come",
        "near",
        "to",
        "me."
      ],
      "header": "",
      "footer": ""
    },
    {
      "book_name": "Isaiah",
      "chapter": 50,
      "verse": 9,
      "text": [
        "Behold,",
        "the",
        "Lord",
        "Gᴏᴅ",
        "will",
        "help",
        "me;",
        "who",
        "*is",
        "he",
        "*that",
        "shall",
        "condemn",
        "me?",
        "lo,",
        "they",
        "all",
        "shall",
        "wax",
        "old",
        "as",
        "a",
        "garment;",
        "the",
        "moth",
        "shall",
        "eat",
        "them",
        "up."
      ],
      "header": "",
      "footer": ""
    },
    {
      "book_name": "Isaiah",
      "chapter": 50,
      "verse": 10,
      "text": [
        "¶",
        "Who",
        "*is",
        "among",
        "you",
        "that",
        "feareth",
        "the",
        "Lᴏʀᴅ,",
        "that",
        "obeyeth",
        "the",
        "voice",
        "of",
        "his",
        "servant,",
        "that",
        "walketh",
        "*in",
        "darkness,",
        "and",
        "hath",
        "no",
        "light?",
        "let",
        "him",
        "trust",
        "in",
        "the",
        "name",
        "of",
        "the",
        "Lᴏʀᴅ,",
        "and",
        "stay",
        "upon",
        "his",
        "God."
      ],
      "header": "",
      "footer": ""
    },
    {
      "book_name": "Isaiah",
      "chapter": 50,
      "verse": 11,
      "text": [
        "Behold,",
        "all",
        "ye",
        "that",
        "kindle",
        "a",
        "fire,",
        "that",
        "compass",
        "*yourselves",
        "about",
        "with",
        "sparks:",
        "walk",
        "in",
        "the",
        "light",
        "of",
        "your",
        "fire,",
        "and",
        "in",
        "the",
        "sparks",
        "*that",
        "ye",
        "have",
        "kindled.",
        "This",
        "shall",
        "ye",
        "have",
        "of",
        "mine",
        "hand;",
        "ye",
        "shall",
        "lie",
        "down",
        "in",
        "sorrow."
      ],
      "header": "",
      "footer": ""
    }
  ]
}