{
  "book_name": "Isaiah",
  "chapter": 52,
  "verses": [
    {
      "book_name": "Isaiah",
      "chapter": 52,
      "verse": 1,
      "text": [
        "Awake,",
        "awake;",
        "put",
        "on",
        "thy",
        "strength,",
        "O",
        "Zion;",
        "put",
        "on",
        "thy",
        "beautiful",
        "garments,",
        "O",
        "Jerusalem,",
        "the",
        "holy",
        "city:",
        "for",
        "henceforth",
        "there",
        "shall",
        "no",
        "more",
        "come",
        "into",
        "thee",
        "the",
        "uncircumcised",
        "and",
        "the",
        "unclean."
      ],
      "header": "",
      "footer": ""
    },
    {
      "book_name": "Isaiah",
      "chapter": 52,
      "verse": 2,
      "text": [
        "Shake",
        "thyself",
        "from",
        "the",
        "dust;",
        "arise,",
        "*and",
        "sit",
        "down,",
        "O",
        "Jerusalem:",
        "loose",
        "thyself",
        "from",
        "the",
        "bands",
        "of",
        "thy",
        "neck,",
        "O",
        "captive",
        "daughter",
        "of",
        "Zion."
      ],
      "header": "",
      "footer": ""
    },
    {
      "book_name": "Isaiah",
      "chapter": 52,
      "verse": 3,
      "text": [
        "For",
        "thus",
        "saith",
        "the",
        "Lᴏʀᴅ,",
        "Ye",
        "have",
        "sold",
        "yourselves",
        "for",
        "nought;",
        "and",
        "ye",
        "shall",
        "be",
        "redeemed",
        "without",
        "money."
      ],
      "header": "",
      "footer": ""
    },
    {
      "book_name": "Isaiah",
      "chapter": 52,
      "verse": 4,
      "text": [
        "For",
        "thus",
        "saith",
        "the",
        "Lord",
        "Gᴏᴅ,",
        "My",
        "people",
        "went",
        "down",
        "aforetime",
        "into",
        "Egypt",
        "to",
        "sojourn",
        "there;",
        "and",
        "the",
        "Assyrian",
        "oppressed",
        "them",
        "without",
        "cause."
      ],
      "header": "",
      "footer": ""
    },
    {
      "book_name": "Isaiah",
      "chapter": 52,
      "verse": 5,
      "text": [
        "Now",
        "therefore,",
        "what",
        "have",
        "I",
        "here,",
        "saith",
        "the",
        "Lᴏʀᴅ,",
        "that",
        "my",
        "people",
        "is",
        "taken",
        "away",
        "for",
        "nought?",
        "they",
        "that",
        "rule",
        "over",
        "them",
        "make",
        "them",
        "to",
        "howl,",
        "saith",
        "the",
        "Lᴏʀᴅ;",
        "and",
        "my",
        "name",
        "continually",
        "every",
        "day",
        "*is",
        "blasphemed."
      ],
      "header": "",
      "footer": ""
    },
    {
      "book_name": "Isaiah",
      "chapter": 52,
      "verse": 6,
      "text": [
        "Therefore",
        "my",
        "people",
        "shall",
        "know",
        "my",
        "name:",
        "therefore",
        "*they",
        "*shall",
        "*know",
        "in",
        "that",
        "day",
        "that",
        "I",
        "*am",
        "he",
        "that",
        "doth",
        "speak:",
        "behold,",
        "*it",
        "*is",
        "I."
      ],
      "header": "",
      "footer": ""
    },
    {
      "book_name": "Isaiah",
      "chapter": 52,
      "verse": 7,
      "text": [
        "¶",
        "How",
        "beautiful",
        "upon",
        "the",
        "mountains",
        "are",
        "the",
        "feet",
        "of",
        "him",
        "that",
        "bringeth",
        "good",
        "tidings,",
        "that",
        "publisheth",
        "peace;",
        "that",
        "bringeth",
        "good",
        "tidings",
        "of",
        "good,",
        "that",
        "publisheth",
        "salvation;",
        "that",
        "saith",
        "unto",
        "Zion,",
        "Thy",
        "God",
        "reigneth!"
      ],
      "header": "",
      "footer": ""
    },
    {
      "book_name": "Isaiah",
      "chapter": 52,
      "verse": 8,
      "text": [
        "Thy",
        "watchmen",
        "shall",
        "lift",
        "up",
        "the",
        "voice;",
        "with",
        "the",
        "voice",
        "together",
        "shall",
        "they",
        "sing:",
        "for",
        "they",
        "shall",
        "see",
        "eye",
        "to",
        "eye,",
        "when",
        "the",
        "Lᴏʀᴅ",
        "shall",
        "bring",
        "again",
        "Zion."
      ],
      "header": "",
      "footer": ""
    },
    {
      "book_name": "Isaiah",
      "chapter": 52,
      "verse": 9,
      "text": [
        "¶",
        "Break",
        "forth",
        "into",
        "joy,",
        "sing",
        "together,",
        "ye",
        "waste",
        "places",
        "of",
        "Jerusalem:",
        "for",
        "the",
        "Lᴏʀᴅ",
        "hath",
        "comforted",
        "his",
        "people,",
        "he",
        "hath",
        "redeemed",
        "Jerusalem."
      ],
      "header": "",
      "footer": ""
    },
    {
      "book_name": "Isaiah",
      "chapter": 52,
      "verse": 10,
      "text": [
        "The",
        "Lᴏʀᴅ",
        "hath",
        "made",
        "bare",
        "his",
        "holy",
        "arm",
        "in",
        "the",
        "eyes",
        "of",
        "all",
        "the",
        "nations;",
        "and",
        "all",
        "the",
        "ends",
        "of",
        "the",
        "earth",
        "shall",
        "see",
        "the",
        "salvation",
        "of",
        "our",
        "God."
      ],
      "header": "",
      "footer": ""
    },
    {
      "book_name": "Isaiah",
      "chapter": 52,
      "verse": 11,
      "text": [
        "¶",
        "Depart",
        "ye,",
        "depart",
        "ye,",
        "go",
        "ye",
        "out",
        "from",
        "thence,",
        "touch",
        "no",
        "unclean",
        "*thing;",
        "go",
        "ye",
        "out",
        "of",
        "the",
        "midst",
        "of",
        "her;",
        "be",
        "ye",
        "clean,",
        "that",
        "bear",
        "the",
        "vessels",
        "of",
        "the",
        "Lᴏʀᴅ."
      ],
      "header": "",
      "footer": ""
    },
    {
      "book_name": "Isaiah",
      "chapter": 52,
      "verse": 12,
      "text": [
        "For",
        "ye",
        "shall",
        "not",
        "go",
        "out",
        "with",
        "haste,",
        "nor",
        "go",
        "by",
        "flight:",
        "for",
        "the",
        "Lᴏʀᴅ",
        "will",
        "go",
        "before",
        "you;",
        "and",
        "the",
        "God",
        "of",
        "Israel",
        "*will",
        "*be",
        "your",
        "rereward."
      ],
      "header": "",
      "footer": ""
    },
    {
      "book_name": "Isaiah",
      "chapter": 52,
      "verse": 13,
      "text": [
        "¶",
        "Behold,",
        "my",
        "servant",
        "shall",
        "deal",
        "prudently,",
        "he",
        "shall",
        "be",
        "exalted",
        "and",
        "extolled,",
        "and",
        "be",
        "very",
        "high."
      ],
      "header": "",
      "footer": ""
    },
    {
      "book_name": "Isaiah",
      "chapter": 52,
      "verse": 14,
      "text": [
        "As",
        "many",
        "were",
        "astonied",
        "at",
        "thee;",
        "his",
        "visage",
        "was",
        "so",
        "marred",
        "more",
        "than",
        "any",
        "man,",
        "and",
        "his",
        "form",
        "more",
        "than",
        "the",
        "sons",
        "of",
        "men:"
      ],
      "header": "",
      "footer": ""
    },
    {
      "book_name": "Isaiah",
      "chapter": 52,
      "verse": 15,
      "text": [
        "So",
        "shall",
        "he",
        "sprinkle",
        "many",
        "nations;",
        "the",
        "kings",
        "shall",
        "shut",
        "their",
        "mouths",
        "at",
        "him:",
        "for",
        "*that",
        "which",
        "had",
        "not",
        "been",
        "told",
        "them",
        "shall",
        "they",
        "see;",
        "and",
        "*that",
        "which",
        "they",
        "had",
        "not",
        "heard",
        "shall",
        "they",
        "consider."
      ],
      "header": "",
      "footer": ""
    }
  ]
}