{
  "book_name": "Isaiah",
  "chapter": 54,
  "verses": [
    {
      "book_name": "Isaiah",
      "chapter": 54,
      "verse": 1,
      "text": [
        "Sing,",
        "O",
        "barren,",
        "thou",
        "*that",
        "didst",
        "not",
        "bear;",
        "break",
        "forth",
        "into",
        "singing,",
        "and",
        "cry",
        "aloud,",
        "thou",
        "*that",
        "didst",
        "not",
        "travail",
        "with",
        "child:",
        "for",
        "more",
        "*are",
        "the",
        "children",
        "of",
        "the",
        "desolate",
        "than",
        "the",
        "children",
        "of",
        "the",
        "married",
        "wife,",
        "saith",
        "the",
        "Lᴏʀᴅ."
      ],
      "header": "",
      "footer": ""
    },
    {
      "book_name": "Isaiah",
      "chapter": 54,
      "verse": 2,
      "text": [
        "Enlarge",
        "the",
        "place",
        "of",
        "thy",
        "tent,",
        "and",
        "let",
        "them",
        "stretch",
        "forth",
        "the",
        "curtains",
        "of",
        "thine",
        "habitations:",
        "spare",
        "not,",
        "lengthen",
        "thy",
        "cords,",
        "and",
        "strengthen",
        "thy",
        "stakes;"
      ],
      "header": "",
      "footer": ""
    },
    {
      "book_name": "Isaiah",
      "chapter": 54,
      "verse": 3,
      "text": [
        "For",
        "thou",
        "shalt",
        "break",
        "forth",
        "on",
        "the",
        "right",
        "hand",
        "and",
        "on",
        "the",
        "left;",
        "and",
        "thy",
        "seed",
        "shall",
        "inherit",
        "the",
        "Gentiles,",
        "and",
        "make",
        "the",
        "desolate",
        "cities",
        "to",
        "be",
        "inhabited."
      ],
      "header": "",
      "footer": ""
    },
    {
      "book_name": "Isaiah",
      "chapter": 54,
      "verse": 4,
      "text": [
        "Fear",
        "not;",
        "for",
        "thou",
        "shalt",
        "not",
        "be",
        "ashamed:",
        "neither",
        "be",
        "thou",
        "confounded;",
        "for",
        "thou",
        "shalt",
        "not",
        "be",
        "put",
        "to",
        "shame:",
        "for",
        "thou",
        "shalt",
        "forget",
        "the",
        "shame",
        "of",
        "thy",
        "youth,",
        "and",
        "shalt",
        "not",
        "remember",
        "the",
        "reproach",
        "of",
        "thy",
        "widowhood",
        "any",
        "more."
      ],
      "header": "",
      "footer": ""
    },
    {
      "book_name": "Isaiah",
      "chapter": 54,
      "verse": 5,
      "text": [
        "For",
        "thy",
        "Maker",
        "*is",
        "thine",
        "husband;",
        "the",
        "Lᴏʀᴅ",
        "of",
        "hosts",
        "*is",
        "his",
        "name;",
        "and",
        "thy",
        "Redeemer",
        "the",
        "Holy",
        "One",
        "of",
        "Israel;",
        "The",
        "God",
        "of",
        "the",
        "whole",
        "earth",
        "shall",
        "he",
        "be",
        "called."
      ],
      "header": "",
      "footer": ""
    },
    {
      "book_name": "Isaiah",
      "chapter": 54,
      "verse": 6,
      "text": [
        "For",
        "the",
        "Lᴏʀᴅ",
        "hath",
        "called",
        "thee",
        "as",
        "a",
        "woman",
        "forsaken",
        "and",
        "grieved",
        "in",
        "spirit,",
        "and",
        "a",
        "wife",
        "of",
        "youth,",
        "when",
        "thou",
        "wast",
        "refused,",
        "saith",
        "thy",
        "God."
      ],
      "header": "",
      "footer": ""
    },
    {
      "book_name": "Isaiah",
      "chapter": 54,
      "verse": 7,
      "text": [
        "For",
        "a",
        "small",
        "moment",
        "have",
        "I",
        "forsaken",
        "thee;",
        "but",
        "with",
        "great",
        "mercies",
        "will",
        "I",
        "gather",
        "thee."
      ],
      "header": "",
      "footer": ""
    },
    {
      "book_name": "Isaiah",
      "chapter": 54,
      "verse": 8,
      "text": [
        "In",
        "a",
        "little",
        "wrath",
        "I",
        "hid",
        "my",
        "face",
        "from",
        "thee",
        "for",
        "a",
        "moment;",
        "but",
        "with",
        "everlasting",
        "kindness",
        "will",
        "I",
        "have",
        "mercy",
        "on",
        "thee,",
        "saith",
        "the",
        "Lᴏʀᴅ",
        "thy",
        "Redeemer."
      ],
      "header": "",
      "footer": ""
    },
    {
      "book_name": "Isaiah",
      "chapter": 54,
      "verse": 9,
      "text": [
        "For",
        "this",
        "*is",
        "*as",
        "the",
        "waters",
        "of",
        "Noah",
        "unto",
        "me:",
        "for",
        "*as",
        "I",
        "have",
        "sworn",
        "that",
        "the",
        "waters",
        "of",
        "Noah",
        "should",
        "no",
        "more",
        "go",
        "over",
        "the",
        "earth;",
        "so",
        "have",
        "I",
        "sworn",
        "that",
        "I",
        "would",
        "not",
        "be",
        "wroth",
        "with",
        "thee,",
        "nor",
        "rebuke",
        "thee."
      ],
      "header": "",
      "footer": ""
    },
    {
      "book_name": "Isaiah",
      "chapter": 54,
      "verse": 10,
      "text": [
        "For",
        "the",
        "mountains",
        "shall",
        "depart,",
        "and",
        "the",
        "hills",
        "be",
        "removed;",
        "but",
        "my",
        "kindness",
        "shall",
        "not",
        "depart",
        "from",
        "thee,",
        "neither",
        "shall",
        "the",
        "covenant",
        "of",
        "my",
        "peace",
        "be",
        "removed,",
        "saith",
        "the",
        "Lᴏʀᴅ",
        "that",
        "hath",
        "mercy",
        "on",
        "thee."
      ],
      "header": "",
      "footer": ""
    },
    {
      "book_name": "Isaiah",
      "chapter": 54,
      "verse": 11,
      "text": [
        "¶",
        "O",
        "thou",
        "afflicted,",
        "tossed",
        "with",
        "tempest,",
        "*and",
        "not",
        "comforted,",
        "behold,",
        "I",
        "will",
        "lay",
        "thy",
        "stones",
        "with",
        "fair",
        "colours,",
        "and",
        "lay",
        "thy",
        "foundations",
        "with",
        "sapphires."
      ],
      "header": "",
      "footer": ""
    },
    {
      "book_name": "Isaiah",
      "chapter": 54,
      "verse": 12,
      "text": [
        "And",
        "I",
        "will",
        "make",
        "thy",
        "windows",
        "of",
        "agates,",
        "and",
        "thy",
        "gates",
        "of",
        "carbuncles,",
        "and",
        "all",
        "thy",
        "borders",
        "of",
        "pleasant",
        "stones."
      ],
      "header": "",
      "footer": ""
    },
    {
      "book_name": "Isaiah",
      "chapter": 54,
      "verse": 13,
      "text": [
        "And",
        "all",
        "thy",
        "children",
        "*shall",
        "*be",
        "taught",
        "of",
        "the",
        "Lᴏʀᴅ;",
        "and",
        "great",
        "*shall",
        "*be",
        "the",
        "peace",
        "of",
        "thy",
        "children."
      ],
      "header": "",
      "footer": ""
    },
    {
      "book_name": "Isaiah",
      "chapter": 54,
      "verse": 14,
      "text": [
        "In",
        "righteousness",
        "shalt",
        "thou",
        "be",
        "established:",
        "thou",
        "shalt",
        "be",
        "far",
        "from",
        "oppression;",
        "for",
        "thou",
        "shalt",
        "not",
        "fear:",
        "and",
        "from",
        "terror;",
        "for",
        "it",
        "shall",
        "not",
        "come",
        "near",
        "thee."
      ],
      "header": "",
      "footer": ""
    },
    {
      "book_name": "Isaiah",
      "chapter": 54,
      "verse": 15,
      "text": [
        "Behold,",
        "they",
        "shall",
        "surely",
        "gather",
        "together,",
        "*but",
        "not",
        "by",
        "me:",
        "whosoever",
        "shall",
        "gather",
        "together",
        "against",
        "thee",
        "shall",
        "fall",
        "for",
        "thy",
        "sake."
      ],
      "header": "",
      "footer": ""
    },
    {
      "book_name": "Isaiah",
      "chapter": 54,
      "verse": 16,
      "text": [
        "Behold,",
        "I",
        "have",
        "created",
        "the",
        "smith",
        "that",
        "bloweth",
        "the",
        "coals",
        "in",
        "the",
        "fire,",
        "and",
        "that",
        "bringeth",
        "forth",
        "an",
        "instrument",
        "for",
        "his",
        "work;",
        "and",
        "I",
        "have",
        "created",
        "the",
        "waster",
        "to",
        "destroy."
      ],
      "header": "",
      "footer": ""
    },
    {
      "book_name": "Isaiah",
      "chapter": 54,
      "verse": 17,
      "text": [
        "¶",
        "No",
        "weapon",
        "that",
        "is",
        "formed",
        "against",
        "thee",
        "shall",
        "prosper;",
        "and",
        "every",
        "tongue",
        "*that",
        "shall",
        "rise",
        "against",
        "thee",
        "in",
        "judgment",
        "thou",
        "shalt",
        "condemn.",
        "This",
        "*is",
        "the",
        "heritage",
        "of",
        "the",
        "servants",
        "of",
        "the",
        "Lᴏʀᴅ,",
        "and",
        "their",
        "righteousness",
        "*is",
        "of",
        "me,",
        "saith",
        "the",
        "Lᴏʀᴅ."
      ],
      "header": "",
      "footer": ""
    }
  ]
}