{
  "book_name": "Isaiah",
  "chapter": 56,
  "verses": [
    {
      "book_name": "Isaiah",
      "chapter": 56,
      "verse": 1,
      "text": [
        "Thus",
        "saith",
        "the",
        "Lᴏʀᴅ,",
        "Keep",
        "ye",
        "judgment,",
        "and",
        "do",
        "justice:",
        "for",
        "my",
        "salvation",
        "*is",
        "near",
        "to",
        "come,",
        "and",
        "my",
        "righteousness",
        "to",
        "be",
        "revealed."
      ],
      "header": "",
      "footer": ""
    },
    {
      "book_name": "Isaiah",
      "chapter": 56,
      "verse": 2,
      "text": [
        "Blessed",
        "*is",
        "the",
        "man",
        "*that",
        "doeth",
        "this,",
        "and",
        "the",
        "son",
        "of",
        "man",
        "*that",
        "layeth",
        "hold",
        "on",
        "it;",
        "that",
        "keepeth",
        "the",
        "sabbath",
        "from",
        "polluting",
        "it,",
        "and",
        "keepeth",
        "his",
        "hand",
        "from",
        "doing",
        "any",
        "evil."
      ],
      "header": "",
      "footer": ""
    },
    {
      "book_name": "Isaiah",
      "chapter": 56,
      "verse": 3,
      "text": [
        "¶",
        "Neither",
        "let",
        "the",
        "son",
        "of",
        "the",
        "stranger,",
        "that",
        "hath",
        "joined",
        "himself",
        "to",
        "the",
        "Lᴏʀᴅ,",
        "speak,",
        "saying,",
        "The",
        "Lᴏʀᴅ",
        "hath",
        "utterly",
        "separated",
        "me",
        "from",
        "his",
        "people:",
        "neither",
        "let",
        "the",
        "eunuch",
        "say,",
        "Behold,",
        "I",
        "*am",
        "a",
        "dry",
        "tree."
      ],
      "header": "",
      "footer": ""
    },
    {
      "book_name": "Isaiah",
      "chapter": 56,
      "verse": 4,
      "text": [
        "For",
        "thus",
        "saith",
        "the",
        "Lᴏʀᴅ",
        "unto",
        "the",
        "eunuchs",
        "that",
        "keep",
        "my",
        "sabbaths,",
        "and",
        "choose",
        "*the",
        "*things",
        "that",
        "please",
        "me,",
        "and",
        "take",
        "hold",
        "of",
        "my",
        "covenant;"
      ],
      "header": "",
      "footer": ""
    },
    {
      "book_name": "Isaiah",
      "chapter": 56,
      "verse": 5,
      "text": [
        "Even",
        "unto",
        "them",
        "will",
        "I",
        "give",
        "in",
        "mine",
        "house",
        "and",
        "within",
        "my",
        "walls",
        "a",
        "place",
        "and",
        "a",
        "name",
        "better",
        "than",
        "of",
        "sons",
        "and",
        "of",
        "daughters:",
        "I",
        "will",
        "give",
        "them",
        "an",
        "everlasting",
        "name,",
        "that",
        "shall",
        "not",
        "be",
        "cut",
        "off."
      ],
      "header": "",
      "footer": ""
    },
    {
      "book_name": "Isaiah",
      "chapter": 56,
      "verse": 6,
      "text": [
        "Also",
        "the",
        "sons",
        "of",
        "the",
        "stranger,",
        "that",
        "join",
        "themselves",
        "to",
        "the",
        "Lᴏʀᴅ,",
        "to",
        "serve",
        "him,",
        "and",
        "to",
        "love",
        "the",
        "name",
        "of",
        "the",
        "Lᴏʀᴅ,",
        "to",
        "be",
        "his",
        "servants,",
        "every",
        "one",
        "that",
        "keepeth",
        "the",
        "sabbath",
        "from",
        "polluting",
        "it,",
        "and",
        "taketh",
        "hold",
        "of",
        "my",
        "covenant;"
      ],
      "header": "",
      "footer": ""
    },
    {
      "book_name": "Isaiah",
      "chapter": 56,
      "verse": 7,
      "text": [
        "Even",
        "them",
        "will",
        "I",
        "bring",
        "to",
        "my",
        "holy",
        "mountain,",
        "and",
        "make",
        "them",
        "joyful",
        "in",
        "my",
        "house",
        "of",
        "prayer:",
        "their",
        "burnt",
        "offerings",
        "and",
        "their",
        "sacrifices",
        "*shall",
        "*be",
        "accepted",
        "upon",
        "mine",
        "altar;",
        "for",
        "mine",
        "house",
        "shall",
        "be",
        "called",
        "an",
        "house",
        "of",
        "prayer",
        "for",
        "all",
        "people."
      ],
      "header": "",
      "footer": ""
    },
    {
      "book_name": "Isaiah",
      "chapter": 56,
      "verse": 8,
      "text": [
        "The",
        "Lord",
        "Gᴏᴅ",
        "which",
        "gathereth",
        "the",
        "outcasts",
        "of",
        "Israel",
        "saith,",
        "Yet",
        "will",
        "I",
        "gather",
        "*others",
        "to",
        "him,",
        "beside",
        "those",
        "that",
        "are",
        "gathered",
        "unto",
        "him."
      ],
      "header": "",
      "footer": ""
    },
    {
      "book_name": "Isaiah",
      "chapter": 56,
      "verse": 9,
      "text": [
        "¶",
        "All",
        "ye",
        "beasts",
        "of",
        "the",
        "field,",
        "come",
        "to",
        "devour,",
        "*yea,",
        "all",
        "ye",
        "beasts",
        "in",
        "the",
        "forest."
      ],
      "header": "",
      "footer": ""
    },
    {
      "book_name": "Isaiah",
      "chapter": 56,
      "verse": 10,
      "text": [
        "His",
        "watchmen",
        "*are",
        "blind:",
        "they",
        "are",
        "all",
        "ignorant,",
        "they",
        "*are",
        "all",
        "dumb",
        "dogs,",
        "they",
        "cannot",
        "bark;",
        "sleeping,",
        "lying",
        "down,",
        "loving",
        "to",
        "slumber."
      ],
      "header": "",
      "footer": ""
    },
    {
      "book_name": "Isaiah",
      "chapter": 56,
      "verse": 11,
      "text": [
        "Yea,",
        "*they",
        "*are",
        "greedy",
        "dogs",
        "*which",
        "can",
        "never",
        "have",
        "enough,",
        "and",
        "they",
        "*are",
        "shepherds",
        "*that",
        "cannot",
        "understand:",
        "they",
        "all",
        "look",
        "to",
        "their",
        "own",
        "way,",
        "every",
        "one",
        "for",
        "his",
        "gain,",
        "from",
        "his",
        "quarter."
      ],
      "header": "",
      "footer": ""
    },
    {
      "book_name": "Isaiah",
      "chapter": 56,
      "verse": 12,
      "text": [
        "Come",
        "ye,",
        "*say",
        "*they,",
        "I",
        "will",
        "fetch",
        "wine,",
        "and",
        "we",
        "will",
        "fill",
        "ourselves",
        "with",
        "strong",
        "drink;",
        "and",
        "to",
        "morrow",
        "shall",
        "be",
        "as",
        "this",
        "day,",
        "*and",
        "much",
        "more",
        "abundant."
      ],
      "header": "",
      "footer": ""
    }
  ]
}