{
  "book_name": "Isaiah",
  "chapter": 57,
  "verses": [
    {
      "book_name": "Isaiah",
      "chapter": 57,
      "verse": 1,
      "text": [
        "The",
        "righteous",
        "perisheth,",
        "and",
        "no",
        "man",
        "layeth",
        "*it",
        "to",
        "heart:",
        "and",
        "merciful",
        "men",
        "*are",
        "taken",
        "away,",
        "none",
        "considering",
        "that",
        "the",
        "righteous",
        "is",
        "taken",
        "away",
        "from",
        "the",
        "evil",
        "*to",
        "*come."
      ],
      "header": "",
      "footer": ""
    },
    {
      "book_name": "Isaiah",
      "chapter": 57,
      "verse": 2,
      "text": [
        "He",
        "shall",
        "enter",
        "into",
        "peace:",
        "they",
        "shall",
        "rest",
        "in",
        "their",
        "beds,",
        "*each",
        "*one",
        "walking",
        "*in",
        "his",
        "uprightness."
      ],
      "header": "",
      "footer": ""
    },
    {
      "book_name": "Isaiah",
      "chapter": 57,
      "verse": 3,
      "text": [
        "¶",
        "But",
        "draw",
        "near",
        "hither,",
        "ye",
        "sons",
        "of",
        "the",
        "sorceress,",
        "the",
        "seed",
        "of",
        "the",
        "adulterer",
        "and",
        "the",
        "whore."
      ],
      "header": "",
      "footer": ""
    },
    {
      "book_name": "Isaiah",
      "chapter": 57,
      "verse": 4,
      "text": [
        "Against",
        "whom",
        "do",
        "ye",
        "sport",
        "yourselves?",
        "against",
        "whom",
        "make",
        "ye",
        "a",
        "wide",
        "mouth,",
        "*and",
        "draw",
        "out",
        "the",
        "tongue?",
        "*are",
        "ye",
        "not",
        "children",
        "of",
        "transgression,",
        "a",
        "seed",
        "of",
        "falsehood,"
      ],
      "header": "",
      "footer": ""
    },
    {
      "book_name": "Isaiah",
      "chapter": 57,
      "verse": 5,
      "text": [
        "Enflaming",
        "yourselves",
        "with",
        "idols",
        "under",
        "every",
        "green",
        "tree,",
        "slaying",
        "the",
        "children",
        "in",
        "the",
        "valleys",
        "under",
        "the",
        "clifts",
        "of",
        "the",
        "rocks?"
      ],
      "header": "",
      "footer": ""
    },
    {
      "book_name": "Isaiah",
      "chapter": 57,
      "verse": 6,
      "text": [
        "Among",
        "the",
        "smooth",
        "*stones",
        "of",
        "the",
        "stream",
        "*is",
        "thy",
        "portion;",
        "they,",
        "they",
        "*are",
        "thy",
        "lot:",
        "even",
        "to",
        "them",
        "hast",
        "thou",
        "poured",
        "a",
        "drink",
        "offering,",
        "thou",
        "hast",
        "offered",
        "a",
        "meat",
        "offering.",
        "Should",
        "I",
        "receive",
        "comfort",
        "in",
        "these?"
      ],
      "header": "",
      "footer": ""
    },
    {
      "book_name": "Isaiah",
      "chapter": 57,
      "verse": 7,
      "text": [
        "Upon",
        "a",
        "lofty",
        "and",
        "high",
        "mountain",
        "hast",
        "thou",
        "set",
        "thy",
        "bed:",
        "even",
        "thither",
        "wentest",
        "thou",
        "up",
        "to",
        "offer",
        "sacrifice."
      ],
      "header": "",
      "footer": ""
    },
    {
      "book_name": "Isaiah",
      "chapter": 57,
      "verse": 8,
      "text": [
        "Behind",
        "the",
        "doors",
        "also",
        "and",
        "the",
        "posts",
        "hast",
        "thou",
        "set",
        "up",
        "thy",
        "remembrance:",
        "for",
        "thou",
        "hast",
        "discovered",
        "*thyself",
        "*to",
        "*another",
        "than",
        "me,",
        "and",
        "art",
        "gone",
        "up;",
        "thou",
        "hast",
        "enlarged",
        "thy",
        "bed,",
        "and",
        "made",
        "thee",
        "*a",
        "*covenant",
        "with",
        "them;",
        "thou",
        "lovedst",
        "their",
        "bed",
        "where",
        "thou",
        "sawest",
        "*it."
      ],
      "header": "",
      "footer": ""
    },
    {
      "book_name": "Isaiah",
      "chapter": 57,
      "verse": 9,
      "text": [
        "And",
        "thou",
        "wentest",
        "to",
        "the",
        "king",
        "with",
        "ointment,",
        "and",
        "didst",
        "increase",
        "thy",
        "perfumes,",
        "and",
        "didst",
        "send",
        "thy",
        "messengers",
        "far",
        "off,",
        "and",
        "didst",
        "debase",
        "*thyself",
        "*even",
        "unto",
        "hell."
      ],
      "header": "",
      "footer": ""
    },
    {
      "book_name": "Isaiah",
      "chapter": 57,
      "verse": 10,
      "text": [
        "Thou",
        "art",
        "wearied",
        "in",
        "the",
        "greatness",
        "of",
        "thy",
        "way;",
        "*yet",
        "saidst",
        "thou",
        "not,",
        "There",
        "is",
        "no",
        "hope:",
        "thou",
        "hast",
        "found",
        "the",
        "life",
        "of",
        "thine",
        "hand;",
        "therefore",
        "thou",
        "wast",
        "not",
        "grieved."
      ],
      "header": "",
      "footer": ""
    },
    {
      "book_name": "Isaiah",
      "chapter": 57,
      "verse": 11,
      "text": [
        "And",
        "of",
        "whom",
        "hast",
        "thou",
        "been",
        "afraid",
        "or",
        "feared,",
        "that",
        "thou",
        "hast",
        "lied,",
        "and",
        "hast",
        "not",
        "remembered",
        "me,",
        "nor",
        "laid",
        "*it",
        "to",
        "thy",
        "heart?",
        "have",
        "not",
        "I",
        "held",
        "my",
        "peace",
        "even",
        "of",
        "old,",
        "and",
        "thou",
        "fearest",
        "me",
        "not?"
      ],
      "header": "",
      "footer": ""
    },
    {
      "book_name": "Isaiah",
      "chapter": 57,
      "verse": 12,
      "text": [
        "I",
        "will",
        "declare",
        "thy",
        "righteousness,",
        "and",
        "thy",
        "works;",
        "for",
        "they",
        "shall",
        "not",
        "profit",
        "thee."
      ],
      "header": "",
      "footer": ""
    },
    {
      "book_name": "Isaiah",
      "chapter": 57,
      "verse": 13,
      "text": [
        "¶",
        "When",
        "thou",
        "criest,",
        "let",
        "thy",
        "companies",
        "deliver",
        "thee;",
        "but",
        "the",
        "wind",
        "shall",
        "carry",
        "them",
        "all",
        "away;",
        "vanity",
        "shall",
        "take",
        "*them:",
        "but",
        "he",
        "that",
        "putteth",
        "his",
        "trust",
        "in",
        "me",
        "shall",
        "possess",
        "the",
        "land,",
        "and",
        "shall",
        "inherit",
        "my",
        "holy",
        "mountain;"
      ],
      "header": "",
      "footer": ""
    },
    {
      "book_name": "Isaiah",
      "chapter": 57,
      "verse": 14,
      "text": [
        "And",
        "shall",
        "say,",
        "Cast",
        "ye",
        "up,",
        "cast",
        "ye",
        "up,",
        "prepare",
        "the",
        "way,",
        "take",
        "up",
        "the",
        "stumblingblock",
        "out",
        "of",
        "the",
        "way",
        "of",
        "my",
        "people."
      ],
      "header": "",
      "footer": ""
    },
    {
      "book_name": "Isaiah",
      "chapter": 57,
      "verse": 15,
      "text": [
        "For",
        "thus",
        "saith",
        "the",
        "high",
        "and",
        "lofty",
        "One",
        "that",
        "inhabiteth",
        "eternity,",
        "whose",
        "name",
        "*is",
        "Holy;",
        "I",
        "dwell",
        "in",
        "the",
        "high",
        "and",
        "holy",
        "*place,",
        "with",
        "him",
        "also",
        "*that",
        "*is",
        "of",
        "a",
        "contrite",
        "and",
        "humble",
        "spirit,",
        "to",
        "revive",
        "the",
        "spirit",
        "of",
        "the",
        "humble,",
        "and",
        "to",
        "revive",
        "the",
        "heart",
        "of",
        "the",
        "contrite",
        "ones."
      ],
      "header": "",
      "footer": ""
    },
    {
      "book_name": "Isaiah",
      "chapter": 57,
      "verse": 16,
      "text": [
        "For",
        "I",
        "will",
        "not",
        "contend",
        "for",
        "ever,",
        "neither",
        "will",
        "I",
        "be",
        "always",
        "wroth:",
        "for",
        "the",
        "spirit",
        "should",
        "fail",
        "before",
        "me,",
        "and",
        "the",
        "souls",
        "*which",
        "I",
        "have",
        "made."
      ],
      "header": "",
      "footer": ""
    },
    {
      "book_name": "Isaiah",
      "chapter": 57,
      "verse": 17,
      "text": [
        "For",
        "the",
        "iniquity",
        "of",
        "his",
        "covetousness",
        "was",
        "I",
        "wroth,",
        "and",
        "smote",
        "him:",
        "I",
        "hid",
        "me,",
        "and",
        "was",
        "wroth,",
        "and",
        "he",
        "went",
        "on",
        "frowardly",
        "in",
        "the",
        "way",
        "of",
        "his",
        "heart."
      ],
      "header": "",
      "footer": ""
    },
    {
      "book_name": "Isaiah",
      "chapter": 57,
      "verse": 18,
      "text": [
        "I",
        "have",
        "seen",
        "his",
        "ways,",
        "and",
        "will",
        "heal",
        "him:",
        "I",
        "will",
        "lead",
        "him",
        "also,",
        "and",
        "restore",
        "comforts",
        "unto",
        "him",
        "and",
        "to",
        "his",
        "mourners."
      ],
      "header": "",
      "footer": ""
    },
    {
      "book_name": "Isaiah",
      "chapter": 57,
      "verse": 19,
      "text": [
        "I",
        "create",
        "the",
        "fruit",
        "of",
        "the",
        "lips;",
        "Peace,",
        "peace",
        "to",
        "*him",
        "*that",
        "*is",
        "far",
        "off,",
        "and",
        "to",
        "*him",
        "*that",
        "*is",
        "near,",
        "saith",
        "the",
        "Lᴏʀᴅ;",
        "and",
        "I",
        "will",
        "heal",
        "him."
      ],
      "header": "",
      "footer": ""
    },
    {
      "book_name": "Isaiah",
      "chapter": 57,
      "verse": 20,
      "text": [
        "But",
        "the",
        "wicked",
        "*are",
        "like",
        "the",
        "troubled",
        "sea,",
        "when",
        "it",
        "cannot",
        "rest,",
        "whose",
        "waters",
        "cast",
        "up",
        "mire",
        "and",
        "dirt."
      ],
      "header": "",
      "footer": ""
    },
    {
      "book_name": "Isaiah",
      "chapter": 57,
      "verse": 21,
      "text": [
        "*There",
        "*is",
        "no",
        "peace,",
        "saith",
        "my",
        "God,",
        "to",
        "the",
        "wicked."
      ],
      "header": "",
      "footer": ""
    }
  ]
}