{
  "book_name": "Isaiah",
  "chapter": 59,
  "verses": [
    {
      "book_name": "Isaiah",
      "chapter": 59,
      "verse": 1,
      "text": [
        "Behold,",
        "the",
        "Lᴏʀᴅ's",
        "hand",
        "is",
        "not",
        "shortened,",
        "that",
        "it",
        "cannot",
        "save;",
        "neither",
        "his",
        "ear",
        "heavy,",
        "that",
        "it",
        "cannot",
        "hear:"
      ],
      "header": "",
      "footer": ""
    },
    {
      "book_name": "Isaiah",
      "chapter": 59,
      "verse": 2,
      "text": [
        "But",
        "your",
        "iniquities",
        "have",
        "separated",
        "between",
        "you",
        "and",
        "your",
        "God,",
        "and",
        "your",
        "sins",
        "have",
        "hid",
        "*his",
        "face",
        "from",
        "you,",
        "that",
        "he",
        "will",
        "not",
        "hear."
      ],
      "header": "",
      "footer": ""
    },
    {
      "book_name": "Isaiah",
      "chapter": 59,
      "verse": 3,
      "text": [
        "For",
        "your",
        "hands",
        "are",
        "defiled",
        "with",
        "blood,",
        "and",
        "your",
        "fingers",
        "with",
        "iniquity;",
        "your",
        "lips",
        "have",
        "spoken",
        "lies,",
        "your",
        "tongue",
        "hath",
        "muttered",
        "perverseness."
      ],
      "header": "",
      "footer": ""
    },
    {
      "book_name": "Isaiah",
      "chapter": 59,
      "verse": 4,
      "text": [
        "None",
        "calleth",
        "for",
        "justice,",
        "nor",
        "*any",
        "pleadeth",
        "for",
        "truth:",
        "they",
        "trust",
        "in",
        "vanity,",
        "and",
        "speak",
        "lies;",
        "they",
        "conceive",
        "mischief,",
        "and",
        "bring",
        "forth",
        "iniquity."
      ],
      "header": "",
      "footer": ""
    },
    {
      "book_name": "Isaiah",
      "chapter": 59,
      "verse": 5,
      "text": [
        "They",
        "hatch",
        "cockatrice'",
        "eggs,",
        "and",
        "weave",
        "the",
        "spider's",
        "web:",
        "he",
        "that",
        "eateth",
        "of",
        "their",
        "eggs",
        "dieth,",
        "and",
        "that",
        "which",
        "is",
        "crushed",
        "breaketh",
        "out",
        "into",
        "a",
        "viper."
      ],
      "header": "",
      "footer": ""
    },
    {
      "book_name": "Isaiah",
      "chapter": 59,
      "verse": 6,
      "text": [
        "Their",
        "webs",
        "shall",
        "not",
        "become",
        "garments,",
        "neither",
        "shall",
        "they",
        "cover",
        "themselves",
        "with",
        "their",
        "works:",
        "their",
        "works",
        "*are",
        "works",
        "of",
        "iniquity,",
        "and",
        "the",
        "act",
        "of",
        "violence",
        "*is",
        "in",
        "their",
        "hands."
      ],
      "header": "",
      "footer": ""
    },
    {
      "book_name": "Isaiah",
      "chapter": 59,
      "verse": 7,
      "text": [
        "Their",
        "feet",
        "run",
        "to",
        "evil,",
        "and",
        "they",
        "make",
        "haste",
        "to",
        "shed",
        "innocent",
        "blood:",
        "their",
        "thoughts",
        "*are",
        "thoughts",
        "of",
        "iniquity;",
        "wasting",
        "and",
        "destruction",
        "*are",
        "in",
        "their",
        "paths."
      ],
      "header": "",
      "footer": ""
    },
    {
      "book_name": "Isaiah",
      "chapter": 59,
      "verse": 8,
      "text": [
        "The",
        "way",
        "of",
        "peace",
        "they",
        "know",
        "not;",
        "and",
        "*there",
        "*is",
        "no",
        "judgment",
        "in",
        "their",
        "goings:",
        "they",
        "have",
        "made",
        "them",
        "crooked",
        "paths:",
        "whosoever",
        "goeth",
        "therein",
        "shall",
        "not",
        "know",
        "peace."
      ],
      "header": "",
      "footer": ""
    },
    {
      "book_name": "Isaiah",
      "chapter": 59,
      "verse": 9,
      "text": [
        "¶",
        "Therefore",
        "is",
        "judgment",
        "far",
        "from",
        "us,",
        "neither",
        "doth",
        "justice",
        "overtake",
        "us:",
        "we",
        "wait",
        "for",
        "light,",
        "but",
        "behold",
        "obscurity;",
        "for",
        "brightness,",
        "*but",
        "we",
        "walk",
        "in",
        "darkness."
      ],
      "header": "",
      "footer": ""
    },
    {
      "book_name": "Isaiah",
      "chapter": 59,
      "verse": 10,
      "text": [
        "We",
        "grope",
        "for",
        "the",
        "wall",
        "like",
        "the",
        "blind,",
        "and",
        "we",
        "grope",
        "as",
        "if",
        "*we",
        "*had",
        "no",
        "eyes:",
        "we",
        "stumble",
        "at",
        "noonday",
        "as",
        "in",
        "the",
        "night;",
        "*we",
        "*are",
        "in",
        "desolate",
        "places",
        "as",
        "dead",
        "*men."
      ],
      "header": "",
      "footer": ""
    },
    {
      "book_name": "Isaiah",
      "chapter": 59,
      "verse": 11,
      "text": [
        "We",
        "roar",
        "all",
        "like",
        "bears,",
        "and",
        "mourn",
        "sore",
        "like",
        "doves:",
        "we",
        "look",
        "for",
        "judgment,",
        "but",
        "*there",
        "*is",
        "none;",
        "for",
        "salvation,",
        "*but",
        "it",
        "is",
        "far",
        "off",
        "from",
        "us."
      ],
      "header": "",
      "footer": ""
    },
    {
      "book_name": "Isaiah",
      "chapter": 59,
      "verse": 12,
      "text": [
        "For",
        "our",
        "transgressions",
        "are",
        "multiplied",
        "before",
        "thee,",
        "and",
        "our",
        "sins",
        "testify",
        "against",
        "us:",
        "for",
        "our",
        "transgressions",
        "*are",
        "with",
        "us;",
        "and",
        "*as",
        "*for",
        "our",
        "iniquities,",
        "we",
        "know",
        "them;"
      ],
      "header": "",
      "footer": ""
    },
    {
      "book_name": "Isaiah",
      "chapter": 59,
      "verse": 13,
      "text": [
        "In",
        "transgressing",
        "and",
        "lying",
        "against",
        "the",
        "Lᴏʀᴅ,",
        "and",
        "departing",
        "away",
        "from",
        "our",
        "God,",
        "speaking",
        "oppression",
        "and",
        "revolt,",
        "conceiving",
        "and",
        "uttering",
        "from",
        "the",
        "heart",
        "words",
        "of",
        "falsehood."
      ],
      "header": "",
      "footer": ""
    },
    {
      "book_name": "Isaiah",
      "chapter": 59,
      "verse": 14,
      "text": [
        "And",
        "judgment",
        "is",
        "turned",
        "away",
        "backward,",
        "and",
        "justice",
        "standeth",
        "afar",
        "off:",
        "for",
        "truth",
        "is",
        "fallen",
        "in",
        "the",
        "street,",
        "and",
        "equity",
        "cannot",
        "enter."
      ],
      "header": "",
      "footer": ""
    },
    {
      "book_name": "Isaiah",
      "chapter": 59,
      "verse": 15,
      "text": [
        "Yea,",
        "truth",
        "faileth;",
        "and",
        "he",
        "*that",
        "departeth",
        "from",
        "evil",
        "maketh",
        "himself",
        "a",
        "prey:",
        "and",
        "the",
        "Lᴏʀᴅ",
        "saw",
        "*it,",
        "and",
        "it",
        "displeased",
        "him",
        "that",
        "*there",
        "*was",
        "no",
        "judgment."
      ],
      "header": "",
      "footer": ""
    },
    {
      "book_name": "Isaiah",
      "chapter": 59,
      "verse": 16,
      "text": [
        "¶",
        "And",
        "he",
        "saw",
        "that",
        "*there",
        "*was",
        "no",
        "man,",
        "and",
        "wondered",
        "that",
        "*there",
        "*was",
        "no",
        "intercessor:",
        "therefore",
        "his",
        "arm",
        "brought",
        "salvation",
        "unto",
        "him;",
        "and",
        "his",
        "righteousness,",
        "it",
        "sustained",
        "him."
      ],
      "header": "",
      "footer": ""
    },
    {
      "book_name": "Isaiah",
      "chapter": 59,
      "verse": 17,
      "text": [
        "For",
        "he",
        "put",
        "on",
        "righteousness",
        "as",
        "a",
        "breastplate,",
        "and",
        "an",
        "helmet",
        "of",
        "salvation",
        "upon",
        "his",
        "head;",
        "and",
        "he",
        "put",
        "on",
        "the",
        "garments",
        "of",
        "vengeance",
        "*for",
        "clothing,",
        "and",
        "was",
        "clad",
        "with",
        "zeal",
        "as",
        "a",
        "cloke."
      ],
      "header": "",
      "footer": ""
    },
    {
      "book_name": "Isaiah",
      "chapter": 59,
      "verse": 18,
      "text": [
        "According",
        "to",
        "*their",
        "deeds,",
        "accordingly",
        "he",
        "will",
        "repay,",
        "fury",
        "to",
        "his",
        "adversaries,",
        "recompence",
        "to",
        "his",
        "enemies;",
        "to",
        "the",
        "islands",
        "he",
        "will",
        "repay",
        "recompence."
      ],
      "header": "",
      "footer": ""
    },
    {
      "book_name": "Isaiah",
      "chapter": 59,
      "verse": 19,
      "text": [
        "So",
        "shall",
        "they",
        "fear",
        "the",
        "name",
        "of",
        "the",
        "Lᴏʀᴅ",
        "from",
        "the",
        "west,",
        "and",
        "his",
        "glory",
        "from",
        "the",
        "rising",
        "of",
        "the",
        "sun.",
        "When",
        "the",
        "enemy",
        "shall",
        "come",
        "in",
        "like",
        "a",
        "flood,",
        "the",
        "Spirit",
        "of",
        "the",
        "Lᴏʀᴅ",
        "shall",
        "lift",
        "up",
        "a",
        "standard",
        "against",
        "him."
      ],
      "header": "",
      "footer": ""
    },
    {
      "book_name": "Isaiah",
      "chapter": 59,
      "verse": 20,
      "text": [
        "¶",
        "And",
        "the",
        "Redeemer",
        "shall",
        "come",
        "to",
        "Zion,",
        "and",
        "unto",
        "them",
        "that",
        "turn",
        "from",
        "transgression",
        "in",
        "Jacob,",
        "saith",
        "the",
        "Lᴏʀᴅ."
      ],
      "header": "",
      "footer": ""
    },
    {
      "book_name": "Isaiah",
      "chapter": 59,
      "verse": 21,
      "text": [
        "As",
        "for",
        "me,",
        "this",
        "*is",
        "my",
        "covenant",
        "with",
        "them,",
        "saith",
        "the",
        "Lᴏʀᴅ;",
        "My",
        "spirit",
        "that",
        "*is",
        "upon",
        "thee,",
        "and",
        "my",
        "words",
        "which",
        "I",
        "have",
        "put",
        "in",
        "thy",
        "mouth,",
        "shall",
        "not",
        "depart",
        "out",
        "of",
        "thy",
        "mouth,",
        "nor",
        "out",
        "of",
        "the",
        "mouth",
        "of",
        "thy",
        "seed,",
        "nor",
        "out",
        "of",
        "the",
        "mouth",
        "of",
        "thy",
        "seed's",
        "seed,",
        "saith",
        "the",
        "Lᴏʀᴅ,",
        "from",
        "henceforth",
        "and",
        "for",
        "ever."
      ],
      "header": "",
      "footer": ""
    }
  ]
}