{
  "book_name": "Isaiah",
  "chapter": 60,
  "verses": [
    {
      "book_name": "Isaiah",
      "chapter": 60,
      "verse": 1,
      "text": [
        "Arise,",
        "shine;",
        "for",
        "thy",
        "light",
        "is",
        "come,",
        "and",
        "the",
        "glory",
        "of",
        "the",
        "Lᴏʀᴅ",
        "is",
        "risen",
        "upon",
        "thee."
      ],
      "header": "",
      "footer": ""
    },
    {
      "book_name": "Isaiah",
      "chapter": 60,
      "verse": 2,
      "text": [
        "For,",
        "behold,",
        "the",
        "darkness",
        "shall",
        "cover",
        "the",
        "earth,",
        "and",
        "gross",
        "darkness",
        "the",
        "people:",
        "but",
        "the",
        "Lᴏʀᴅ",
        "shall",
        "arise",
        "upon",
        "thee,",
        "and",
        "his",
        "glory",
        "shall",
        "be",
        "seen",
        "upon",
        "thee."
      ],
      "header": "",
      "footer": ""
    },
    {
      "book_name": "Isaiah",
      "chapter": 60,
      "verse": 3,
      "text": [
        "And",
        "the",
        "Gentiles",
        "shall",
        "come",
        "to",
        "thy",
        "light,",
        "and",
        "kings",
        "to",
        "the",
        "brightness",
        "of",
        "thy",
        "rising."
      ],
      "header": "",
      "footer": ""
    },
    {
      "book_name": "Isaiah",
      "chapter": 60,
      "verse": 4,
      "text": [
        "Lift",
        "up",
        "thine",
        "eyes",
        "round",
        "about,",
        "and",
        "see:",
        "all",
        "they",
        "gather",
        "themselves",
        "together,",
        "they",
        "come",
        "to",
        "thee:",
        "thy",
        "sons",
        "shall",
        "come",
        "from",
        "far,",
        "and",
        "thy",
        "daughters",
        "shall",
        "be",
        "nursed",
        "at",
        "*thy",
        "side."
      ],
      "header": "",
      "footer": ""
    },
    {
      "book_name": "Isaiah",
      "chapter": 60,
      "verse": 5,
      "text": [
        "Then",
        "thou",
        "shalt",
        "see,",
        "and",
        "flow",
        "together,",
        "and",
        "thine",
        "heart",
        "shall",
        "fear,",
        "and",
        "be",
        "enlarged;",
        "because",
        "the",
        "abundance",
        "of",
        "the",
        "sea",
        "shall",
        "be",
        "converted",
        "unto",
        "thee,",
        "the",
        "forces",
        "of",
        "the",
        "Gentiles",
        "shall",
        "come",
        "unto",
        "thee."
      ],
      "header": "",
      "footer": ""
    },
    {
      "book_name": "Isaiah",
      "chapter": 60,
      "verse": 6,
      "text": [
        "The",
        "multitude",
        "of",
        "camels",
        "shall",
        "cover",
        "thee,",
        "the",
        "dromedaries",
        "of",
        "Midian",
        "and",
        "Ephah;",
        "all",
        "they",
        "from",
        "Sheba",
        "shall",
        "come:",
        "they",
        "shall",
        "bring",
        "gold",
        "and",
        "incense;",
        "and",
        "they",
        "shall",
        "shew",
        "forth",
        "the",
        "praises",
        "of",
        "the",
        "Lᴏʀᴅ."
      ],
      "header": "",
      "footer": ""
    },
    {
      "book_name": "Isaiah",
      "chapter": 60,
      "verse": 7,
      "text": [
        "All",
        "the",
        "flocks",
        "of",
        "Kedar",
        "shall",
        "be",
        "gathered",
        "together",
        "unto",
        "thee,",
        "the",
        "rams",
        "of",
        "Nebaioth",
        "shall",
        "minister",
        "unto",
        "thee:",
        "they",
        "shall",
        "come",
        "up",
        "with",
        "acceptance",
        "on",
        "mine",
        "altar,",
        "and",
        "I",
        "will",
        "glorify",
        "the",
        "house",
        "of",
        "my",
        "glory."
      ],
      "header": "",
      "footer": ""
    },
    {
      "book_name": "Isaiah",
      "chapter": 60,
      "verse": 8,
      "text": [
        "Who",
        "*are",
        "these",
        "*that",
        "fly",
        "as",
        "a",
        "cloud,",
        "and",
        "as",
        "the",
        "doves",
        "to",
        "their",
        "windows?"
      ],
      "header": "",
      "footer": ""
    },
    {
      "book_name": "Isaiah",
      "chapter": 60,
      "verse": 9,
      "text": [
        "Surely",
        "the",
        "isles",
        "shall",
        "wait",
        "for",
        "me,",
        "and",
        "the",
        "ships",
        "of",
        "Tarshish",
        "first,",
        "to",
        "bring",
        "thy",
        "sons",
        "from",
        "far,",
        "their",
        "silver",
        "and",
        "their",
        "gold",
        "with",
        "them,",
        "unto",
        "the",
        "name",
        "of",
        "the",
        "Lᴏʀᴅ",
        "thy",
        "God,",
        "and",
        "to",
        "the",
        "Holy",
        "One",
        "of",
        "Israel,",
        "because",
        "he",
        "hath",
        "glorified",
        "thee."
      ],
      "header": "",
      "footer": ""
    },
    {
      "book_name": "Isaiah",
      "chapter": 60,
      "verse": 10,
      "text": [
        "And",
        "the",
        "sons",
        "of",
        "strangers",
        "shall",
        "build",
        "up",
        "thy",
        "walls,",
        "and",
        "their",
        "kings",
        "shall",
        "minister",
        "unto",
        "thee:",
        "for",
        "in",
        "my",
        "wrath",
        "I",
        "smote",
        "thee,",
        "but",
        "in",
        "my",
        "favour",
        "have",
        "I",
        "had",
        "mercy",
        "on",
        "thee."
      ],
      "header": "",
      "footer": ""
    },
    {
      "book_name": "Isaiah",
      "chapter": 60,
      "verse": 11,
      "text": [
        "Therefore",
        "thy",
        "gates",
        "shall",
        "be",
        "open",
        "continually;",
        "they",
        "shall",
        "not",
        "be",
        "shut",
        "day",
        "nor",
        "night;",
        "that",
        "*men",
        "may",
        "bring",
        "unto",
        "thee",
        "the",
        "forces",
        "of",
        "the",
        "Gentiles,",
        "and",
        "*that",
        "their",
        "kings",
        "*may",
        "*be",
        "brought."
      ],
      "header": "",
      "footer": ""
    },
    {
      "book_name": "Isaiah",
      "chapter": 60,
      "verse": 12,
      "text": [
        "For",
        "the",
        "nation",
        "and",
        "kingdom",
        "that",
        "will",
        "not",
        "serve",
        "thee",
        "shall",
        "perish;",
        "yea,",
        "*those",
        "nations",
        "shall",
        "be",
        "utterly",
        "wasted."
      ],
      "header": "",
      "footer": ""
    },
    {
      "book_name": "Isaiah",
      "chapter": 60,
      "verse": 13,
      "text": [
        "The",
        "glory",
        "of",
        "Lebanon",
        "shall",
        "come",
        "unto",
        "thee,",
        "the",
        "fir",
        "tree,",
        "the",
        "pine",
        "tree,",
        "and",
        "the",
        "box",
        "together,",
        "to",
        "beautify",
        "the",
        "place",
        "of",
        "my",
        "sanctuary;",
        "and",
        "I",
        "will",
        "make",
        "the",
        "place",
        "of",
        "my",
        "feet",
        "glorious."
      ],
      "header": "",
      "footer": ""
    },
    {
      "book_name": "Isaiah",
      "chapter": 60,
      "verse": 14,
      "text": [
        "The",
        "sons",
        "also",
        "of",
        "them",
        "that",
        "afflicted",
        "thee",
        "shall",
        "come",
        "bending",
        "unto",
        "thee;",
        "and",
        "all",
        "they",
        "that",
        "despised",
        "thee",
        "shall",
        "bow",
        "themselves",
        "down",
        "at",
        "the",
        "soles",
        "of",
        "thy",
        "feet;",
        "and",
        "they",
        "shall",
        "call",
        "thee,",
        "The",
        "city",
        "of",
        "the",
        "Lᴏʀᴅ,",
        "The",
        "Zion",
        "of",
        "the",
        "Holy",
        "One",
        "of",
        "Israel."
      ],
      "header": "",
      "footer": ""
    },
    {
      "book_name": "Isaiah",
      "chapter": 60,
      "verse": 15,
      "text": [
        "Whereas",
        "thou",
        "hast",
        "been",
        "forsaken",
        "and",
        "hated,",
        "so",
        "that",
        "no",
        "man",
        "went",
        "through",
        "*thee,",
        "I",
        "will",
        "make",
        "thee",
        "an",
        "eternal",
        "excellency,",
        "a",
        "joy",
        "of",
        "many",
        "generations."
      ],
      "header": "",
      "footer": ""
    },
    {
      "book_name": "Isaiah",
      "chapter": 60,
      "verse": 16,
      "text": [
        "Thou",
        "shalt",
        "also",
        "suck",
        "the",
        "milk",
        "of",
        "the",
        "Gentiles,",
        "and",
        "shalt",
        "suck",
        "the",
        "breast",
        "of",
        "kings:",
        "and",
        "thou",
        "shalt",
        "know",
        "that",
        "I",
        "the",
        "Lᴏʀᴅ",
        "*am",
        "thy",
        "Saviour",
        "and",
        "thy",
        "Redeemer,",
        "the",
        "mighty",
        "One",
        "of",
        "Jacob."
      ],
      "header": "",
      "footer": ""
    },
    {
      "book_name": "Isaiah",
      "chapter": 60,
      "verse": 17,
      "text": [
        "For",
        "brass",
        "I",
        "will",
        "bring",
        "gold,",
        "and",
        "for",
        "iron",
        "I",
        "will",
        "bring",
        "silver,",
        "and",
        "for",
        "wood",
        "brass,",
        "and",
        "for",
        "stones",
        "iron:",
        "I",
        "will",
        "also",
        "make",
        "thy",
        "officers",
        "peace,",
        "and",
        "thine",
        "exactors",
        "righteousness."
      ],
      "header": "",
      "footer": ""
    },
    {
      "book_name": "Isaiah",
      "chapter": 60,
      "verse": 18,
      "text": [
        "Violence",
        "shall",
        "no",
        "more",
        "be",
        "heard",
        "in",
        "thy",
        "land,",
        "wasting",
        "nor",
        "destruction",
        "within",
        "thy",
        "borders;",
        "but",
        "thou",
        "shalt",
        "call",
        "thy",
        "walls",
        "Salvation,",
        "and",
        "thy",
        "gates",
        "Praise."
      ],
      "header": "",
      "footer": ""
    },
    {
      "book_name": "Isaiah",
      "chapter": 60,
      "verse": 19,
      "text": [
        "The",
        "sun",
        "shall",
        "be",
        "no",
        "more",
        "thy",
        "light",
        "by",
        "day;",
        "neither",
        "for",
        "brightness",
        "shall",
        "the",
        "moon",
        "give",
        "light",
        "unto",
        "thee:",
        "but",
        "the",
        "Lᴏʀᴅ",
        "shall",
        "be",
        "unto",
        "thee",
        "an",
        "everlasting",
        "light,",
        "and",
        "thy",
        "God",
        "thy",
        "glory."
      ],
      "header": "",
      "footer": ""
    },
    {
      "book_name": "Isaiah",
      "chapter": 60,
      "verse": 20,
      "text": [
        "Thy",
        "sun",
        "shall",
        "no",
        "more",
        "go",
        "down;",
        "neither",
        "shall",
        "thy",
        "moon",
        "withdraw",
        "itself:",
        "for",
        "the",
        "Lᴏʀᴅ",
        "shall",
        "be",
        "thine",
        "everlasting",
        "light,",
        "and",
        "the",
        "days",
        "of",
        "thy",
        "mourning",
        "shall",
        "be",
        "ended."
      ],
      "header": "",
      "footer": ""
    },
    {
      "book_name": "Isaiah",
      "chapter": 60,
      "verse": 21,
      "text": [
        "Thy",
        "people",
        "also",
        "*shall",
        "*be",
        "all",
        "righteous:",
        "they",
        "shall",
        "inherit",
        "the",
        "land",
        "for",
        "ever,",
        "the",
        "branch",
        "of",
        "my",
        "planting,",
        "the",
        "work",
        "of",
        "my",
        "hands,",
        "that",
        "I",
        "may",
        "be",
        "glorified."
      ],
      "header": "",
      "footer": ""
    },
    {
      "book_name": "Isaiah",
      "chapter": 60,
      "verse": 22,
      "text": [
        "A",
        "little",
        "one",
        "shall",
        "become",
        "a",
        "thousand,",
        "and",
        "a",
        "small",
        "one",
        "a",
        "strong",
        "nation:",
        "I",
        "the",
        "Lᴏʀᴅ",
        "will",
        "hasten",
        "it",
        "in",
        "his",
        "time."
      ],
      "header": "",
      "footer": ""
    }
  ]
}