{
  "book_name": "Isaiah",
  "chapter": 61,
  "verses": [
    {
      "book_name": "Isaiah",
      "chapter": 61,
      "verse": 1,
      "text": [
        "The",
        "Spirit",
        "of",
        "the",
        "Lord",
        "Gᴏᴅ",
        "*is",
        "upon",
        "me;",
        "because",
        "the",
        "Lᴏʀᴅ",
        "hath",
        "anointed",
        "me",
        "to",
        "preach",
        "good",
        "tidings",
        "unto",
        "the",
        "meek;",
        "he",
        "hath",
        "sent",
        "me",
        "to",
        "bind",
        "up",
        "the",
        "brokenhearted,",
        "to",
        "proclaim",
        "liberty",
        "to",
        "the",
        "captives,",
        "and",
        "the",
        "opening",
        "of",
        "the",
        "prison",
        "to",
        "*them",
        "*that",
        "*are",
        "bound;"
      ],
      "header": "",
      "footer": ""
    },
    {
      "book_name": "Isaiah",
      "chapter": 61,
      "verse": 2,
      "text": [
        "To",
        "proclaim",
        "the",
        "acceptable",
        "year",
        "of",
        "the",
        "Lᴏʀᴅ,",
        "and",
        "the",
        "day",
        "of",
        "vengeance",
        "of",
        "our",
        "God;",
        "to",
        "comfort",
        "all",
        "that",
        "mourn;"
      ],
      "header": "",
      "footer": ""
    },
    {
      "book_name": "Isaiah",
      "chapter": 61,
      "verse": 3,
      "text": [
        "To",
        "appoint",
        "unto",
        "them",
        "that",
        "mourn",
        "in",
        "Zion,",
        "to",
        "give",
        "unto",
        "them",
        "beauty",
        "for",
        "ashes,",
        "the",
        "oil",
        "of",
        "joy",
        "for",
        "mourning,",
        "the",
        "garment",
        "of",
        "praise",
        "for",
        "the",
        "spirit",
        "of",
        "heaviness;",
        "that",
        "they",
        "might",
        "be",
        "called",
        "trees",
        "of",
        "righteousness,",
        "the",
        "planting",
        "of",
        "the",
        "Lᴏʀᴅ,",
        "that",
        "he",
        "might",
        "be",
        "glorified."
      ],
      "header": "",
      "footer": ""
    },
    {
      "book_name": "Isaiah",
      "chapter": 61,
      "verse": 4,
      "text": [
        "¶",
        "And",
        "they",
        "shall",
        "build",
        "the",
        "old",
        "wastes,",
        "they",
        "shall",
        "raise",
        "up",
        "the",
        "former",
        "desolations,",
        "and",
        "they",
        "shall",
        "repair",
        "the",
        "waste",
        "cities,",
        "the",
        "desolations",
        "of",
        "many",
        "generations."
      ],
      "header": "",
      "footer": ""
    },
    {
      "book_name": "Isaiah",
      "chapter": 61,
      "verse": 5,
      "text": [
        "And",
        "strangers",
        "shall",
        "stand",
        "and",
        "feed",
        "your",
        "flocks,",
        "and",
        "the",
        "sons",
        "of",
        "the",
        "alien",
        "*shall",
        "*be",
        "your",
        "plowmen",
        "and",
        "your",
        "vinedressers."
      ],
      "header": "",
      "footer": ""
    },
    {
      "book_name": "Isaiah",
      "chapter": 61,
      "verse": 6,
      "text": [
        "But",
        "ye",
        "shall",
        "be",
        "named",
        "the",
        "Priests",
        "of",
        "the",
        "Lᴏʀᴅ:",
        "*men",
        "shall",
        "call",
        "you",
        "the",
        "Ministers",
        "of",
        "our",
        "God:",
        "ye",
        "shall",
        "eat",
        "the",
        "riches",
        "of",
        "the",
        "Gentiles,",
        "and",
        "in",
        "their",
        "glory",
        "shall",
        "ye",
        "boast",
        "yourselves."
      ],
      "header": "",
      "footer": ""
    },
    {
      "book_name": "Isaiah",
      "chapter": 61,
      "verse": 7,
      "text": [
        "¶",
        "For",
        "your",
        "shame",
        "*ye",
        "*shall",
        "*have",
        "double;",
        "and",
        "*for",
        "confusion",
        "they",
        "shall",
        "rejoice",
        "in",
        "their",
        "portion:",
        "therefore",
        "in",
        "their",
        "land",
        "they",
        "shall",
        "possess",
        "the",
        "double:",
        "everlasting",
        "joy",
        "shall",
        "be",
        "unto",
        "them."
      ],
      "header": "",
      "footer": ""
    },
    {
      "book_name": "Isaiah",
      "chapter": 61,
      "verse": 8,
      "text": [
        "For",
        "I",
        "the",
        "Lᴏʀᴅ",
        "love",
        "judgment,",
        "I",
        "hate",
        "robbery",
        "for",
        "burnt",
        "offering;",
        "and",
        "I",
        "will",
        "direct",
        "their",
        "work",
        "in",
        "truth,",
        "and",
        "I",
        "will",
        "make",
        "an",
        "everlasting",
        "covenant",
        "with",
        "them."
      ],
      "header": "",
      "footer": ""
    },
    {
      "book_name": "Isaiah",
      "chapter": 61,
      "verse": 9,
      "text": [
        "And",
        "their",
        "seed",
        "shall",
        "be",
        "known",
        "among",
        "the",
        "Gentiles,",
        "and",
        "their",
        "offspring",
        "among",
        "the",
        "people:",
        "all",
        "that",
        "see",
        "them",
        "shall",
        "acknowledge",
        "them,",
        "that",
        "they",
        "*are",
        "the",
        "seed",
        "*which",
        "the",
        "Lᴏʀᴅ",
        "hath",
        "blessed."
      ],
      "header": "",
      "footer": ""
    },
    {
      "book_name": "Isaiah",
      "chapter": 61,
      "verse": 10,
      "text": [
        "I",
        "will",
        "greatly",
        "rejoice",
        "in",
        "the",
        "Lᴏʀᴅ,",
        "my",
        "soul",
        "shall",
        "be",
        "joyful",
        "in",
        "my",
        "God;",
        "for",
        "he",
        "hath",
        "clothed",
        "me",
        "with",
        "the",
        "garments",
        "of",
        "salvation,",
        "he",
        "hath",
        "covered",
        "me",
        "with",
        "the",
        "robe",
        "of",
        "righteousness,",
        "as",
        "a",
        "bridegroom",
        "decketh",
        "*himself",
        "with",
        "ornaments,",
        "and",
        "as",
        "a",
        "bride",
        "adorneth",
        "*herself",
        "with",
        "her",
        "jewels."
      ],
      "header": "",
      "footer": ""
    },
    {
      "book_name": "Isaiah",
      "chapter": 61,
      "verse": 11,
      "text": [
        "For",
        "as",
        "the",
        "earth",
        "bringeth",
        "forth",
        "her",
        "bud,",
        "and",
        "as",
        "the",
        "garden",
        "causeth",
        "the",
        "things",
        "that",
        "are",
        "sown",
        "in",
        "it",
        "to",
        "spring",
        "forth;",
        "so",
        "the",
        "Lord",
        "Gᴏᴅ",
        "will",
        "cause",
        "righteousness",
        "and",
        "praise",
        "to",
        "spring",
        "forth",
        "before",
        "all",
        "the",
        "nations."
      ],
      "header": "",
      "footer": ""
    }
  ]
}