{
  "book_name": "Isaiah",
  "chapter": 63,
  "verses": [
    {
      "book_name": "Isaiah",
      "chapter": 63,
      "verse": 1,
      "text": [
        "Who",
        "*is",
        "this",
        "that",
        "cometh",
        "from",
        "Edom,",
        "with",
        "dyed",
        "garments",
        "from",
        "Bozrah?",
        "this",
        "*that",
        "*is",
        "glorious",
        "in",
        "his",
        "apparel,",
        "travelling",
        "in",
        "the",
        "greatness",
        "of",
        "his",
        "strength?",
        "I",
        "that",
        "speak",
        "in",
        "righteousness,",
        "mighty",
        "to",
        "save."
      ],
      "header": "",
      "footer": ""
    },
    {
      "book_name": "Isaiah",
      "chapter": 63,
      "verse": 2,
      "text": [
        "Wherefore",
        "*art",
        "*thou",
        "red",
        "in",
        "thine",
        "apparel,",
        "and",
        "thy",
        "garments",
        "like",
        "him",
        "that",
        "treadeth",
        "in",
        "the",
        "winefat?"
      ],
      "header": "",
      "footer": ""
    },
    {
      "book_name": "Isaiah",
      "chapter": 63,
      "verse": 3,
      "text": [
        "I",
        "have",
        "trodden",
        "the",
        "winepress",
        "alone;",
        "and",
        "of",
        "the",
        "people",
        "*there",
        "*was",
        "none",
        "with",
        "me:",
        "for",
        "I",
        "will",
        "tread",
        "them",
        "in",
        "mine",
        "anger,",
        "and",
        "trample",
        "them",
        "in",
        "my",
        "fury;",
        "and",
        "their",
        "blood",
        "shall",
        "be",
        "sprinkled",
        "upon",
        "my",
        "garments,",
        "and",
        "I",
        "will",
        "stain",
        "all",
        "my",
        "raiment."
      ],
      "header": "",
      "footer": ""
    },
    {
      "book_name": "Isaiah",
      "chapter": 63,
      "verse": 4,
      "text": [
        "For",
        "the",
        "day",
        "of",
        "vengeance",
        "*is",
        "in",
        "mine",
        "heart,",
        "and",
        "the",
        "year",
        "of",
        "my",
        "redeemed",
        "is",
        "come."
      ],
      "header": "",
      "footer": ""
    },
    {
      "book_name": "Isaiah",
      "chapter": 63,
      "verse": 5,
      "text": [
        "And",
        "I",
        "looked,",
        "and",
        "*there",
        "*was",
        "none",
        "to",
        "help;",
        "and",
        "I",
        "wondered",
        "that",
        "*there",
        "*was",
        "none",
        "to",
        "uphold:",
        "therefore",
        "mine",
        "own",
        "arm",
        "brought",
        "salvation",
        "unto",
        "me;",
        "and",
        "my",
        "fury,",
        "it",
        "upheld",
        "me."
      ],
      "header": "",
      "footer": ""
    },
    {
      "book_name": "Isaiah",
      "chapter": 63,
      "verse": 6,
      "text": [
        "And",
        "I",
        "will",
        "tread",
        "down",
        "the",
        "people",
        "in",
        "mine",
        "anger,",
        "and",
        "make",
        "them",
        "drunk",
        "in",
        "my",
        "fury,",
        "and",
        "I",
        "will",
        "bring",
        "down",
        "their",
        "strength",
        "to",
        "the",
        "earth."
      ],
      "header": "",
      "footer": ""
    },
    {
      "book_name": "Isaiah",
      "chapter": 63,
      "verse": 7,
      "text": [
        "¶",
        "I",
        "will",
        "mention",
        "the",
        "lovingkindnesses",
        "of",
        "the",
        "Lᴏʀᴅ,",
        "*and",
        "the",
        "praises",
        "of",
        "the",
        "Lᴏʀᴅ,",
        "according",
        "to",
        "all",
        "that",
        "the",
        "Lᴏʀᴅ",
        "hath",
        "bestowed",
        "on",
        "us,",
        "and",
        "the",
        "great",
        "goodness",
        "toward",
        "the",
        "house",
        "of",
        "Israel,",
        "which",
        "he",
        "hath",
        "bestowed",
        "on",
        "them",
        "according",
        "to",
        "his",
        "mercies,",
        "and",
        "according",
        "to",
        "the",
        "multitude",
        "of",
        "his",
        "lovingkindnesses."
      ],
      "header": "",
      "footer": ""
    },
    {
      "book_name": "Isaiah",
      "chapter": 63,
      "verse": 8,
      "text": [
        "For",
        "he",
        "said,",
        "Surely",
        "they",
        "*are",
        "my",
        "people,",
        "children",
        "*that",
        "will",
        "not",
        "lie:",
        "so",
        "he",
        "was",
        "their",
        "Saviour."
      ],
      "header": "",
      "footer": ""
    },
    {
      "book_name": "Isaiah",
      "chapter": 63,
      "verse": 9,
      "text": [
        "In",
        "all",
        "their",
        "affliction",
        "he",
        "was",
        "afflicted,",
        "and",
        "the",
        "angel",
        "of",
        "his",
        "presence",
        "saved",
        "them:",
        "in",
        "his",
        "love",
        "and",
        "in",
        "his",
        "pity",
        "he",
        "redeemed",
        "them;",
        "and",
        "he",
        "bare",
        "them,",
        "and",
        "carried",
        "them",
        "all",
        "the",
        "days",
        "of",
        "old."
      ],
      "header": "",
      "footer": ""
    },
    {
      "book_name": "Isaiah",
      "chapter": 63,
      "verse": 10,
      "text": [
        "¶",
        "But",
        "they",
        "rebelled,",
        "and",
        "vexed",
        "his",
        "holy",
        "Spirit:",
        "therefore",
        "he",
        "was",
        "turned",
        "to",
        "be",
        "their",
        "enemy,",
        "*and",
        "he",
        "fought",
        "against",
        "them."
      ],
      "header": "",
      "footer": ""
    },
    {
      "book_name": "Isaiah",
      "chapter": 63,
      "verse": 11,
      "text": [
        "Then",
        "he",
        "remembered",
        "the",
        "days",
        "of",
        "old,",
        "Moses,",
        "*and",
        "his",
        "people,",
        "*saying,",
        "Where",
        "*is",
        "he",
        "that",
        "brought",
        "them",
        "up",
        "out",
        "of",
        "the",
        "sea",
        "with",
        "the",
        "shepherd",
        "of",
        "his",
        "flock?",
        "where",
        "*is",
        "he",
        "that",
        "put",
        "his",
        "holy",
        "Spirit",
        "within",
        "him?"
      ],
      "header": "",
      "footer": ""
    },
    {
      "book_name": "Isaiah",
      "chapter": 63,
      "verse": 12,
      "text": [
        "That",
        "led",
        "*them",
        "by",
        "the",
        "right",
        "hand",
        "of",
        "Moses",
        "with",
        "his",
        "glorious",
        "arm,",
        "dividing",
        "the",
        "water",
        "before",
        "them,",
        "to",
        "make",
        "himself",
        "an",
        "everlasting",
        "name?"
      ],
      "header": "",
      "footer": ""
    },
    {
      "book_name": "Isaiah",
      "chapter": 63,
      "verse": 13,
      "text": [
        "That",
        "led",
        "them",
        "through",
        "the",
        "deep,",
        "as",
        "an",
        "horse",
        "in",
        "the",
        "wilderness,",
        "*that",
        "they",
        "should",
        "not",
        "stumble?"
      ],
      "header": "",
      "footer": ""
    },
    {
      "book_name": "Isaiah",
      "chapter": 63,
      "verse": 14,
      "text": [
        "As",
        "a",
        "beast",
        "goeth",
        "down",
        "into",
        "the",
        "valley,",
        "the",
        "Spirit",
        "of",
        "the",
        "Lᴏʀᴅ",
        "caused",
        "him",
        "to",
        "rest:",
        "so",
        "didst",
        "thou",
        "lead",
        "thy",
        "people,",
        "to",
        "make",
        "thyself",
        "a",
        "glorious",
        "name."
      ],
      "header": "",
      "footer": ""
    },
    {
      "book_name": "Isaiah",
      "chapter": 63,
      "verse": 15,
      "text": [
        "¶",
        "Look",
        "down",
        "from",
        "heaven,",
        "and",
        "behold",
        "from",
        "the",
        "habitation",
        "of",
        "thy",
        "holiness",
        "and",
        "of",
        "thy",
        "glory:",
        "where",
        "*is",
        "thy",
        "zeal",
        "and",
        "thy",
        "strength,",
        "the",
        "sounding",
        "of",
        "thy",
        "bowels",
        "and",
        "of",
        "thy",
        "mercies",
        "toward",
        "me?",
        "are",
        "they",
        "restrained?"
      ],
      "header": "",
      "footer": ""
    },
    {
      "book_name": "Isaiah",
      "chapter": 63,
      "verse": 16,
      "text": [
        "Doubtless",
        "thou",
        "*art",
        "our",
        "father,",
        "though",
        "Abraham",
        "be",
        "ignorant",
        "of",
        "us,",
        "and",
        "Israel",
        "acknowledge",
        "us",
        "not:",
        "thou,",
        "O",
        "Lᴏʀᴅ,",
        "*art",
        "our",
        "father,",
        "our",
        "redeemer;",
        "thy",
        "name",
        "*is",
        "from",
        "everlasting."
      ],
      "header": "",
      "footer": ""
    },
    {
      "book_name": "Isaiah",
      "chapter": 63,
      "verse": 17,
      "text": [
        "¶",
        "O",
        "Lᴏʀᴅ,",
        "why",
        "hast",
        "thou",
        "made",
        "us",
        "to",
        "err",
        "from",
        "thy",
        "ways,",
        "*and",
        "hardened",
        "our",
        "heart",
        "from",
        "thy",
        "fear?",
        "Return",
        "for",
        "thy",
        "servants'",
        "sake,",
        "the",
        "tribes",
        "of",
        "thine",
        "inheritance."
      ],
      "header": "",
      "footer": ""
    },
    {
      "book_name": "Isaiah",
      "chapter": 63,
      "verse": 18,
      "text": [
        "The",
        "people",
        "of",
        "thy",
        "holiness",
        "have",
        "possessed",
        "*it",
        "but",
        "a",
        "little",
        "while:",
        "our",
        "adversaries",
        "have",
        "trodden",
        "down",
        "thy",
        "sanctuary."
      ],
      "header": "",
      "footer": ""
    },
    {
      "book_name": "Isaiah",
      "chapter": 63,
      "verse": 19,
      "text": [
        "We",
        "are",
        "*thine:",
        "thou",
        "never",
        "barest",
        "rule",
        "over",
        "them;",
        "they",
        "were",
        "not",
        "called",
        "by",
        "thy",
        "name."
      ],
      "header": "",
      "footer": ""
    }
  ]
}