{
  "book_name": "Isaiah",
  "chapter": 64,
  "verses": [
    {
      "book_name": "Isaiah",
      "chapter": 64,
      "verse": 1,
      "text": [
        "Oh",
        "that",
        "thou",
        "wouldest",
        "rend",
        "the",
        "heavens,",
        "that",
        "thou",
        "wouldest",
        "come",
        "down,",
        "that",
        "the",
        "mountains",
        "might",
        "flow",
        "down",
        "at",
        "thy",
        "presence,"
      ],
      "header": "",
      "footer": ""
    },
    {
      "book_name": "Isaiah",
      "chapter": 64,
      "verse": 2,
      "text": [
        "As",
        "*when",
        "the",
        "melting",
        "fire",
        "burneth,",
        "the",
        "fire",
        "causeth",
        "the",
        "waters",
        "to",
        "boil,",
        "to",
        "make",
        "thy",
        "name",
        "known",
        "to",
        "thine",
        "adversaries,",
        "*that",
        "the",
        "nations",
        "may",
        "tremble",
        "at",
        "thy",
        "presence!"
      ],
      "header": "",
      "footer": ""
    },
    {
      "book_name": "Isaiah",
      "chapter": 64,
      "verse": 3,
      "text": [
        "When",
        "thou",
        "didst",
        "terrible",
        "things",
        "*which",
        "we",
        "looked",
        "not",
        "for,",
        "thou",
        "camest",
        "down,",
        "the",
        "mountains",
        "flowed",
        "down",
        "at",
        "thy",
        "presence."
      ],
      "header": "",
      "footer": ""
    },
    {
      "book_name": "Isaiah",
      "chapter": 64,
      "verse": 4,
      "text": [
        "For",
        "since",
        "the",
        "beginning",
        "of",
        "the",
        "world",
        "*men",
        "have",
        "not",
        "heard,",
        "nor",
        "perceived",
        "by",
        "the",
        "ear,",
        "neither",
        "hath",
        "the",
        "eye",
        "seen,",
        "O",
        "God,",
        "beside",
        "thee,",
        "*what",
        "he",
        "hath",
        "prepared",
        "for",
        "him",
        "that",
        "waiteth",
        "for",
        "him."
      ],
      "header": "",
      "footer": ""
    },
    {
      "book_name": "Isaiah",
      "chapter": 64,
      "verse": 5,
      "text": [
        "Thou",
        "meetest",
        "him",
        "that",
        "rejoiceth",
        "and",
        "worketh",
        "righteousness,",
        "*those",
        "*that",
        "remember",
        "thee",
        "in",
        "thy",
        "ways:",
        "behold,",
        "thou",
        "art",
        "wroth;",
        "for",
        "we",
        "have",
        "sinned:",
        "in",
        "those",
        "is",
        "continuance,",
        "and",
        "we",
        "shall",
        "be",
        "saved."
      ],
      "header": "",
      "footer": ""
    },
    {
      "book_name": "Isaiah",
      "chapter": 64,
      "verse": 6,
      "text": [
        "But",
        "we",
        "are",
        "all",
        "as",
        "an",
        "unclean",
        "*thing,",
        "and",
        "all",
        "our",
        "righteousnesses",
        "*are",
        "as",
        "filthy",
        "rags;",
        "and",
        "we",
        "all",
        "do",
        "fade",
        "as",
        "a",
        "leaf;",
        "and",
        "our",
        "iniquities,",
        "like",
        "the",
        "wind,",
        "have",
        "taken",
        "us",
        "away."
      ],
      "header": "",
      "footer": ""
    },
    {
      "book_name": "Isaiah",
      "chapter": 64,
      "verse": 7,
      "text": [
        "And",
        "*there",
        "*is",
        "none",
        "that",
        "calleth",
        "upon",
        "thy",
        "name,",
        "that",
        "stirreth",
        "up",
        "himself",
        "to",
        "take",
        "hold",
        "of",
        "thee:",
        "for",
        "thou",
        "hast",
        "hid",
        "thy",
        "face",
        "from",
        "us,",
        "and",
        "hast",
        "consumed",
        "us,",
        "because",
        "of",
        "our",
        "iniquities."
      ],
      "header": "",
      "footer": ""
    },
    {
      "book_name": "Isaiah",
      "chapter": 64,
      "verse": 8,
      "text": [
        "But",
        "now,",
        "O",
        "Lᴏʀᴅ,",
        "thou",
        "*art",
        "our",
        "father;",
        "we",
        "*are",
        "the",
        "clay,",
        "and",
        "thou",
        "our",
        "potter;",
        "and",
        "we",
        "all",
        "*are",
        "the",
        "work",
        "of",
        "thy",
        "hand."
      ],
      "header": "",
      "footer": ""
    },
    {
      "book_name": "Isaiah",
      "chapter": 64,
      "verse": 9,
      "text": [
        "¶",
        "Be",
        "not",
        "wroth",
        "very",
        "sore,",
        "O",
        "Lᴏʀᴅ,",
        "neither",
        "remember",
        "iniquity",
        "for",
        "ever:",
        "behold,",
        "see,",
        "we",
        "beseech",
        "thee,",
        "we",
        "*are",
        "all",
        "thy",
        "people."
      ],
      "header": "",
      "footer": ""
    },
    {
      "book_name": "Isaiah",
      "chapter": 64,
      "verse": 10,
      "text": [
        "Thy",
        "holy",
        "cities",
        "are",
        "a",
        "wilderness,",
        "Zion",
        "is",
        "a",
        "wilderness,",
        "Jerusalem",
        "a",
        "desolation."
      ],
      "header": "",
      "footer": ""
    },
    {
      "book_name": "Isaiah",
      "chapter": 64,
      "verse": 11,
      "text": [
        "Our",
        "holy",
        "and",
        "our",
        "beautiful",
        "house,",
        "where",
        "our",
        "fathers",
        "praised",
        "thee,",
        "is",
        "burned",
        "up",
        "with",
        "fire:",
        "and",
        "all",
        "our",
        "pleasant",
        "things",
        "are",
        "laid",
        "waste."
      ],
      "header": "",
      "footer": ""
    },
    {
      "book_name": "Isaiah",
      "chapter": 64,
      "verse": 12,
      "text": [
        "Wilt",
        "thou",
        "refrain",
        "thyself",
        "for",
        "these",
        "*things,",
        "O",
        "Lᴏʀᴅ?",
        "wilt",
        "thou",
        "hold",
        "thy",
        "peace,",
        "and",
        "afflict",
        "us",
        "very",
        "sore?"
      ],
      "header": "",
      "footer": ""
    }
  ]
}