{
  "book_name": "Isaiah",
  "chapter": 7,
  "verses": [
    {
      "book_name": "Isaiah",
      "chapter": 7,
      "verse": 1,
      "text": [
        "And",
        "it",
        "came",
        "to",
        "pass",
        "in",
        "the",
        "days",
        "of",
        "Ahaz",
        "the",
        "son",
        "of",
        "Jotham,",
        "the",
        "son",
        "of",
        "Uzziah,",
        "king",
        "of",
        "Judah,",
        "*that",
        "Rezin",
        "the",
        "king",
        "of",
        "Syria,",
        "and",
        "Pekah",
        "the",
        "son",
        "of",
        "Remaliah,",
        "king",
        "of",
        "Israel,",
        "went",
        "up",
        "toward",
        "Jerusalem",
        "to",
        "war",
        "against",
        "it,",
        "but",
        "could",
        "not",
        "prevail",
        "against",
        "it."
      ],
      "header": "",
      "footer": ""
    },
    {
      "book_name": "Isaiah",
      "chapter": 7,
      "verse": 2,
      "text": [
        "And",
        "it",
        "was",
        "told",
        "the",
        "house",
        "of",
        "David,",
        "saying,",
        "Syria",
        "is",
        "confederate",
        "with",
        "Ephraim.",
        "And",
        "his",
        "heart",
        "was",
        "moved,",
        "and",
        "the",
        "heart",
        "of",
        "his",
        "people,",
        "as",
        "the",
        "trees",
        "of",
        "the",
        "wood",
        "are",
        "moved",
        "with",
        "the",
        "wind."
      ],
      "header": "",
      "footer": ""
    },
    {
      "book_name": "Isaiah",
      "chapter": 7,
      "verse": 3,
      "text": [
        "Then",
        "said",
        "the",
        "Lᴏʀᴅ",
        "unto",
        "Isaiah,",
        "Go",
        "forth",
        "now",
        "to",
        "meet",
        "Ahaz,",
        "thou,",
        "and",
        "Shearjashub",
        "thy",
        "son,",
        "at",
        "the",
        "end",
        "of",
        "the",
        "conduit",
        "of",
        "the",
        "upper",
        "pool",
        "in",
        "the",
        "highway",
        "of",
        "the",
        "fuller's",
        "field;"
      ],
      "header": "",
      "footer": ""
    },
    {
      "book_name": "Isaiah",
      "chapter": 7,
      "verse": 4,
      "text": [
        "And",
        "say",
        "unto",
        "him,",
        "Take",
        "heed,",
        "and",
        "be",
        "quiet;",
        "fear",
        "not,",
        "neither",
        "be",
        "fainthearted",
        "for",
        "the",
        "two",
        "tails",
        "of",
        "these",
        "smoking",
        "firebrands,",
        "for",
        "the",
        "fierce",
        "anger",
        "of",
        "Rezin",
        "with",
        "Syria,",
        "and",
        "of",
        "the",
        "son",
        "of",
        "Remaliah."
      ],
      "header": "",
      "footer": ""
    },
    {
      "book_name": "Isaiah",
      "chapter": 7,
      "verse": 5,
      "text": [
        "Because",
        "Syria,",
        "Ephraim,",
        "and",
        "the",
        "son",
        "of",
        "Remaliah,",
        "have",
        "taken",
        "evil",
        "counsel",
        "against",
        "thee,",
        "saying,"
      ],
      "header": "",
      "footer": ""
    },
    {
      "book_name": "Isaiah",
      "chapter": 7,
      "verse": 6,
      "text": [
        "Let",
        "us",
        "go",
        "up",
        "against",
        "Judah,",
        "and",
        "vex",
        "it,",
        "and",
        "let",
        "us",
        "make",
        "a",
        "breach",
        "therein",
        "for",
        "us,",
        "and",
        "set",
        "a",
        "king",
        "in",
        "the",
        "midst",
        "of",
        "it,",
        "*even",
        "the",
        "son",
        "of",
        "Tabeal:"
      ],
      "header": "",
      "footer": ""
    },
    {
      "book_name": "Isaiah",
      "chapter": 7,
      "verse": 7,
      "text": [
        "Thus",
        "saith",
        "the",
        "Lord",
        "Gᴏᴅ,",
        "It",
        "shall",
        "not",
        "stand,",
        "neither",
        "shall",
        "it",
        "come",
        "to",
        "pass."
      ],
      "header": "",
      "footer": ""
    },
    {
      "book_name": "Isaiah",
      "chapter": 7,
      "verse": 8,
      "text": [
        "For",
        "the",
        "head",
        "of",
        "Syria",
        "*is",
        "Damascus,",
        "and",
        "the",
        "head",
        "of",
        "Damascus",
        "*is",
        "Rezin;",
        "and",
        "within",
        "threescore",
        "and",
        "five",
        "years",
        "shall",
        "Ephraim",
        "be",
        "broken,",
        "that",
        "it",
        "be",
        "not",
        "a",
        "people."
      ],
      "header": "",
      "footer": ""
    },
    {
      "book_name": "Isaiah",
      "chapter": 7,
      "verse": 9,
      "text": [
        "And",
        "the",
        "head",
        "of",
        "Ephraim",
        "*is",
        "Samaria,",
        "and",
        "the",
        "head",
        "of",
        "Samaria",
        "*is",
        "Remaliah's",
        "son.",
        "If",
        "ye",
        "will",
        "not",
        "believe,",
        "surely",
        "ye",
        "shall",
        "not",
        "be",
        "established."
      ],
      "header": "",
      "footer": ""
    },
    {
      "book_name": "Isaiah",
      "chapter": 7,
      "verse": 10,
      "text": [
        "¶",
        "Moreover",
        "the",
        "Lᴏʀᴅ",
        "spake",
        "again",
        "unto",
        "Ahaz,",
        "saying,"
      ],
      "header": "",
      "footer": ""
    },
    {
      "book_name": "Isaiah",
      "chapter": 7,
      "verse": 11,
      "text": [
        "Ask",
        "thee",
        "a",
        "sign",
        "of",
        "the",
        "Lᴏʀᴅ",
        "thy",
        "God;",
        "ask",
        "it",
        "either",
        "in",
        "the",
        "depth,",
        "or",
        "in",
        "the",
        "height",
        "above."
      ],
      "header": "",
      "footer": ""
    },
    {
      "book_name": "Isaiah",
      "chapter": 7,
      "verse": 12,
      "text": [
        "But",
        "Ahaz",
        "said,",
        "I",
        "will",
        "not",
        "ask,",
        "neither",
        "will",
        "I",
        "tempt",
        "the",
        "Lᴏʀᴅ."
      ],
      "header": "",
      "footer": ""
    },
    {
      "book_name": "Isaiah",
      "chapter": 7,
      "verse": 13,
      "text": [
        "And",
        "he",
        "said,",
        "Hear",
        "ye",
        "now,",
        "O",
        "house",
        "of",
        "David;",
        "*Is",
        "*it",
        "a",
        "small",
        "thing",
        "for",
        "you",
        "to",
        "weary",
        "men,",
        "but",
        "will",
        "ye",
        "weary",
        "my",
        "God",
        "also?"
      ],
      "header": "",
      "footer": ""
    },
    {
      "book_name": "Isaiah",
      "chapter": 7,
      "verse": 14,
      "text": [
        "Therefore",
        "the",
        "Lord",
        "himself",
        "shall",
        "give",
        "you",
        "a",
        "sign;",
        "Behold,",
        "a",
        "virgin",
        "shall",
        "conceive,",
        "and",
        "bear",
        "a",
        "son,",
        "and",
        "shall",
        "call",
        "his",
        "name",
        "Immanuel."
      ],
      "header": "",
      "footer": ""
    },
    {
      "book_name": "Isaiah",
      "chapter": 7,
      "verse": 15,
      "text": [
        "Butter",
        "and",
        "honey",
        "shall",
        "he",
        "eat,",
        "that",
        "he",
        "may",
        "know",
        "to",
        "refuse",
        "the",
        "evil,",
        "and",
        "choose",
        "the",
        "good."
      ],
      "header": "",
      "footer": ""
    },
    {
      "book_name": "Isaiah",
      "chapter": 7,
      "verse": 16,
      "text": [
        "For",
        "before",
        "the",
        "child",
        "shall",
        "know",
        "to",
        "refuse",
        "the",
        "evil,",
        "and",
        "choose",
        "the",
        "good,",
        "the",
        "land",
        "that",
        "thou",
        "abhorrest",
        "shall",
        "be",
        "forsaken",
        "of",
        "both",
        "her",
        "kings."
      ],
      "header": "",
      "footer": ""
    },
    {
      "book_name": "Isaiah",
      "chapter": 7,
      "verse": 17,
      "text": [
        "¶",
        "The",
        "Lᴏʀᴅ",
        "shall",
        "bring",
        "upon",
        "thee,",
        "and",
        "upon",
        "thy",
        "people,",
        "and",
        "upon",
        "thy",
        "father's",
        "house,",
        "days",
        "that",
        "have",
        "not",
        "come,",
        "from",
        "the",
        "day",
        "that",
        "Ephraim",
        "departed",
        "from",
        "Judah;",
        "*even",
        "the",
        "king",
        "of",
        "Assyria."
      ],
      "header": "",
      "footer": ""
    },
    {
      "book_name": "Isaiah",
      "chapter": 7,
      "verse": 18,
      "text": [
        "And",
        "it",
        "shall",
        "come",
        "to",
        "pass",
        "in",
        "that",
        "day,",
        "*that",
        "the",
        "Lᴏʀᴅ",
        "shall",
        "hiss",
        "for",
        "the",
        "fly",
        "that",
        "*is",
        "in",
        "the",
        "uttermost",
        "part",
        "of",
        "the",
        "rivers",
        "of",
        "Egypt,",
        "and",
        "for",
        "the",
        "bee",
        "that",
        "*is",
        "in",
        "the",
        "land",
        "of",
        "Assyria."
      ],
      "header": "",
      "footer": ""
    },
    {
      "book_name": "Isaiah",
      "chapter": 7,
      "verse": 19,
      "text": [
        "And",
        "they",
        "shall",
        "come,",
        "and",
        "shall",
        "rest",
        "all",
        "of",
        "them",
        "in",
        "the",
        "desolate",
        "valleys,",
        "and",
        "in",
        "the",
        "holes",
        "of",
        "the",
        "rocks,",
        "and",
        "upon",
        "all",
        "thorns,",
        "and",
        "upon",
        "all",
        "bushes."
      ],
      "header": "",
      "footer": ""
    },
    {
      "book_name": "Isaiah",
      "chapter": 7,
      "verse": 20,
      "text": [
        "In",
        "the",
        "same",
        "day",
        "shall",
        "the",
        "Lord",
        "shave",
        "with",
        "a",
        "rasor",
        "that",
        "is",
        "hired,",
        "*namely,",
        "by",
        "them",
        "beyond",
        "the",
        "river,",
        "by",
        "the",
        "king",
        "of",
        "Assyria,",
        "the",
        "head,",
        "and",
        "the",
        "hair",
        "of",
        "the",
        "feet:",
        "and",
        "it",
        "shall",
        "also",
        "consume",
        "the",
        "beard."
      ],
      "header": "",
      "footer": ""
    },
    {
      "book_name": "Isaiah",
      "chapter": 7,
      "verse": 21,
      "text": [
        "And",
        "it",
        "shall",
        "come",
        "to",
        "pass",
        "in",
        "that",
        "day,",
        "*that",
        "a",
        "man",
        "shall",
        "nourish",
        "a",
        "young",
        "cow,",
        "and",
        "two",
        "sheep;"
      ],
      "header": "",
      "footer": ""
    },
    {
      "book_name": "Isaiah",
      "chapter": 7,
      "verse": 22,
      "text": [
        "And",
        "it",
        "shall",
        "come",
        "to",
        "pass,",
        "for",
        "the",
        "abundance",
        "of",
        "milk",
        "*that",
        "they",
        "shall",
        "give",
        "he",
        "shall",
        "eat",
        "butter:",
        "for",
        "butter",
        "and",
        "honey",
        "shall",
        "every",
        "one",
        "eat",
        "that",
        "is",
        "left",
        "in",
        "the",
        "land."
      ],
      "header": "",
      "footer": ""
    },
    {
      "book_name": "Isaiah",
      "chapter": 7,
      "verse": 23,
      "text": [
        "And",
        "it",
        "shall",
        "come",
        "to",
        "pass",
        "in",
        "that",
        "day,",
        "*that",
        "every",
        "place",
        "shall",
        "be,",
        "where",
        "there",
        "were",
        "a",
        "thousand",
        "vines",
        "at",
        "a",
        "thousand",
        "silverlings,",
        "it",
        "shall",
        "*even",
        "be",
        "for",
        "briers",
        "and",
        "thorns."
      ],
      "header": "",
      "footer": ""
    },
    {
      "book_name": "Isaiah",
      "chapter": 7,
      "verse": 24,
      "text": [
        "With",
        "arrows",
        "and",
        "with",
        "bows",
        "shall",
        "*men",
        "come",
        "thither;",
        "because",
        "all",
        "the",
        "land",
        "shall",
        "become",
        "briers",
        "and",
        "thorns."
      ],
      "header": "",
      "footer": ""
    },
    {
      "book_name": "Isaiah",
      "chapter": 7,
      "verse": 25,
      "text": [
        "And",
        "*on",
        "all",
        "hills",
        "that",
        "shall",
        "be",
        "digged",
        "with",
        "the",
        "mattock,",
        "there",
        "shall",
        "not",
        "come",
        "thither",
        "the",
        "fear",
        "of",
        "briers",
        "and",
        "thorns:",
        "but",
        "it",
        "shall",
        "be",
        "for",
        "the",
        "sending",
        "forth",
        "of",
        "oxen,",
        "and",
        "for",
        "the",
        "treading",
        "of",
        "lesser",
        "cattle."
      ],
      "header": "",
      "footer": ""
    }
  ]
}