{
  "book_name": "Isaiah",
  "chapter": 8,
  "verses": [
    {
      "book_name": "Isaiah",
      "chapter": 8,
      "verse": 1,
      "text": [
        "Moreover",
        "the",
        "Lᴏʀᴅ",
        "said",
        "unto",
        "me,",
        "Take",
        "thee",
        "a",
        "great",
        "roll,",
        "and",
        "write",
        "in",
        "it",
        "with",
        "a",
        "man's",
        "pen",
        "concerning",
        "Mahershalalhashbaz."
      ],
      "header": "",
      "footer": ""
    },
    {
      "book_name": "Isaiah",
      "chapter": 8,
      "verse": 2,
      "text": [
        "And",
        "I",
        "took",
        "unto",
        "me",
        "faithful",
        "witnesses",
        "to",
        "record,",
        "Uriah",
        "the",
        "priest,",
        "and",
        "Zechariah",
        "the",
        "son",
        "of",
        "Jeberechiah."
      ],
      "header": "",
      "footer": ""
    },
    {
      "book_name": "Isaiah",
      "chapter": 8,
      "verse": 3,
      "text": [
        "And",
        "I",
        "went",
        "unto",
        "the",
        "prophetess;",
        "and",
        "she",
        "conceived,",
        "and",
        "bare",
        "a",
        "son.",
        "Then",
        "said",
        "the",
        "Lᴏʀᴅ",
        "to",
        "me,",
        "Call",
        "his",
        "name",
        "Mahershalalhashbaz."
      ],
      "header": "",
      "footer": ""
    },
    {
      "book_name": "Isaiah",
      "chapter": 8,
      "verse": 4,
      "text": [
        "For",
        "before",
        "the",
        "child",
        "shall",
        "have",
        "knowledge",
        "to",
        "cry,",
        "My",
        "father,",
        "and",
        "my",
        "mother,",
        "the",
        "riches",
        "of",
        "Damascus",
        "and",
        "the",
        "spoil",
        "of",
        "Samaria",
        "shall",
        "be",
        "taken",
        "away",
        "before",
        "the",
        "king",
        "of",
        "Assyria."
      ],
      "header": "",
      "footer": ""
    },
    {
      "book_name": "Isaiah",
      "chapter": 8,
      "verse": 5,
      "text": [
        "¶",
        "The",
        "Lᴏʀᴅ",
        "spake",
        "also",
        "unto",
        "me",
        "again,",
        "saying,"
      ],
      "header": "",
      "footer": ""
    },
    {
      "book_name": "Isaiah",
      "chapter": 8,
      "verse": 6,
      "text": [
        "Forasmuch",
        "as",
        "this",
        "people",
        "refuseth",
        "the",
        "waters",
        "of",
        "Shiloah",
        "that",
        "go",
        "softly,",
        "and",
        "rejoice",
        "in",
        "Rezin",
        "and",
        "Remaliah's",
        "son;"
      ],
      "header": "",
      "footer": ""
    },
    {
      "book_name": "Isaiah",
      "chapter": 8,
      "verse": 7,
      "text": [
        "Now",
        "therefore,",
        "behold,",
        "the",
        "Lord",
        "bringeth",
        "up",
        "upon",
        "them",
        "the",
        "waters",
        "of",
        "the",
        "river,",
        "strong",
        "and",
        "many,",
        "*even",
        "the",
        "king",
        "of",
        "Assyria,",
        "and",
        "all",
        "his",
        "glory:",
        "and",
        "he",
        "shall",
        "come",
        "up",
        "over",
        "all",
        "his",
        "channels,",
        "and",
        "go",
        "over",
        "all",
        "his",
        "banks:"
      ],
      "header": "",
      "footer": ""
    },
    {
      "book_name": "Isaiah",
      "chapter": 8,
      "verse": 8,
      "text": [
        "And",
        "he",
        "shall",
        "pass",
        "through",
        "Judah;",
        "he",
        "shall",
        "overflow",
        "and",
        "go",
        "over,",
        "he",
        "shall",
        "reach",
        "*even",
        "to",
        "the",
        "neck;",
        "and",
        "the",
        "stretching",
        "out",
        "of",
        "his",
        "wings",
        "shall",
        "fill",
        "the",
        "breadth",
        "of",
        "thy",
        "land,",
        "O",
        "Immanuel."
      ],
      "header": "",
      "footer": ""
    },
    {
      "book_name": "Isaiah",
      "chapter": 8,
      "verse": 9,
      "text": [
        "¶",
        "Associate",
        "yourselves,",
        "O",
        "ye",
        "people,",
        "and",
        "ye",
        "shall",
        "be",
        "broken",
        "in",
        "pieces;",
        "and",
        "give",
        "ear,",
        "all",
        "ye",
        "of",
        "far",
        "countries:",
        "gird",
        "yourselves,",
        "and",
        "ye",
        "shall",
        "be",
        "broken",
        "in",
        "pieces;",
        "gird",
        "yourselves,",
        "and",
        "ye",
        "shall",
        "be",
        "broken",
        "in",
        "pieces."
      ],
      "header": "",
      "footer": ""
    },
    {
      "book_name": "Isaiah",
      "chapter": 8,
      "verse": 10,
      "text": [
        "Take",
        "counsel",
        "together,",
        "and",
        "it",
        "shall",
        "come",
        "to",
        "nought;",
        "speak",
        "the",
        "word,",
        "and",
        "it",
        "shall",
        "not",
        "stand:",
        "for",
        "God",
        "*is",
        "with",
        "us."
      ],
      "header": "",
      "footer": ""
    },
    {
      "book_name": "Isaiah",
      "chapter": 8,
      "verse": 11,
      "text": [
        "¶",
        "For",
        "the",
        "Lᴏʀᴅ",
        "spake",
        "thus",
        "to",
        "me",
        "with",
        "a",
        "strong",
        "hand,",
        "and",
        "instructed",
        "me",
        "that",
        "I",
        "should",
        "not",
        "walk",
        "in",
        "the",
        "way",
        "of",
        "this",
        "people,",
        "saying,"
      ],
      "header": "",
      "footer": ""
    },
    {
      "book_name": "Isaiah",
      "chapter": 8,
      "verse": 12,
      "text": [
        "Say",
        "ye",
        "not,",
        "A",
        "confederacy,",
        "to",
        "all",
        "*them",
        "*to",
        "whom",
        "this",
        "people",
        "shall",
        "say,",
        "A",
        "confederacy;",
        "neither",
        "fear",
        "ye",
        "their",
        "fear,",
        "nor",
        "be",
        "afraid."
      ],
      "header": "",
      "footer": ""
    },
    {
      "book_name": "Isaiah",
      "chapter": 8,
      "verse": 13,
      "text": [
        "Sanctify",
        "the",
        "Lᴏʀᴅ",
        "of",
        "hosts",
        "himself;",
        "and",
        "*let",
        "him",
        "*be",
        "your",
        "fear,",
        "and",
        "*let",
        "him",
        "*be",
        "your",
        "dread."
      ],
      "header": "",
      "footer": ""
    },
    {
      "book_name": "Isaiah",
      "chapter": 8,
      "verse": 14,
      "text": [
        "And",
        "he",
        "shall",
        "be",
        "for",
        "a",
        "sanctuary;",
        "but",
        "for",
        "a",
        "stone",
        "of",
        "stumbling",
        "and",
        "for",
        "a",
        "rock",
        "of",
        "offence",
        "to",
        "both",
        "the",
        "houses",
        "of",
        "Israel,",
        "for",
        "a",
        "gin",
        "and",
        "for",
        "a",
        "snare",
        "to",
        "the",
        "inhabitants",
        "of",
        "Jerusalem."
      ],
      "header": "",
      "footer": ""
    },
    {
      "book_name": "Isaiah",
      "chapter": 8,
      "verse": 15,
      "text": [
        "And",
        "many",
        "among",
        "them",
        "shall",
        "stumble,",
        "and",
        "fall,",
        "and",
        "be",
        "broken,",
        "and",
        "be",
        "snared,",
        "and",
        "be",
        "taken."
      ],
      "header": "",
      "footer": ""
    },
    {
      "book_name": "Isaiah",
      "chapter": 8,
      "verse": 16,
      "text": [
        "Bind",
        "up",
        "the",
        "testimony,",
        "seal",
        "the",
        "law",
        "among",
        "my",
        "disciples."
      ],
      "header": "",
      "footer": ""
    },
    {
      "book_name": "Isaiah",
      "chapter": 8,
      "verse": 17,
      "text": [
        "And",
        "I",
        "will",
        "wait",
        "upon",
        "the",
        "Lᴏʀᴅ,",
        "that",
        "hideth",
        "his",
        "face",
        "from",
        "the",
        "house",
        "of",
        "Jacob,",
        "and",
        "I",
        "will",
        "look",
        "for",
        "him."
      ],
      "header": "",
      "footer": ""
    },
    {
      "book_name": "Isaiah",
      "chapter": 8,
      "verse": 18,
      "text": [
        "Behold,",
        "I",
        "and",
        "the",
        "children",
        "whom",
        "the",
        "Lᴏʀᴅ",
        "hath",
        "given",
        "me",
        "*are",
        "for",
        "signs",
        "and",
        "for",
        "wonders",
        "in",
        "Israel",
        "from",
        "the",
        "Lᴏʀᴅ",
        "of",
        "hosts,",
        "which",
        "dwelleth",
        "in",
        "mount",
        "Zion."
      ],
      "header": "",
      "footer": ""
    },
    {
      "book_name": "Isaiah",
      "chapter": 8,
      "verse": 19,
      "text": [
        "¶",
        "And",
        "when",
        "they",
        "shall",
        "say",
        "unto",
        "you,",
        "Seek",
        "unto",
        "them",
        "that",
        "have",
        "familiar",
        "spirits,",
        "and",
        "unto",
        "wizards",
        "that",
        "peep,",
        "and",
        "that",
        "mutter:",
        "should",
        "not",
        "a",
        "people",
        "seek",
        "unto",
        "their",
        "God?",
        "for",
        "the",
        "living",
        "to",
        "the",
        "dead?"
      ],
      "header": "",
      "footer": ""
    },
    {
      "book_name": "Isaiah",
      "chapter": 8,
      "verse": 20,
      "text": [
        "To",
        "the",
        "law",
        "and",
        "to",
        "the",
        "testimony:",
        "if",
        "they",
        "speak",
        "not",
        "according",
        "to",
        "this",
        "word,",
        "*it",
        "*is",
        "because",
        "*there",
        "*is",
        "no",
        "light",
        "in",
        "them."
      ],
      "header": "",
      "footer": ""
    },
    {
      "book_name": "Isaiah",
      "chapter": 8,
      "verse": 21,
      "text": [
        "And",
        "they",
        "shall",
        "pass",
        "through",
        "it,",
        "hardly",
        "bestead",
        "and",
        "hungry:",
        "and",
        "it",
        "shall",
        "come",
        "to",
        "pass,",
        "that",
        "when",
        "they",
        "shall",
        "be",
        "hungry,",
        "they",
        "shall",
        "fret",
        "themselves,",
        "and",
        "curse",
        "their",
        "king",
        "and",
        "their",
        "God,",
        "and",
        "look",
        "upward."
      ],
      "header": "",
      "footer": ""
    },
    {
      "book_name": "Isaiah",
      "chapter": 8,
      "verse": 22,
      "text": [
        "And",
        "they",
        "shall",
        "look",
        "unto",
        "the",
        "earth;",
        "and",
        "behold",
        "trouble",
        "and",
        "darkness,",
        "dimness",
        "of",
        "anguish;",
        "and",
        "*they",
        "*shall",
        "*be",
        "driven",
        "to",
        "darkness."
      ],
      "header": "",
      "footer": ""
    }
  ]
}