{
  "book_name": "Isaiah",
  "chapter": 9,
  "verses": [
    {
      "book_name": "Isaiah",
      "chapter": 9,
      "verse": 1,
      "text": [
        "Nevertheless",
        "the",
        "dimness",
        "*shall",
        "not",
        "*be",
        "such",
        "as",
        "*was",
        "in",
        "her",
        "vexation,",
        "when",
        "at",
        "the",
        "first",
        "he",
        "lightly",
        "afflicted",
        "the",
        "land",
        "of",
        "Zebulun",
        "and",
        "the",
        "land",
        "of",
        "Naphtali,",
        "and",
        "afterward",
        "did",
        "more",
        "grievously",
        "afflict",
        "*her",
        "*by",
        "the",
        "way",
        "of",
        "the",
        "sea,",
        "beyond",
        "Jordan,",
        "in",
        "Galilee",
        "of",
        "the",
        "nations."
      ],
      "header": "",
      "footer": ""
    },
    {
      "book_name": "Isaiah",
      "chapter": 9,
      "verse": 2,
      "text": [
        "The",
        "people",
        "that",
        "walked",
        "in",
        "darkness",
        "have",
        "seen",
        "a",
        "great",
        "light:",
        "they",
        "that",
        "dwell",
        "in",
        "the",
        "land",
        "of",
        "the",
        "shadow",
        "of",
        "death,",
        "upon",
        "them",
        "hath",
        "the",
        "light",
        "shined."
      ],
      "header": "",
      "footer": ""
    },
    {
      "book_name": "Isaiah",
      "chapter": 9,
      "verse": 3,
      "text": [
        "Thou",
        "hast",
        "multiplied",
        "the",
        "nation,",
        "*and",
        "not",
        "increased",
        "the",
        "joy:",
        "they",
        "joy",
        "before",
        "thee",
        "according",
        "to",
        "the",
        "joy",
        "in",
        "harvest,",
        "*and",
        "as",
        "*men",
        "rejoice",
        "when",
        "they",
        "divide",
        "the",
        "spoil."
      ],
      "header": "",
      "footer": ""
    },
    {
      "book_name": "Isaiah",
      "chapter": 9,
      "verse": 4,
      "text": [
        "For",
        "thou",
        "hast",
        "broken",
        "the",
        "yoke",
        "of",
        "his",
        "burden,",
        "and",
        "the",
        "staff",
        "of",
        "his",
        "shoulder,",
        "the",
        "rod",
        "of",
        "his",
        "oppressor,",
        "as",
        "in",
        "the",
        "day",
        "of",
        "Midian."
      ],
      "header": "",
      "footer": ""
    },
    {
      "book_name": "Isaiah",
      "chapter": 9,
      "verse": 5,
      "text": [
        "For",
        "every",
        "battle",
        "of",
        "the",
        "warrior",
        "*is",
        "with",
        "confused",
        "noise,",
        "and",
        "garments",
        "rolled",
        "in",
        "blood;",
        "but",
        "*this",
        "shall",
        "be",
        "with",
        "burning",
        "*and",
        "fuel",
        "of",
        "fire."
      ],
      "header": "",
      "footer": ""
    },
    {
      "book_name": "Isaiah",
      "chapter": 9,
      "verse": 6,
      "text": [
        "For",
        "unto",
        "us",
        "a",
        "child",
        "is",
        "born,",
        "unto",
        "us",
        "a",
        "son",
        "is",
        "given:",
        "and",
        "the",
        "government",
        "shall",
        "be",
        "upon",
        "his",
        "shoulder:",
        "and",
        "his",
        "name",
        "shall",
        "be",
        "called",
        "Wonderful,",
        "Counseller,",
        "The",
        "mighty",
        "God,",
        "The",
        "everlasting",
        "Father,",
        "The",
        "Prince",
        "of",
        "Peace."
      ],
      "header": "",
      "footer": ""
    },
    {
      "book_name": "Isaiah",
      "chapter": 9,
      "verse": 7,
      "text": [
        "Of",
        "the",
        "increase",
        "of",
        "*his",
        "government",
        "and",
        "peace",
        "*there",
        "*shall",
        "*be",
        "no",
        "end,",
        "upon",
        "the",
        "throne",
        "of",
        "David,",
        "and",
        "upon",
        "his",
        "kingdom,",
        "to",
        "order",
        "it,",
        "and",
        "to",
        "establish",
        "it",
        "with",
        "judgment",
        "and",
        "with",
        "justice",
        "from",
        "henceforth",
        "even",
        "for",
        "ever.",
        "The",
        "zeal",
        "of",
        "the",
        "Lᴏʀᴅ",
        "of",
        "hosts",
        "will",
        "perform",
        "this."
      ],
      "header": "",
      "footer": ""
    },
    {
      "book_name": "Isaiah",
      "chapter": 9,
      "verse": 8,
      "text": [
        "¶",
        "The",
        "Lord",
        "sent",
        "a",
        "word",
        "into",
        "Jacob,",
        "and",
        "it",
        "hath",
        "lighted",
        "upon",
        "Israel."
      ],
      "header": "",
      "footer": ""
    },
    {
      "book_name": "Isaiah",
      "chapter": 9,
      "verse": 9,
      "text": [
        "And",
        "all",
        "the",
        "people",
        "shall",
        "know,",
        "*even",
        "Ephraim",
        "and",
        "the",
        "inhabitant",
        "of",
        "Samaria,",
        "that",
        "say",
        "in",
        "the",
        "pride",
        "and",
        "stoutness",
        "of",
        "heart,"
      ],
      "header": "",
      "footer": ""
    },
    {
      "book_name": "Isaiah",
      "chapter": 9,
      "verse": 10,
      "text": [
        "The",
        "bricks",
        "are",
        "fallen",
        "down,",
        "but",
        "we",
        "will",
        "build",
        "with",
        "hewn",
        "stones:",
        "the",
        "sycomores",
        "are",
        "cut",
        "down,",
        "but",
        "we",
        "will",
        "change",
        "*them",
        "*into",
        "cedars."
      ],
      "header": "",
      "footer": ""
    },
    {
      "book_name": "Isaiah",
      "chapter": 9,
      "verse": 11,
      "text": [
        "Therefore",
        "the",
        "Lᴏʀᴅ",
        "shall",
        "set",
        "up",
        "the",
        "adversaries",
        "of",
        "Rezin",
        "against",
        "him,",
        "and",
        "join",
        "his",
        "enemies",
        "together;"
      ],
      "header": "",
      "footer": ""
    },
    {
      "book_name": "Isaiah",
      "chapter": 9,
      "verse": 12,
      "text": [
        "The",
        "Syrians",
        "before,",
        "and",
        "the",
        "Philistines",
        "behind;",
        "and",
        "they",
        "shall",
        "devour",
        "Israel",
        "with",
        "open",
        "mouth.",
        "For",
        "all",
        "this",
        "his",
        "anger",
        "is",
        "not",
        "turned",
        "away,",
        "but",
        "his",
        "hand",
        "*is",
        "stretched",
        "out",
        "still."
      ],
      "header": "",
      "footer": ""
    },
    {
      "book_name": "Isaiah",
      "chapter": 9,
      "verse": 13,
      "text": [
        "¶",
        "For",
        "the",
        "people",
        "turneth",
        "not",
        "unto",
        "him",
        "that",
        "smiteth",
        "them,",
        "neither",
        "do",
        "they",
        "seek",
        "the",
        "Lᴏʀᴅ",
        "of",
        "hosts."
      ],
      "header": "",
      "footer": ""
    },
    {
      "book_name": "Isaiah",
      "chapter": 9,
      "verse": 14,
      "text": [
        "Therefore",
        "the",
        "Lᴏʀᴅ",
        "will",
        "cut",
        "off",
        "from",
        "Israel",
        "head",
        "and",
        "tail,",
        "branch",
        "and",
        "rush,",
        "in",
        "one",
        "day."
      ],
      "header": "",
      "footer": ""
    },
    {
      "book_name": "Isaiah",
      "chapter": 9,
      "verse": 15,
      "text": [
        "The",
        "ancient",
        "and",
        "honourable,",
        "he",
        "*is",
        "the",
        "head;",
        "and",
        "the",
        "prophet",
        "that",
        "teacheth",
        "lies,",
        "he",
        "*is",
        "the",
        "tail."
      ],
      "header": "",
      "footer": ""
    },
    {
      "book_name": "Isaiah",
      "chapter": 9,
      "verse": 16,
      "text": [
        "For",
        "the",
        "leaders",
        "of",
        "this",
        "people",
        "cause",
        "*them",
        "to",
        "err;",
        "and",
        "*they",
        "*that",
        "*are",
        "led",
        "of",
        "them",
        "*are",
        "destroyed."
      ],
      "header": "",
      "footer": ""
    },
    {
      "book_name": "Isaiah",
      "chapter": 9,
      "verse": 17,
      "text": [
        "Therefore",
        "the",
        "Lord",
        "shall",
        "have",
        "no",
        "joy",
        "in",
        "their",
        "young",
        "men,",
        "neither",
        "shall",
        "have",
        "mercy",
        "on",
        "their",
        "fatherless",
        "and",
        "widows:",
        "for",
        "every",
        "one",
        "*is",
        "an",
        "hypocrite",
        "and",
        "an",
        "evildoer,",
        "and",
        "every",
        "mouth",
        "speaketh",
        "folly.",
        "For",
        "all",
        "this",
        "his",
        "anger",
        "is",
        "not",
        "turned",
        "away,",
        "but",
        "his",
        "hand",
        "*is",
        "stretched",
        "out",
        "still."
      ],
      "header": "",
      "footer": ""
    },
    {
      "book_name": "Isaiah",
      "chapter": 9,
      "verse": 18,
      "text": [
        "¶",
        "For",
        "wickedness",
        "burneth",
        "as",
        "the",
        "fire:",
        "it",
        "shall",
        "devour",
        "the",
        "briers",
        "and",
        "thorns,",
        "and",
        "shall",
        "kindle",
        "in",
        "the",
        "thickets",
        "of",
        "the",
        "forest,",
        "and",
        "they",
        "shall",
        "mount",
        "up",
        "*like",
        "the",
        "lifting",
        "up",
        "of",
        "smoke."
      ],
      "header": "",
      "footer": ""
    },
    {
      "book_name": "Isaiah",
      "chapter": 9,
      "verse": 19,
      "text": [
        "Through",
        "the",
        "wrath",
        "of",
        "the",
        "Lᴏʀᴅ",
        "of",
        "hosts",
        "is",
        "the",
        "land",
        "darkened,",
        "and",
        "the",
        "people",
        "shall",
        "be",
        "as",
        "the",
        "fuel",
        "of",
        "the",
        "fire:",
        "no",
        "man",
        "shall",
        "spare",
        "his",
        "brother."
      ],
      "header": "",
      "footer": ""
    },
    {
      "book_name": "Isaiah",
      "chapter": 9,
      "verse": 20,
      "text": [
        "And",
        "he",
        "shall",
        "snatch",
        "on",
        "the",
        "right",
        "hand,",
        "and",
        "be",
        "hungry;",
        "and",
        "he",
        "shall",
        "eat",
        "on",
        "the",
        "left",
        "hand,",
        "and",
        "they",
        "shall",
        "not",
        "be",
        "satisfied:",
        "they",
        "shall",
        "eat",
        "every",
        "man",
        "the",
        "flesh",
        "of",
        "his",
        "own",
        "arm:"
      ],
      "header": "",
      "footer": ""
    },
    {
      "book_name": "Isaiah",
      "chapter": 9,
      "verse": 21,
      "text": [
        "Manasseh,",
        "Ephraim;",
        "and",
        "Ephraim,",
        "Manasseh:",
        "*and",
        "they",
        "together",
        "*shall",
        "*be",
        "against",
        "Judah.",
        "For",
        "all",
        "this",
        "his",
        "anger",
        "is",
        "not",
        "turned",
        "away,",
        "but",
        "his",
        "hand",
        "*is",
        "stretched",
        "out",
        "still."
      ],
      "header": "",
      "footer": ""
    }
  ]
}