{
  "book_name": "2 Timothy",
  "chapter": 1,
  "verses": [
    {
      "book_name": "2 Timothy",
      "chapter": 1,
      "verse": 1,
      "text": [
        "Paul,",
        "an",
        "apostle",
        "of",
        "Jesus",
        "Christ",
        "by",
        "the",
        "will",
        "of",
        "God,",
        "according",
        "to",
        "the",
        "promise",
        "of",
        "life",
        "which",
        "is",
        "in",
        "Christ",
        "Jesus,"
      ],
      "header": "",
      "footer": ""
    },
    {
      "book_name": "2 Timothy",
      "chapter": 1,
      "verse": 2,
      "text": [
        "To",
        "Timothy,",
        "*my",
        "dearly",
        "beloved",
        "son:",
        "Grace,",
        "mercy,",
        "*and",
        "peace,",
        "from",
        "God",
        "the",
        "Father",
        "and",
        "Christ",
        "Jesus",
        "our",
        "Lord."
      ],
      "header": "",
      "footer": ""
    },
    {
      "book_name": "2 Timothy",
      "chapter": 1,
      "verse": 3,
      "text": [
        "I",
        "thank",
        "God,",
        "whom",
        "I",
        "serve",
        "from",
        "*my",
        "forefathers",
        "with",
        "pure",
        "conscience,",
        "that",
        "without",
        "ceasing",
        "I",
        "have",
        "remembrance",
        "of",
        "thee",
        "in",
        "my",
        "prayers",
        "night",
        "and",
        "day;"
      ],
      "header": "",
      "footer": ""
    },
    {
      "book_name": "2 Timothy",
      "chapter": 1,
      "verse": 4,
      "text": [
        "Greatly",
        "desiring",
        "to",
        "see",
        "thee,",
        "being",
        "mindful",
        "of",
        "thy",
        "tears,",
        "that",
        "I",
        "may",
        "be",
        "filled",
        "with",
        "joy;"
      ],
      "header": "",
      "footer": ""
    },
    {
      "book_name": "2 Timothy",
      "chapter": 1,
      "verse": 5,
      "text": [
        "When",
        "I",
        "call",
        "to",
        "remembrance",
        "the",
        "unfeigned",
        "faith",
        "that",
        "is",
        "in",
        "thee,",
        "which",
        "dwelt",
        "first",
        "in",
        "thy",
        "grandmother",
        "Lois,",
        "and",
        "thy",
        "mother",
        "Eunice;",
        "and",
        "I",
        "am",
        "persuaded",
        "that",
        "in",
        "thee",
        "also."
      ],
      "header": "",
      "footer": ""
    },
    {
      "book_name": "2 Timothy",
      "chapter": 1,
      "verse": 6,
      "text": [
        "Wherefore",
        "I",
        "put",
        "thee",
        "in",
        "remembrance",
        "that",
        "thou",
        "stir",
        "up",
        "the",
        "gift",
        "of",
        "God,",
        "which",
        "is",
        "in",
        "thee",
        "by",
        "the",
        "putting",
        "on",
        "of",
        "my",
        "hands."
      ],
      "header": "",
      "footer": ""
    },
    {
      "book_name": "2 Timothy",
      "chapter": 1,
      "verse": 7,
      "text": [
        "For",
        "God",
        "hath",
        "not",
        "given",
        "us",
        "the",
        "spirit",
        "of",
        "fear;",
        "but",
        "of",
        "power,",
        "and",
        "of",
        "love,",
        "and",
        "of",
        "a",
        "sound",
        "mind."
      ],
      "header": "",
      "footer": ""
    },
    {
      "book_name": "2 Timothy",
      "chapter": 1,
      "verse": 8,
      "text": [
        "Be",
        "not",
        "thou",
        "therefore",
        "ashamed",
        "of",
        "the",
        "testimony",
        "of",
        "our",
        "Lord,",
        "nor",
        "of",
        "me",
        "his",
        "prisoner:",
        "but",
        "be",
        "thou",
        "partaker",
        "of",
        "the",
        "afflictions",
        "of",
        "the",
        "gospel",
        "according",
        "to",
        "the",
        "power",
        "of",
        "God;"
      ],
      "header": "",
      "footer": ""
    },
    {
      "book_name": "2 Timothy",
      "chapter": 1,
      "verse": 9,
      "text": [
        "Who",
        "hath",
        "saved",
        "us,",
        "and",
        "called",
        "*us",
        "with",
        "an",
        "holy",
        "calling,",
        "not",
        "according",
        "to",
        "our",
        "works,",
        "but",
        "according",
        "to",
        "his",
        "own",
        "purpose",
        "and",
        "grace,",
        "which",
        "was",
        "given",
        "us",
        "in",
        "Christ",
        "Jesus",
        "before",
        "the",
        "world",
        "began,"
      ],
      "header": "",
      "footer": ""
    },
    {
      "book_name": "2 Timothy",
      "chapter": 1,
      "verse": 10,
      "text": [
        "But",
        "is",
        "now",
        "made",
        "manifest",
        "by",
        "the",
        "appearing",
        "of",
        "our",
        "Saviour",
        "Jesus",
        "Christ,",
        "who",
        "hath",
        "abolished",
        "death,",
        "and",
        "hath",
        "brought",
        "life",
        "and",
        "immortality",
        "to",
        "light",
        "through",
        "the",
        "gospel:"
      ],
      "header": "",
      "footer": ""
    },
    {
      "book_name": "2 Timothy",
      "chapter": 1,
      "verse": 11,
      "text": [
        "Whereunto",
        "I",
        "am",
        "appointed",
        "a",
        "preacher,",
        "and",
        "an",
        "apostle,",
        "and",
        "a",
        "teacher",
        "of",
        "the",
        "Gentiles."
      ],
      "header": "",
      "footer": ""
    },
    {
      "book_name": "2 Timothy",
      "chapter": 1,
      "verse": 12,
      "text": [
        "For",
        "the",
        "which",
        "cause",
        "I",
        "also",
        "suffer",
        "these",
        "things:",
        "nevertheless",
        "I",
        "am",
        "not",
        "ashamed:",
        "for",
        "I",
        "know",
        "whom",
        "I",
        "have",
        "believed,",
        "and",
        "am",
        "persuaded",
        "that",
        "he",
        "is",
        "able",
        "to",
        "keep",
        "that",
        "which",
        "I",
        "have",
        "committed",
        "unto",
        "him",
        "against",
        "that",
        "day."
      ],
      "header": "",
      "footer": ""
    },
    {
      "book_name": "2 Timothy",
      "chapter": 1,
      "verse": 13,
      "text": [
        "Hold",
        "fast",
        "the",
        "form",
        "of",
        "sound",
        "words,",
        "which",
        "thou",
        "hast",
        "heard",
        "of",
        "me,",
        "in",
        "faith",
        "and",
        "love",
        "which",
        "is",
        "in",
        "Christ",
        "Jesus."
      ],
      "header": "",
      "footer": ""
    },
    {
      "book_name": "2 Timothy",
      "chapter": 1,
      "verse": 14,
      "text": [
        "That",
        "good",
        "thing",
        "which",
        "was",
        "committed",
        "unto",
        "thee",
        "keep",
        "by",
        "the",
        "Holy",
        "Ghost",
        "which",
        "dwelleth",
        "in",
        "us."
      ],
      "header": "",
      "footer": ""
    },
    {
      "book_name": "2 Timothy",
      "chapter": 1,
      "verse": 15,
      "text": [
        "This",
        "thou",
        "knowest,",
        "that",
        "all",
        "they",
        "which",
        "are",
        "in",
        "Asia",
        "be",
        "turned",
        "away",
        "from",
        "me;",
        "of",
        "whom",
        "are",
        "Phygellus",
        "and",
        "Hermogenes."
      ],
      "header": "",
      "footer": ""
    },
    {
      "book_name": "2 Timothy",
      "chapter": 1,
      "verse": 16,
      "text": [
        "The",
        "Lord",
        "give",
        "mercy",
        "unto",
        "the",
        "house",
        "of",
        "Onesiphorus;",
        "for",
        "he",
        "oft",
        "refreshed",
        "me,",
        "and",
        "was",
        "not",
        "ashamed",
        "of",
        "my",
        "chain:"
      ],
      "header": "",
      "footer": ""
    },
    {
      "book_name": "2 Timothy",
      "chapter": 1,
      "verse": 17,
      "text": [
        "But,",
        "when",
        "he",
        "was",
        "in",
        "Rome,",
        "he",
        "sought",
        "me",
        "out",
        "very",
        "diligently,",
        "and",
        "found",
        "*me."
      ],
      "header": "",
      "footer": ""
    },
    {
      "book_name": "2 Timothy",
      "chapter": 1,
      "verse": 18,
      "text": [
        "The",
        "Lord",
        "grant",
        "unto",
        "him",
        "that",
        "he",
        "may",
        "find",
        "mercy",
        "of",
        "the",
        "Lord",
        "in",
        "that",
        "day:",
        "and",
        "in",
        "how",
        "many",
        "things",
        "he",
        "ministered",
        "unto",
        "me",
        "at",
        "Ephesus,",
        "thou",
        "knowest",
        "very",
        "well."
      ],
      "header": "",
      "footer": ""
    }
  ]
}