{
  "book_name": "Judges",
  "chapter": 1,
  "verses": [
    {
      "book_name": "Judges",
      "chapter": 1,
      "verse": 1,
      "text": [
        "Now",
        "after",
        "the",
        "death",
        "of",
        "Joshua",
        "it",
        "came",
        "to",
        "pass,",
        "that",
        "the",
        "children",
        "of",
        "Israel",
        "asked",
        "the",
        "Lᴏʀᴅ,",
        "saying,",
        "Who",
        "shall",
        "go",
        "up",
        "for",
        "us",
        "against",
        "the",
        "Canaanites",
        "first,",
        "to",
        "fight",
        "against",
        "them?"
      ],
      "header": "",
      "footer": ""
    },
    {
      "book_name": "Judges",
      "chapter": 1,
      "verse": 2,
      "text": [
        "And",
        "the",
        "Lᴏʀᴅ",
        "said,",
        "Judah",
        "shall",
        "go",
        "up:",
        "behold,",
        "I",
        "have",
        "delivered",
        "the",
        "land",
        "into",
        "his",
        "hand."
      ],
      "header": "",
      "footer": ""
    },
    {
      "book_name": "Judges",
      "chapter": 1,
      "verse": 3,
      "text": [
        "And",
        "Judah",
        "said",
        "unto",
        "Simeon",
        "his",
        "brother,",
        "Come",
        "up",
        "with",
        "me",
        "into",
        "my",
        "lot,",
        "that",
        "we",
        "may",
        "fight",
        "against",
        "the",
        "Canaanites;",
        "and",
        "I",
        "likewise",
        "will",
        "go",
        "with",
        "thee",
        "into",
        "thy",
        "lot.",
        "So",
        "Simeon",
        "went",
        "with",
        "him."
      ],
      "header": "",
      "footer": ""
    },
    {
      "book_name": "Judges",
      "chapter": 1,
      "verse": 4,
      "text": [
        "And",
        "Judah",
        "went",
        "up;",
        "and",
        "the",
        "Lᴏʀᴅ",
        "delivered",
        "the",
        "Canaanites",
        "and",
        "the",
        "Perizzites",
        "into",
        "their",
        "hand:",
        "and",
        "they",
        "slew",
        "of",
        "them",
        "in",
        "Bezek",
        "ten",
        "thousand",
        "men."
      ],
      "header": "",
      "footer": ""
    },
    {
      "book_name": "Judges",
      "chapter": 1,
      "verse": 5,
      "text": [
        "And",
        "they",
        "found",
        "Adonibezek",
        "in",
        "Bezek:",
        "and",
        "they",
        "fought",
        "against",
        "him,",
        "and",
        "they",
        "slew",
        "the",
        "Canaanites",
        "and",
        "the",
        "Perizzites."
      ],
      "header": "",
      "footer": ""
    },
    {
      "book_name": "Judges",
      "chapter": 1,
      "verse": 6,
      "text": [
        "But",
        "Adonibezek",
        "fled;",
        "and",
        "they",
        "pursued",
        "after",
        "him,",
        "and",
        "caught",
        "him,",
        "and",
        "cut",
        "off",
        "his",
        "thumbs",
        "and",
        "his",
        "great",
        "toes."
      ],
      "header": "",
      "footer": ""
    },
    {
      "book_name": "Judges",
      "chapter": 1,
      "verse": 7,
      "text": [
        "And",
        "Adonibezek",
        "said,",
        "Threescore",
        "and",
        "ten",
        "kings,",
        "having",
        "their",
        "thumbs",
        "and",
        "their",
        "great",
        "toes",
        "cut",
        "off,",
        "gathered",
        "*their",
        "*meat",
        "under",
        "my",
        "table:",
        "as",
        "I",
        "have",
        "done,",
        "so",
        "God",
        "hath",
        "requited",
        "me.",
        "And",
        "they",
        "brought",
        "him",
        "to",
        "Jerusalem,",
        "and",
        "there",
        "he",
        "died."
      ],
      "header": "",
      "footer": ""
    },
    {
      "book_name": "Judges",
      "chapter": 1,
      "verse": 8,
      "text": [
        "Now",
        "the",
        "children",
        "of",
        "Judah",
        "had",
        "fought",
        "against",
        "Jerusalem,",
        "and",
        "had",
        "taken",
        "it,",
        "and",
        "smitten",
        "it",
        "with",
        "the",
        "edge",
        "of",
        "the",
        "sword,",
        "and",
        "set",
        "the",
        "city",
        "on",
        "fire."
      ],
      "header": "",
      "footer": ""
    },
    {
      "book_name": "Judges",
      "chapter": 1,
      "verse": 9,
      "text": [
        "¶",
        "And",
        "afterward",
        "the",
        "children",
        "of",
        "Judah",
        "went",
        "down",
        "to",
        "fight",
        "against",
        "the",
        "Canaanites,",
        "that",
        "dwelt",
        "in",
        "the",
        "mountain,",
        "and",
        "in",
        "the",
        "south,",
        "and",
        "in",
        "the",
        "valley."
      ],
      "header": "",
      "footer": ""
    },
    {
      "book_name": "Judges",
      "chapter": 1,
      "verse": 10,
      "text": [
        "And",
        "Judah",
        "went",
        "against",
        "the",
        "Canaanites",
        "that",
        "dwelt",
        "in",
        "Hebron:",
        "(now",
        "the",
        "name",
        "of",
        "Hebron",
        "before",
        "*was",
        "Kirjatharba:)",
        "and",
        "they",
        "slew",
        "Sheshai,",
        "and",
        "Ahiman,",
        "and",
        "Talmai."
      ],
      "header": "",
      "footer": ""
    },
    {
      "book_name": "Judges",
      "chapter": 1,
      "verse": 11,
      "text": [
        "And",
        "from",
        "thence",
        "he",
        "went",
        "against",
        "the",
        "inhabitants",
        "of",
        "Debir:",
        "and",
        "the",
        "name",
        "of",
        "Debir",
        "before",
        "*was",
        "Kirjathsepher:"
      ],
      "header": "",
      "footer": ""
    },
    {
      "book_name": "Judges",
      "chapter": 1,
      "verse": 12,
      "text": [
        "And",
        "Caleb",
        "said,",
        "He",
        "that",
        "smiteth",
        "Kirjathsepher,",
        "and",
        "taketh",
        "it,",
        "to",
        "him",
        "will",
        "I",
        "give",
        "Achsah",
        "my",
        "daughter",
        "to",
        "wife."
      ],
      "header": "",
      "footer": ""
    },
    {
      "book_name": "Judges",
      "chapter": 1,
      "verse": 13,
      "text": [
        "And",
        "Othniel",
        "the",
        "son",
        "of",
        "Kenaz,",
        "Caleb's",
        "younger",
        "brother,",
        "took",
        "it:",
        "and",
        "he",
        "gave",
        "him",
        "Achsah",
        "his",
        "daughter",
        "to",
        "wife."
      ],
      "header": "",
      "footer": ""
    },
    {
      "book_name": "Judges",
      "chapter": 1,
      "verse": 14,
      "text": [
        "And",
        "it",
        "came",
        "to",
        "pass,",
        "when",
        "she",
        "came",
        "*to",
        "*him,",
        "that",
        "she",
        "moved",
        "him",
        "to",
        "ask",
        "of",
        "her",
        "father",
        "a",
        "field:",
        "and",
        "she",
        "lighted",
        "from",
        "off",
        "*her",
        "ass;",
        "and",
        "Caleb",
        "said",
        "unto",
        "her,",
        "What",
        "wilt",
        "thou?"
      ],
      "header": "",
      "footer": ""
    },
    {
      "book_name": "Judges",
      "chapter": 1,
      "verse": 15,
      "text": [
        "And",
        "she",
        "said",
        "unto",
        "him,",
        "Give",
        "me",
        "a",
        "blessing:",
        "for",
        "thou",
        "hast",
        "given",
        "me",
        "a",
        "south",
        "land;",
        "give",
        "me",
        "also",
        "springs",
        "of",
        "water.",
        "And",
        "Caleb",
        "gave",
        "her",
        "the",
        "upper",
        "springs",
        "and",
        "the",
        "nether",
        "springs."
      ],
      "header": "",
      "footer": ""
    },
    {
      "book_name": "Judges",
      "chapter": 1,
      "verse": 16,
      "text": [
        "¶",
        "And",
        "the",
        "children",
        "of",
        "the",
        "Kenite,",
        "Moses'",
        "father",
        "in",
        "law,",
        "went",
        "up",
        "out",
        "of",
        "the",
        "city",
        "of",
        "palm",
        "trees",
        "with",
        "the",
        "children",
        "of",
        "Judah",
        "into",
        "the",
        "wilderness",
        "of",
        "Judah,",
        "which",
        "*lieth",
        "in",
        "the",
        "south",
        "of",
        "Arad;",
        "and",
        "they",
        "went",
        "and",
        "dwelt",
        "among",
        "the",
        "people."
      ],
      "header": "",
      "footer": ""
    },
    {
      "book_name": "Judges",
      "chapter": 1,
      "verse": 17,
      "text": [
        "And",
        "Judah",
        "went",
        "with",
        "Simeon",
        "his",
        "brother,",
        "and",
        "they",
        "slew",
        "the",
        "Canaanites",
        "that",
        "inhabited",
        "Zephath,",
        "and",
        "utterly",
        "destroyed",
        "it.",
        "And",
        "the",
        "name",
        "of",
        "the",
        "city",
        "was",
        "called",
        "Hormah."
      ],
      "header": "",
      "footer": ""
    },
    {
      "book_name": "Judges",
      "chapter": 1,
      "verse": 18,
      "text": [
        "Also",
        "Judah",
        "took",
        "Gaza",
        "with",
        "the",
        "coast",
        "thereof,",
        "and",
        "Askelon",
        "with",
        "the",
        "coast",
        "thereof,",
        "and",
        "Ekron",
        "with",
        "the",
        "coast",
        "thereof."
      ],
      "header": "",
      "footer": ""
    },
    {
      "book_name": "Judges",
      "chapter": 1,
      "verse": 19,
      "text": [
        "And",
        "the",
        "Lᴏʀᴅ",
        "was",
        "with",
        "Judah;",
        "and",
        "he",
        "drave",
        "out",
        "*the",
        "*inhabitants",
        "*of",
        "the",
        "mountain;",
        "but",
        "could",
        "not",
        "drive",
        "out",
        "the",
        "inhabitants",
        "of",
        "the",
        "valley,",
        "because",
        "they",
        "had",
        "chariots",
        "of",
        "iron."
      ],
      "header": "",
      "footer": ""
    },
    {
      "book_name": "Judges",
      "chapter": 1,
      "verse": 20,
      "text": [
        "And",
        "they",
        "gave",
        "Hebron",
        "unto",
        "Caleb,",
        "as",
        "Moses",
        "said:",
        "and",
        "he",
        "expelled",
        "thence",
        "the",
        "three",
        "sons",
        "of",
        "Anak."
      ],
      "header": "",
      "footer": ""
    },
    {
      "book_name": "Judges",
      "chapter": 1,
      "verse": 21,
      "text": [
        "And",
        "the",
        "children",
        "of",
        "Benjamin",
        "did",
        "not",
        "drive",
        "out",
        "the",
        "Jebusites",
        "that",
        "inhabited",
        "Jerusalem;",
        "but",
        "the",
        "Jebusites",
        "dwell",
        "with",
        "the",
        "children",
        "of",
        "Benjamin",
        "in",
        "Jerusalem",
        "unto",
        "this",
        "day."
      ],
      "header": "",
      "footer": ""
    },
    {
      "book_name": "Judges",
      "chapter": 1,
      "verse": 22,
      "text": [
        "¶",
        "And",
        "the",
        "house",
        "of",
        "Joseph,",
        "they",
        "also",
        "went",
        "up",
        "against",
        "Bethel:",
        "and",
        "the",
        "Lᴏʀᴅ",
        "*was",
        "with",
        "them."
      ],
      "header": "",
      "footer": ""
    },
    {
      "book_name": "Judges",
      "chapter": 1,
      "verse": 23,
      "text": [
        "And",
        "the",
        "house",
        "of",
        "Joseph",
        "sent",
        "to",
        "descry",
        "Bethel.",
        "(Now",
        "the",
        "name",
        "of",
        "the",
        "city",
        "before",
        "*was",
        "Luz.)"
      ],
      "header": "",
      "footer": ""
    },
    {
      "book_name": "Judges",
      "chapter": 1,
      "verse": 24,
      "text": [
        "And",
        "the",
        "spies",
        "saw",
        "a",
        "man",
        "come",
        "forth",
        "out",
        "of",
        "the",
        "city,",
        "and",
        "they",
        "said",
        "unto",
        "him,",
        "Shew",
        "us,",
        "we",
        "pray",
        "thee,",
        "the",
        "entrance",
        "into",
        "the",
        "city,",
        "and",
        "we",
        "will",
        "shew",
        "thee",
        "mercy."
      ],
      "header": "",
      "footer": ""
    },
    {
      "book_name": "Judges",
      "chapter": 1,
      "verse": 25,
      "text": [
        "And",
        "when",
        "he",
        "shewed",
        "them",
        "the",
        "entrance",
        "into",
        "the",
        "city,",
        "they",
        "smote",
        "the",
        "city",
        "with",
        "the",
        "edge",
        "of",
        "the",
        "sword;",
        "but",
        "they",
        "let",
        "go",
        "the",
        "man",
        "and",
        "all",
        "his",
        "family."
      ],
      "header": "",
      "footer": ""
    },
    {
      "book_name": "Judges",
      "chapter": 1,
      "verse": 26,
      "text": [
        "And",
        "the",
        "man",
        "went",
        "into",
        "the",
        "land",
        "of",
        "the",
        "Hittites,",
        "and",
        "built",
        "a",
        "city,",
        "and",
        "called",
        "the",
        "name",
        "thereof",
        "Luz:",
        "which",
        "*is",
        "the",
        "name",
        "thereof",
        "unto",
        "this",
        "day."
      ],
      "header": "",
      "footer": ""
    },
    {
      "book_name": "Judges",
      "chapter": 1,
      "verse": 27,
      "text": [
        "¶",
        "Neither",
        "did",
        "Manasseh",
        "drive",
        "out",
        "*the",
        "*inhabitants",
        "*of",
        "Bethshean",
        "and",
        "her",
        "towns,",
        "nor",
        "Taanach",
        "and",
        "her",
        "towns,",
        "nor",
        "the",
        "inhabitants",
        "of",
        "Dor",
        "and",
        "her",
        "towns,",
        "nor",
        "the",
        "inhabitants",
        "of",
        "Ibleam",
        "and",
        "her",
        "towns,",
        "nor",
        "the",
        "inhabitants",
        "of",
        "Megiddo",
        "and",
        "her",
        "towns:",
        "but",
        "the",
        "Canaanites",
        "would",
        "dwell",
        "in",
        "that",
        "land."
      ],
      "header": "",
      "footer": ""
    },
    {
      "book_name": "Judges",
      "chapter": 1,
      "verse": 28,
      "text": [
        "And",
        "it",
        "came",
        "to",
        "pass,",
        "when",
        "Israel",
        "was",
        "strong,",
        "that",
        "they",
        "put",
        "the",
        "Canaanites",
        "to",
        "tribute,",
        "and",
        "did",
        "not",
        "utterly",
        "drive",
        "them",
        "out."
      ],
      "header": "",
      "footer": ""
    },
    {
      "book_name": "Judges",
      "chapter": 1,
      "verse": 29,
      "text": [
        "¶",
        "Neither",
        "did",
        "Ephraim",
        "drive",
        "out",
        "the",
        "Canaanites",
        "that",
        "dwelt",
        "in",
        "Gezer;",
        "but",
        "the",
        "Canaanites",
        "dwelt",
        "in",
        "Gezer",
        "among",
        "them."
      ],
      "header": "",
      "footer": ""
    },
    {
      "book_name": "Judges",
      "chapter": 1,
      "verse": 30,
      "text": [
        "¶",
        "Neither",
        "did",
        "Zebulun",
        "drive",
        "out",
        "the",
        "inhabitants",
        "of",
        "Kitron,",
        "nor",
        "the",
        "inhabitants",
        "of",
        "Nahalol;",
        "but",
        "the",
        "Canaanites",
        "dwelt",
        "among",
        "them,",
        "and",
        "became",
        "tributaries."
      ],
      "header": "",
      "footer": ""
    },
    {
      "book_name": "Judges",
      "chapter": 1,
      "verse": 31,
      "text": [
        "¶",
        "Neither",
        "did",
        "Asher",
        "drive",
        "out",
        "the",
        "inhabitants",
        "of",
        "Accho,",
        "nor",
        "the",
        "inhabitants",
        "of",
        "Zidon,",
        "nor",
        "of",
        "Ahlab,",
        "nor",
        "of",
        "Achzib,",
        "nor",
        "of",
        "Helbah,",
        "nor",
        "of",
        "Aphik,",
        "nor",
        "of",
        "Rehob:"
      ],
      "header": "",
      "footer": ""
    },
    {
      "book_name": "Judges",
      "chapter": 1,
      "verse": 32,
      "text": [
        "But",
        "the",
        "Asherites",
        "dwelt",
        "among",
        "the",
        "Canaanites,",
        "the",
        "inhabitants",
        "of",
        "the",
        "land:",
        "for",
        "they",
        "did",
        "not",
        "drive",
        "them",
        "out."
      ],
      "header": "",
      "footer": ""
    },
    {
      "book_name": "Judges",
      "chapter": 1,
      "verse": 33,
      "text": [
        "¶",
        "Neither",
        "did",
        "Naphtali",
        "drive",
        "out",
        "the",
        "inhabitants",
        "of",
        "Bethshemesh,",
        "nor",
        "the",
        "inhabitants",
        "of",
        "Bethanath;",
        "but",
        "he",
        "dwelt",
        "among",
        "the",
        "Canaanites,",
        "the",
        "inhabitants",
        "of",
        "the",
        "land:",
        "nevertheless",
        "the",
        "inhabitants",
        "of",
        "Bethshemesh",
        "and",
        "of",
        "Bethanath",
        "became",
        "tributaries",
        "unto",
        "them."
      ],
      "header": "",
      "footer": ""
    },
    {
      "book_name": "Judges",
      "chapter": 1,
      "verse": 34,
      "text": [
        "And",
        "the",
        "Amorites",
        "forced",
        "the",
        "children",
        "of",
        "Dan",
        "into",
        "the",
        "mountain:",
        "for",
        "they",
        "would",
        "not",
        "suffer",
        "them",
        "to",
        "come",
        "down",
        "to",
        "the",
        "valley:"
      ],
      "header": "",
      "footer": ""
    },
    {
      "book_name": "Judges",
      "chapter": 1,
      "verse": 35,
      "text": [
        "But",
        "the",
        "Amorites",
        "would",
        "dwell",
        "in",
        "mount",
        "Heres",
        "in",
        "Aijalon,",
        "and",
        "in",
        "Shaalbim:",
        "yet",
        "the",
        "hand",
        "of",
        "the",
        "house",
        "of",
        "Joseph",
        "prevailed,",
        "so",
        "that",
        "they",
        "became",
        "tributaries."
      ],
      "header": "",
      "footer": ""
    },
    {
      "book_name": "Judges",
      "chapter": 1,
      "verse": 36,
      "text": [
        "And",
        "the",
        "coast",
        "of",
        "the",
        "Amorites",
        "*was",
        "from",
        "the",
        "going",
        "up",
        "to",
        "Akrabbim,",
        "from",
        "the",
        "rock,",
        "and",
        "upward."
      ],
      "header": "",
      "footer": ""
    }
  ]
}