{
  "book_name": "Judges",
  "chapter": 10,
  "verses": [
    {
      "book_name": "Judges",
      "chapter": 10,
      "verse": 1,
      "text": [
        "And",
        "after",
        "Abimelech",
        "there",
        "arose",
        "to",
        "defend",
        "Israel",
        "Tola",
        "the",
        "son",
        "of",
        "Puah,",
        "the",
        "son",
        "of",
        "Dodo,",
        "a",
        "man",
        "of",
        "Issachar;",
        "and",
        "he",
        "dwelt",
        "in",
        "Shamir",
        "in",
        "mount",
        "Ephraim."
      ],
      "header": "",
      "footer": ""
    },
    {
      "book_name": "Judges",
      "chapter": 10,
      "verse": 2,
      "text": [
        "And",
        "he",
        "judged",
        "Israel",
        "twenty",
        "and",
        "three",
        "years,",
        "and",
        "died,",
        "and",
        "was",
        "buried",
        "in",
        "Shamir."
      ],
      "header": "",
      "footer": ""
    },
    {
      "book_name": "Judges",
      "chapter": 10,
      "verse": 3,
      "text": [
        "¶",
        "And",
        "after",
        "him",
        "arose",
        "Jair,",
        "a",
        "Gileadite,",
        "and",
        "judged",
        "Israel",
        "twenty",
        "and",
        "two",
        "years."
      ],
      "header": "",
      "footer": ""
    },
    {
      "book_name": "Judges",
      "chapter": 10,
      "verse": 4,
      "text": [
        "And",
        "he",
        "had",
        "thirty",
        "sons",
        "that",
        "rode",
        "on",
        "thirty",
        "ass",
        "colts,",
        "and",
        "they",
        "had",
        "thirty",
        "cities,",
        "which",
        "are",
        "called",
        "Havothjair",
        "unto",
        "this",
        "day,",
        "which",
        "*are",
        "in",
        "the",
        "land",
        "of",
        "Gilead."
      ],
      "header": "",
      "footer": ""
    },
    {
      "book_name": "Judges",
      "chapter": 10,
      "verse": 5,
      "text": [
        "And",
        "Jair",
        "died,",
        "and",
        "was",
        "buried",
        "in",
        "Camon."
      ],
      "header": "",
      "footer": ""
    },
    {
      "book_name": "Judges",
      "chapter": 10,
      "verse": 6,
      "text": [
        "¶",
        "And",
        "the",
        "children",
        "of",
        "Israel",
        "did",
        "evil",
        "again",
        "in",
        "the",
        "sight",
        "of",
        "the",
        "Lᴏʀᴅ,",
        "and",
        "served",
        "Baalim,",
        "and",
        "Ashtaroth,",
        "and",
        "the",
        "gods",
        "of",
        "Syria,",
        "and",
        "the",
        "gods",
        "of",
        "Zidon,",
        "and",
        "the",
        "gods",
        "of",
        "Moab,",
        "and",
        "the",
        "gods",
        "of",
        "the",
        "children",
        "of",
        "Ammon,",
        "and",
        "the",
        "gods",
        "of",
        "the",
        "Philistines,",
        "and",
        "forsook",
        "the",
        "Lᴏʀᴅ,",
        "and",
        "served",
        "not",
        "him."
      ],
      "header": "",
      "footer": ""
    },
    {
      "book_name": "Judges",
      "chapter": 10,
      "verse": 7,
      "text": [
        "And",
        "the",
        "anger",
        "of",
        "the",
        "Lᴏʀᴅ",
        "was",
        "hot",
        "against",
        "Israel,",
        "and",
        "he",
        "sold",
        "them",
        "into",
        "the",
        "hands",
        "of",
        "the",
        "Philistines,",
        "and",
        "into",
        "the",
        "hands",
        "of",
        "the",
        "children",
        "of",
        "Ammon."
      ],
      "header": "",
      "footer": ""
    },
    {
      "book_name": "Judges",
      "chapter": 10,
      "verse": 8,
      "text": [
        "And",
        "that",
        "year",
        "they",
        "vexed",
        "and",
        "oppressed",
        "the",
        "children",
        "of",
        "Israel:",
        "eighteen",
        "years,",
        "all",
        "the",
        "children",
        "of",
        "Israel",
        "that",
        "*were",
        "on",
        "the",
        "other",
        "side",
        "Jordan",
        "in",
        "the",
        "land",
        "of",
        "the",
        "Amorites,",
        "which",
        "*is",
        "in",
        "Gilead."
      ],
      "header": "",
      "footer": ""
    },
    {
      "book_name": "Judges",
      "chapter": 10,
      "verse": 9,
      "text": [
        "Moreover",
        "the",
        "children",
        "of",
        "Ammon",
        "passed",
        "over",
        "Jordan",
        "to",
        "fight",
        "also",
        "against",
        "Judah,",
        "and",
        "against",
        "Benjamin,",
        "and",
        "against",
        "the",
        "house",
        "of",
        "Ephraim;",
        "so",
        "that",
        "Israel",
        "was",
        "sore",
        "distressed."
      ],
      "header": "",
      "footer": ""
    },
    {
      "book_name": "Judges",
      "chapter": 10,
      "verse": 10,
      "text": [
        "¶",
        "And",
        "the",
        "children",
        "of",
        "Israel",
        "cried",
        "unto",
        "the",
        "Lᴏʀᴅ,",
        "saying,",
        "We",
        "have",
        "sinned",
        "against",
        "thee,",
        "both",
        "because",
        "we",
        "have",
        "forsaken",
        "our",
        "God,",
        "and",
        "also",
        "served",
        "Baalim."
      ],
      "header": "",
      "footer": ""
    },
    {
      "book_name": "Judges",
      "chapter": 10,
      "verse": 11,
      "text": [
        "And",
        "the",
        "Lᴏʀᴅ",
        "said",
        "unto",
        "the",
        "children",
        "of",
        "Israel,",
        "*Did",
        "not",
        "*I",
        "*deliver",
        "*you",
        "from",
        "the",
        "Egyptians,",
        "and",
        "from",
        "the",
        "Amorites,",
        "from",
        "the",
        "children",
        "of",
        "Ammon,",
        "and",
        "from",
        "the",
        "Philistines?"
      ],
      "header": "",
      "footer": ""
    },
    {
      "book_name": "Judges",
      "chapter": 10,
      "verse": 12,
      "text": [
        "The",
        "Zidonians",
        "also,",
        "and",
        "the",
        "Amalekites,",
        "and",
        "the",
        "Maonites,",
        "did",
        "oppress",
        "you;",
        "and",
        "ye",
        "cried",
        "to",
        "me,",
        "and",
        "I",
        "delivered",
        "you",
        "out",
        "of",
        "their",
        "hand."
      ],
      "header": "",
      "footer": ""
    },
    {
      "book_name": "Judges",
      "chapter": 10,
      "verse": 13,
      "text": [
        "Yet",
        "ye",
        "have",
        "forsaken",
        "me,",
        "and",
        "served",
        "other",
        "gods:",
        "wherefore",
        "I",
        "will",
        "deliver",
        "you",
        "no",
        "more."
      ],
      "header": "",
      "footer": ""
    },
    {
      "book_name": "Judges",
      "chapter": 10,
      "verse": 14,
      "text": [
        "Go",
        "and",
        "cry",
        "unto",
        "the",
        "gods",
        "which",
        "ye",
        "have",
        "chosen;",
        "let",
        "them",
        "deliver",
        "you",
        "in",
        "the",
        "time",
        "of",
        "your",
        "tribulation."
      ],
      "header": "",
      "footer": ""
    },
    {
      "book_name": "Judges",
      "chapter": 10,
      "verse": 15,
      "text": [
        "¶",
        "And",
        "the",
        "children",
        "of",
        "Israel",
        "said",
        "unto",
        "the",
        "Lᴏʀᴅ,",
        "We",
        "have",
        "sinned:",
        "do",
        "thou",
        "unto",
        "us",
        "whatsoever",
        "seemeth",
        "good",
        "unto",
        "thee;",
        "deliver",
        "us",
        "only,",
        "we",
        "pray",
        "thee,",
        "this",
        "day."
      ],
      "header": "",
      "footer": ""
    },
    {
      "book_name": "Judges",
      "chapter": 10,
      "verse": 16,
      "text": [
        "And",
        "they",
        "put",
        "away",
        "the",
        "strange",
        "gods",
        "from",
        "among",
        "them,",
        "and",
        "served",
        "the",
        "Lᴏʀᴅ:",
        "and",
        "his",
        "soul",
        "was",
        "grieved",
        "for",
        "the",
        "misery",
        "of",
        "Israel."
      ],
      "header": "",
      "footer": ""
    },
    {
      "book_name": "Judges",
      "chapter": 10,
      "verse": 17,
      "text": [
        "Then",
        "the",
        "children",
        "of",
        "Ammon",
        "were",
        "gathered",
        "together,",
        "and",
        "encamped",
        "in",
        "Gilead.",
        "And",
        "the",
        "children",
        "of",
        "Israel",
        "assembled",
        "themselves",
        "together,",
        "and",
        "encamped",
        "in",
        "Mizpeh."
      ],
      "header": "",
      "footer": ""
    },
    {
      "book_name": "Judges",
      "chapter": 10,
      "verse": 18,
      "text": [
        "And",
        "the",
        "people",
        "*and",
        "princes",
        "of",
        "Gilead",
        "said",
        "one",
        "to",
        "another,",
        "What",
        "man",
        "*is",
        "*he",
        "that",
        "will",
        "begin",
        "to",
        "fight",
        "against",
        "the",
        "children",
        "of",
        "Ammon?",
        "he",
        "shall",
        "be",
        "head",
        "over",
        "all",
        "the",
        "inhabitants",
        "of",
        "Gilead."
      ],
      "header": "",
      "footer": ""
    }
  ]
}