{
  "book_name": "Judges",
  "chapter": 11,
  "verses": [
    {
      "book_name": "Judges",
      "chapter": 11,
      "verse": 1,
      "text": [
        "Now",
        "Jephthah",
        "the",
        "Gileadite",
        "was",
        "a",
        "mighty",
        "man",
        "of",
        "valour,",
        "and",
        "he",
        "*was",
        "the",
        "son",
        "of",
        "an",
        "harlot:",
        "and",
        "Gilead",
        "begat",
        "Jephthah."
      ],
      "header": "",
      "footer": ""
    },
    {
      "book_name": "Judges",
      "chapter": 11,
      "verse": 2,
      "text": [
        "And",
        "Gilead's",
        "wife",
        "bare",
        "him",
        "sons;",
        "and",
        "his",
        "wife's",
        "sons",
        "grew",
        "up,",
        "and",
        "they",
        "thrust",
        "out",
        "Jephthah,",
        "and",
        "said",
        "unto",
        "him,",
        "Thou",
        "shalt",
        "not",
        "inherit",
        "in",
        "our",
        "father's",
        "house;",
        "for",
        "thou",
        "*art",
        "the",
        "son",
        "of",
        "a",
        "strange",
        "woman."
      ],
      "header": "",
      "footer": ""
    },
    {
      "book_name": "Judges",
      "chapter": 11,
      "verse": 3,
      "text": [
        "Then",
        "Jephthah",
        "fled",
        "from",
        "his",
        "brethren,",
        "and",
        "dwelt",
        "in",
        "the",
        "land",
        "of",
        "Tob:",
        "and",
        "there",
        "were",
        "gathered",
        "vain",
        "men",
        "to",
        "Jephthah,",
        "and",
        "went",
        "out",
        "with",
        "him."
      ],
      "header": "",
      "footer": ""
    },
    {
      "book_name": "Judges",
      "chapter": 11,
      "verse": 4,
      "text": [
        "¶",
        "And",
        "it",
        "came",
        "to",
        "pass",
        "in",
        "process",
        "of",
        "time,",
        "that",
        "the",
        "children",
        "of",
        "Ammon",
        "made",
        "war",
        "against",
        "Israel."
      ],
      "header": "",
      "footer": ""
    },
    {
      "book_name": "Judges",
      "chapter": 11,
      "verse": 5,
      "text": [
        "And",
        "it",
        "was",
        "so,",
        "that",
        "when",
        "the",
        "children",
        "of",
        "Ammon",
        "made",
        "war",
        "against",
        "Israel,",
        "the",
        "elders",
        "of",
        "Gilead",
        "went",
        "to",
        "fetch",
        "Jephthah",
        "out",
        "of",
        "the",
        "land",
        "of",
        "Tob:"
      ],
      "header": "",
      "footer": ""
    },
    {
      "book_name": "Judges",
      "chapter": 11,
      "verse": 6,
      "text": [
        "And",
        "they",
        "said",
        "unto",
        "Jephthah,",
        "Come,",
        "and",
        "be",
        "our",
        "captain,",
        "that",
        "we",
        "may",
        "fight",
        "with",
        "the",
        "children",
        "of",
        "Ammon."
      ],
      "header": "",
      "footer": ""
    },
    {
      "book_name": "Judges",
      "chapter": 11,
      "verse": 7,
      "text": [
        "And",
        "Jephthah",
        "said",
        "unto",
        "the",
        "elders",
        "of",
        "Gilead,",
        "Did",
        "not",
        "ye",
        "hate",
        "me,",
        "and",
        "expel",
        "me",
        "out",
        "of",
        "my",
        "father's",
        "house?",
        "and",
        "why",
        "are",
        "ye",
        "come",
        "unto",
        "me",
        "now",
        "when",
        "ye",
        "are",
        "in",
        "distress?"
      ],
      "header": "",
      "footer": ""
    },
    {
      "book_name": "Judges",
      "chapter": 11,
      "verse": 8,
      "text": [
        "And",
        "the",
        "elders",
        "of",
        "Gilead",
        "said",
        "unto",
        "Jephthah,",
        "Therefore",
        "we",
        "turn",
        "again",
        "to",
        "thee",
        "now,",
        "that",
        "thou",
        "mayest",
        "go",
        "with",
        "us,",
        "and",
        "fight",
        "against",
        "the",
        "children",
        "of",
        "Ammon,",
        "and",
        "be",
        "our",
        "head",
        "over",
        "all",
        "the",
        "inhabitants",
        "of",
        "Gilead."
      ],
      "header": "",
      "footer": ""
    },
    {
      "book_name": "Judges",
      "chapter": 11,
      "verse": 9,
      "text": [
        "And",
        "Jephthah",
        "said",
        "unto",
        "the",
        "elders",
        "of",
        "Gilead,",
        "If",
        "ye",
        "bring",
        "me",
        "home",
        "again",
        "to",
        "fight",
        "against",
        "the",
        "children",
        "of",
        "Ammon,",
        "and",
        "the",
        "Lᴏʀᴅ",
        "deliver",
        "them",
        "before",
        "me,",
        "shall",
        "I",
        "be",
        "your",
        "head?"
      ],
      "header": "",
      "footer": ""
    },
    {
      "book_name": "Judges",
      "chapter": 11,
      "verse": 10,
      "text": [
        "And",
        "the",
        "elders",
        "of",
        "Gilead",
        "said",
        "unto",
        "Jephthah,",
        "The",
        "Lᴏʀᴅ",
        "be",
        "witness",
        "between",
        "us,",
        "if",
        "we",
        "do",
        "not",
        "so",
        "according",
        "to",
        "thy",
        "words."
      ],
      "header": "",
      "footer": ""
    },
    {
      "book_name": "Judges",
      "chapter": 11,
      "verse": 11,
      "text": [
        "Then",
        "Jephthah",
        "went",
        "with",
        "the",
        "elders",
        "of",
        "Gilead,",
        "and",
        "the",
        "people",
        "made",
        "him",
        "head",
        "and",
        "captain",
        "over",
        "them:",
        "and",
        "Jephthah",
        "uttered",
        "all",
        "his",
        "words",
        "before",
        "the",
        "Lᴏʀᴅ",
        "in",
        "Mizpeh."
      ],
      "header": "",
      "footer": ""
    },
    {
      "book_name": "Judges",
      "chapter": 11,
      "verse": 12,
      "text": [
        "¶",
        "And",
        "Jephthah",
        "sent",
        "messengers",
        "unto",
        "the",
        "king",
        "of",
        "the",
        "children",
        "of",
        "Ammon,",
        "saying,",
        "What",
        "hast",
        "thou",
        "to",
        "do",
        "with",
        "me,",
        "that",
        "thou",
        "art",
        "come",
        "against",
        "me",
        "to",
        "fight",
        "in",
        "my",
        "land?"
      ],
      "header": "",
      "footer": ""
    },
    {
      "book_name": "Judges",
      "chapter": 11,
      "verse": 13,
      "text": [
        "And",
        "the",
        "king",
        "of",
        "the",
        "children",
        "of",
        "Ammon",
        "answered",
        "unto",
        "the",
        "messengers",
        "of",
        "Jephthah,",
        "Because",
        "Israel",
        "took",
        "away",
        "my",
        "land,",
        "when",
        "they",
        "came",
        "up",
        "out",
        "of",
        "Egypt,",
        "from",
        "Arnon",
        "even",
        "unto",
        "Jabbok,",
        "and",
        "unto",
        "Jordan:",
        "now",
        "therefore",
        "restore",
        "those",
        "*lands",
        "again",
        "peaceably."
      ],
      "header": "",
      "footer": ""
    },
    {
      "book_name": "Judges",
      "chapter": 11,
      "verse": 14,
      "text": [
        "And",
        "Jephthah",
        "sent",
        "messengers",
        "again",
        "unto",
        "the",
        "king",
        "of",
        "the",
        "children",
        "of",
        "Ammon:"
      ],
      "header": "",
      "footer": ""
    },
    {
      "book_name": "Judges",
      "chapter": 11,
      "verse": 15,
      "text": [
        "And",
        "said",
        "unto",
        "him,",
        "Thus",
        "saith",
        "Jephthah,",
        "Israel",
        "took",
        "not",
        "away",
        "the",
        "land",
        "of",
        "Moab,",
        "nor",
        "the",
        "land",
        "of",
        "the",
        "children",
        "of",
        "Ammon:"
      ],
      "header": "",
      "footer": ""
    },
    {
      "book_name": "Judges",
      "chapter": 11,
      "verse": 16,
      "text": [
        "But",
        "when",
        "Israel",
        "came",
        "up",
        "from",
        "Egypt,",
        "and",
        "walked",
        "through",
        "the",
        "wilderness",
        "unto",
        "the",
        "Red",
        "sea,",
        "and",
        "came",
        "to",
        "Kadesh;"
      ],
      "header": "",
      "footer": ""
    },
    {
      "book_name": "Judges",
      "chapter": 11,
      "verse": 17,
      "text": [
        "Then",
        "Israel",
        "sent",
        "messengers",
        "unto",
        "the",
        "king",
        "of",
        "Edom,",
        "saying,",
        "Let",
        "me,",
        "I",
        "pray",
        "thee,",
        "pass",
        "through",
        "thy",
        "land:",
        "but",
        "the",
        "king",
        "of",
        "Edom",
        "would",
        "not",
        "hearken",
        "*thereto.",
        "And",
        "in",
        "like",
        "manner",
        "they",
        "sent",
        "unto",
        "the",
        "king",
        "of",
        "Moab:",
        "but",
        "he",
        "would",
        "not",
        "*consent:",
        "and",
        "Israel",
        "abode",
        "in",
        "Kadesh."
      ],
      "header": "",
      "footer": ""
    },
    {
      "book_name": "Judges",
      "chapter": 11,
      "verse": 18,
      "text": [
        "Then",
        "they",
        "went",
        "along",
        "through",
        "the",
        "wilderness,",
        "and",
        "compassed",
        "the",
        "land",
        "of",
        "Edom,",
        "and",
        "the",
        "land",
        "of",
        "Moab,",
        "and",
        "came",
        "by",
        "the",
        "east",
        "side",
        "of",
        "the",
        "land",
        "of",
        "Moab,",
        "and",
        "pitched",
        "on",
        "the",
        "other",
        "side",
        "of",
        "Arnon,",
        "but",
        "came",
        "not",
        "within",
        "the",
        "border",
        "of",
        "Moab:",
        "for",
        "Arnon",
        "*was",
        "the",
        "border",
        "of",
        "Moab."
      ],
      "header": "",
      "footer": ""
    },
    {
      "book_name": "Judges",
      "chapter": 11,
      "verse": 19,
      "text": [
        "And",
        "Israel",
        "sent",
        "messengers",
        "unto",
        "Sihon",
        "king",
        "of",
        "the",
        "Amorites,",
        "the",
        "king",
        "of",
        "Heshbon;",
        "and",
        "Israel",
        "said",
        "unto",
        "him,",
        "Let",
        "us",
        "pass,",
        "we",
        "pray",
        "thee,",
        "through",
        "thy",
        "land",
        "into",
        "my",
        "place."
      ],
      "header": "",
      "footer": ""
    },
    {
      "book_name": "Judges",
      "chapter": 11,
      "verse": 20,
      "text": [
        "But",
        "Sihon",
        "trusted",
        "not",
        "Israel",
        "to",
        "pass",
        "through",
        "his",
        "coast:",
        "but",
        "Sihon",
        "gathered",
        "all",
        "his",
        "people",
        "together,",
        "and",
        "pitched",
        "in",
        "Jahaz,",
        "and",
        "fought",
        "against",
        "Israel."
      ],
      "header": "",
      "footer": ""
    },
    {
      "book_name": "Judges",
      "chapter": 11,
      "verse": 21,
      "text": [
        "And",
        "the",
        "Lᴏʀᴅ",
        "God",
        "of",
        "Israel",
        "delivered",
        "Sihon",
        "and",
        "all",
        "his",
        "people",
        "into",
        "the",
        "hand",
        "of",
        "Israel,",
        "and",
        "they",
        "smote",
        "them:",
        "so",
        "Israel",
        "possessed",
        "all",
        "the",
        "land",
        "of",
        "the",
        "Amorites,",
        "the",
        "inhabitants",
        "of",
        "that",
        "country."
      ],
      "header": "",
      "footer": ""
    },
    {
      "book_name": "Judges",
      "chapter": 11,
      "verse": 22,
      "text": [
        "And",
        "they",
        "possessed",
        "all",
        "the",
        "coasts",
        "of",
        "the",
        "Amorites,",
        "from",
        "Arnon",
        "even",
        "unto",
        "Jabbok,",
        "and",
        "from",
        "the",
        "wilderness",
        "even",
        "unto",
        "Jordan."
      ],
      "header": "",
      "footer": ""
    },
    {
      "book_name": "Judges",
      "chapter": 11,
      "verse": 23,
      "text": [
        "So",
        "now",
        "the",
        "Lᴏʀᴅ",
        "God",
        "of",
        "Israel",
        "hath",
        "dispossessed",
        "the",
        "Amorites",
        "from",
        "before",
        "his",
        "people",
        "Israel,",
        "and",
        "shouldest",
        "thou",
        "possess",
        "it?"
      ],
      "header": "",
      "footer": ""
    },
    {
      "book_name": "Judges",
      "chapter": 11,
      "verse": 24,
      "text": [
        "Wilt",
        "not",
        "thou",
        "possess",
        "that",
        "which",
        "Chemosh",
        "thy",
        "god",
        "giveth",
        "thee",
        "to",
        "possess?",
        "So",
        "whomsoever",
        "the",
        "Lᴏʀᴅ",
        "our",
        "God",
        "shall",
        "drive",
        "out",
        "from",
        "before",
        "us,",
        "them",
        "will",
        "we",
        "possess."
      ],
      "header": "",
      "footer": ""
    },
    {
      "book_name": "Judges",
      "chapter": 11,
      "verse": 25,
      "text": [
        "And",
        "now",
        "*art",
        "thou",
        "any",
        "thing",
        "better",
        "than",
        "Balak",
        "the",
        "son",
        "of",
        "Zippor,",
        "king",
        "of",
        "Moab?",
        "did",
        "he",
        "ever",
        "strive",
        "against",
        "Israel,",
        "or",
        "did",
        "he",
        "ever",
        "fight",
        "against",
        "them,"
      ],
      "header": "",
      "footer": ""
    },
    {
      "book_name": "Judges",
      "chapter": 11,
      "verse": 26,
      "text": [
        "While",
        "Israel",
        "dwelt",
        "in",
        "Heshbon",
        "and",
        "her",
        "towns,",
        "and",
        "in",
        "Aroer",
        "and",
        "her",
        "towns,",
        "and",
        "in",
        "all",
        "the",
        "cities",
        "that",
        "*be",
        "along",
        "by",
        "the",
        "coasts",
        "of",
        "Arnon,",
        "three",
        "hundred",
        "years?",
        "why",
        "therefore",
        "did",
        "ye",
        "not",
        "recover",
        "*them",
        "within",
        "that",
        "time?"
      ],
      "header": "",
      "footer": ""
    },
    {
      "book_name": "Judges",
      "chapter": 11,
      "verse": 27,
      "text": [
        "Wherefore",
        "I",
        "have",
        "not",
        "sinned",
        "against",
        "thee,",
        "but",
        "thou",
        "doest",
        "me",
        "wrong",
        "to",
        "war",
        "against",
        "me:",
        "the",
        "Lᴏʀᴅ",
        "the",
        "Judge",
        "be",
        "judge",
        "this",
        "day",
        "between",
        "the",
        "children",
        "of",
        "Israel",
        "and",
        "the",
        "children",
        "of",
        "Ammon."
      ],
      "header": "",
      "footer": ""
    },
    {
      "book_name": "Judges",
      "chapter": 11,
      "verse": 28,
      "text": [
        "Howbeit",
        "the",
        "king",
        "of",
        "the",
        "children",
        "of",
        "Ammon",
        "hearkened",
        "not",
        "unto",
        "the",
        "words",
        "of",
        "Jephthah",
        "which",
        "he",
        "sent",
        "him."
      ],
      "header": "",
      "footer": ""
    },
    {
      "book_name": "Judges",
      "chapter": 11,
      "verse": 29,
      "text": [
        "¶",
        "Then",
        "the",
        "Spirit",
        "of",
        "the",
        "Lᴏʀᴅ",
        "came",
        "upon",
        "Jephthah,",
        "and",
        "he",
        "passed",
        "over",
        "Gilead,",
        "and",
        "Manasseh,",
        "and",
        "passed",
        "over",
        "Mizpeh",
        "of",
        "Gilead,",
        "and",
        "from",
        "Mizpeh",
        "of",
        "Gilead",
        "he",
        "passed",
        "over",
        "*unto",
        "the",
        "children",
        "of",
        "Ammon."
      ],
      "header": "",
      "footer": ""
    },
    {
      "book_name": "Judges",
      "chapter": 11,
      "verse": 30,
      "text": [
        "And",
        "Jephthah",
        "vowed",
        "a",
        "vow",
        "unto",
        "the",
        "Lᴏʀᴅ,",
        "and",
        "said,",
        "If",
        "thou",
        "shalt",
        "without",
        "fail",
        "deliver",
        "the",
        "children",
        "of",
        "Ammon",
        "into",
        "mine",
        "hands,"
      ],
      "header": "",
      "footer": ""
    },
    {
      "book_name": "Judges",
      "chapter": 11,
      "verse": 31,
      "text": [
        "Then",
        "it",
        "shall",
        "be,",
        "that",
        "whatsoever",
        "cometh",
        "forth",
        "of",
        "the",
        "doors",
        "of",
        "my",
        "house",
        "to",
        "meet",
        "me,",
        "when",
        "I",
        "return",
        "in",
        "peace",
        "from",
        "the",
        "children",
        "of",
        "Ammon,",
        "shall",
        "surely",
        "be",
        "the",
        "Lᴏʀᴅ's,",
        "and",
        "I",
        "will",
        "offer",
        "it",
        "up",
        "for",
        "a",
        "burnt",
        "offering."
      ],
      "header": "",
      "footer": ""
    },
    {
      "book_name": "Judges",
      "chapter": 11,
      "verse": 32,
      "text": [
        "¶",
        "So",
        "Jephthah",
        "passed",
        "over",
        "unto",
        "the",
        "children",
        "of",
        "Ammon",
        "to",
        "fight",
        "against",
        "them;",
        "and",
        "the",
        "Lᴏʀᴅ",
        "delivered",
        "them",
        "into",
        "his",
        "hands."
      ],
      "header": "",
      "footer": ""
    },
    {
      "book_name": "Judges",
      "chapter": 11,
      "verse": 33,
      "text": [
        "And",
        "he",
        "smote",
        "them",
        "from",
        "Aroer,",
        "even",
        "till",
        "thou",
        "come",
        "to",
        "Minnith,",
        "*even",
        "twenty",
        "cities,",
        "and",
        "unto",
        "the",
        "plain",
        "of",
        "the",
        "vineyards,",
        "with",
        "a",
        "very",
        "great",
        "slaughter.",
        "Thus",
        "the",
        "children",
        "of",
        "Ammon",
        "were",
        "subdued",
        "before",
        "the",
        "children",
        "of",
        "Israel."
      ],
      "header": "",
      "footer": ""
    },
    {
      "book_name": "Judges",
      "chapter": 11,
      "verse": 34,
      "text": [
        "¶",
        "And",
        "Jephthah",
        "came",
        "to",
        "Mizpeh",
        "unto",
        "his",
        "house,",
        "and,",
        "behold,",
        "his",
        "daughter",
        "came",
        "out",
        "to",
        "meet",
        "him",
        "with",
        "timbrels",
        "and",
        "with",
        "dances:",
        "and",
        "she",
        "*was",
        "*his",
        "only",
        "child;",
        "beside",
        "her",
        "he",
        "had",
        "neither",
        "son",
        "nor",
        "daughter."
      ],
      "header": "",
      "footer": ""
    },
    {
      "book_name": "Judges",
      "chapter": 11,
      "verse": 35,
      "text": [
        "And",
        "it",
        "came",
        "to",
        "pass,",
        "when",
        "he",
        "saw",
        "her,",
        "that",
        "he",
        "rent",
        "his",
        "clothes,",
        "and",
        "said,",
        "Alas,",
        "my",
        "daughter!",
        "thou",
        "hast",
        "brought",
        "me",
        "very",
        "low,",
        "and",
        "thou",
        "art",
        "one",
        "of",
        "them",
        "that",
        "trouble",
        "me:",
        "for",
        "I",
        "have",
        "opened",
        "my",
        "mouth",
        "unto",
        "the",
        "Lᴏʀᴅ,",
        "and",
        "I",
        "cannot",
        "go",
        "back."
      ],
      "header": "",
      "footer": ""
    },
    {
      "book_name": "Judges",
      "chapter": 11,
      "verse": 36,
      "text": [
        "And",
        "she",
        "said",
        "unto",
        "him,",
        "My",
        "father,",
        "*if",
        "thou",
        "hast",
        "opened",
        "thy",
        "mouth",
        "unto",
        "the",
        "Lᴏʀᴅ,",
        "do",
        "to",
        "me",
        "according",
        "to",
        "that",
        "which",
        "hath",
        "proceeded",
        "out",
        "of",
        "thy",
        "mouth;",
        "forasmuch",
        "as",
        "the",
        "Lᴏʀᴅ",
        "hath",
        "taken",
        "vengeance",
        "for",
        "thee",
        "of",
        "thine",
        "enemies,",
        "*even",
        "of",
        "the",
        "children",
        "of",
        "Ammon."
      ],
      "header": "",
      "footer": ""
    },
    {
      "book_name": "Judges",
      "chapter": 11,
      "verse": 37,
      "text": [
        "And",
        "she",
        "said",
        "unto",
        "her",
        "father,",
        "Let",
        "this",
        "thing",
        "be",
        "done",
        "for",
        "me:",
        "let",
        "me",
        "alone",
        "two",
        "months,",
        "that",
        "I",
        "may",
        "go",
        "up",
        "and",
        "down",
        "upon",
        "the",
        "mountains,",
        "and",
        "bewail",
        "my",
        "virginity,",
        "I",
        "and",
        "my",
        "fellows."
      ],
      "header": "",
      "footer": ""
    },
    {
      "book_name": "Judges",
      "chapter": 11,
      "verse": 38,
      "text": [
        "And",
        "he",
        "said,",
        "Go.",
        "And",
        "he",
        "sent",
        "her",
        "away",
        "*for",
        "two",
        "months:",
        "and",
        "she",
        "went",
        "with",
        "her",
        "companions,",
        "and",
        "bewailed",
        "her",
        "virginity",
        "upon",
        "the",
        "mountains."
      ],
      "header": "",
      "footer": ""
    },
    {
      "book_name": "Judges",
      "chapter": 11,
      "verse": 39,
      "text": [
        "And",
        "it",
        "came",
        "to",
        "pass",
        "at",
        "the",
        "end",
        "of",
        "two",
        "months,",
        "that",
        "she",
        "returned",
        "unto",
        "her",
        "father,",
        "who",
        "did",
        "with",
        "her",
        "*according",
        "to",
        "his",
        "vow",
        "which",
        "he",
        "had",
        "vowed:",
        "and",
        "she",
        "knew",
        "no",
        "man.",
        "And",
        "it",
        "was",
        "a",
        "custom",
        "in",
        "Israel,"
      ],
      "header": "",
      "footer": ""
    },
    {
      "book_name": "Judges",
      "chapter": 11,
      "verse": 40,
      "text": [
        "*That",
        "the",
        "daughters",
        "of",
        "Israel",
        "went",
        "yearly",
        "to",
        "lament",
        "the",
        "daughter",
        "of",
        "Jephthah",
        "the",
        "Gileadite",
        "four",
        "days",
        "in",
        "a",
        "year."
      ],
      "header": "",
      "footer": ""
    }
  ]
}