{
  "book_name": "Psalms",
  "chapter": 10,
  "verses": [
    {
      "book_name": "Psalms",
      "chapter": 10,
      "verse": 1,
      "text": [
        "Why",
        "standest",
        "thou",
        "afar",
        "off,",
        "O",
        "Lᴏʀᴅ?",
        "*why",
        "hidest",
        "thou",
        "*thyself",
        "in",
        "times",
        "of",
        "trouble?"
      ],
      "header": "",
      "footer": ""
    },
    {
      "book_name": "Psalms",
      "chapter": 10,
      "verse": 2,
      "text": [
        "The",
        "wicked",
        "in",
        "*his",
        "pride",
        "doth",
        "persecute",
        "the",
        "poor:",
        "let",
        "them",
        "be",
        "taken",
        "in",
        "the",
        "devices",
        "that",
        "they",
        "have",
        "imagined."
      ],
      "header": "",
      "footer": ""
    },
    {
      "book_name": "Psalms",
      "chapter": 10,
      "verse": 3,
      "text": [
        "For",
        "the",
        "wicked",
        "boasteth",
        "of",
        "his",
        "heart's",
        "desire,",
        "and",
        "blesseth",
        "the",
        "covetous,",
        "*whom",
        "the",
        "Lᴏʀᴅ",
        "abhorreth."
      ],
      "header": "",
      "footer": ""
    },
    {
      "book_name": "Psalms",
      "chapter": 10,
      "verse": 4,
      "text": [
        "The",
        "wicked,",
        "through",
        "the",
        "pride",
        "of",
        "his",
        "countenance,",
        "will",
        "not",
        "seek",
        "*after",
        "*God:",
        "God",
        "*is",
        "not",
        "in",
        "all",
        "his",
        "thoughts."
      ],
      "header": "",
      "footer": ""
    },
    {
      "book_name": "Psalms",
      "chapter": 10,
      "verse": 5,
      "text": [
        "His",
        "ways",
        "are",
        "always",
        "grievous;",
        "thy",
        "judgments",
        "*are",
        "far",
        "above",
        "out",
        "of",
        "his",
        "sight:",
        "*as",
        "*for",
        "all",
        "his",
        "enemies,",
        "he",
        "puffeth",
        "at",
        "them."
      ],
      "header": "",
      "footer": ""
    },
    {
      "book_name": "Psalms",
      "chapter": 10,
      "verse": 6,
      "text": [
        "He",
        "hath",
        "said",
        "in",
        "his",
        "heart,",
        "I",
        "shall",
        "not",
        "be",
        "moved:",
        "for",
        "*I",
        "*shall",
        "never",
        "*be",
        "in",
        "adversity."
      ],
      "header": "",
      "footer": ""
    },
    {
      "book_name": "Psalms",
      "chapter": 10,
      "verse": 7,
      "text": [
        "His",
        "mouth",
        "is",
        "full",
        "of",
        "cursing",
        "and",
        "deceit",
        "and",
        "fraud:",
        "under",
        "his",
        "tongue",
        "*is",
        "mischief",
        "and",
        "vanity."
      ],
      "header": "",
      "footer": ""
    },
    {
      "book_name": "Psalms",
      "chapter": 10,
      "verse": 8,
      "text": [
        "He",
        "sitteth",
        "in",
        "the",
        "lurking",
        "places",
        "of",
        "the",
        "villages:",
        "in",
        "the",
        "secret",
        "places",
        "doth",
        "he",
        "murder",
        "the",
        "innocent:",
        "his",
        "eyes",
        "are",
        "privily",
        "set",
        "against",
        "the",
        "poor."
      ],
      "header": "",
      "footer": ""
    },
    {
      "book_name": "Psalms",
      "chapter": 10,
      "verse": 9,
      "text": [
        "He",
        "lieth",
        "in",
        "wait",
        "secretly",
        "as",
        "a",
        "lion",
        "in",
        "his",
        "den:",
        "he",
        "lieth",
        "in",
        "wait",
        "to",
        "catch",
        "the",
        "poor:",
        "he",
        "doth",
        "catch",
        "the",
        "poor,",
        "when",
        "he",
        "draweth",
        "him",
        "into",
        "his",
        "net."
      ],
      "header": "",
      "footer": ""
    },
    {
      "book_name": "Psalms",
      "chapter": 10,
      "verse": 10,
      "text": [
        "He",
        "croucheth,",
        "*and",
        "humbleth",
        "himself,",
        "that",
        "the",
        "poor",
        "may",
        "fall",
        "by",
        "his",
        "strong",
        "ones."
      ],
      "header": "",
      "footer": ""
    },
    {
      "book_name": "Psalms",
      "chapter": 10,
      "verse": 11,
      "text": [
        "He",
        "hath",
        "said",
        "in",
        "his",
        "heart,",
        "God",
        "hath",
        "forgotten:",
        "he",
        "hideth",
        "his",
        "face;",
        "he",
        "will",
        "never",
        "see",
        "*it."
      ],
      "header": "",
      "footer": ""
    },
    {
      "book_name": "Psalms",
      "chapter": 10,
      "verse": 12,
      "text": [
        "Arise,",
        "O",
        "Lᴏʀᴅ;",
        "O",
        "God,",
        "lift",
        "up",
        "thine",
        "hand:",
        "forget",
        "not",
        "the",
        "humble."
      ],
      "header": "",
      "footer": ""
    },
    {
      "book_name": "Psalms",
      "chapter": 10,
      "verse": 13,
      "text": [
        "Wherefore",
        "doth",
        "the",
        "wicked",
        "contemn",
        "God?",
        "he",
        "hath",
        "said",
        "in",
        "his",
        "heart,",
        "Thou",
        "wilt",
        "not",
        "require",
        "*it."
      ],
      "header": "",
      "footer": ""
    },
    {
      "book_name": "Psalms",
      "chapter": 10,
      "verse": 14,
      "text": [
        "Thou",
        "hast",
        "seen",
        "*it;",
        "for",
        "thou",
        "beholdest",
        "mischief",
        "and",
        "spite,",
        "to",
        "requite",
        "*it",
        "with",
        "thy",
        "hand:",
        "the",
        "poor",
        "committeth",
        "himself",
        "unto",
        "thee;",
        "thou",
        "art",
        "the",
        "helper",
        "of",
        "the",
        "fatherless."
      ],
      "header": "",
      "footer": ""
    },
    {
      "book_name": "Psalms",
      "chapter": 10,
      "verse": 15,
      "text": [
        "Break",
        "thou",
        "the",
        "arm",
        "of",
        "the",
        "wicked",
        "and",
        "the",
        "evil",
        "*man:",
        "seek",
        "out",
        "his",
        "wickedness",
        "*till",
        "thou",
        "find",
        "none."
      ],
      "header": "",
      "footer": ""
    },
    {
      "book_name": "Psalms",
      "chapter": 10,
      "verse": 16,
      "text": [
        "The",
        "Lᴏʀᴅ",
        "*is",
        "King",
        "for",
        "ever",
        "and",
        "ever:",
        "the",
        "heathen",
        "are",
        "perished",
        "out",
        "of",
        "his",
        "land."
      ],
      "header": "",
      "footer": ""
    },
    {
      "book_name": "Psalms",
      "chapter": 10,
      "verse": 17,
      "text": [
        "Lᴏʀᴅ,",
        "thou",
        "hast",
        "heard",
        "the",
        "desire",
        "of",
        "the",
        "humble:",
        "thou",
        "wilt",
        "prepare",
        "their",
        "heart,",
        "thou",
        "wilt",
        "cause",
        "thine",
        "ear",
        "to",
        "hear:"
      ],
      "header": "",
      "footer": ""
    },
    {
      "book_name": "Psalms",
      "chapter": 10,
      "verse": 18,
      "text": [
        "To",
        "judge",
        "the",
        "fatherless",
        "and",
        "the",
        "oppressed,",
        "that",
        "the",
        "man",
        "of",
        "the",
        "earth",
        "may",
        "no",
        "more",
        "oppress."
      ],
      "header": "",
      "footer": ""
    }
  ]
}