{
  "book_name": "Psalms",
  "chapter": 100,
  "verses": [
    {
      "book_name": "Psalms",
      "chapter": 100,
      "verse": 1,
      "text": [
        "Make",
        "a",
        "joyful",
        "noise",
        "unto",
        "the",
        "Lᴏʀᴅ,",
        "all",
        "ye",
        "lands."
      ],
      "header": "**¶ A Psalm of praise.**",
      "footer": ""
    },
    {
      "book_name": "Psalms",
      "chapter": 100,
      "verse": 2,
      "text": [
        "Serve",
        "the",
        "Lᴏʀᴅ",
        "with",
        "gladness:",
        "come",
        "before",
        "his",
        "presence",
        "with",
        "singing."
      ],
      "header": "",
      "footer": ""
    },
    {
      "book_name": "Psalms",
      "chapter": 100,
      "verse": 3,
      "text": [
        "Know",
        "ye",
        "that",
        "the",
        "Lᴏʀᴅ",
        "he",
        "*is",
        "God:",
        "*it",
        "*is",
        "he",
        "*that",
        "hath",
        "made",
        "us,",
        "and",
        "not",
        "we",
        "ourselves;",
        "*we",
        "*are",
        "his",
        "people,",
        "and",
        "the",
        "sheep",
        "of",
        "his",
        "pasture."
      ],
      "header": "",
      "footer": ""
    },
    {
      "book_name": "Psalms",
      "chapter": 100,
      "verse": 4,
      "text": [
        "Enter",
        "into",
        "his",
        "gates",
        "with",
        "thanksgiving,",
        "*and",
        "into",
        "his",
        "courts",
        "with",
        "praise:",
        "be",
        "thankful",
        "unto",
        "him,",
        "*and",
        "bless",
        "his",
        "name."
      ],
      "header": "",
      "footer": ""
    },
    {
      "book_name": "Psalms",
      "chapter": 100,
      "verse": 5,
      "text": [
        "For",
        "the",
        "Lᴏʀᴅ",
        "*is",
        "good;",
        "his",
        "mercy",
        "*is",
        "everlasting;",
        "and",
        "his",
        "truth",
        "*endureth",
        "to",
        "all",
        "generations."
      ],
      "header": "",
      "footer": ""
    }
  ]
}