{
  "book_name": "Psalms",
  "chapter": 101,
  "verses": [
    {
      "book_name": "Psalms",
      "chapter": 101,
      "verse": 1,
      "text": [
        "I",
        "will",
        "sing",
        "of",
        "mercy",
        "and",
        "judgment:",
        "unto",
        "thee,",
        "O",
        "Lᴏʀᴅ,",
        "will",
        "I",
        "sing."
      ],
      "header": "**¶ A Psalm of David.**",
      "footer": ""
    },
    {
      "book_name": "Psalms",
      "chapter": 101,
      "verse": 2,
      "text": [
        "I",
        "will",
        "behave",
        "myself",
        "wisely",
        "in",
        "a",
        "perfect",
        "way.",
        "O",
        "when",
        "wilt",
        "thou",
        "come",
        "unto",
        "me?",
        "I",
        "will",
        "walk",
        "within",
        "my",
        "house",
        "with",
        "a",
        "perfect",
        "heart."
      ],
      "header": "",
      "footer": ""
    },
    {
      "book_name": "Psalms",
      "chapter": 101,
      "verse": 3,
      "text": [
        "I",
        "will",
        "set",
        "no",
        "wicked",
        "thing",
        "before",
        "mine",
        "eyes:",
        "I",
        "hate",
        "the",
        "work",
        "of",
        "them",
        "that",
        "turn",
        "aside;",
        "*it",
        "shall",
        "not",
        "cleave",
        "to",
        "me."
      ],
      "header": "",
      "footer": ""
    },
    {
      "book_name": "Psalms",
      "chapter": 101,
      "verse": 4,
      "text": [
        "A",
        "froward",
        "heart",
        "shall",
        "depart",
        "from",
        "me:",
        "I",
        "will",
        "not",
        "know",
        "a",
        "wicked",
        "*person."
      ],
      "header": "",
      "footer": ""
    },
    {
      "book_name": "Psalms",
      "chapter": 101,
      "verse": 5,
      "text": [
        "Whoso",
        "privily",
        "slandereth",
        "his",
        "neighbour,",
        "him",
        "will",
        "I",
        "cut",
        "off:",
        "him",
        "that",
        "hath",
        "an",
        "high",
        "look",
        "and",
        "a",
        "proud",
        "heart",
        "will",
        "not",
        "I",
        "suffer."
      ],
      "header": "",
      "footer": ""
    },
    {
      "book_name": "Psalms",
      "chapter": 101,
      "verse": 6,
      "text": [
        "Mine",
        "eyes",
        "*shall",
        "*be",
        "upon",
        "the",
        "faithful",
        "of",
        "the",
        "land,",
        "that",
        "they",
        "may",
        "dwell",
        "with",
        "me:",
        "he",
        "that",
        "walketh",
        "in",
        "a",
        "perfect",
        "way,",
        "he",
        "shall",
        "serve",
        "me."
      ],
      "header": "",
      "footer": ""
    },
    {
      "book_name": "Psalms",
      "chapter": 101,
      "verse": 7,
      "text": [
        "He",
        "that",
        "worketh",
        "deceit",
        "shall",
        "not",
        "dwell",
        "within",
        "my",
        "house:",
        "he",
        "that",
        "telleth",
        "lies",
        "shall",
        "not",
        "tarry",
        "in",
        "my",
        "sight."
      ],
      "header": "",
      "footer": ""
    },
    {
      "book_name": "Psalms",
      "chapter": 101,
      "verse": 8,
      "text": [
        "I",
        "will",
        "early",
        "destroy",
        "all",
        "the",
        "wicked",
        "of",
        "the",
        "land;",
        "that",
        "I",
        "may",
        "cut",
        "off",
        "all",
        "wicked",
        "doers",
        "from",
        "the",
        "city",
        "of",
        "the",
        "Lᴏʀᴅ."
      ],
      "header": "",
      "footer": ""
    }
  ]
}