{
  "book_name": "Psalms",
  "chapter": 105,
  "verses": [
    {
      "book_name": "Psalms",
      "chapter": 105,
      "verse": 1,
      "text": [
        "O",
        "give",
        "thanks",
        "unto",
        "the",
        "Lᴏʀᴅ;",
        "call",
        "upon",
        "his",
        "name:",
        "make",
        "known",
        "his",
        "deeds",
        "among",
        "the",
        "people."
      ],
      "header": "",
      "footer": ""
    },
    {
      "book_name": "Psalms",
      "chapter": 105,
      "verse": 2,
      "text": [
        "Sing",
        "unto",
        "him,",
        "sing",
        "psalms",
        "unto",
        "him:",
        "talk",
        "ye",
        "of",
        "all",
        "his",
        "wondrous",
        "works."
      ],
      "header": "",
      "footer": ""
    },
    {
      "book_name": "Psalms",
      "chapter": 105,
      "verse": 3,
      "text": [
        "Glory",
        "ye",
        "in",
        "his",
        "holy",
        "name:",
        "let",
        "the",
        "heart",
        "of",
        "them",
        "rejoice",
        "that",
        "seek",
        "the",
        "Lᴏʀᴅ."
      ],
      "header": "",
      "footer": ""
    },
    {
      "book_name": "Psalms",
      "chapter": 105,
      "verse": 4,
      "text": [
        "Seek",
        "the",
        "Lᴏʀᴅ,",
        "and",
        "his",
        "strength:",
        "seek",
        "his",
        "face",
        "evermore."
      ],
      "header": "",
      "footer": ""
    },
    {
      "book_name": "Psalms",
      "chapter": 105,
      "verse": 5,
      "text": [
        "Remember",
        "his",
        "marvellous",
        "works",
        "that",
        "he",
        "hath",
        "done;",
        "his",
        "wonders,",
        "and",
        "the",
        "judgments",
        "of",
        "his",
        "mouth;"
      ],
      "header": "",
      "footer": ""
    },
    {
      "book_name": "Psalms",
      "chapter": 105,
      "verse": 6,
      "text": [
        "O",
        "ye",
        "seed",
        "of",
        "Abraham",
        "his",
        "servant,",
        "ye",
        "children",
        "of",
        "Jacob",
        "his",
        "chosen."
      ],
      "header": "",
      "footer": ""
    },
    {
      "book_name": "Psalms",
      "chapter": 105,
      "verse": 7,
      "text": [
        "He",
        "*is",
        "the",
        "Lᴏʀᴅ",
        "our",
        "God:",
        "his",
        "judgments",
        "*are",
        "in",
        "all",
        "the",
        "earth."
      ],
      "header": "",
      "footer": ""
    },
    {
      "book_name": "Psalms",
      "chapter": 105,
      "verse": 8,
      "text": [
        "He",
        "hath",
        "remembered",
        "his",
        "covenant",
        "for",
        "ever,",
        "the",
        "word",
        "*which",
        "he",
        "commanded",
        "to",
        "a",
        "thousand",
        "generations."
      ],
      "header": "",
      "footer": ""
    },
    {
      "book_name": "Psalms",
      "chapter": 105,
      "verse": 9,
      "text": [
        "Which",
        "*covenant",
        "he",
        "made",
        "with",
        "Abraham,",
        "and",
        "his",
        "oath",
        "unto",
        "Isaac;"
      ],
      "header": "",
      "footer": ""
    },
    {
      "book_name": "Psalms",
      "chapter": 105,
      "verse": 10,
      "text": [
        "And",
        "confirmed",
        "the",
        "same",
        "unto",
        "Jacob",
        "for",
        "a",
        "law,",
        "*and",
        "to",
        "Israel",
        "*for",
        "an",
        "everlasting",
        "covenant:"
      ],
      "header": "",
      "footer": ""
    },
    {
      "book_name": "Psalms",
      "chapter": 105,
      "verse": 11,
      "text": [
        "Saying,",
        "Unto",
        "thee",
        "will",
        "I",
        "give",
        "the",
        "land",
        "of",
        "Canaan,",
        "the",
        "lot",
        "of",
        "your",
        "inheritance:"
      ],
      "header": "",
      "footer": ""
    },
    {
      "book_name": "Psalms",
      "chapter": 105,
      "verse": 12,
      "text": [
        "When",
        "they",
        "were",
        "*but",
        "a",
        "few",
        "men",
        "in",
        "number;",
        "yea,",
        "very",
        "few,",
        "and",
        "strangers",
        "in",
        "it."
      ],
      "header": "",
      "footer": ""
    },
    {
      "book_name": "Psalms",
      "chapter": 105,
      "verse": 13,
      "text": [
        "When",
        "they",
        "went",
        "from",
        "one",
        "nation",
        "to",
        "another,",
        "from",
        "*one",
        "kingdom",
        "to",
        "another",
        "people;"
      ],
      "header": "",
      "footer": ""
    },
    {
      "book_name": "Psalms",
      "chapter": 105,
      "verse": 14,
      "text": [
        "He",
        "suffered",
        "no",
        "man",
        "to",
        "do",
        "them",
        "wrong:",
        "yea,",
        "he",
        "reproved",
        "kings",
        "for",
        "their",
        "sakes;"
      ],
      "header": "",
      "footer": ""
    },
    {
      "book_name": "Psalms",
      "chapter": 105,
      "verse": 15,
      "text": [
        "*Saying,",
        "Touch",
        "not",
        "mine",
        "anointed,",
        "and",
        "do",
        "my",
        "prophets",
        "no",
        "harm."
      ],
      "header": "",
      "footer": ""
    },
    {
      "book_name": "Psalms",
      "chapter": 105,
      "verse": 16,
      "text": [
        "Moreover",
        "he",
        "called",
        "for",
        "a",
        "famine",
        "upon",
        "the",
        "land:",
        "he",
        "brake",
        "the",
        "whole",
        "staff",
        "of",
        "bread."
      ],
      "header": "",
      "footer": ""
    },
    {
      "book_name": "Psalms",
      "chapter": 105,
      "verse": 17,
      "text": [
        "He",
        "sent",
        "a",
        "man",
        "before",
        "them,",
        "*even",
        "Joseph,",
        "*who",
        "was",
        "sold",
        "for",
        "a",
        "servant:"
      ],
      "header": "",
      "footer": ""
    },
    {
      "book_name": "Psalms",
      "chapter": 105,
      "verse": 18,
      "text": [
        "Whose",
        "feet",
        "they",
        "hurt",
        "with",
        "fetters:",
        "he",
        "was",
        "laid",
        "in",
        "iron:"
      ],
      "header": "",
      "footer": ""
    },
    {
      "book_name": "Psalms",
      "chapter": 105,
      "verse": 19,
      "text": [
        "Until",
        "the",
        "time",
        "that",
        "his",
        "word",
        "came:",
        "the",
        "word",
        "of",
        "the",
        "Lᴏʀᴅ",
        "tried",
        "him."
      ],
      "header": "",
      "footer": ""
    },
    {
      "book_name": "Psalms",
      "chapter": 105,
      "verse": 20,
      "text": [
        "The",
        "king",
        "sent",
        "and",
        "loosed",
        "him;",
        "*even",
        "the",
        "ruler",
        "of",
        "the",
        "people,",
        "and",
        "let",
        "him",
        "go",
        "free."
      ],
      "header": "",
      "footer": ""
    },
    {
      "book_name": "Psalms",
      "chapter": 105,
      "verse": 21,
      "text": [
        "He",
        "made",
        "him",
        "lord",
        "of",
        "his",
        "house,",
        "and",
        "ruler",
        "of",
        "all",
        "his",
        "substance:"
      ],
      "header": "",
      "footer": ""
    },
    {
      "book_name": "Psalms",
      "chapter": 105,
      "verse": 22,
      "text": [
        "To",
        "bind",
        "his",
        "princes",
        "at",
        "his",
        "pleasure;",
        "and",
        "teach",
        "his",
        "senators",
        "wisdom."
      ],
      "header": "",
      "footer": ""
    },
    {
      "book_name": "Psalms",
      "chapter": 105,
      "verse": 23,
      "text": [
        "Israel",
        "also",
        "came",
        "into",
        "Egypt;",
        "and",
        "Jacob",
        "sojourned",
        "in",
        "the",
        "land",
        "of",
        "Ham."
      ],
      "header": "",
      "footer": ""
    },
    {
      "book_name": "Psalms",
      "chapter": 105,
      "verse": 24,
      "text": [
        "And",
        "he",
        "increased",
        "his",
        "people",
        "greatly;",
        "and",
        "made",
        "them",
        "stronger",
        "than",
        "their",
        "enemies."
      ],
      "header": "",
      "footer": ""
    },
    {
      "book_name": "Psalms",
      "chapter": 105,
      "verse": 25,
      "text": [
        "He",
        "turned",
        "their",
        "heart",
        "to",
        "hate",
        "his",
        "people,",
        "to",
        "deal",
        "subtilly",
        "with",
        "his",
        "servants."
      ],
      "header": "",
      "footer": ""
    },
    {
      "book_name": "Psalms",
      "chapter": 105,
      "verse": 26,
      "text": [
        "He",
        "sent",
        "Moses",
        "his",
        "servant;",
        "*and",
        "Aaron",
        "whom",
        "he",
        "had",
        "chosen."
      ],
      "header": "",
      "footer": ""
    },
    {
      "book_name": "Psalms",
      "chapter": 105,
      "verse": 27,
      "text": [
        "They",
        "shewed",
        "his",
        "signs",
        "among",
        "them,",
        "and",
        "wonders",
        "in",
        "the",
        "land",
        "of",
        "Ham."
      ],
      "header": "",
      "footer": ""
    },
    {
      "book_name": "Psalms",
      "chapter": 105,
      "verse": 28,
      "text": [
        "He",
        "sent",
        "darkness,",
        "and",
        "made",
        "it",
        "dark;",
        "and",
        "they",
        "rebelled",
        "not",
        "against",
        "his",
        "word."
      ],
      "header": "",
      "footer": ""
    },
    {
      "book_name": "Psalms",
      "chapter": 105,
      "verse": 29,
      "text": [
        "He",
        "turned",
        "their",
        "waters",
        "into",
        "blood,",
        "and",
        "slew",
        "their",
        "fish."
      ],
      "header": "",
      "footer": ""
    },
    {
      "book_name": "Psalms",
      "chapter": 105,
      "verse": 30,
      "text": [
        "Their",
        "land",
        "brought",
        "forth",
        "frogs",
        "in",
        "abundance,",
        "in",
        "the",
        "chambers",
        "of",
        "their",
        "kings."
      ],
      "header": "",
      "footer": ""
    },
    {
      "book_name": "Psalms",
      "chapter": 105,
      "verse": 31,
      "text": [
        "He",
        "spake,",
        "and",
        "there",
        "came",
        "divers",
        "sorts",
        "of",
        "flies,",
        "*and",
        "lice",
        "in",
        "all",
        "their",
        "coasts."
      ],
      "header": "",
      "footer": ""
    },
    {
      "book_name": "Psalms",
      "chapter": 105,
      "verse": 32,
      "text": [
        "He",
        "gave",
        "them",
        "hail",
        "for",
        "rain,",
        "*and",
        "flaming",
        "fire",
        "in",
        "their",
        "land."
      ],
      "header": "",
      "footer": ""
    },
    {
      "book_name": "Psalms",
      "chapter": 105,
      "verse": 33,
      "text": [
        "He",
        "smote",
        "their",
        "vines",
        "also",
        "and",
        "their",
        "fig",
        "trees;",
        "and",
        "brake",
        "the",
        "trees",
        "of",
        "their",
        "coasts."
      ],
      "header": "",
      "footer": ""
    },
    {
      "book_name": "Psalms",
      "chapter": 105,
      "verse": 34,
      "text": [
        "He",
        "spake,",
        "and",
        "the",
        "locusts",
        "came,",
        "and",
        "caterpillers,",
        "and",
        "that",
        "without",
        "number,"
      ],
      "header": "",
      "footer": ""
    },
    {
      "book_name": "Psalms",
      "chapter": 105,
      "verse": 35,
      "text": [
        "And",
        "did",
        "eat",
        "up",
        "all",
        "the",
        "herbs",
        "in",
        "their",
        "land,",
        "and",
        "devoured",
        "the",
        "fruit",
        "of",
        "their",
        "ground."
      ],
      "header": "",
      "footer": ""
    },
    {
      "book_name": "Psalms",
      "chapter": 105,
      "verse": 36,
      "text": [
        "He",
        "smote",
        "also",
        "all",
        "the",
        "firstborn",
        "in",
        "their",
        "land,",
        "the",
        "chief",
        "of",
        "all",
        "their",
        "strength."
      ],
      "header": "",
      "footer": ""
    },
    {
      "book_name": "Psalms",
      "chapter": 105,
      "verse": 37,
      "text": [
        "He",
        "brought",
        "them",
        "forth",
        "also",
        "with",
        "silver",
        "and",
        "gold:",
        "and",
        "*there",
        "*was",
        "not",
        "one",
        "feeble",
        "*person",
        "among",
        "their",
        "tribes."
      ],
      "header": "",
      "footer": ""
    },
    {
      "book_name": "Psalms",
      "chapter": 105,
      "verse": 38,
      "text": [
        "Egypt",
        "was",
        "glad",
        "when",
        "they",
        "departed:",
        "for",
        "the",
        "fear",
        "of",
        "them",
        "fell",
        "upon",
        "them."
      ],
      "header": "",
      "footer": ""
    },
    {
      "book_name": "Psalms",
      "chapter": 105,
      "verse": 39,
      "text": [
        "He",
        "spread",
        "a",
        "cloud",
        "for",
        "a",
        "covering;",
        "and",
        "fire",
        "to",
        "give",
        "light",
        "in",
        "the",
        "night."
      ],
      "header": "",
      "footer": ""
    },
    {
      "book_name": "Psalms",
      "chapter": 105,
      "verse": 40,
      "text": [
        "*The",
        "*people",
        "asked,",
        "and",
        "he",
        "brought",
        "quails,",
        "and",
        "satisfied",
        "them",
        "with",
        "the",
        "bread",
        "of",
        "heaven."
      ],
      "header": "",
      "footer": ""
    },
    {
      "book_name": "Psalms",
      "chapter": 105,
      "verse": 41,
      "text": [
        "He",
        "opened",
        "the",
        "rock,",
        "and",
        "the",
        "waters",
        "gushed",
        "out;",
        "they",
        "ran",
        "in",
        "the",
        "dry",
        "places",
        "*like",
        "a",
        "river."
      ],
      "header": "",
      "footer": ""
    },
    {
      "book_name": "Psalms",
      "chapter": 105,
      "verse": 42,
      "text": [
        "For",
        "he",
        "remembered",
        "his",
        "holy",
        "promise,",
        "*and",
        "Abraham",
        "his",
        "servant."
      ],
      "header": "",
      "footer": ""
    },
    {
      "book_name": "Psalms",
      "chapter": 105,
      "verse": 43,
      "text": [
        "And",
        "he",
        "brought",
        "forth",
        "his",
        "people",
        "with",
        "joy,",
        "*and",
        "his",
        "chosen",
        "with",
        "gladness:"
      ],
      "header": "",
      "footer": ""
    },
    {
      "book_name": "Psalms",
      "chapter": 105,
      "verse": 44,
      "text": [
        "And",
        "gave",
        "them",
        "the",
        "lands",
        "of",
        "the",
        "heathen:",
        "and",
        "they",
        "inherited",
        "the",
        "labour",
        "of",
        "the",
        "people;"
      ],
      "header": "",
      "footer": ""
    },
    {
      "book_name": "Psalms",
      "chapter": 105,
      "verse": 45,
      "text": [
        "That",
        "they",
        "might",
        "observe",
        "his",
        "statutes,",
        "and",
        "keep",
        "his",
        "laws.",
        "Praise",
        "ye",
        "the",
        "Lᴏʀᴅ."
      ],
      "header": "",
      "footer": ""
    }
  ]
}