{
  "book_name": "Psalms",
  "chapter": 107,
  "verses": [
    {
      "book_name": "Psalms",
      "chapter": 107,
      "verse": 1,
      "text": [
        "O",
        "give",
        "thanks",
        "unto",
        "the",
        "Lᴏʀᴅ,",
        "for",
        "*he",
        "*is",
        "good:",
        "for",
        "his",
        "mercy",
        "*endureth",
        "for",
        "ever."
      ],
      "header": "",
      "footer": ""
    },
    {
      "book_name": "Psalms",
      "chapter": 107,
      "verse": 2,
      "text": [
        "Let",
        "the",
        "redeemed",
        "of",
        "the",
        "Lᴏʀᴅ",
        "say",
        "*so,",
        "whom",
        "he",
        "hath",
        "redeemed",
        "from",
        "the",
        "hand",
        "of",
        "the",
        "enemy;"
      ],
      "header": "",
      "footer": ""
    },
    {
      "book_name": "Psalms",
      "chapter": 107,
      "verse": 3,
      "text": [
        "And",
        "gathered",
        "them",
        "out",
        "of",
        "the",
        "lands,",
        "from",
        "the",
        "east,",
        "and",
        "from",
        "the",
        "west,",
        "from",
        "the",
        "north,",
        "and",
        "from",
        "the",
        "south."
      ],
      "header": "",
      "footer": ""
    },
    {
      "book_name": "Psalms",
      "chapter": 107,
      "verse": 4,
      "text": [
        "They",
        "wandered",
        "in",
        "the",
        "wilderness",
        "in",
        "a",
        "solitary",
        "way;",
        "they",
        "found",
        "no",
        "city",
        "to",
        "dwell",
        "in."
      ],
      "header": "",
      "footer": ""
    },
    {
      "book_name": "Psalms",
      "chapter": 107,
      "verse": 5,
      "text": [
        "Hungry",
        "and",
        "thirsty,",
        "their",
        "soul",
        "fainted",
        "in",
        "them."
      ],
      "header": "",
      "footer": ""
    },
    {
      "book_name": "Psalms",
      "chapter": 107,
      "verse": 6,
      "text": [
        "Then",
        "they",
        "cried",
        "unto",
        "the",
        "Lᴏʀᴅ",
        "in",
        "their",
        "trouble,",
        "*and",
        "he",
        "delivered",
        "them",
        "out",
        "of",
        "their",
        "distresses."
      ],
      "header": "",
      "footer": ""
    },
    {
      "book_name": "Psalms",
      "chapter": 107,
      "verse": 7,
      "text": [
        "And",
        "he",
        "led",
        "them",
        "forth",
        "by",
        "the",
        "right",
        "way,",
        "that",
        "they",
        "might",
        "go",
        "to",
        "a",
        "city",
        "of",
        "habitation."
      ],
      "header": "",
      "footer": ""
    },
    {
      "book_name": "Psalms",
      "chapter": 107,
      "verse": 8,
      "text": [
        "Oh",
        "that",
        "*men",
        "would",
        "praise",
        "the",
        "Lᴏʀᴅ",
        "*for",
        "his",
        "goodness,",
        "and",
        "*for",
        "his",
        "wonderful",
        "works",
        "to",
        "the",
        "children",
        "of",
        "men!"
      ],
      "header": "",
      "footer": ""
    },
    {
      "book_name": "Psalms",
      "chapter": 107,
      "verse": 9,
      "text": [
        "For",
        "he",
        "satisfieth",
        "the",
        "longing",
        "soul,",
        "and",
        "filleth",
        "the",
        "hungry",
        "soul",
        "with",
        "goodness."
      ],
      "header": "",
      "footer": ""
    },
    {
      "book_name": "Psalms",
      "chapter": 107,
      "verse": 10,
      "text": [
        "Such",
        "as",
        "sit",
        "in",
        "darkness",
        "and",
        "in",
        "the",
        "shadow",
        "of",
        "death,",
        "*being",
        "bound",
        "in",
        "affliction",
        "and",
        "iron;"
      ],
      "header": "",
      "footer": ""
    },
    {
      "book_name": "Psalms",
      "chapter": 107,
      "verse": 11,
      "text": [
        "Because",
        "they",
        "rebelled",
        "against",
        "the",
        "words",
        "of",
        "God,",
        "and",
        "contemned",
        "the",
        "counsel",
        "of",
        "the",
        "most",
        "High:"
      ],
      "header": "",
      "footer": ""
    },
    {
      "book_name": "Psalms",
      "chapter": 107,
      "verse": 12,
      "text": [
        "Therefore",
        "he",
        "brought",
        "down",
        "their",
        "heart",
        "with",
        "labour;",
        "they",
        "fell",
        "down,",
        "and",
        "*there",
        "*was",
        "none",
        "to",
        "help."
      ],
      "header": "",
      "footer": ""
    },
    {
      "book_name": "Psalms",
      "chapter": 107,
      "verse": 13,
      "text": [
        "Then",
        "they",
        "cried",
        "unto",
        "the",
        "Lᴏʀᴅ",
        "in",
        "their",
        "trouble,",
        "*and",
        "he",
        "saved",
        "them",
        "out",
        "of",
        "their",
        "distresses."
      ],
      "header": "",
      "footer": ""
    },
    {
      "book_name": "Psalms",
      "chapter": 107,
      "verse": 14,
      "text": [
        "He",
        "brought",
        "them",
        "out",
        "of",
        "darkness",
        "and",
        "the",
        "shadow",
        "of",
        "death,",
        "and",
        "brake",
        "their",
        "bands",
        "in",
        "sunder."
      ],
      "header": "",
      "footer": ""
    },
    {
      "book_name": "Psalms",
      "chapter": 107,
      "verse": 15,
      "text": [
        "Oh",
        "that",
        "*men",
        "would",
        "praise",
        "the",
        "Lᴏʀᴅ",
        "*for",
        "his",
        "goodness,",
        "and",
        "*for",
        "his",
        "wonderful",
        "works",
        "to",
        "the",
        "children",
        "of",
        "men!"
      ],
      "header": "",
      "footer": ""
    },
    {
      "book_name": "Psalms",
      "chapter": 107,
      "verse": 16,
      "text": [
        "For",
        "he",
        "hath",
        "broken",
        "the",
        "gates",
        "of",
        "brass,",
        "and",
        "cut",
        "the",
        "bars",
        "of",
        "iron",
        "in",
        "sunder."
      ],
      "header": "",
      "footer": ""
    },
    {
      "book_name": "Psalms",
      "chapter": 107,
      "verse": 17,
      "text": [
        "Fools",
        "because",
        "of",
        "their",
        "transgression,",
        "and",
        "because",
        "of",
        "their",
        "iniquities,",
        "are",
        "afflicted."
      ],
      "header": "",
      "footer": ""
    },
    {
      "book_name": "Psalms",
      "chapter": 107,
      "verse": 18,
      "text": [
        "Their",
        "soul",
        "abhorreth",
        "all",
        "manner",
        "of",
        "meat;",
        "and",
        "they",
        "draw",
        "near",
        "unto",
        "the",
        "gates",
        "of",
        "death."
      ],
      "header": "",
      "footer": ""
    },
    {
      "book_name": "Psalms",
      "chapter": 107,
      "verse": 19,
      "text": [
        "Then",
        "they",
        "cry",
        "unto",
        "the",
        "Lᴏʀᴅ",
        "in",
        "their",
        "trouble,",
        "*and",
        "he",
        "saveth",
        "them",
        "out",
        "of",
        "their",
        "distresses."
      ],
      "header": "",
      "footer": ""
    },
    {
      "book_name": "Psalms",
      "chapter": 107,
      "verse": 20,
      "text": [
        "He",
        "sent",
        "his",
        "word,",
        "and",
        "healed",
        "them,",
        "and",
        "delivered",
        "*them",
        "from",
        "their",
        "destructions."
      ],
      "header": "",
      "footer": ""
    },
    {
      "book_name": "Psalms",
      "chapter": 107,
      "verse": 21,
      "text": [
        "Oh",
        "that",
        "*men",
        "would",
        "praise",
        "the",
        "Lᴏʀᴅ",
        "*for",
        "his",
        "goodness,",
        "and",
        "*for",
        "his",
        "wonderful",
        "works",
        "to",
        "the",
        "children",
        "of",
        "men!"
      ],
      "header": "",
      "footer": ""
    },
    {
      "book_name": "Psalms",
      "chapter": 107,
      "verse": 22,
      "text": [
        "And",
        "let",
        "them",
        "sacrifice",
        "the",
        "sacrifices",
        "of",
        "thanksgiving,",
        "and",
        "declare",
        "his",
        "works",
        "with",
        "rejoicing."
      ],
      "header": "",
      "footer": ""
    },
    {
      "book_name": "Psalms",
      "chapter": 107,
      "verse": 23,
      "text": [
        "They",
        "that",
        "go",
        "down",
        "to",
        "the",
        "sea",
        "in",
        "ships,",
        "that",
        "do",
        "business",
        "in",
        "great",
        "waters;"
      ],
      "header": "",
      "footer": ""
    },
    {
      "book_name": "Psalms",
      "chapter": 107,
      "verse": 24,
      "text": [
        "These",
        "see",
        "the",
        "works",
        "of",
        "the",
        "Lᴏʀᴅ,",
        "and",
        "his",
        "wonders",
        "in",
        "the",
        "deep."
      ],
      "header": "",
      "footer": ""
    },
    {
      "book_name": "Psalms",
      "chapter": 107,
      "verse": 25,
      "text": [
        "For",
        "he",
        "commandeth,",
        "and",
        "raiseth",
        "the",
        "stormy",
        "wind,",
        "which",
        "lifteth",
        "up",
        "the",
        "waves",
        "thereof."
      ],
      "header": "",
      "footer": ""
    },
    {
      "book_name": "Psalms",
      "chapter": 107,
      "verse": 26,
      "text": [
        "They",
        "mount",
        "up",
        "to",
        "the",
        "heaven,",
        "they",
        "go",
        "down",
        "again",
        "to",
        "the",
        "depths:",
        "their",
        "soul",
        "is",
        "melted",
        "because",
        "of",
        "trouble."
      ],
      "header": "",
      "footer": ""
    },
    {
      "book_name": "Psalms",
      "chapter": 107,
      "verse": 27,
      "text": [
        "They",
        "reel",
        "to",
        "and",
        "fro,",
        "and",
        "stagger",
        "like",
        "a",
        "drunken",
        "man,",
        "and",
        "are",
        "at",
        "their",
        "wits'",
        "end."
      ],
      "header": "",
      "footer": ""
    },
    {
      "book_name": "Psalms",
      "chapter": 107,
      "verse": 28,
      "text": [
        "Then",
        "they",
        "cry",
        "unto",
        "the",
        "Lᴏʀᴅ",
        "in",
        "their",
        "trouble,",
        "and",
        "he",
        "bringeth",
        "them",
        "out",
        "of",
        "their",
        "distresses."
      ],
      "header": "",
      "footer": ""
    },
    {
      "book_name": "Psalms",
      "chapter": 107,
      "verse": 29,
      "text": [
        "He",
        "maketh",
        "the",
        "storm",
        "a",
        "calm,",
        "so",
        "that",
        "the",
        "waves",
        "thereof",
        "are",
        "still."
      ],
      "header": "",
      "footer": ""
    },
    {
      "book_name": "Psalms",
      "chapter": 107,
      "verse": 30,
      "text": [
        "Then",
        "are",
        "they",
        "glad",
        "because",
        "they",
        "be",
        "quiet;",
        "so",
        "he",
        "bringeth",
        "them",
        "unto",
        "their",
        "desired",
        "haven."
      ],
      "header": "",
      "footer": ""
    },
    {
      "book_name": "Psalms",
      "chapter": 107,
      "verse": 31,
      "text": [
        "Oh",
        "that",
        "*men",
        "would",
        "praise",
        "the",
        "Lᴏʀᴅ",
        "*for",
        "his",
        "goodness,",
        "and",
        "*for",
        "his",
        "wonderful",
        "works",
        "to",
        "the",
        "children",
        "of",
        "men!"
      ],
      "header": "",
      "footer": ""
    },
    {
      "book_name": "Psalms",
      "chapter": 107,
      "verse": 32,
      "text": [
        "Let",
        "them",
        "exalt",
        "him",
        "also",
        "in",
        "the",
        "congregation",
        "of",
        "the",
        "people,",
        "and",
        "praise",
        "him",
        "in",
        "the",
        "assembly",
        "of",
        "the",
        "elders."
      ],
      "header": "",
      "footer": ""
    },
    {
      "book_name": "Psalms",
      "chapter": 107,
      "verse": 33,
      "text": [
        "He",
        "turneth",
        "rivers",
        "into",
        "a",
        "wilderness,",
        "and",
        "the",
        "watersprings",
        "into",
        "dry",
        "ground;"
      ],
      "header": "",
      "footer": ""
    },
    {
      "book_name": "Psalms",
      "chapter": 107,
      "verse": 34,
      "text": [
        "A",
        "fruitful",
        "land",
        "into",
        "barrenness,",
        "for",
        "the",
        "wickedness",
        "of",
        "them",
        "that",
        "dwell",
        "therein."
      ],
      "header": "",
      "footer": ""
    },
    {
      "book_name": "Psalms",
      "chapter": 107,
      "verse": 35,
      "text": [
        "He",
        "turneth",
        "the",
        "wilderness",
        "into",
        "a",
        "standing",
        "water,",
        "and",
        "dry",
        "ground",
        "into",
        "watersprings."
      ],
      "header": "",
      "footer": ""
    },
    {
      "book_name": "Psalms",
      "chapter": 107,
      "verse": 36,
      "text": [
        "And",
        "there",
        "he",
        "maketh",
        "the",
        "hungry",
        "to",
        "dwell,",
        "that",
        "they",
        "may",
        "prepare",
        "a",
        "city",
        "for",
        "habitation;"
      ],
      "header": "",
      "footer": ""
    },
    {
      "book_name": "Psalms",
      "chapter": 107,
      "verse": 37,
      "text": [
        "And",
        "sow",
        "the",
        "fields,",
        "and",
        "plant",
        "vineyards,",
        "which",
        "may",
        "yield",
        "fruits",
        "of",
        "increase."
      ],
      "header": "",
      "footer": ""
    },
    {
      "book_name": "Psalms",
      "chapter": 107,
      "verse": 38,
      "text": [
        "He",
        "blesseth",
        "them",
        "also,",
        "so",
        "that",
        "they",
        "are",
        "multiplied",
        "greatly;",
        "and",
        "suffereth",
        "not",
        "their",
        "cattle",
        "to",
        "decrease."
      ],
      "header": "",
      "footer": ""
    },
    {
      "book_name": "Psalms",
      "chapter": 107,
      "verse": 39,
      "text": [
        "Again,",
        "they",
        "are",
        "minished",
        "and",
        "brought",
        "low",
        "through",
        "oppression,",
        "affliction,",
        "and",
        "sorrow."
      ],
      "header": "",
      "footer": ""
    },
    {
      "book_name": "Psalms",
      "chapter": 107,
      "verse": 40,
      "text": [
        "He",
        "poureth",
        "contempt",
        "upon",
        "princes,",
        "and",
        "causeth",
        "them",
        "to",
        "wander",
        "in",
        "the",
        "wilderness,",
        "*where",
        "*there",
        "*is",
        "no",
        "way."
      ],
      "header": "",
      "footer": ""
    },
    {
      "book_name": "Psalms",
      "chapter": 107,
      "verse": 41,
      "text": [
        "Yet",
        "setteth",
        "he",
        "the",
        "poor",
        "on",
        "high",
        "from",
        "affliction,",
        "and",
        "maketh",
        "*him",
        "families",
        "like",
        "a",
        "flock."
      ],
      "header": "",
      "footer": ""
    },
    {
      "book_name": "Psalms",
      "chapter": 107,
      "verse": 42,
      "text": [
        "The",
        "righteous",
        "shall",
        "see",
        "*it,",
        "and",
        "rejoice:",
        "and",
        "all",
        "iniquity",
        "shall",
        "stop",
        "her",
        "mouth."
      ],
      "header": "",
      "footer": ""
    },
    {
      "book_name": "Psalms",
      "chapter": 107,
      "verse": 43,
      "text": [
        "Whoso",
        "*is",
        "wise,",
        "and",
        "will",
        "observe",
        "these",
        "*things,",
        "even",
        "they",
        "shall",
        "understand",
        "the",
        "lovingkindness",
        "of",
        "the",
        "Lᴏʀᴅ."
      ],
      "header": "",
      "footer": ""
    }
  ]
}