{
  "book_name": "Psalms",
  "chapter": 115,
  "verses": [
    {
      "book_name": "Psalms",
      "chapter": 115,
      "verse": 1,
      "text": [
        "Not",
        "unto",
        "us,",
        "O",
        "Lᴏʀᴅ,",
        "not",
        "unto",
        "us,",
        "but",
        "unto",
        "thy",
        "name",
        "give",
        "glory,",
        "for",
        "thy",
        "mercy,",
        "*and",
        "for",
        "thy",
        "truth's",
        "sake."
      ],
      "header": "",
      "footer": ""
    },
    {
      "book_name": "Psalms",
      "chapter": 115,
      "verse": 2,
      "text": [
        "Wherefore",
        "should",
        "the",
        "heathen",
        "say,",
        "Where",
        "*is",
        "now",
        "their",
        "God?"
      ],
      "header": "",
      "footer": ""
    },
    {
      "book_name": "Psalms",
      "chapter": 115,
      "verse": 3,
      "text": [
        "But",
        "our",
        "God",
        "*is",
        "in",
        "the",
        "heavens:",
        "he",
        "hath",
        "done",
        "whatsoever",
        "he",
        "hath",
        "pleased."
      ],
      "header": "",
      "footer": ""
    },
    {
      "book_name": "Psalms",
      "chapter": 115,
      "verse": 4,
      "text": [
        "Their",
        "idols",
        "*are",
        "silver",
        "and",
        "gold,",
        "the",
        "work",
        "of",
        "men's",
        "hands."
      ],
      "header": "",
      "footer": ""
    },
    {
      "book_name": "Psalms",
      "chapter": 115,
      "verse": 5,
      "text": [
        "They",
        "have",
        "mouths,",
        "but",
        "they",
        "speak",
        "not:",
        "eyes",
        "have",
        "they,",
        "but",
        "they",
        "see",
        "not:"
      ],
      "header": "",
      "footer": ""
    },
    {
      "book_name": "Psalms",
      "chapter": 115,
      "verse": 6,
      "text": [
        "They",
        "have",
        "ears,",
        "but",
        "they",
        "hear",
        "not:",
        "noses",
        "have",
        "they,",
        "but",
        "they",
        "smell",
        "not:"
      ],
      "header": "",
      "footer": ""
    },
    {
      "book_name": "Psalms",
      "chapter": 115,
      "verse": 7,
      "text": [
        "They",
        "have",
        "hands,",
        "but",
        "they",
        "handle",
        "not:",
        "feet",
        "have",
        "they,",
        "but",
        "they",
        "walk",
        "not:",
        "neither",
        "speak",
        "they",
        "through",
        "their",
        "throat."
      ],
      "header": "",
      "footer": ""
    },
    {
      "book_name": "Psalms",
      "chapter": 115,
      "verse": 8,
      "text": [
        "They",
        "that",
        "make",
        "them",
        "are",
        "like",
        "unto",
        "them;",
        "*so",
        "*is",
        "every",
        "one",
        "that",
        "trusteth",
        "in",
        "them."
      ],
      "header": "",
      "footer": ""
    },
    {
      "book_name": "Psalms",
      "chapter": 115,
      "verse": 9,
      "text": [
        "O",
        "Israel,",
        "trust",
        "thou",
        "in",
        "the",
        "Lᴏʀᴅ:",
        "he",
        "*is",
        "their",
        "help",
        "and",
        "their",
        "shield."
      ],
      "header": "",
      "footer": ""
    },
    {
      "book_name": "Psalms",
      "chapter": 115,
      "verse": 10,
      "text": [
        "O",
        "house",
        "of",
        "Aaron,",
        "trust",
        "in",
        "the",
        "Lᴏʀᴅ:",
        "he",
        "*is",
        "their",
        "help",
        "and",
        "their",
        "shield."
      ],
      "header": "",
      "footer": ""
    },
    {
      "book_name": "Psalms",
      "chapter": 115,
      "verse": 11,
      "text": [
        "Ye",
        "that",
        "fear",
        "the",
        "Lᴏʀᴅ,",
        "trust",
        "in",
        "the",
        "Lᴏʀᴅ:",
        "he",
        "*is",
        "their",
        "help",
        "and",
        "their",
        "shield."
      ],
      "header": "",
      "footer": ""
    },
    {
      "book_name": "Psalms",
      "chapter": 115,
      "verse": 12,
      "text": [
        "The",
        "Lᴏʀᴅ",
        "hath",
        "been",
        "mindful",
        "of",
        "us:",
        "he",
        "will",
        "bless",
        "*us;",
        "he",
        "will",
        "bless",
        "the",
        "house",
        "of",
        "Israel;",
        "he",
        "will",
        "bless",
        "the",
        "house",
        "of",
        "Aaron."
      ],
      "header": "",
      "footer": ""
    },
    {
      "book_name": "Psalms",
      "chapter": 115,
      "verse": 13,
      "text": [
        "He",
        "will",
        "bless",
        "them",
        "that",
        "fear",
        "the",
        "Lᴏʀᴅ,",
        "*both",
        "small",
        "and",
        "great."
      ],
      "header": "",
      "footer": ""
    },
    {
      "book_name": "Psalms",
      "chapter": 115,
      "verse": 14,
      "text": [
        "The",
        "Lᴏʀᴅ",
        "shall",
        "increase",
        "you",
        "more",
        "and",
        "more,",
        "you",
        "and",
        "your",
        "children."
      ],
      "header": "",
      "footer": ""
    },
    {
      "book_name": "Psalms",
      "chapter": 115,
      "verse": 15,
      "text": [
        "Ye",
        "*are",
        "blessed",
        "of",
        "the",
        "Lᴏʀᴅ",
        "which",
        "made",
        "heaven",
        "and",
        "earth."
      ],
      "header": "",
      "footer": ""
    },
    {
      "book_name": "Psalms",
      "chapter": 115,
      "verse": 16,
      "text": [
        "The",
        "heaven,",
        "*even",
        "the",
        "heavens,",
        "*are",
        "the",
        "Lᴏʀᴅ'S:",
        "but",
        "the",
        "earth",
        "hath",
        "he",
        "given",
        "to",
        "the",
        "children",
        "of",
        "men."
      ],
      "header": "",
      "footer": ""
    },
    {
      "book_name": "Psalms",
      "chapter": 115,
      "verse": 17,
      "text": [
        "The",
        "dead",
        "praise",
        "not",
        "the",
        "Lᴏʀᴅ,",
        "neither",
        "any",
        "that",
        "go",
        "down",
        "into",
        "silence."
      ],
      "header": "",
      "footer": ""
    },
    {
      "book_name": "Psalms",
      "chapter": 115,
      "verse": 18,
      "text": [
        "But",
        "we",
        "will",
        "bless",
        "the",
        "Lᴏʀᴅ",
        "from",
        "this",
        "time",
        "forth",
        "and",
        "for",
        "evermore.",
        "Praise",
        "the",
        "Lᴏʀᴅ."
      ],
      "header": "",
      "footer": ""
    }
  ]
}