{
  "book_name": "Psalms",
  "chapter": 118,
  "verses": [
    {
      "book_name": "Psalms",
      "chapter": 118,
      "verse": 1,
      "text": [
        "O",
        "give",
        "thanks",
        "unto",
        "the",
        "Lᴏʀᴅ;",
        "for",
        "*he",
        "*is",
        "good:",
        "because",
        "his",
        "mercy",
        "*endureth",
        "for",
        "ever."
      ],
      "header": "",
      "footer": ""
    },
    {
      "book_name": "Psalms",
      "chapter": 118,
      "verse": 2,
      "text": [
        "Let",
        "Israel",
        "now",
        "say,",
        "that",
        "his",
        "mercy",
        "*endureth",
        "for",
        "ever."
      ],
      "header": "",
      "footer": ""
    },
    {
      "book_name": "Psalms",
      "chapter": 118,
      "verse": 3,
      "text": [
        "Let",
        "the",
        "house",
        "of",
        "Aaron",
        "now",
        "say,",
        "that",
        "his",
        "mercy",
        "*endureth",
        "for",
        "ever."
      ],
      "header": "",
      "footer": ""
    },
    {
      "book_name": "Psalms",
      "chapter": 118,
      "verse": 4,
      "text": [
        "Let",
        "them",
        "now",
        "that",
        "fear",
        "the",
        "Lᴏʀᴅ",
        "say,",
        "that",
        "his",
        "mercy",
        "*endureth",
        "for",
        "ever."
      ],
      "header": "",
      "footer": ""
    },
    {
      "book_name": "Psalms",
      "chapter": 118,
      "verse": 5,
      "text": [
        "I",
        "called",
        "upon",
        "the",
        "Lᴏʀᴅ",
        "in",
        "distress:",
        "the",
        "Lᴏʀᴅ",
        "answered",
        "me,",
        "*and",
        "*set",
        "*me",
        "in",
        "a",
        "large",
        "place."
      ],
      "header": "",
      "footer": ""
    },
    {
      "book_name": "Psalms",
      "chapter": 118,
      "verse": 6,
      "text": [
        "The",
        "Lᴏʀᴅ",
        "*is",
        "on",
        "my",
        "side;",
        "I",
        "will",
        "not",
        "fear:",
        "what",
        "can",
        "man",
        "do",
        "unto",
        "me?"
      ],
      "header": "",
      "footer": ""
    },
    {
      "book_name": "Psalms",
      "chapter": 118,
      "verse": 7,
      "text": [
        "The",
        "Lᴏʀᴅ",
        "taketh",
        "my",
        "part",
        "with",
        "them",
        "that",
        "help",
        "me:",
        "therefore",
        "shall",
        "I",
        "see",
        "*my",
        "*desire",
        "upon",
        "them",
        "that",
        "hate",
        "me."
      ],
      "header": "",
      "footer": ""
    },
    {
      "book_name": "Psalms",
      "chapter": 118,
      "verse": 8,
      "text": [
        "*It",
        "*is",
        "better",
        "to",
        "trust",
        "in",
        "the",
        "Lᴏʀᴅ",
        "than",
        "to",
        "put",
        "confidence",
        "in",
        "man."
      ],
      "header": "",
      "footer": ""
    },
    {
      "book_name": "Psalms",
      "chapter": 118,
      "verse": 9,
      "text": [
        "*It",
        "*is",
        "better",
        "to",
        "trust",
        "in",
        "the",
        "Lᴏʀᴅ",
        "than",
        "to",
        "put",
        "confidence",
        "in",
        "princes."
      ],
      "header": "",
      "footer": ""
    },
    {
      "book_name": "Psalms",
      "chapter": 118,
      "verse": 10,
      "text": [
        "All",
        "nations",
        "compassed",
        "me",
        "about:",
        "but",
        "in",
        "the",
        "name",
        "of",
        "the",
        "Lᴏʀᴅ",
        "will",
        "I",
        "destroy",
        "them."
      ],
      "header": "",
      "footer": ""
    },
    {
      "book_name": "Psalms",
      "chapter": 118,
      "verse": 11,
      "text": [
        "They",
        "compassed",
        "me",
        "about;",
        "yea,",
        "they",
        "compassed",
        "me",
        "about:",
        "but",
        "in",
        "the",
        "name",
        "of",
        "the",
        "Lᴏʀᴅ",
        "I",
        "will",
        "destroy",
        "them."
      ],
      "header": "",
      "footer": ""
    },
    {
      "book_name": "Psalms",
      "chapter": 118,
      "verse": 12,
      "text": [
        "They",
        "compassed",
        "me",
        "about",
        "like",
        "bees;",
        "they",
        "are",
        "quenched",
        "as",
        "the",
        "fire",
        "of",
        "thorns:",
        "for",
        "in",
        "the",
        "name",
        "of",
        "the",
        "Lᴏʀᴅ",
        "I",
        "will",
        "destroy",
        "them."
      ],
      "header": "",
      "footer": ""
    },
    {
      "book_name": "Psalms",
      "chapter": 118,
      "verse": 13,
      "text": [
        "Thou",
        "hast",
        "thrust",
        "sore",
        "at",
        "me",
        "that",
        "I",
        "might",
        "fall:",
        "but",
        "the",
        "Lᴏʀᴅ",
        "helped",
        "me."
      ],
      "header": "",
      "footer": ""
    },
    {
      "book_name": "Psalms",
      "chapter": 118,
      "verse": 14,
      "text": [
        "The",
        "Lᴏʀᴅ",
        "*is",
        "my",
        "strength",
        "and",
        "song,",
        "and",
        "is",
        "become",
        "my",
        "salvation."
      ],
      "header": "",
      "footer": ""
    },
    {
      "book_name": "Psalms",
      "chapter": 118,
      "verse": 15,
      "text": [
        "The",
        "voice",
        "of",
        "rejoicing",
        "and",
        "salvation",
        "*is",
        "in",
        "the",
        "tabernacles",
        "of",
        "the",
        "righteous:",
        "the",
        "right",
        "hand",
        "of",
        "the",
        "Lᴏʀᴅ",
        "doeth",
        "valiantly."
      ],
      "header": "",
      "footer": ""
    },
    {
      "book_name": "Psalms",
      "chapter": 118,
      "verse": 16,
      "text": [
        "The",
        "right",
        "hand",
        "of",
        "the",
        "Lᴏʀᴅ",
        "is",
        "exalted:",
        "the",
        "right",
        "hand",
        "of",
        "the",
        "Lᴏʀᴅ",
        "doeth",
        "valiantly."
      ],
      "header": "",
      "footer": ""
    },
    {
      "book_name": "Psalms",
      "chapter": 118,
      "verse": 17,
      "text": [
        "I",
        "shall",
        "not",
        "die,",
        "but",
        "live,",
        "and",
        "declare",
        "the",
        "works",
        "of",
        "the",
        "Lᴏʀᴅ."
      ],
      "header": "",
      "footer": ""
    },
    {
      "book_name": "Psalms",
      "chapter": 118,
      "verse": 18,
      "text": [
        "The",
        "Lᴏʀᴅ",
        "hath",
        "chastened",
        "me",
        "sore:",
        "but",
        "he",
        "hath",
        "not",
        "given",
        "me",
        "over",
        "unto",
        "death."
      ],
      "header": "",
      "footer": ""
    },
    {
      "book_name": "Psalms",
      "chapter": 118,
      "verse": 19,
      "text": [
        "Open",
        "to",
        "me",
        "the",
        "gates",
        "of",
        "righteousness:",
        "I",
        "will",
        "go",
        "into",
        "them,",
        "*and",
        "I",
        "will",
        "praise",
        "the",
        "Lᴏʀᴅ:"
      ],
      "header": "",
      "footer": ""
    },
    {
      "book_name": "Psalms",
      "chapter": 118,
      "verse": 20,
      "text": [
        "This",
        "gate",
        "of",
        "the",
        "Lᴏʀᴅ,",
        "into",
        "which",
        "the",
        "righteous",
        "shall",
        "enter."
      ],
      "header": "",
      "footer": ""
    },
    {
      "book_name": "Psalms",
      "chapter": 118,
      "verse": 21,
      "text": [
        "I",
        "will",
        "praise",
        "thee:",
        "for",
        "thou",
        "hast",
        "heard",
        "me,",
        "and",
        "art",
        "become",
        "my",
        "salvation."
      ],
      "header": "",
      "footer": ""
    },
    {
      "book_name": "Psalms",
      "chapter": 118,
      "verse": 22,
      "text": [
        "The",
        "stone",
        "*which",
        "the",
        "builders",
        "refused",
        "is",
        "become",
        "the",
        "head",
        "*stone",
        "of",
        "the",
        "corner."
      ],
      "header": "",
      "footer": ""
    },
    {
      "book_name": "Psalms",
      "chapter": 118,
      "verse": 23,
      "text": [
        "This",
        "is",
        "the",
        "Lᴏʀᴅ's",
        "doing;",
        "it",
        "*is",
        "marvellous",
        "in",
        "our",
        "eyes."
      ],
      "header": "",
      "footer": ""
    },
    {
      "book_name": "Psalms",
      "chapter": 118,
      "verse": 24,
      "text": [
        "This",
        "*is",
        "the",
        "day",
        "*which",
        "the",
        "Lᴏʀᴅ",
        "hath",
        "made;",
        "we",
        "will",
        "rejoice",
        "and",
        "be",
        "glad",
        "in",
        "it."
      ],
      "header": "",
      "footer": ""
    },
    {
      "book_name": "Psalms",
      "chapter": 118,
      "verse": 25,
      "text": [
        "Save",
        "now,",
        "I",
        "beseech",
        "thee,",
        "O",
        "Lᴏʀᴅ:",
        "O",
        "Lᴏʀᴅ,",
        "I",
        "beseech",
        "thee,",
        "send",
        "now",
        "prosperity."
      ],
      "header": "",
      "footer": ""
    },
    {
      "book_name": "Psalms",
      "chapter": 118,
      "verse": 26,
      "text": [
        "Blessed",
        "*be",
        "he",
        "that",
        "cometh",
        "in",
        "the",
        "name",
        "of",
        "the",
        "Lᴏʀᴅ:",
        "we",
        "have",
        "blessed",
        "you",
        "out",
        "of",
        "the",
        "house",
        "of",
        "the",
        "Lᴏʀᴅ."
      ],
      "header": "",
      "footer": ""
    },
    {
      "book_name": "Psalms",
      "chapter": 118,
      "verse": 27,
      "text": [
        "God",
        "*is",
        "the",
        "Lᴏʀᴅ,",
        "which",
        "hath",
        "shewed",
        "us",
        "light:",
        "bind",
        "the",
        "sacrifice",
        "with",
        "cords,",
        "*even",
        "unto",
        "the",
        "horns",
        "of",
        "the",
        "altar."
      ],
      "header": "",
      "footer": ""
    },
    {
      "book_name": "Psalms",
      "chapter": 118,
      "verse": 28,
      "text": [
        "Thou",
        "*art",
        "my",
        "God,",
        "and",
        "I",
        "will",
        "praise",
        "thee:",
        "*thou",
        "*art",
        "my",
        "God,",
        "I",
        "will",
        "exalt",
        "thee."
      ],
      "header": "",
      "footer": ""
    },
    {
      "book_name": "Psalms",
      "chapter": 118,
      "verse": 29,
      "text": [
        "O",
        "give",
        "thanks",
        "unto",
        "the",
        "Lᴏʀᴅ;",
        "for",
        "*he",
        "*is",
        "good:",
        "for",
        "his",
        "mercy",
        "*endureth",
        "for",
        "ever."
      ],
      "header": "",
      "footer": ""
    }
  ]
}