{
  "book_name": "Psalms",
  "chapter": 12,
  "verses": [
    {
      "book_name": "Psalms",
      "chapter": 12,
      "verse": 1,
      "text": [
        "Help,",
        "Lᴏʀᴅ;",
        "for",
        "the",
        "godly",
        "man",
        "ceaseth;",
        "for",
        "the",
        "faithful",
        "fail",
        "from",
        "among",
        "the",
        "children",
        "of",
        "men."
      ],
      "header": "**¶ To the chief Musician upon Sheminith, A Psalm of David.**",
      "footer": ""
    },
    {
      "book_name": "Psalms",
      "chapter": 12,
      "verse": 2,
      "text": [
        "They",
        "speak",
        "vanity",
        "every",
        "one",
        "with",
        "his",
        "neighbour:",
        "*with",
        "flattering",
        "lips",
        "*and",
        "with",
        "a",
        "double",
        "heart",
        "do",
        "they",
        "speak."
      ],
      "header": "",
      "footer": ""
    },
    {
      "book_name": "Psalms",
      "chapter": 12,
      "verse": 3,
      "text": [
        "The",
        "Lᴏʀᴅ",
        "shall",
        "cut",
        "off",
        "all",
        "flattering",
        "lips,",
        "*and",
        "the",
        "tongue",
        "that",
        "speaketh",
        "proud",
        "things:"
      ],
      "header": "",
      "footer": ""
    },
    {
      "book_name": "Psalms",
      "chapter": 12,
      "verse": 4,
      "text": [
        "Who",
        "have",
        "said,",
        "With",
        "our",
        "tongue",
        "will",
        "we",
        "prevail;",
        "our",
        "lips",
        "*are",
        "our",
        "own:",
        "who",
        "*is",
        "lord",
        "over",
        "us?"
      ],
      "header": "",
      "footer": ""
    },
    {
      "book_name": "Psalms",
      "chapter": 12,
      "verse": 5,
      "text": [
        "For",
        "the",
        "oppression",
        "of",
        "the",
        "poor,",
        "for",
        "the",
        "sighing",
        "of",
        "the",
        "needy,",
        "now",
        "will",
        "I",
        "arise,",
        "saith",
        "the",
        "Lᴏʀᴅ;",
        "I",
        "will",
        "set",
        "*him",
        "in",
        "safety",
        "*from",
        "*him",
        "*that",
        "puffeth",
        "at",
        "him."
      ],
      "header": "",
      "footer": ""
    },
    {
      "book_name": "Psalms",
      "chapter": 12,
      "verse": 6,
      "text": [
        "The",
        "words",
        "of",
        "the",
        "Lᴏʀᴅ",
        "*are",
        "pure",
        "words:",
        "*as",
        "silver",
        "tried",
        "in",
        "a",
        "furnace",
        "of",
        "earth,",
        "purified",
        "seven",
        "times."
      ],
      "header": "",
      "footer": ""
    },
    {
      "book_name": "Psalms",
      "chapter": 12,
      "verse": 7,
      "text": [
        "Thou",
        "shalt",
        "keep",
        "them,",
        "O",
        "Lᴏʀᴅ,",
        "thou",
        "shalt",
        "preserve",
        "them",
        "from",
        "this",
        "generation",
        "for",
        "ever."
      ],
      "header": "",
      "footer": ""
    },
    {
      "book_name": "Psalms",
      "chapter": 12,
      "verse": 8,
      "text": [
        "The",
        "wicked",
        "walk",
        "on",
        "every",
        "side,",
        "when",
        "the",
        "vilest",
        "men",
        "are",
        "exalted."
      ],
      "header": "",
      "footer": ""
    }
  ]
}