{
  "book_name": "Psalms",
  "chapter": 123,
  "verses": [
    {
      "book_name": "Psalms",
      "chapter": 123,
      "verse": 1,
      "text": [
        "Unto",
        "thee",
        "lift",
        "I",
        "up",
        "mine",
        "eyes,",
        "O",
        "thou",
        "that",
        "dwellest",
        "in",
        "the",
        "heavens."
      ],
      "header": "**¶ A Song of degrees.**",
      "footer": ""
    },
    {
      "book_name": "Psalms",
      "chapter": 123,
      "verse": 2,
      "text": [
        "Behold,",
        "as",
        "the",
        "eyes",
        "of",
        "servants",
        "*look",
        "unto",
        "the",
        "hand",
        "of",
        "their",
        "masters,",
        "*and",
        "as",
        "the",
        "eyes",
        "of",
        "a",
        "maiden",
        "unto",
        "the",
        "hand",
        "of",
        "her",
        "mistress;",
        "so",
        "our",
        "eyes",
        "*wait",
        "upon",
        "the",
        "Lᴏʀᴅ",
        "our",
        "God,",
        "until",
        "that",
        "he",
        "have",
        "mercy",
        "upon",
        "us."
      ],
      "header": "",
      "footer": ""
    },
    {
      "book_name": "Psalms",
      "chapter": 123,
      "verse": 3,
      "text": [
        "Have",
        "mercy",
        "upon",
        "us,",
        "O",
        "Lᴏʀᴅ,",
        "have",
        "mercy",
        "upon",
        "us:",
        "for",
        "we",
        "are",
        "exceedingly",
        "filled",
        "with",
        "contempt."
      ],
      "header": "",
      "footer": ""
    },
    {
      "book_name": "Psalms",
      "chapter": 123,
      "verse": 4,
      "text": [
        "Our",
        "soul",
        "is",
        "exceedingly",
        "filled",
        "with",
        "the",
        "scorning",
        "of",
        "those",
        "that",
        "are",
        "at",
        "ease,",
        "*and",
        "with",
        "the",
        "contempt",
        "of",
        "the",
        "proud."
      ],
      "header": "",
      "footer": ""
    }
  ]
}