{
  "book_name": "Psalms",
  "chapter": 124,
  "verses": [
    {
      "book_name": "Psalms",
      "chapter": 124,
      "verse": 1,
      "text": [
        "If",
        "*it",
        "*had",
        "not",
        "*been",
        "the",
        "Lᴏʀᴅ",
        "who",
        "was",
        "on",
        "our",
        "side,",
        "now",
        "may",
        "Israel",
        "say;"
      ],
      "header": "**¶ A Song of degrees of David.**",
      "footer": ""
    },
    {
      "book_name": "Psalms",
      "chapter": 124,
      "verse": 2,
      "text": [
        "If",
        "*it",
        "*had",
        "not",
        "*been",
        "the",
        "Lᴏʀᴅ",
        "who",
        "was",
        "on",
        "our",
        "side,",
        "when",
        "men",
        "rose",
        "up",
        "against",
        "us:"
      ],
      "header": "",
      "footer": ""
    },
    {
      "book_name": "Psalms",
      "chapter": 124,
      "verse": 3,
      "text": [
        "Then",
        "they",
        "had",
        "swallowed",
        "us",
        "up",
        "quick,",
        "when",
        "their",
        "wrath",
        "was",
        "kindled",
        "against",
        "us:"
      ],
      "header": "",
      "footer": ""
    },
    {
      "book_name": "Psalms",
      "chapter": 124,
      "verse": 4,
      "text": [
        "Then",
        "the",
        "waters",
        "had",
        "overwhelmed",
        "us,",
        "the",
        "stream",
        "had",
        "gone",
        "over",
        "our",
        "soul:"
      ],
      "header": "",
      "footer": ""
    },
    {
      "book_name": "Psalms",
      "chapter": 124,
      "verse": 5,
      "text": [
        "Then",
        "the",
        "proud",
        "waters",
        "had",
        "gone",
        "over",
        "our",
        "soul."
      ],
      "header": "",
      "footer": ""
    },
    {
      "book_name": "Psalms",
      "chapter": 124,
      "verse": 6,
      "text": [
        "Blessed",
        "*be",
        "the",
        "Lᴏʀᴅ,",
        "who",
        "hath",
        "not",
        "given",
        "us",
        "*as",
        "a",
        "prey",
        "to",
        "their",
        "teeth."
      ],
      "header": "",
      "footer": ""
    },
    {
      "book_name": "Psalms",
      "chapter": 124,
      "verse": 7,
      "text": [
        "Our",
        "soul",
        "is",
        "escaped",
        "as",
        "a",
        "bird",
        "out",
        "of",
        "the",
        "snare",
        "of",
        "the",
        "fowlers:",
        "the",
        "snare",
        "is",
        "broken,",
        "and",
        "we",
        "are",
        "escaped."
      ],
      "header": "",
      "footer": ""
    },
    {
      "book_name": "Psalms",
      "chapter": 124,
      "verse": 8,
      "text": [
        "Our",
        "help",
        "*is",
        "in",
        "the",
        "name",
        "of",
        "the",
        "Lᴏʀᴅ,",
        "who",
        "made",
        "heaven",
        "and",
        "earth."
      ],
      "header": "",
      "footer": ""
    }
  ]
}