{
  "book_name": "Psalms",
  "chapter": 127,
  "verses": [
    {
      "book_name": "Psalms",
      "chapter": 127,
      "verse": 1,
      "text": [
        "Except",
        "the",
        "Lᴏʀᴅ",
        "build",
        "the",
        "house,",
        "they",
        "labour",
        "in",
        "vain",
        "that",
        "build",
        "it:",
        "except",
        "the",
        "Lᴏʀᴅ",
        "keep",
        "the",
        "city,",
        "the",
        "watchman",
        "waketh",
        "*but",
        "in",
        "vain."
      ],
      "header": "**¶ A Song of degrees for Solomon.**",
      "footer": ""
    },
    {
      "book_name": "Psalms",
      "chapter": 127,
      "verse": 2,
      "text": [
        "*It",
        "*is",
        "vain",
        "for",
        "you",
        "to",
        "rise",
        "up",
        "early,",
        "to",
        "sit",
        "up",
        "late,",
        "to",
        "eat",
        "the",
        "bread",
        "of",
        "sorrows:",
        "*for",
        "so",
        "he",
        "giveth",
        "his",
        "beloved",
        "sleep."
      ],
      "header": "",
      "footer": ""
    },
    {
      "book_name": "Psalms",
      "chapter": 127,
      "verse": 3,
      "text": [
        "Lo,",
        "children",
        "*are",
        "an",
        "heritage",
        "of",
        "the",
        "Lᴏʀᴅ:",
        "*and",
        "the",
        "fruit",
        "of",
        "the",
        "womb",
        "*is",
        "*his",
        "reward."
      ],
      "header": "",
      "footer": ""
    },
    {
      "book_name": "Psalms",
      "chapter": 127,
      "verse": 4,
      "text": [
        "As",
        "arrows",
        "*are",
        "in",
        "the",
        "hand",
        "of",
        "a",
        "mighty",
        "man;",
        "so",
        "*are",
        "children",
        "of",
        "the",
        "youth."
      ],
      "header": "",
      "footer": ""
    },
    {
      "book_name": "Psalms",
      "chapter": 127,
      "verse": 5,
      "text": [
        "Happy",
        "*is",
        "the",
        "man",
        "that",
        "hath",
        "his",
        "quiver",
        "full",
        "of",
        "them:",
        "they",
        "shall",
        "not",
        "be",
        "ashamed,",
        "but",
        "they",
        "shall",
        "speak",
        "with",
        "the",
        "enemies",
        "in",
        "the",
        "gate."
      ],
      "header": "",
      "footer": ""
    }
  ]
}