{
  "book_name": "Psalms",
  "chapter": 129,
  "verses": [
    {
      "book_name": "Psalms",
      "chapter": 129,
      "verse": 1,
      "text": [
        "Many",
        "a",
        "time",
        "have",
        "they",
        "afflicted",
        "me",
        "from",
        "my",
        "youth,",
        "may",
        "Israel",
        "now",
        "say:"
      ],
      "header": "**¶ A Song of degrees.**",
      "footer": ""
    },
    {
      "book_name": "Psalms",
      "chapter": 129,
      "verse": 2,
      "text": [
        "Many",
        "a",
        "time",
        "have",
        "they",
        "afflicted",
        "me",
        "from",
        "my",
        "youth:",
        "yet",
        "they",
        "have",
        "not",
        "prevailed",
        "against",
        "me."
      ],
      "header": "",
      "footer": ""
    },
    {
      "book_name": "Psalms",
      "chapter": 129,
      "verse": 3,
      "text": [
        "The",
        "plowers",
        "plowed",
        "upon",
        "my",
        "back:",
        "they",
        "made",
        "long",
        "their",
        "furrows."
      ],
      "header": "",
      "footer": ""
    },
    {
      "book_name": "Psalms",
      "chapter": 129,
      "verse": 4,
      "text": [
        "The",
        "Lᴏʀᴅ",
        "*is",
        "righteous:",
        "he",
        "hath",
        "cut",
        "asunder",
        "the",
        "cords",
        "of",
        "the",
        "wicked."
      ],
      "header": "",
      "footer": ""
    },
    {
      "book_name": "Psalms",
      "chapter": 129,
      "verse": 5,
      "text": [
        "Let",
        "them",
        "all",
        "be",
        "confounded",
        "and",
        "turned",
        "back",
        "that",
        "hate",
        "Zion."
      ],
      "header": "",
      "footer": ""
    },
    {
      "book_name": "Psalms",
      "chapter": 129,
      "verse": 6,
      "text": [
        "Let",
        "them",
        "be",
        "as",
        "the",
        "grass",
        "*upon",
        "the",
        "housetops,",
        "which",
        "withereth",
        "afore",
        "it",
        "groweth",
        "up:"
      ],
      "header": "",
      "footer": ""
    },
    {
      "book_name": "Psalms",
      "chapter": 129,
      "verse": 7,
      "text": [
        "Wherewith",
        "the",
        "mower",
        "filleth",
        "not",
        "his",
        "hand;",
        "nor",
        "he",
        "that",
        "bindeth",
        "sheaves",
        "his",
        "bosom."
      ],
      "header": "",
      "footer": ""
    },
    {
      "book_name": "Psalms",
      "chapter": 129,
      "verse": 8,
      "text": [
        "Neither",
        "do",
        "they",
        "which",
        "go",
        "by",
        "say,",
        "The",
        "blessing",
        "of",
        "the",
        "Lᴏʀᴅ",
        "*be",
        "upon",
        "you:",
        "we",
        "bless",
        "you",
        "in",
        "the",
        "name",
        "of",
        "the",
        "Lᴏʀᴅ."
      ],
      "header": "",
      "footer": ""
    }
  ]
}