{
  "book_name": "Psalms",
  "chapter": 132,
  "verses": [
    {
      "book_name": "Psalms",
      "chapter": 132,
      "verse": 1,
      "text": [
        "Lᴏʀᴅ,",
        "remember",
        "David,",
        "*and",
        "all",
        "his",
        "afflictions:"
      ],
      "header": "**¶ A Song of degrees.**",
      "footer": ""
    },
    {
      "book_name": "Psalms",
      "chapter": 132,
      "verse": 2,
      "text": [
        "How",
        "he",
        "sware",
        "unto",
        "the",
        "Lᴏʀᴅ,",
        "*and",
        "vowed",
        "unto",
        "the",
        "mighty",
        "*God",
        "of",
        "Jacob;"
      ],
      "header": "",
      "footer": ""
    },
    {
      "book_name": "Psalms",
      "chapter": 132,
      "verse": 3,
      "text": [
        "Surely",
        "I",
        "will",
        "not",
        "come",
        "into",
        "the",
        "tabernacle",
        "of",
        "my",
        "house,",
        "nor",
        "go",
        "up",
        "into",
        "my",
        "bed;"
      ],
      "header": "",
      "footer": ""
    },
    {
      "book_name": "Psalms",
      "chapter": 132,
      "verse": 4,
      "text": [
        "I",
        "will",
        "not",
        "give",
        "sleep",
        "to",
        "mine",
        "eyes,",
        "*or",
        "slumber",
        "to",
        "mine",
        "eyelids,"
      ],
      "header": "",
      "footer": ""
    },
    {
      "book_name": "Psalms",
      "chapter": 132,
      "verse": 5,
      "text": [
        "Until",
        "I",
        "find",
        "out",
        "a",
        "place",
        "for",
        "the",
        "Lᴏʀᴅ,",
        "an",
        "habitation",
        "for",
        "the",
        "mighty",
        "*God",
        "of",
        "Jacob."
      ],
      "header": "",
      "footer": ""
    },
    {
      "book_name": "Psalms",
      "chapter": 132,
      "verse": 6,
      "text": [
        "Lo,",
        "we",
        "heard",
        "of",
        "it",
        "at",
        "Ephratah:",
        "we",
        "found",
        "it",
        "in",
        "the",
        "fields",
        "of",
        "the",
        "wood."
      ],
      "header": "",
      "footer": ""
    },
    {
      "book_name": "Psalms",
      "chapter": 132,
      "verse": 7,
      "text": [
        "We",
        "will",
        "go",
        "into",
        "his",
        "tabernacles:",
        "we",
        "will",
        "worship",
        "at",
        "his",
        "footstool."
      ],
      "header": "",
      "footer": ""
    },
    {
      "book_name": "Psalms",
      "chapter": 132,
      "verse": 8,
      "text": [
        "Arise,",
        "O",
        "Lᴏʀᴅ,",
        "into",
        "thy",
        "rest;",
        "thou,",
        "and",
        "the",
        "ark",
        "of",
        "thy",
        "strength."
      ],
      "header": "",
      "footer": ""
    },
    {
      "book_name": "Psalms",
      "chapter": 132,
      "verse": 9,
      "text": [
        "Let",
        "thy",
        "priests",
        "be",
        "clothed",
        "with",
        "righteousness;",
        "and",
        "let",
        "thy",
        "saints",
        "shout",
        "for",
        "joy."
      ],
      "header": "",
      "footer": ""
    },
    {
      "book_name": "Psalms",
      "chapter": 132,
      "verse": 10,
      "text": [
        "For",
        "thy",
        "servant",
        "David's",
        "sake",
        "turn",
        "not",
        "away",
        "the",
        "face",
        "of",
        "thine",
        "anointed."
      ],
      "header": "",
      "footer": ""
    },
    {
      "book_name": "Psalms",
      "chapter": 132,
      "verse": 11,
      "text": [
        "The",
        "Lᴏʀᴅ",
        "hath",
        "sworn",
        "*in",
        "truth",
        "unto",
        "David;",
        "he",
        "will",
        "not",
        "turn",
        "from",
        "it;",
        "Of",
        "the",
        "fruit",
        "of",
        "thy",
        "body",
        "will",
        "I",
        "set",
        "upon",
        "thy",
        "throne."
      ],
      "header": "",
      "footer": ""
    },
    {
      "book_name": "Psalms",
      "chapter": 132,
      "verse": 12,
      "text": [
        "If",
        "thy",
        "children",
        "will",
        "keep",
        "my",
        "covenant",
        "and",
        "my",
        "testimony",
        "that",
        "I",
        "shall",
        "teach",
        "them,",
        "their",
        "children",
        "shall",
        "also",
        "sit",
        "upon",
        "thy",
        "throne",
        "for",
        "evermore."
      ],
      "header": "",
      "footer": ""
    },
    {
      "book_name": "Psalms",
      "chapter": 132,
      "verse": 13,
      "text": [
        "For",
        "the",
        "Lᴏʀᴅ",
        "hath",
        "chosen",
        "Zion;",
        "he",
        "hath",
        "desired",
        "*it",
        "for",
        "his",
        "habitation."
      ],
      "header": "",
      "footer": ""
    },
    {
      "book_name": "Psalms",
      "chapter": 132,
      "verse": 14,
      "text": [
        "This",
        "*is",
        "my",
        "rest",
        "for",
        "ever:",
        "here",
        "will",
        "I",
        "dwell;",
        "for",
        "I",
        "have",
        "desired",
        "it."
      ],
      "header": "",
      "footer": ""
    },
    {
      "book_name": "Psalms",
      "chapter": 132,
      "verse": 15,
      "text": [
        "I",
        "will",
        "abundantly",
        "bless",
        "her",
        "provision:",
        "I",
        "will",
        "satisfy",
        "her",
        "poor",
        "with",
        "bread."
      ],
      "header": "",
      "footer": ""
    },
    {
      "book_name": "Psalms",
      "chapter": 132,
      "verse": 16,
      "text": [
        "I",
        "will",
        "also",
        "clothe",
        "her",
        "priests",
        "with",
        "salvation:",
        "and",
        "her",
        "saints",
        "shall",
        "shout",
        "aloud",
        "for",
        "joy."
      ],
      "header": "",
      "footer": ""
    },
    {
      "book_name": "Psalms",
      "chapter": 132,
      "verse": 17,
      "text": [
        "There",
        "will",
        "I",
        "make",
        "the",
        "horn",
        "of",
        "David",
        "to",
        "bud:",
        "I",
        "have",
        "ordained",
        "a",
        "lamp",
        "for",
        "mine",
        "anointed."
      ],
      "header": "",
      "footer": ""
    },
    {
      "book_name": "Psalms",
      "chapter": 132,
      "verse": 18,
      "text": [
        "His",
        "enemies",
        "will",
        "I",
        "clothe",
        "with",
        "shame:",
        "but",
        "upon",
        "himself",
        "shall",
        "his",
        "crown",
        "flourish."
      ],
      "header": "",
      "footer": ""
    }
  ]
}