{
  "book_name": "Psalms",
  "chapter": 134,
  "verses": [
    {
      "book_name": "Psalms",
      "chapter": 134,
      "verse": 1,
      "text": [
        "Behold,",
        "bless",
        "ye",
        "the",
        "Lᴏʀᴅ,",
        "all",
        "*ye",
        "servants",
        "of",
        "the",
        "Lᴏʀᴅ,",
        "which",
        "by",
        "night",
        "stand",
        "in",
        "the",
        "house",
        "of",
        "the",
        "Lᴏʀᴅ."
      ],
      "header": "**¶ A Song of degrees.**",
      "footer": ""
    },
    {
      "book_name": "Psalms",
      "chapter": 134,
      "verse": 2,
      "text": [
        "Lift",
        "up",
        "your",
        "hands",
        "*in",
        "the",
        "sanctuary,",
        "and",
        "bless",
        "the",
        "Lᴏʀᴅ."
      ],
      "header": "",
      "footer": ""
    },
    {
      "book_name": "Psalms",
      "chapter": 134,
      "verse": 3,
      "text": [
        "The",
        "Lᴏʀᴅ",
        "that",
        "made",
        "heaven",
        "and",
        "earth",
        "bless",
        "thee",
        "out",
        "of",
        "Zion."
      ],
      "header": "",
      "footer": ""
    }
  ]
}