{
  "book_name": "Psalms",
  "chapter": 140,
  "verses": [
    {
      "book_name": "Psalms",
      "chapter": 140,
      "verse": 1,
      "text": [
        "Deliver",
        "me,",
        "O",
        "Lᴏʀᴅ,",
        "from",
        "the",
        "evil",
        "man:",
        "preserve",
        "me",
        "from",
        "the",
        "violent",
        "man;"
      ],
      "header": "**¶ To the chief Musician, A Psalm of David.**",
      "footer": ""
    },
    {
      "book_name": "Psalms",
      "chapter": 140,
      "verse": 2,
      "text": [
        "Which",
        "imagine",
        "mischiefs",
        "in",
        "*their",
        "heart;",
        "continually",
        "are",
        "they",
        "gathered",
        "together",
        "*for",
        "war."
      ],
      "header": "",
      "footer": ""
    },
    {
      "book_name": "Psalms",
      "chapter": 140,
      "verse": 3,
      "text": [
        "They",
        "have",
        "sharpened",
        "their",
        "tongues",
        "like",
        "a",
        "serpent;",
        "adders'",
        "poison",
        "*is",
        "under",
        "their",
        "lips.",
        "Selah."
      ],
      "header": "",
      "footer": ""
    },
    {
      "book_name": "Psalms",
      "chapter": 140,
      "verse": 4,
      "text": [
        "Keep",
        "me,",
        "O",
        "Lᴏʀᴅ,",
        "from",
        "the",
        "hands",
        "of",
        "the",
        "wicked;",
        "preserve",
        "me",
        "from",
        "the",
        "violent",
        "man;",
        "who",
        "have",
        "purposed",
        "to",
        "overthrow",
        "my",
        "goings."
      ],
      "header": "",
      "footer": ""
    },
    {
      "book_name": "Psalms",
      "chapter": 140,
      "verse": 5,
      "text": [
        "The",
        "proud",
        "have",
        "hid",
        "a",
        "snare",
        "for",
        "me,",
        "and",
        "cords;",
        "they",
        "have",
        "spread",
        "a",
        "net",
        "by",
        "the",
        "wayside;",
        "they",
        "have",
        "set",
        "gins",
        "for",
        "me.",
        "Selah."
      ],
      "header": "",
      "footer": ""
    },
    {
      "book_name": "Psalms",
      "chapter": 140,
      "verse": 6,
      "text": [
        "I",
        "said",
        "unto",
        "the",
        "Lᴏʀᴅ,",
        "Thou",
        "*art",
        "my",
        "God:",
        "hear",
        "the",
        "voice",
        "of",
        "my",
        "supplications,",
        "O",
        "Lᴏʀᴅ."
      ],
      "header": "",
      "footer": ""
    },
    {
      "book_name": "Psalms",
      "chapter": 140,
      "verse": 7,
      "text": [
        "O",
        "Gᴏᴅ",
        "the",
        "Lord,",
        "the",
        "strength",
        "of",
        "my",
        "salvation,",
        "thou",
        "hast",
        "covered",
        "my",
        "head",
        "in",
        "the",
        "day",
        "of",
        "battle."
      ],
      "header": "",
      "footer": ""
    },
    {
      "book_name": "Psalms",
      "chapter": 140,
      "verse": 8,
      "text": [
        "Grant",
        "not,",
        "O",
        "Lᴏʀᴅ,",
        "the",
        "desires",
        "of",
        "the",
        "wicked:",
        "further",
        "not",
        "his",
        "wicked",
        "device;",
        "*lest",
        "they",
        "exalt",
        "themselves.",
        "Selah."
      ],
      "header": "",
      "footer": ""
    },
    {
      "book_name": "Psalms",
      "chapter": 140,
      "verse": 9,
      "text": [
        "*As",
        "*for",
        "the",
        "head",
        "of",
        "those",
        "that",
        "compass",
        "me",
        "about,",
        "let",
        "the",
        "mischief",
        "of",
        "their",
        "own",
        "lips",
        "cover",
        "them."
      ],
      "header": "",
      "footer": ""
    },
    {
      "book_name": "Psalms",
      "chapter": 140,
      "verse": 10,
      "text": [
        "Let",
        "burning",
        "coals",
        "fall",
        "upon",
        "them:",
        "let",
        "them",
        "be",
        "cast",
        "into",
        "the",
        "fire;",
        "into",
        "deep",
        "pits,",
        "that",
        "they",
        "rise",
        "not",
        "up",
        "again."
      ],
      "header": "",
      "footer": ""
    },
    {
      "book_name": "Psalms",
      "chapter": 140,
      "verse": 11,
      "text": [
        "Let",
        "not",
        "an",
        "evil",
        "speaker",
        "be",
        "established",
        "in",
        "the",
        "earth:",
        "evil",
        "shall",
        "hunt",
        "the",
        "violent",
        "man",
        "to",
        "overthrow",
        "*him."
      ],
      "header": "",
      "footer": ""
    },
    {
      "book_name": "Psalms",
      "chapter": 140,
      "verse": 12,
      "text": [
        "I",
        "know",
        "that",
        "the",
        "Lᴏʀᴅ",
        "will",
        "maintain",
        "the",
        "cause",
        "of",
        "the",
        "afflicted,",
        "*and",
        "the",
        "right",
        "of",
        "the",
        "poor."
      ],
      "header": "",
      "footer": ""
    },
    {
      "book_name": "Psalms",
      "chapter": 140,
      "verse": 13,
      "text": [
        "Surely",
        "the",
        "righteous",
        "shall",
        "give",
        "thanks",
        "unto",
        "thy",
        "name:",
        "the",
        "upright",
        "shall",
        "dwell",
        "in",
        "thy",
        "presence."
      ],
      "header": "",
      "footer": ""
    }
  ]
}