{
  "book_name": "Psalms",
  "chapter": 141,
  "verses": [
    {
      "book_name": "Psalms",
      "chapter": 141,
      "verse": 1,
      "text": [
        "Lᴏʀᴅ,",
        "I",
        "cry",
        "unto",
        "thee:",
        "make",
        "haste",
        "unto",
        "me;",
        "give",
        "ear",
        "unto",
        "my",
        "voice,",
        "when",
        "I",
        "cry",
        "unto",
        "thee."
      ],
      "header": "**¶ A Psalm of David.**",
      "footer": ""
    },
    {
      "book_name": "Psalms",
      "chapter": 141,
      "verse": 2,
      "text": [
        "Let",
        "my",
        "prayer",
        "be",
        "set",
        "forth",
        "before",
        "thee",
        "*as",
        "incense;",
        "*and",
        "the",
        "lifting",
        "up",
        "of",
        "my",
        "hands",
        "*as",
        "the",
        "evening",
        "sacrifice."
      ],
      "header": "",
      "footer": ""
    },
    {
      "book_name": "Psalms",
      "chapter": 141,
      "verse": 3,
      "text": [
        "Set",
        "a",
        "watch,",
        "O",
        "Lᴏʀᴅ,",
        "before",
        "my",
        "mouth;",
        "keep",
        "the",
        "door",
        "of",
        "my",
        "lips."
      ],
      "header": "",
      "footer": ""
    },
    {
      "book_name": "Psalms",
      "chapter": 141,
      "verse": 4,
      "text": [
        "Incline",
        "not",
        "my",
        "heart",
        "to",
        "*any",
        "evil",
        "thing,",
        "to",
        "practise",
        "wicked",
        "works",
        "with",
        "men",
        "that",
        "work",
        "iniquity:",
        "and",
        "let",
        "me",
        "not",
        "eat",
        "of",
        "their",
        "dainties."
      ],
      "header": "",
      "footer": ""
    },
    {
      "book_name": "Psalms",
      "chapter": 141,
      "verse": 5,
      "text": [
        "Let",
        "the",
        "righteous",
        "smite",
        "me;",
        "*it",
        "*shall",
        "*be",
        "a",
        "kindness:",
        "and",
        "let",
        "him",
        "reprove",
        "me;",
        "*it",
        "*shall",
        "*be",
        "an",
        "excellent",
        "oil,",
        "*which",
        "shall",
        "not",
        "break",
        "my",
        "head:",
        "for",
        "yet",
        "my",
        "prayer",
        "also",
        "*shall",
        "*be",
        "in",
        "their",
        "calamities."
      ],
      "header": "",
      "footer": ""
    },
    {
      "book_name": "Psalms",
      "chapter": 141,
      "verse": 6,
      "text": [
        "When",
        "their",
        "judges",
        "are",
        "overthrown",
        "in",
        "stony",
        "places,",
        "they",
        "shall",
        "hear",
        "my",
        "words;",
        "for",
        "they",
        "are",
        "sweet."
      ],
      "header": "",
      "footer": ""
    },
    {
      "book_name": "Psalms",
      "chapter": 141,
      "verse": 7,
      "text": [
        "Our",
        "bones",
        "are",
        "scattered",
        "at",
        "the",
        "grave's",
        "mouth,",
        "as",
        "when",
        "one",
        "cutteth",
        "and",
        "cleaveth",
        "*wood",
        "upon",
        "the",
        "earth."
      ],
      "header": "",
      "footer": ""
    },
    {
      "book_name": "Psalms",
      "chapter": 141,
      "verse": 8,
      "text": [
        "But",
        "mine",
        "eyes",
        "*are",
        "unto",
        "thee,",
        "O",
        "Gᴏᴅ",
        "the",
        "Lord:",
        "in",
        "thee",
        "is",
        "my",
        "trust;",
        "leave",
        "not",
        "my",
        "soul",
        "destitute."
      ],
      "header": "",
      "footer": ""
    },
    {
      "book_name": "Psalms",
      "chapter": 141,
      "verse": 9,
      "text": [
        "Keep",
        "me",
        "from",
        "the",
        "snares",
        "*which",
        "they",
        "have",
        "laid",
        "for",
        "me,",
        "and",
        "the",
        "gins",
        "of",
        "the",
        "workers",
        "of",
        "iniquity."
      ],
      "header": "",
      "footer": ""
    },
    {
      "book_name": "Psalms",
      "chapter": 141,
      "verse": 10,
      "text": [
        "Let",
        "the",
        "wicked",
        "fall",
        "into",
        "their",
        "own",
        "nets,",
        "whilst",
        "that",
        "I",
        "withal",
        "escape."
      ],
      "header": "",
      "footer": ""
    }
  ]
}