{
  "book_name": "Psalms",
  "chapter": 146,
  "verses": [
    {
      "book_name": "Psalms",
      "chapter": 146,
      "verse": 1,
      "text": [
        "Praise",
        "ye",
        "the",
        "Lᴏʀᴅ.",
        "Praise",
        "the",
        "Lᴏʀᴅ,",
        "O",
        "my",
        "soul."
      ],
      "header": "",
      "footer": ""
    },
    {
      "book_name": "Psalms",
      "chapter": 146,
      "verse": 2,
      "text": [
        "While",
        "I",
        "live",
        "will",
        "I",
        "praise",
        "the",
        "Lᴏʀᴅ:",
        "I",
        "will",
        "sing",
        "praises",
        "unto",
        "my",
        "God",
        "while",
        "I",
        "have",
        "any",
        "being."
      ],
      "header": "",
      "footer": ""
    },
    {
      "book_name": "Psalms",
      "chapter": 146,
      "verse": 3,
      "text": [
        "Put",
        "not",
        "your",
        "trust",
        "in",
        "princes,",
        "*nor",
        "in",
        "the",
        "son",
        "of",
        "man,",
        "in",
        "whom",
        "*there",
        "*is",
        "no",
        "help."
      ],
      "header": "",
      "footer": ""
    },
    {
      "book_name": "Psalms",
      "chapter": 146,
      "verse": 4,
      "text": [
        "His",
        "breath",
        "goeth",
        "forth,",
        "he",
        "returneth",
        "to",
        "his",
        "earth;",
        "in",
        "that",
        "very",
        "day",
        "his",
        "thoughts",
        "perish."
      ],
      "header": "",
      "footer": ""
    },
    {
      "book_name": "Psalms",
      "chapter": 146,
      "verse": 5,
      "text": [
        "Happy",
        "*is",
        "*he",
        "that",
        "*hath",
        "the",
        "God",
        "of",
        "Jacob",
        "for",
        "his",
        "help,",
        "whose",
        "hope",
        "*is",
        "in",
        "the",
        "Lᴏʀᴅ",
        "his",
        "God:"
      ],
      "header": "",
      "footer": ""
    },
    {
      "book_name": "Psalms",
      "chapter": 146,
      "verse": 6,
      "text": [
        "Which",
        "made",
        "heaven,",
        "and",
        "earth,",
        "the",
        "sea,",
        "and",
        "all",
        "that",
        "therein",
        "*is:",
        "which",
        "keepeth",
        "truth",
        "for",
        "ever:"
      ],
      "header": "",
      "footer": ""
    },
    {
      "book_name": "Psalms",
      "chapter": 146,
      "verse": 7,
      "text": [
        "Which",
        "executeth",
        "judgment",
        "for",
        "the",
        "oppressed:",
        "which",
        "giveth",
        "food",
        "to",
        "the",
        "hungry.",
        "The",
        "Lᴏʀᴅ",
        "looseth",
        "the",
        "prisoners:"
      ],
      "header": "",
      "footer": ""
    },
    {
      "book_name": "Psalms",
      "chapter": 146,
      "verse": 8,
      "text": [
        "The",
        "Lᴏʀᴅ",
        "openeth",
        "*the",
        "*eyes",
        "*of",
        "the",
        "blind:",
        "the",
        "Lᴏʀᴅ",
        "raiseth",
        "them",
        "that",
        "are",
        "bowed",
        "down:",
        "the",
        "Lᴏʀᴅ",
        "loveth",
        "the",
        "righteous:"
      ],
      "header": "",
      "footer": ""
    },
    {
      "book_name": "Psalms",
      "chapter": 146,
      "verse": 9,
      "text": [
        "The",
        "Lᴏʀᴅ",
        "preserveth",
        "the",
        "strangers;",
        "he",
        "relieveth",
        "the",
        "fatherless",
        "and",
        "widow:",
        "but",
        "the",
        "way",
        "of",
        "the",
        "wicked",
        "he",
        "turneth",
        "upside",
        "down."
      ],
      "header": "",
      "footer": ""
    },
    {
      "book_name": "Psalms",
      "chapter": 146,
      "verse": 10,
      "text": [
        "The",
        "Lᴏʀᴅ",
        "shall",
        "reign",
        "for",
        "ever,",
        "*even",
        "thy",
        "God,",
        "O",
        "Zion,",
        "unto",
        "all",
        "generations.",
        "Praise",
        "ye",
        "the",
        "Lᴏʀᴅ."
      ],
      "header": "",
      "footer": ""
    }
  ]
}