{
  "book_name": "Psalms",
  "chapter": 150,
  "verses": [
    {
      "book_name": "Psalms",
      "chapter": 150,
      "verse": 1,
      "text": [
        "Praise",
        "ye",
        "the",
        "Lᴏʀᴅ.",
        "Praise",
        "God",
        "in",
        "his",
        "sanctuary:",
        "praise",
        "him",
        "in",
        "the",
        "firmament",
        "of",
        "his",
        "power."
      ],
      "header": "",
      "footer": ""
    },
    {
      "book_name": "Psalms",
      "chapter": 150,
      "verse": 2,
      "text": [
        "Praise",
        "him",
        "for",
        "his",
        "mighty",
        "acts:",
        "praise",
        "him",
        "according",
        "to",
        "his",
        "excellent",
        "greatness."
      ],
      "header": "",
      "footer": ""
    },
    {
      "book_name": "Psalms",
      "chapter": 150,
      "verse": 3,
      "text": [
        "Praise",
        "him",
        "with",
        "the",
        "sound",
        "of",
        "the",
        "trumpet:",
        "praise",
        "him",
        "with",
        "the",
        "psaltery",
        "and",
        "harp."
      ],
      "header": "",
      "footer": ""
    },
    {
      "book_name": "Psalms",
      "chapter": 150,
      "verse": 4,
      "text": [
        "Praise",
        "him",
        "with",
        "the",
        "timbrel",
        "and",
        "dance:",
        "praise",
        "him",
        "with",
        "stringed",
        "instruments",
        "and",
        "organs."
      ],
      "header": "",
      "footer": ""
    },
    {
      "book_name": "Psalms",
      "chapter": 150,
      "verse": 5,
      "text": [
        "Praise",
        "him",
        "upon",
        "the",
        "loud",
        "cymbals:",
        "praise",
        "him",
        "upon",
        "the",
        "high",
        "sounding",
        "cymbals."
      ],
      "header": "",
      "footer": ""
    },
    {
      "book_name": "Psalms",
      "chapter": 150,
      "verse": 6,
      "text": [
        "Let",
        "every",
        "thing",
        "that",
        "hath",
        "breath",
        "praise",
        "the",
        "Lᴏʀᴅ.",
        "Praise",
        "ye",
        "the",
        "Lᴏʀᴅ."
      ],
      "header": "",
      "footer": ""
    }
  ]
}