{
  "book_name": "Psalms",
  "chapter": 16,
  "verses": [
    {
      "book_name": "Psalms",
      "chapter": 16,
      "verse": 1,
      "text": [
        "Preserve",
        "me,",
        "O",
        "God:",
        "for",
        "in",
        "thee",
        "do",
        "I",
        "put",
        "my",
        "trust."
      ],
      "header": "**¶ Michtam of David.**",
      "footer": ""
    },
    {
      "book_name": "Psalms",
      "chapter": 16,
      "verse": 2,
      "text": [
        "*O",
        "*my",
        "*soul,",
        "thou",
        "hast",
        "said",
        "unto",
        "the",
        "Lᴏʀᴅ,",
        "Thou",
        "*art",
        "my",
        "Lord:",
        "my",
        "goodness",
        "*extendeth",
        "not",
        "to",
        "thee;"
      ],
      "header": "",
      "footer": ""
    },
    {
      "book_name": "Psalms",
      "chapter": 16,
      "verse": 3,
      "text": [
        "*But",
        "to",
        "the",
        "saints",
        "that",
        "*are",
        "in",
        "the",
        "earth,",
        "and",
        "*to",
        "the",
        "excellent,",
        "in",
        "whom",
        "*is",
        "all",
        "my",
        "delight."
      ],
      "header": "",
      "footer": ""
    },
    {
      "book_name": "Psalms",
      "chapter": 16,
      "verse": 4,
      "text": [
        "Their",
        "sorrows",
        "shall",
        "be",
        "multiplied",
        "*that",
        "hasten",
        "*after",
        "another",
        "*god:",
        "their",
        "drink",
        "offerings",
        "of",
        "blood",
        "will",
        "I",
        "not",
        "offer,",
        "nor",
        "take",
        "up",
        "their",
        "names",
        "into",
        "my",
        "lips."
      ],
      "header": "",
      "footer": ""
    },
    {
      "book_name": "Psalms",
      "chapter": 16,
      "verse": 5,
      "text": [
        "The",
        "Lᴏʀᴅ",
        "*is",
        "the",
        "portion",
        "of",
        "mine",
        "inheritance",
        "and",
        "of",
        "my",
        "cup:",
        "thou",
        "maintainest",
        "my",
        "lot."
      ],
      "header": "",
      "footer": ""
    },
    {
      "book_name": "Psalms",
      "chapter": 16,
      "verse": 6,
      "text": [
        "The",
        "lines",
        "are",
        "fallen",
        "unto",
        "me",
        "in",
        "pleasant",
        "*places;",
        "yea,",
        "I",
        "have",
        "a",
        "goodly",
        "heritage."
      ],
      "header": "",
      "footer": ""
    },
    {
      "book_name": "Psalms",
      "chapter": 16,
      "verse": 7,
      "text": [
        "I",
        "will",
        "bless",
        "the",
        "Lᴏʀᴅ,",
        "who",
        "hath",
        "given",
        "me",
        "counsel:",
        "my",
        "reins",
        "also",
        "instruct",
        "me",
        "in",
        "the",
        "night",
        "seasons."
      ],
      "header": "",
      "footer": ""
    },
    {
      "book_name": "Psalms",
      "chapter": 16,
      "verse": 8,
      "text": [
        "I",
        "have",
        "set",
        "the",
        "Lᴏʀᴅ",
        "always",
        "before",
        "me:",
        "because",
        "*he",
        "*is",
        "at",
        "my",
        "right",
        "hand,",
        "I",
        "shall",
        "not",
        "be",
        "moved."
      ],
      "header": "",
      "footer": ""
    },
    {
      "book_name": "Psalms",
      "chapter": 16,
      "verse": 9,
      "text": [
        "Therefore",
        "my",
        "heart",
        "is",
        "glad,",
        "and",
        "my",
        "glory",
        "rejoiceth:",
        "my",
        "flesh",
        "also",
        "shall",
        "rest",
        "in",
        "hope."
      ],
      "header": "",
      "footer": ""
    },
    {
      "book_name": "Psalms",
      "chapter": 16,
      "verse": 10,
      "text": [
        "For",
        "thou",
        "wilt",
        "not",
        "leave",
        "my",
        "soul",
        "in",
        "hell;",
        "neither",
        "wilt",
        "thou",
        "suffer",
        "thine",
        "Holy",
        "One",
        "to",
        "see",
        "corruption."
      ],
      "header": "",
      "footer": ""
    },
    {
      "book_name": "Psalms",
      "chapter": 16,
      "verse": 11,
      "text": [
        "Thou",
        "wilt",
        "shew",
        "me",
        "the",
        "path",
        "of",
        "life:",
        "in",
        "thy",
        "presence",
        "*is",
        "fulness",
        "of",
        "joy;",
        "at",
        "thy",
        "right",
        "hand",
        "*there",
        "*are",
        "pleasures",
        "for",
        "evermore."
      ],
      "header": "",
      "footer": ""
    }
  ]
}