{
  "book_name": "Psalms",
  "chapter": 17,
  "verses": [
    {
      "book_name": "Psalms",
      "chapter": 17,
      "verse": 1,
      "text": [
        "Hear",
        "the",
        "right,",
        "O",
        "Lᴏʀᴅ,",
        "attend",
        "unto",
        "my",
        "cry,",
        "give",
        "ear",
        "unto",
        "my",
        "prayer,",
        "*that",
        "*goeth",
        "not",
        "out",
        "of",
        "feigned",
        "lips."
      ],
      "header": "**¶ A Prayer of David.**",
      "footer": ""
    },
    {
      "book_name": "Psalms",
      "chapter": 17,
      "verse": 2,
      "text": [
        "Let",
        "my",
        "sentence",
        "come",
        "forth",
        "from",
        "thy",
        "presence;",
        "let",
        "thine",
        "eyes",
        "behold",
        "the",
        "things",
        "that",
        "are",
        "equal."
      ],
      "header": "",
      "footer": ""
    },
    {
      "book_name": "Psalms",
      "chapter": 17,
      "verse": 3,
      "text": [
        "Thou",
        "hast",
        "proved",
        "mine",
        "heart;",
        "thou",
        "hast",
        "visited",
        "*me",
        "in",
        "the",
        "night;",
        "thou",
        "hast",
        "tried",
        "me,",
        "*and",
        "shalt",
        "find",
        "nothing;",
        "I",
        "am",
        "purposed",
        "*that",
        "my",
        "mouth",
        "shall",
        "not",
        "transgress."
      ],
      "header": "",
      "footer": ""
    },
    {
      "book_name": "Psalms",
      "chapter": 17,
      "verse": 4,
      "text": [
        "Concerning",
        "the",
        "works",
        "of",
        "men,",
        "by",
        "the",
        "word",
        "of",
        "thy",
        "lips",
        "I",
        "have",
        "kept",
        "*me",
        "*from",
        "the",
        "paths",
        "of",
        "the",
        "destroyer."
      ],
      "header": "",
      "footer": ""
    },
    {
      "book_name": "Psalms",
      "chapter": 17,
      "verse": 5,
      "text": [
        "Hold",
        "up",
        "my",
        "goings",
        "in",
        "thy",
        "paths,",
        "*that",
        "my",
        "footsteps",
        "slip",
        "not."
      ],
      "header": "",
      "footer": ""
    },
    {
      "book_name": "Psalms",
      "chapter": 17,
      "verse": 6,
      "text": [
        "I",
        "have",
        "called",
        "upon",
        "thee,",
        "for",
        "thou",
        "wilt",
        "hear",
        "me,",
        "O",
        "God:",
        "incline",
        "thine",
        "ear",
        "unto",
        "me,",
        "*and",
        "*hear",
        "my",
        "speech."
      ],
      "header": "",
      "footer": ""
    },
    {
      "book_name": "Psalms",
      "chapter": 17,
      "verse": 7,
      "text": [
        "Shew",
        "thy",
        "marvellous",
        "lovingkindness,",
        "O",
        "thou",
        "that",
        "savest",
        "by",
        "thy",
        "right",
        "hand",
        "them",
        "which",
        "put",
        "their",
        "trust",
        "*in",
        "*thee",
        "from",
        "those",
        "that",
        "rise",
        "up",
        "*against",
        "*them."
      ],
      "header": "",
      "footer": ""
    },
    {
      "book_name": "Psalms",
      "chapter": 17,
      "verse": 8,
      "text": [
        "Keep",
        "me",
        "as",
        "the",
        "apple",
        "of",
        "the",
        "eye,",
        "hide",
        "me",
        "under",
        "the",
        "shadow",
        "of",
        "thy",
        "wings,"
      ],
      "header": "",
      "footer": ""
    },
    {
      "book_name": "Psalms",
      "chapter": 17,
      "verse": 9,
      "text": [
        "From",
        "the",
        "wicked",
        "that",
        "oppress",
        "me,",
        "*from",
        "my",
        "deadly",
        "enemies,",
        "*who",
        "compass",
        "me",
        "about."
      ],
      "header": "",
      "footer": ""
    },
    {
      "book_name": "Psalms",
      "chapter": 17,
      "verse": 10,
      "text": [
        "They",
        "are",
        "inclosed",
        "in",
        "their",
        "own",
        "fat:",
        "with",
        "their",
        "mouth",
        "they",
        "speak",
        "proudly."
      ],
      "header": "",
      "footer": ""
    },
    {
      "book_name": "Psalms",
      "chapter": 17,
      "verse": 11,
      "text": [
        "They",
        "have",
        "now",
        "compassed",
        "us",
        "in",
        "our",
        "steps:",
        "they",
        "have",
        "set",
        "their",
        "eyes",
        "bowing",
        "down",
        "to",
        "the",
        "earth;"
      ],
      "header": "",
      "footer": ""
    },
    {
      "book_name": "Psalms",
      "chapter": 17,
      "verse": 12,
      "text": [
        "Like",
        "as",
        "a",
        "lion",
        "*that",
        "is",
        "greedy",
        "of",
        "his",
        "prey,",
        "and",
        "as",
        "it",
        "were",
        "a",
        "young",
        "lion",
        "lurking",
        "in",
        "secret",
        "places."
      ],
      "header": "",
      "footer": ""
    },
    {
      "book_name": "Psalms",
      "chapter": 17,
      "verse": 13,
      "text": [
        "Arise,",
        "O",
        "Lᴏʀᴅ,",
        "disappoint",
        "him,",
        "cast",
        "him",
        "down:",
        "deliver",
        "my",
        "soul",
        "from",
        "the",
        "wicked,",
        "*which",
        "*is",
        "thy",
        "sword:"
      ],
      "header": "",
      "footer": ""
    },
    {
      "book_name": "Psalms",
      "chapter": 17,
      "verse": 14,
      "text": [
        "From",
        "men",
        "*which",
        "*are",
        "thy",
        "hand,",
        "O",
        "Lᴏʀᴅ,",
        "from",
        "men",
        "of",
        "the",
        "world,",
        "*which",
        "*have",
        "their",
        "portion",
        "in",
        "*this",
        "life,",
        "and",
        "whose",
        "belly",
        "thou",
        "fillest",
        "with",
        "thy",
        "hid",
        "*treasure:",
        "they",
        "are",
        "full",
        "of",
        "children,",
        "and",
        "leave",
        "the",
        "rest",
        "of",
        "their",
        "*substance",
        "to",
        "their",
        "babes."
      ],
      "header": "",
      "footer": ""
    },
    {
      "book_name": "Psalms",
      "chapter": 17,
      "verse": 15,
      "text": [
        "As",
        "for",
        "me,",
        "I",
        "will",
        "behold",
        "thy",
        "face",
        "in",
        "righteousness:",
        "I",
        "shall",
        "be",
        "satisfied,",
        "when",
        "I",
        "awake,",
        "with",
        "thy",
        "likeness."
      ],
      "header": "",
      "footer": ""
    }
  ]
}