{
  "book_name": "Psalms",
  "chapter": 19,
  "verses": [
    {
      "book_name": "Psalms",
      "chapter": 19,
      "verse": 1,
      "text": [
        "The",
        "heavens",
        "declare",
        "the",
        "glory",
        "of",
        "God;",
        "and",
        "the",
        "firmament",
        "sheweth",
        "his",
        "handywork."
      ],
      "header": "**¶ To the chief Musician, A Psalm of David.**",
      "footer": ""
    },
    {
      "book_name": "Psalms",
      "chapter": 19,
      "verse": 2,
      "text": [
        "Day",
        "unto",
        "day",
        "uttereth",
        "speech,",
        "and",
        "night",
        "unto",
        "night",
        "sheweth",
        "knowledge."
      ],
      "header": "",
      "footer": ""
    },
    {
      "book_name": "Psalms",
      "chapter": 19,
      "verse": 3,
      "text": [
        "*There",
        "*is",
        "no",
        "speech",
        "nor",
        "language,",
        "*where",
        "their",
        "voice",
        "is",
        "not",
        "heard."
      ],
      "header": "",
      "footer": ""
    },
    {
      "book_name": "Psalms",
      "chapter": 19,
      "verse": 4,
      "text": [
        "Their",
        "line",
        "is",
        "gone",
        "out",
        "through",
        "all",
        "the",
        "earth,",
        "and",
        "their",
        "words",
        "to",
        "the",
        "end",
        "of",
        "the",
        "world.",
        "In",
        "them",
        "hath",
        "he",
        "set",
        "a",
        "tabernacle",
        "for",
        "the",
        "sun,"
      ],
      "header": "",
      "footer": ""
    },
    {
      "book_name": "Psalms",
      "chapter": 19,
      "verse": 5,
      "text": [
        "Which",
        "*is",
        "as",
        "a",
        "bridegroom",
        "coming",
        "out",
        "of",
        "his",
        "chamber,",
        "*and",
        "rejoiceth",
        "as",
        "a",
        "strong",
        "man",
        "to",
        "run",
        "a",
        "race."
      ],
      "header": "",
      "footer": ""
    },
    {
      "book_name": "Psalms",
      "chapter": 19,
      "verse": 6,
      "text": [
        "His",
        "going",
        "forth",
        "*is",
        "from",
        "the",
        "end",
        "of",
        "the",
        "heaven,",
        "and",
        "his",
        "circuit",
        "unto",
        "the",
        "ends",
        "of",
        "it:",
        "and",
        "there",
        "is",
        "nothing",
        "hid",
        "from",
        "the",
        "heat",
        "thereof."
      ],
      "header": "",
      "footer": ""
    },
    {
      "book_name": "Psalms",
      "chapter": 19,
      "verse": 7,
      "text": [
        "The",
        "law",
        "of",
        "the",
        "Lᴏʀᴅ",
        "*is",
        "perfect,",
        "converting",
        "the",
        "soul:",
        "the",
        "testimony",
        "of",
        "the",
        "Lᴏʀᴅ",
        "*is",
        "sure,",
        "making",
        "wise",
        "the",
        "simple."
      ],
      "header": "",
      "footer": ""
    },
    {
      "book_name": "Psalms",
      "chapter": 19,
      "verse": 8,
      "text": [
        "The",
        "statutes",
        "of",
        "the",
        "Lᴏʀᴅ",
        "*are",
        "right,",
        "rejoicing",
        "the",
        "heart:",
        "the",
        "commandment",
        "of",
        "the",
        "Lᴏʀᴅ",
        "*is",
        "pure,",
        "enlightening",
        "the",
        "eyes."
      ],
      "header": "",
      "footer": ""
    },
    {
      "book_name": "Psalms",
      "chapter": 19,
      "verse": 9,
      "text": [
        "The",
        "fear",
        "of",
        "the",
        "Lᴏʀᴅ",
        "*is",
        "clean,",
        "enduring",
        "for",
        "ever:",
        "the",
        "judgments",
        "of",
        "the",
        "Lᴏʀᴅ",
        "*are",
        "true",
        "*and",
        "righteous",
        "altogether."
      ],
      "header": "",
      "footer": ""
    },
    {
      "book_name": "Psalms",
      "chapter": 19,
      "verse": 10,
      "text": [
        "More",
        "to",
        "be",
        "desired",
        "*are",
        "*they",
        "than",
        "gold,",
        "yea,",
        "than",
        "much",
        "fine",
        "gold:",
        "sweeter",
        "also",
        "than",
        "honey",
        "and",
        "the",
        "honeycomb."
      ],
      "header": "",
      "footer": ""
    },
    {
      "book_name": "Psalms",
      "chapter": 19,
      "verse": 11,
      "text": [
        "Moreover",
        "by",
        "them",
        "is",
        "thy",
        "servant",
        "warned:",
        "*and",
        "in",
        "keeping",
        "of",
        "them",
        "*there",
        "*is",
        "great",
        "reward."
      ],
      "header": "",
      "footer": ""
    },
    {
      "book_name": "Psalms",
      "chapter": 19,
      "verse": 12,
      "text": [
        "Who",
        "can",
        "understand",
        "*his",
        "errors?",
        "cleanse",
        "thou",
        "me",
        "from",
        "secret",
        "*faults."
      ],
      "header": "",
      "footer": ""
    },
    {
      "book_name": "Psalms",
      "chapter": 19,
      "verse": 13,
      "text": [
        "Keep",
        "back",
        "thy",
        "servant",
        "also",
        "from",
        "presumptuous",
        "*sins;",
        "let",
        "them",
        "not",
        "have",
        "dominion",
        "over",
        "me:",
        "then",
        "shall",
        "I",
        "be",
        "upright,",
        "and",
        "I",
        "shall",
        "be",
        "innocent",
        "from",
        "the",
        "great",
        "transgression."
      ],
      "header": "",
      "footer": ""
    },
    {
      "book_name": "Psalms",
      "chapter": 19,
      "verse": 14,
      "text": [
        "Let",
        "the",
        "words",
        "of",
        "my",
        "mouth,",
        "and",
        "the",
        "meditation",
        "of",
        "my",
        "heart,",
        "be",
        "acceptable",
        "in",
        "thy",
        "sight,",
        "O",
        "Lᴏʀᴅ,",
        "my",
        "strength,",
        "and",
        "my",
        "redeemer."
      ],
      "header": "",
      "footer": ""
    }
  ]
}