{
  "book_name": "Psalms",
  "chapter": 2,
  "verses": [
    {
      "book_name": "Psalms",
      "chapter": 2,
      "verse": 1,
      "text": [
        "Why",
        "do",
        "the",
        "heathen",
        "rage,",
        "and",
        "the",
        "people",
        "imagine",
        "a",
        "vain",
        "thing?"
      ],
      "header": "",
      "footer": ""
    },
    {
      "book_name": "Psalms",
      "chapter": 2,
      "verse": 2,
      "text": [
        "The",
        "kings",
        "of",
        "the",
        "earth",
        "set",
        "themselves,",
        "and",
        "the",
        "rulers",
        "take",
        "counsel",
        "together,",
        "against",
        "the",
        "Lᴏʀᴅ,",
        "and",
        "against",
        "his",
        "anointed,",
        "*saying,"
      ],
      "header": "",
      "footer": ""
    },
    {
      "book_name": "Psalms",
      "chapter": 2,
      "verse": 3,
      "text": [
        "Let",
        "us",
        "break",
        "their",
        "bands",
        "asunder,",
        "and",
        "cast",
        "away",
        "their",
        "cords",
        "from",
        "us."
      ],
      "header": "",
      "footer": ""
    },
    {
      "book_name": "Psalms",
      "chapter": 2,
      "verse": 4,
      "text": [
        "He",
        "that",
        "sitteth",
        "in",
        "the",
        "heavens",
        "shall",
        "laugh:",
        "the",
        "Lord",
        "shall",
        "have",
        "them",
        "in",
        "derision."
      ],
      "header": "",
      "footer": ""
    },
    {
      "book_name": "Psalms",
      "chapter": 2,
      "verse": 5,
      "text": [
        "Then",
        "shall",
        "he",
        "speak",
        "unto",
        "them",
        "in",
        "his",
        "wrath,",
        "and",
        "vex",
        "them",
        "in",
        "his",
        "sore",
        "displeasure."
      ],
      "header": "",
      "footer": ""
    },
    {
      "book_name": "Psalms",
      "chapter": 2,
      "verse": 6,
      "text": [
        "Yet",
        "have",
        "I",
        "set",
        "my",
        "king",
        "upon",
        "my",
        "holy",
        "hill",
        "of",
        "Zion."
      ],
      "header": "",
      "footer": ""
    },
    {
      "book_name": "Psalms",
      "chapter": 2,
      "verse": 7,
      "text": [
        "I",
        "will",
        "declare",
        "the",
        "decree:",
        "the",
        "Lᴏʀᴅ",
        "hath",
        "said",
        "unto",
        "me,",
        "Thou",
        "*art",
        "my",
        "Son;",
        "this",
        "day",
        "have",
        "I",
        "begotten",
        "thee."
      ],
      "header": "",
      "footer": ""
    },
    {
      "book_name": "Psalms",
      "chapter": 2,
      "verse": 8,
      "text": [
        "Ask",
        "of",
        "me,",
        "and",
        "I",
        "shall",
        "give",
        "*thee",
        "the",
        "heathen",
        "*for",
        "thine",
        "inheritance,",
        "and",
        "the",
        "uttermost",
        "parts",
        "of",
        "the",
        "earth",
        "*for",
        "thy",
        "possession."
      ],
      "header": "",
      "footer": ""
    },
    {
      "book_name": "Psalms",
      "chapter": 2,
      "verse": 9,
      "text": [
        "Thou",
        "shalt",
        "break",
        "them",
        "with",
        "a",
        "rod",
        "of",
        "iron;",
        "thou",
        "shalt",
        "dash",
        "them",
        "in",
        "pieces",
        "like",
        "a",
        "potter's",
        "vessel."
      ],
      "header": "",
      "footer": ""
    },
    {
      "book_name": "Psalms",
      "chapter": 2,
      "verse": 10,
      "text": [
        "Be",
        "wise",
        "now",
        "therefore,",
        "O",
        "ye",
        "kings:",
        "be",
        "instructed,",
        "ye",
        "judges",
        "of",
        "the",
        "earth."
      ],
      "header": "",
      "footer": ""
    },
    {
      "book_name": "Psalms",
      "chapter": 2,
      "verse": 11,
      "text": [
        "Serve",
        "the",
        "Lᴏʀᴅ",
        "with",
        "fear,",
        "and",
        "rejoice",
        "with",
        "trembling."
      ],
      "header": "",
      "footer": ""
    },
    {
      "book_name": "Psalms",
      "chapter": 2,
      "verse": 12,
      "text": [
        "Kiss",
        "the",
        "Son,",
        "lest",
        "he",
        "be",
        "angry,",
        "and",
        "ye",
        "perish",
        "*from",
        "the",
        "way,",
        "when",
        "his",
        "wrath",
        "is",
        "kindled",
        "but",
        "a",
        "little.",
        "Blessed",
        "*are",
        "all",
        "they",
        "that",
        "put",
        "their",
        "trust",
        "in",
        "him."
      ],
      "header": "",
      "footer": ""
    }
  ]
}