{
  "book_name": "Psalms",
  "chapter": 20,
  "verses": [
    {
      "book_name": "Psalms",
      "chapter": 20,
      "verse": 1,
      "text": [
        "The",
        "Lᴏʀᴅ",
        "hear",
        "thee",
        "in",
        "the",
        "day",
        "of",
        "trouble;",
        "the",
        "name",
        "of",
        "the",
        "God",
        "of",
        "Jacob",
        "defend",
        "thee;"
      ],
      "header": "**¶ To the chief Musician, A Psalm of David.**",
      "footer": ""
    },
    {
      "book_name": "Psalms",
      "chapter": 20,
      "verse": 2,
      "text": [
        "Send",
        "thee",
        "help",
        "from",
        "the",
        "sanctuary,",
        "and",
        "strengthen",
        "thee",
        "out",
        "of",
        "Zion;"
      ],
      "header": "",
      "footer": ""
    },
    {
      "book_name": "Psalms",
      "chapter": 20,
      "verse": 3,
      "text": [
        "Remember",
        "all",
        "thy",
        "offerings,",
        "and",
        "accept",
        "thy",
        "burnt",
        "sacrifice;",
        "Selah."
      ],
      "header": "",
      "footer": ""
    },
    {
      "book_name": "Psalms",
      "chapter": 20,
      "verse": 4,
      "text": [
        "Grant",
        "thee",
        "according",
        "to",
        "thine",
        "own",
        "heart,",
        "and",
        "fulfil",
        "all",
        "thy",
        "counsel."
      ],
      "header": "",
      "footer": ""
    },
    {
      "book_name": "Psalms",
      "chapter": 20,
      "verse": 5,
      "text": [
        "We",
        "will",
        "rejoice",
        "in",
        "thy",
        "salvation,",
        "and",
        "in",
        "the",
        "name",
        "of",
        "our",
        "God",
        "we",
        "will",
        "set",
        "up",
        "*our",
        "banners:",
        "the",
        "Lᴏʀᴅ",
        "fulfil",
        "all",
        "thy",
        "petitions."
      ],
      "header": "",
      "footer": ""
    },
    {
      "book_name": "Psalms",
      "chapter": 20,
      "verse": 6,
      "text": [
        "Now",
        "know",
        "I",
        "that",
        "the",
        "Lᴏʀᴅ",
        "saveth",
        "his",
        "anointed;",
        "he",
        "will",
        "hear",
        "him",
        "from",
        "his",
        "holy",
        "heaven",
        "with",
        "the",
        "saving",
        "strength",
        "of",
        "his",
        "right",
        "hand."
      ],
      "header": "",
      "footer": ""
    },
    {
      "book_name": "Psalms",
      "chapter": 20,
      "verse": 7,
      "text": [
        "Some",
        "*trust",
        "in",
        "chariots,",
        "and",
        "some",
        "in",
        "horses:",
        "but",
        "we",
        "will",
        "remember",
        "the",
        "name",
        "of",
        "the",
        "Lᴏʀᴅ",
        "our",
        "God."
      ],
      "header": "",
      "footer": ""
    },
    {
      "book_name": "Psalms",
      "chapter": 20,
      "verse": 8,
      "text": [
        "They",
        "are",
        "brought",
        "down",
        "and",
        "fallen:",
        "but",
        "we",
        "are",
        "risen,",
        "and",
        "stand",
        "upright."
      ],
      "header": "",
      "footer": ""
    },
    {
      "book_name": "Psalms",
      "chapter": 20,
      "verse": 9,
      "text": [
        "Save,",
        "Lᴏʀᴅ:",
        "let",
        "the",
        "king",
        "hear",
        "us",
        "when",
        "we",
        "call."
      ],
      "header": "",
      "footer": ""
    }
  ]
}