{
  "book_name": "Psalms",
  "chapter": 24,
  "verses": [
    {
      "book_name": "Psalms",
      "chapter": 24,
      "verse": 1,
      "text": [
        "The",
        "earth",
        "*is",
        "the",
        "Lᴏʀᴅ's,",
        "and",
        "the",
        "fulness",
        "thereof;",
        "the",
        "world,",
        "and",
        "they",
        "that",
        "dwell",
        "therein."
      ],
      "header": "**¶ A Psalm of David.**",
      "footer": ""
    },
    {
      "book_name": "Psalms",
      "chapter": 24,
      "verse": 2,
      "text": [
        "For",
        "he",
        "hath",
        "founded",
        "it",
        "upon",
        "the",
        "seas,",
        "and",
        "established",
        "it",
        "upon",
        "the",
        "floods."
      ],
      "header": "",
      "footer": ""
    },
    {
      "book_name": "Psalms",
      "chapter": 24,
      "verse": 3,
      "text": [
        "Who",
        "shall",
        "ascend",
        "into",
        "the",
        "hill",
        "of",
        "the",
        "Lᴏʀᴅ?",
        "or",
        "who",
        "shall",
        "stand",
        "in",
        "his",
        "holy",
        "place?"
      ],
      "header": "",
      "footer": ""
    },
    {
      "book_name": "Psalms",
      "chapter": 24,
      "verse": 4,
      "text": [
        "He",
        "that",
        "hath",
        "clean",
        "hands,",
        "and",
        "a",
        "pure",
        "heart;",
        "who",
        "hath",
        "not",
        "lifted",
        "up",
        "his",
        "soul",
        "unto",
        "vanity,",
        "nor",
        "sworn",
        "deceitfully."
      ],
      "header": "",
      "footer": ""
    },
    {
      "book_name": "Psalms",
      "chapter": 24,
      "verse": 5,
      "text": [
        "He",
        "shall",
        "receive",
        "the",
        "blessing",
        "from",
        "the",
        "Lᴏʀᴅ,",
        "and",
        "righteousness",
        "from",
        "the",
        "God",
        "of",
        "his",
        "salvation."
      ],
      "header": "",
      "footer": ""
    },
    {
      "book_name": "Psalms",
      "chapter": 24,
      "verse": 6,
      "text": [
        "This",
        "*is",
        "the",
        "generation",
        "of",
        "them",
        "that",
        "seek",
        "him,",
        "that",
        "seek",
        "thy",
        "face,",
        "O",
        "Jacob.",
        "Selah."
      ],
      "header": "",
      "footer": ""
    },
    {
      "book_name": "Psalms",
      "chapter": 24,
      "verse": 7,
      "text": [
        "Lift",
        "up",
        "your",
        "heads,",
        "O",
        "ye",
        "gates;",
        "and",
        "be",
        "ye",
        "lift",
        "up,",
        "ye",
        "everlasting",
        "doors;",
        "and",
        "the",
        "King",
        "of",
        "glory",
        "shall",
        "come",
        "in."
      ],
      "header": "",
      "footer": ""
    },
    {
      "book_name": "Psalms",
      "chapter": 24,
      "verse": 8,
      "text": [
        "Who",
        "*is",
        "this",
        "King",
        "of",
        "glory?",
        "The",
        "Lᴏʀᴅ",
        "strong",
        "and",
        "mighty,",
        "the",
        "Lᴏʀᴅ",
        "mighty",
        "in",
        "battle."
      ],
      "header": "",
      "footer": ""
    },
    {
      "book_name": "Psalms",
      "chapter": 24,
      "verse": 9,
      "text": [
        "Lift",
        "up",
        "your",
        "heads,",
        "O",
        "ye",
        "gates;",
        "even",
        "lift",
        "*them",
        "up,",
        "ye",
        "everlasting",
        "doors;",
        "and",
        "the",
        "King",
        "of",
        "glory",
        "shall",
        "come",
        "in."
      ],
      "header": "",
      "footer": ""
    },
    {
      "book_name": "Psalms",
      "chapter": 24,
      "verse": 10,
      "text": [
        "Who",
        "is",
        "this",
        "King",
        "of",
        "glory?",
        "The",
        "Lᴏʀᴅ",
        "of",
        "hosts,",
        "he",
        "*is",
        "the",
        "King",
        "of",
        "glory.",
        "Selah."
      ],
      "header": "",
      "footer": ""
    }
  ]
}