{
  "book_name": "Psalms",
  "chapter": 29,
  "verses": [
    {
      "book_name": "Psalms",
      "chapter": 29,
      "verse": 1,
      "text": [
        "Give",
        "unto",
        "the",
        "Lᴏʀᴅ,",
        "O",
        "ye",
        "mighty,",
        "give",
        "unto",
        "the",
        "Lᴏʀᴅ",
        "glory",
        "and",
        "strength."
      ],
      "header": "**¶ A Psalm of David.**",
      "footer": ""
    },
    {
      "book_name": "Psalms",
      "chapter": 29,
      "verse": 2,
      "text": [
        "Give",
        "unto",
        "the",
        "Lᴏʀᴅ",
        "the",
        "glory",
        "due",
        "unto",
        "his",
        "name;",
        "worship",
        "the",
        "Lᴏʀᴅ",
        "in",
        "the",
        "beauty",
        "of",
        "holiness."
      ],
      "header": "",
      "footer": ""
    },
    {
      "book_name": "Psalms",
      "chapter": 29,
      "verse": 3,
      "text": [
        "The",
        "voice",
        "of",
        "the",
        "Lᴏʀᴅ",
        "*is",
        "upon",
        "the",
        "waters:",
        "the",
        "God",
        "of",
        "glory",
        "thundereth:",
        "the",
        "Lᴏʀᴅ",
        "*is",
        "upon",
        "many",
        "waters."
      ],
      "header": "",
      "footer": ""
    },
    {
      "book_name": "Psalms",
      "chapter": 29,
      "verse": 4,
      "text": [
        "The",
        "voice",
        "of",
        "the",
        "Lᴏʀᴅ",
        "*is",
        "powerful;",
        "the",
        "voice",
        "of",
        "the",
        "Lᴏʀᴅ",
        "*is",
        "full",
        "of",
        "majesty."
      ],
      "header": "",
      "footer": ""
    },
    {
      "book_name": "Psalms",
      "chapter": 29,
      "verse": 5,
      "text": [
        "The",
        "voice",
        "of",
        "the",
        "Lᴏʀᴅ",
        "breaketh",
        "the",
        "cedars;",
        "yea,",
        "the",
        "Lᴏʀᴅ",
        "breaketh",
        "the",
        "cedars",
        "of",
        "Lebanon."
      ],
      "header": "",
      "footer": ""
    },
    {
      "book_name": "Psalms",
      "chapter": 29,
      "verse": 6,
      "text": [
        "He",
        "maketh",
        "them",
        "also",
        "to",
        "skip",
        "like",
        "a",
        "calf;",
        "Lebanon",
        "and",
        "Sirion",
        "like",
        "a",
        "young",
        "unicorn."
      ],
      "header": "",
      "footer": ""
    },
    {
      "book_name": "Psalms",
      "chapter": 29,
      "verse": 7,
      "text": [
        "The",
        "voice",
        "of",
        "the",
        "Lᴏʀᴅ",
        "divideth",
        "the",
        "flames",
        "of",
        "fire."
      ],
      "header": "",
      "footer": ""
    },
    {
      "book_name": "Psalms",
      "chapter": 29,
      "verse": 8,
      "text": [
        "The",
        "voice",
        "of",
        "the",
        "Lᴏʀᴅ",
        "shaketh",
        "the",
        "wilderness;",
        "the",
        "Lᴏʀᴅ",
        "shaketh",
        "the",
        "wilderness",
        "of",
        "Kadesh."
      ],
      "header": "",
      "footer": ""
    },
    {
      "book_name": "Psalms",
      "chapter": 29,
      "verse": 9,
      "text": [
        "The",
        "voice",
        "of",
        "the",
        "Lᴏʀᴅ",
        "maketh",
        "the",
        "hinds",
        "to",
        "calve,",
        "and",
        "discovereth",
        "the",
        "forests:",
        "and",
        "in",
        "his",
        "temple",
        "doth",
        "every",
        "one",
        "speak",
        "of",
        "*his",
        "glory."
      ],
      "header": "",
      "footer": ""
    },
    {
      "book_name": "Psalms",
      "chapter": 29,
      "verse": 10,
      "text": [
        "The",
        "Lᴏʀᴅ",
        "sitteth",
        "upon",
        "the",
        "flood;",
        "yea,",
        "the",
        "Lᴏʀᴅ",
        "sitteth",
        "King",
        "for",
        "ever."
      ],
      "header": "",
      "footer": ""
    },
    {
      "book_name": "Psalms",
      "chapter": 29,
      "verse": 11,
      "text": [
        "The",
        "Lᴏʀᴅ",
        "will",
        "give",
        "strength",
        "unto",
        "his",
        "people;",
        "the",
        "Lᴏʀᴅ",
        "will",
        "bless",
        "his",
        "people",
        "with",
        "peace."
      ],
      "header": "",
      "footer": ""
    }
  ]
}