{
  "book_name": "Psalms",
  "chapter": 33,
  "verses": [
    {
      "book_name": "Psalms",
      "chapter": 33,
      "verse": 1,
      "text": [
        "Rejoice",
        "in",
        "the",
        "Lᴏʀᴅ,",
        "O",
        "ye",
        "righteous:",
        "*for",
        "praise",
        "is",
        "comely",
        "for",
        "the",
        "upright."
      ],
      "header": "",
      "footer": ""
    },
    {
      "book_name": "Psalms",
      "chapter": 33,
      "verse": 2,
      "text": [
        "Praise",
        "the",
        "Lᴏʀᴅ",
        "with",
        "harp:",
        "sing",
        "unto",
        "him",
        "with",
        "the",
        "psaltery",
        "*and",
        "an",
        "instrument",
        "of",
        "ten",
        "strings."
      ],
      "header": "",
      "footer": ""
    },
    {
      "book_name": "Psalms",
      "chapter": 33,
      "verse": 3,
      "text": [
        "Sing",
        "unto",
        "him",
        "a",
        "new",
        "song;",
        "play",
        "skilfully",
        "with",
        "a",
        "loud",
        "noise."
      ],
      "header": "",
      "footer": ""
    },
    {
      "book_name": "Psalms",
      "chapter": 33,
      "verse": 4,
      "text": [
        "For",
        "the",
        "word",
        "of",
        "the",
        "Lᴏʀᴅ",
        "*is",
        "right;",
        "and",
        "all",
        "his",
        "works",
        "*are",
        "*done",
        "in",
        "truth."
      ],
      "header": "",
      "footer": ""
    },
    {
      "book_name": "Psalms",
      "chapter": 33,
      "verse": 5,
      "text": [
        "He",
        "loveth",
        "righteousness",
        "and",
        "judgment:",
        "the",
        "earth",
        "is",
        "full",
        "of",
        "the",
        "goodness",
        "of",
        "the",
        "Lᴏʀᴅ."
      ],
      "header": "",
      "footer": ""
    },
    {
      "book_name": "Psalms",
      "chapter": 33,
      "verse": 6,
      "text": [
        "By",
        "the",
        "word",
        "of",
        "the",
        "Lᴏʀᴅ",
        "were",
        "the",
        "heavens",
        "made;",
        "and",
        "all",
        "the",
        "host",
        "of",
        "them",
        "by",
        "the",
        "breath",
        "of",
        "his",
        "mouth."
      ],
      "header": "",
      "footer": ""
    },
    {
      "book_name": "Psalms",
      "chapter": 33,
      "verse": 7,
      "text": [
        "He",
        "gathereth",
        "the",
        "waters",
        "of",
        "the",
        "sea",
        "together",
        "as",
        "an",
        "heap:",
        "he",
        "layeth",
        "up",
        "the",
        "depth",
        "in",
        "storehouses."
      ],
      "header": "",
      "footer": ""
    },
    {
      "book_name": "Psalms",
      "chapter": 33,
      "verse": 8,
      "text": [
        "Let",
        "all",
        "the",
        "earth",
        "fear",
        "the",
        "Lᴏʀᴅ:",
        "let",
        "all",
        "the",
        "inhabitants",
        "of",
        "the",
        "world",
        "stand",
        "in",
        "awe",
        "of",
        "him."
      ],
      "header": "",
      "footer": ""
    },
    {
      "book_name": "Psalms",
      "chapter": 33,
      "verse": 9,
      "text": [
        "For",
        "he",
        "spake,",
        "and",
        "it",
        "was",
        "*done;",
        "he",
        "commanded,",
        "and",
        "it",
        "stood",
        "fast."
      ],
      "header": "",
      "footer": ""
    },
    {
      "book_name": "Psalms",
      "chapter": 33,
      "verse": 10,
      "text": [
        "The",
        "Lᴏʀᴅ",
        "bringeth",
        "the",
        "counsel",
        "of",
        "the",
        "heathen",
        "to",
        "nought:",
        "he",
        "maketh",
        "the",
        "devices",
        "of",
        "the",
        "people",
        "of",
        "none",
        "effect."
      ],
      "header": "",
      "footer": ""
    },
    {
      "book_name": "Psalms",
      "chapter": 33,
      "verse": 11,
      "text": [
        "The",
        "counsel",
        "of",
        "the",
        "Lᴏʀᴅ",
        "standeth",
        "for",
        "ever,",
        "the",
        "thoughts",
        "of",
        "his",
        "heart",
        "to",
        "all",
        "generations."
      ],
      "header": "",
      "footer": ""
    },
    {
      "book_name": "Psalms",
      "chapter": 33,
      "verse": 12,
      "text": [
        "Blessed",
        "*is",
        "the",
        "nation",
        "whose",
        "God",
        "*is",
        "the",
        "Lᴏʀᴅ;",
        "*and",
        "the",
        "people",
        "*whom",
        "he",
        "hath",
        "chosen",
        "for",
        "his",
        "own",
        "inheritance."
      ],
      "header": "",
      "footer": ""
    },
    {
      "book_name": "Psalms",
      "chapter": 33,
      "verse": 13,
      "text": [
        "The",
        "Lᴏʀᴅ",
        "looketh",
        "from",
        "heaven;",
        "he",
        "beholdeth",
        "all",
        "the",
        "sons",
        "of",
        "men."
      ],
      "header": "",
      "footer": ""
    },
    {
      "book_name": "Psalms",
      "chapter": 33,
      "verse": 14,
      "text": [
        "From",
        "the",
        "place",
        "of",
        "his",
        "habitation",
        "he",
        "looketh",
        "upon",
        "all",
        "the",
        "inhabitants",
        "of",
        "the",
        "earth."
      ],
      "header": "",
      "footer": ""
    },
    {
      "book_name": "Psalms",
      "chapter": 33,
      "verse": 15,
      "text": [
        "He",
        "fashioneth",
        "their",
        "hearts",
        "alike;",
        "he",
        "considereth",
        "all",
        "their",
        "works."
      ],
      "header": "",
      "footer": ""
    },
    {
      "book_name": "Psalms",
      "chapter": 33,
      "verse": 16,
      "text": [
        "There",
        "is",
        "no",
        "king",
        "saved",
        "by",
        "the",
        "multitude",
        "of",
        "an",
        "host:",
        "a",
        "mighty",
        "man",
        "is",
        "not",
        "delivered",
        "by",
        "much",
        "strength."
      ],
      "header": "",
      "footer": ""
    },
    {
      "book_name": "Psalms",
      "chapter": 33,
      "verse": 17,
      "text": [
        "An",
        "horse",
        "*is",
        "a",
        "vain",
        "thing",
        "for",
        "safety:",
        "neither",
        "shall",
        "he",
        "deliver",
        "*any",
        "by",
        "his",
        "great",
        "strength."
      ],
      "header": "",
      "footer": ""
    },
    {
      "book_name": "Psalms",
      "chapter": 33,
      "verse": 18,
      "text": [
        "Behold,",
        "the",
        "eye",
        "of",
        "the",
        "Lᴏʀᴅ",
        "*is",
        "upon",
        "them",
        "that",
        "fear",
        "him,",
        "upon",
        "them",
        "that",
        "hope",
        "in",
        "his",
        "mercy;"
      ],
      "header": "",
      "footer": ""
    },
    {
      "book_name": "Psalms",
      "chapter": 33,
      "verse": 19,
      "text": [
        "To",
        "deliver",
        "their",
        "soul",
        "from",
        "death,",
        "and",
        "to",
        "keep",
        "them",
        "alive",
        "in",
        "famine."
      ],
      "header": "",
      "footer": ""
    },
    {
      "book_name": "Psalms",
      "chapter": 33,
      "verse": 20,
      "text": [
        "Our",
        "soul",
        "waiteth",
        "for",
        "the",
        "Lᴏʀᴅ:",
        "he",
        "*is",
        "our",
        "help",
        "and",
        "our",
        "shield."
      ],
      "header": "",
      "footer": ""
    },
    {
      "book_name": "Psalms",
      "chapter": 33,
      "verse": 21,
      "text": [
        "For",
        "our",
        "heart",
        "shall",
        "rejoice",
        "in",
        "him,",
        "because",
        "we",
        "have",
        "trusted",
        "in",
        "his",
        "holy",
        "name."
      ],
      "header": "",
      "footer": ""
    },
    {
      "book_name": "Psalms",
      "chapter": 33,
      "verse": 22,
      "text": [
        "Let",
        "thy",
        "mercy,",
        "O",
        "Lᴏʀᴅ,",
        "be",
        "upon",
        "us,",
        "according",
        "as",
        "we",
        "hope",
        "in",
        "thee."
      ],
      "header": "",
      "footer": ""
    }
  ]
}