{
  "book_name": "Psalms",
  "chapter": 35,
  "verses": [
    {
      "book_name": "Psalms",
      "chapter": 35,
      "verse": 1,
      "text": [
        "Plead",
        "*my",
        "*cause,",
        "O",
        "Lᴏʀᴅ,",
        "with",
        "them",
        "that",
        "strive",
        "with",
        "me:",
        "fight",
        "against",
        "them",
        "that",
        "fight",
        "against",
        "me."
      ],
      "header": "**¶ *A Psalm* of David.**",
      "footer": ""
    },
    {
      "book_name": "Psalms",
      "chapter": 35,
      "verse": 2,
      "text": [
        "Take",
        "hold",
        "of",
        "shield",
        "and",
        "buckler,",
        "and",
        "stand",
        "up",
        "for",
        "mine",
        "help."
      ],
      "header": "",
      "footer": ""
    },
    {
      "book_name": "Psalms",
      "chapter": 35,
      "verse": 3,
      "text": [
        "Draw",
        "out",
        "also",
        "the",
        "spear,",
        "and",
        "stop",
        "*the",
        "*way",
        "against",
        "them",
        "that",
        "persecute",
        "me:",
        "say",
        "unto",
        "my",
        "soul,",
        "I",
        "*am",
        "thy",
        "salvation."
      ],
      "header": "",
      "footer": ""
    },
    {
      "book_name": "Psalms",
      "chapter": 35,
      "verse": 4,
      "text": [
        "Let",
        "them",
        "be",
        "confounded",
        "and",
        "put",
        "to",
        "shame",
        "that",
        "seek",
        "after",
        "my",
        "soul:",
        "let",
        "them",
        "be",
        "turned",
        "back",
        "and",
        "brought",
        "to",
        "confusion",
        "that",
        "devise",
        "my",
        "hurt."
      ],
      "header": "",
      "footer": ""
    },
    {
      "book_name": "Psalms",
      "chapter": 35,
      "verse": 5,
      "text": [
        "Let",
        "them",
        "be",
        "as",
        "chaff",
        "before",
        "the",
        "wind:",
        "and",
        "let",
        "the",
        "angel",
        "of",
        "the",
        "Lᴏʀᴅ",
        "chase",
        "*them."
      ],
      "header": "",
      "footer": ""
    },
    {
      "book_name": "Psalms",
      "chapter": 35,
      "verse": 6,
      "text": [
        "Let",
        "their",
        "way",
        "be",
        "dark",
        "and",
        "slippery:",
        "and",
        "let",
        "the",
        "angel",
        "of",
        "the",
        "Lᴏʀᴅ",
        "persecute",
        "them."
      ],
      "header": "",
      "footer": ""
    },
    {
      "book_name": "Psalms",
      "chapter": 35,
      "verse": 7,
      "text": [
        "For",
        "without",
        "cause",
        "have",
        "they",
        "hid",
        "for",
        "me",
        "their",
        "net",
        "*in",
        "a",
        "pit,",
        "*which",
        "without",
        "cause",
        "they",
        "have",
        "digged",
        "for",
        "my",
        "soul."
      ],
      "header": "",
      "footer": ""
    },
    {
      "book_name": "Psalms",
      "chapter": 35,
      "verse": 8,
      "text": [
        "Let",
        "destruction",
        "come",
        "upon",
        "him",
        "at",
        "unawares;",
        "and",
        "let",
        "his",
        "net",
        "that",
        "he",
        "hath",
        "hid",
        "catch",
        "himself:",
        "into",
        "that",
        "very",
        "destruction",
        "let",
        "him",
        "fall."
      ],
      "header": "",
      "footer": ""
    },
    {
      "book_name": "Psalms",
      "chapter": 35,
      "verse": 9,
      "text": [
        "And",
        "my",
        "soul",
        "shall",
        "be",
        "joyful",
        "in",
        "the",
        "Lᴏʀᴅ:",
        "it",
        "shall",
        "rejoice",
        "in",
        "his",
        "salvation."
      ],
      "header": "",
      "footer": ""
    },
    {
      "book_name": "Psalms",
      "chapter": 35,
      "verse": 10,
      "text": [
        "All",
        "my",
        "bones",
        "shall",
        "say,",
        "Lᴏʀᴅ,",
        "who",
        "*is",
        "like",
        "unto",
        "thee,",
        "which",
        "deliverest",
        "the",
        "poor",
        "from",
        "him",
        "that",
        "is",
        "too",
        "strong",
        "for",
        "him,",
        "yea,",
        "the",
        "poor",
        "and",
        "the",
        "needy",
        "from",
        "him",
        "that",
        "spoileth",
        "him?"
      ],
      "header": "",
      "footer": ""
    },
    {
      "book_name": "Psalms",
      "chapter": 35,
      "verse": 11,
      "text": [
        "False",
        "witnesses",
        "did",
        "rise",
        "up;",
        "they",
        "laid",
        "to",
        "my",
        "charge",
        "*things",
        "that",
        "I",
        "knew",
        "not."
      ],
      "header": "",
      "footer": ""
    },
    {
      "book_name": "Psalms",
      "chapter": 35,
      "verse": 12,
      "text": [
        "They",
        "rewarded",
        "me",
        "evil",
        "for",
        "good",
        "*to",
        "the",
        "spoiling",
        "of",
        "my",
        "soul."
      ],
      "header": "",
      "footer": ""
    },
    {
      "book_name": "Psalms",
      "chapter": 35,
      "verse": 13,
      "text": [
        "But",
        "as",
        "for",
        "me,",
        "when",
        "they",
        "were",
        "sick,",
        "my",
        "clothing",
        "*was",
        "sackcloth:",
        "I",
        "humbled",
        "my",
        "soul",
        "with",
        "fasting;",
        "and",
        "my",
        "prayer",
        "returned",
        "into",
        "mine",
        "own",
        "bosom."
      ],
      "header": "",
      "footer": ""
    },
    {
      "book_name": "Psalms",
      "chapter": 35,
      "verse": 14,
      "text": [
        "I",
        "behaved",
        "myself",
        "as",
        "though",
        "*he",
        "*had",
        "*been",
        "my",
        "friend",
        "*or",
        "brother:",
        "I",
        "bowed",
        "down",
        "heavily,",
        "as",
        "one",
        "that",
        "mourneth",
        "*for",
        "*his",
        "mother."
      ],
      "header": "",
      "footer": ""
    },
    {
      "book_name": "Psalms",
      "chapter": 35,
      "verse": 15,
      "text": [
        "But",
        "in",
        "mine",
        "adversity",
        "they",
        "rejoiced,",
        "and",
        "gathered",
        "themselves",
        "together:",
        "*yea,",
        "the",
        "abjects",
        "gathered",
        "themselves",
        "together",
        "against",
        "me,",
        "and",
        "I",
        "knew",
        "*it",
        "not;",
        "they",
        "did",
        "tear",
        "*me,",
        "and",
        "ceased",
        "not:"
      ],
      "header": "",
      "footer": ""
    },
    {
      "book_name": "Psalms",
      "chapter": 35,
      "verse": 16,
      "text": [
        "With",
        "hypocritical",
        "mockers",
        "in",
        "feasts,",
        "they",
        "gnashed",
        "upon",
        "me",
        "with",
        "their",
        "teeth."
      ],
      "header": "",
      "footer": ""
    },
    {
      "book_name": "Psalms",
      "chapter": 35,
      "verse": 17,
      "text": [
        "Lord,",
        "how",
        "long",
        "wilt",
        "thou",
        "look",
        "on?",
        "rescue",
        "my",
        "soul",
        "from",
        "their",
        "destructions,",
        "my",
        "darling",
        "from",
        "the",
        "lions."
      ],
      "header": "",
      "footer": ""
    },
    {
      "book_name": "Psalms",
      "chapter": 35,
      "verse": 18,
      "text": [
        "I",
        "will",
        "give",
        "thee",
        "thanks",
        "in",
        "the",
        "great",
        "congregation:",
        "I",
        "will",
        "praise",
        "thee",
        "among",
        "much",
        "people."
      ],
      "header": "",
      "footer": ""
    },
    {
      "book_name": "Psalms",
      "chapter": 35,
      "verse": 19,
      "text": [
        "Let",
        "not",
        "them",
        "that",
        "are",
        "mine",
        "enemies",
        "wrongfully",
        "rejoice",
        "over",
        "me:",
        "*neither",
        "let",
        "them",
        "wink",
        "with",
        "the",
        "eye",
        "that",
        "hate",
        "me",
        "without",
        "a",
        "cause."
      ],
      "header": "",
      "footer": ""
    },
    {
      "book_name": "Psalms",
      "chapter": 35,
      "verse": 20,
      "text": [
        "For",
        "they",
        "speak",
        "not",
        "peace:",
        "but",
        "they",
        "devise",
        "deceitful",
        "matters",
        "against",
        "*them",
        "*that",
        "*are",
        "quiet",
        "in",
        "the",
        "land."
      ],
      "header": "",
      "footer": ""
    },
    {
      "book_name": "Psalms",
      "chapter": 35,
      "verse": 21,
      "text": [
        "Yea,",
        "they",
        "opened",
        "their",
        "mouth",
        "wide",
        "against",
        "me,",
        "*and",
        "said,",
        "Aha,",
        "aha,",
        "our",
        "eye",
        "hath",
        "seen",
        "*it."
      ],
      "header": "",
      "footer": ""
    },
    {
      "book_name": "Psalms",
      "chapter": 35,
      "verse": 22,
      "text": [
        "*This",
        "thou",
        "hast",
        "seen,",
        "O",
        "Lᴏʀᴅ:",
        "keep",
        "not",
        "silence:",
        "O",
        "Lord,",
        "be",
        "not",
        "far",
        "from",
        "me."
      ],
      "header": "",
      "footer": ""
    },
    {
      "book_name": "Psalms",
      "chapter": 35,
      "verse": 23,
      "text": [
        "Stir",
        "up",
        "thyself,",
        "and",
        "awake",
        "to",
        "my",
        "judgment,",
        "*even",
        "unto",
        "my",
        "cause,",
        "my",
        "God",
        "and",
        "my",
        "Lord."
      ],
      "header": "",
      "footer": ""
    },
    {
      "book_name": "Psalms",
      "chapter": 35,
      "verse": 24,
      "text": [
        "Judge",
        "me,",
        "O",
        "Lᴏʀᴅ",
        "my",
        "God,",
        "according",
        "to",
        "thy",
        "righteousness;",
        "and",
        "let",
        "them",
        "not",
        "rejoice",
        "over",
        "me."
      ],
      "header": "",
      "footer": ""
    },
    {
      "book_name": "Psalms",
      "chapter": 35,
      "verse": 25,
      "text": [
        "Let",
        "them",
        "not",
        "say",
        "in",
        "their",
        "hearts,",
        "Ah,",
        "so",
        "would",
        "we",
        "have",
        "it:",
        "let",
        "them",
        "not",
        "say,",
        "We",
        "have",
        "swallowed",
        "him",
        "up."
      ],
      "header": "",
      "footer": ""
    },
    {
      "book_name": "Psalms",
      "chapter": 35,
      "verse": 26,
      "text": [
        "Let",
        "them",
        "be",
        "ashamed",
        "and",
        "brought",
        "to",
        "confusion",
        "together",
        "that",
        "rejoice",
        "at",
        "mine",
        "hurt:",
        "let",
        "them",
        "be",
        "clothed",
        "with",
        "shame",
        "and",
        "dishonour",
        "that",
        "magnify",
        "*themselves",
        "against",
        "me."
      ],
      "header": "",
      "footer": ""
    },
    {
      "book_name": "Psalms",
      "chapter": 35,
      "verse": 27,
      "text": [
        "Let",
        "them",
        "shout",
        "for",
        "joy,",
        "and",
        "be",
        "glad,",
        "that",
        "favour",
        "my",
        "righteous",
        "cause:",
        "yea,",
        "let",
        "them",
        "say",
        "continually,",
        "Let",
        "the",
        "Lᴏʀᴅ",
        "be",
        "magnified,",
        "which",
        "hath",
        "pleasure",
        "in",
        "the",
        "prosperity",
        "of",
        "his",
        "servant."
      ],
      "header": "",
      "footer": ""
    },
    {
      "book_name": "Psalms",
      "chapter": 35,
      "verse": 28,
      "text": [
        "And",
        "my",
        "tongue",
        "shall",
        "speak",
        "of",
        "thy",
        "righteousness",
        "*and",
        "of",
        "thy",
        "praise",
        "all",
        "the",
        "day",
        "long."
      ],
      "header": "",
      "footer": ""
    }
  ]
}