{
  "book_name": "Psalms",
  "chapter": 36,
  "verses": [
    {
      "book_name": "Psalms",
      "chapter": 36,
      "verse": 1,
      "text": [
        "The",
        "transgression",
        "of",
        "the",
        "wicked",
        "saith",
        "within",
        "my",
        "heart,",
        "*that",
        "*there",
        "*is",
        "no",
        "fear",
        "of",
        "God",
        "before",
        "his",
        "eyes."
      ],
      "header": "**¶ To the chief Musician, *A Psalm* of David the servant of the Lᴏʀᴅ.**",
      "footer": ""
    },
    {
      "book_name": "Psalms",
      "chapter": 36,
      "verse": 2,
      "text": [
        "For",
        "he",
        "flattereth",
        "himself",
        "in",
        "his",
        "own",
        "eyes,",
        "until",
        "his",
        "iniquity",
        "be",
        "found",
        "to",
        "be",
        "hateful."
      ],
      "header": "",
      "footer": ""
    },
    {
      "book_name": "Psalms",
      "chapter": 36,
      "verse": 3,
      "text": [
        "The",
        "words",
        "of",
        "his",
        "mouth",
        "*are",
        "iniquity",
        "and",
        "deceit:",
        "he",
        "hath",
        "left",
        "off",
        "to",
        "be",
        "wise,",
        "*and",
        "to",
        "do",
        "good."
      ],
      "header": "",
      "footer": ""
    },
    {
      "book_name": "Psalms",
      "chapter": 36,
      "verse": 4,
      "text": [
        "He",
        "deviseth",
        "mischief",
        "upon",
        "his",
        "bed;",
        "he",
        "setteth",
        "himself",
        "in",
        "a",
        "way",
        "*that",
        "*is",
        "not",
        "good;",
        "he",
        "abhorreth",
        "not",
        "evil."
      ],
      "header": "",
      "footer": ""
    },
    {
      "book_name": "Psalms",
      "chapter": 36,
      "verse": 5,
      "text": [
        "Thy",
        "mercy,",
        "O",
        "Lᴏʀᴅ,",
        "*is",
        "in",
        "the",
        "heavens;",
        "*and",
        "thy",
        "faithfulness",
        "*reacheth",
        "unto",
        "the",
        "clouds."
      ],
      "header": "",
      "footer": ""
    },
    {
      "book_name": "Psalms",
      "chapter": 36,
      "verse": 6,
      "text": [
        "Thy",
        "righteousness",
        "*is",
        "like",
        "the",
        "great",
        "mountains;",
        "thy",
        "judgments",
        "*are",
        "a",
        "great",
        "deep:",
        "O",
        "Lᴏʀᴅ,",
        "thou",
        "preservest",
        "man",
        "and",
        "beast."
      ],
      "header": "",
      "footer": ""
    },
    {
      "book_name": "Psalms",
      "chapter": 36,
      "verse": 7,
      "text": [
        "How",
        "excellent",
        "*is",
        "thy",
        "lovingkindness,",
        "O",
        "God!",
        "therefore",
        "the",
        "children",
        "of",
        "men",
        "put",
        "their",
        "trust",
        "under",
        "the",
        "shadow",
        "of",
        "thy",
        "wings."
      ],
      "header": "",
      "footer": ""
    },
    {
      "book_name": "Psalms",
      "chapter": 36,
      "verse": 8,
      "text": [
        "They",
        "shall",
        "be",
        "abundantly",
        "satisfied",
        "with",
        "the",
        "fatness",
        "of",
        "thy",
        "house;",
        "and",
        "thou",
        "shalt",
        "make",
        "them",
        "drink",
        "of",
        "the",
        "river",
        "of",
        "thy",
        "pleasures."
      ],
      "header": "",
      "footer": ""
    },
    {
      "book_name": "Psalms",
      "chapter": 36,
      "verse": 9,
      "text": [
        "For",
        "with",
        "thee",
        "*is",
        "the",
        "fountain",
        "of",
        "life:",
        "in",
        "thy",
        "light",
        "shall",
        "we",
        "see",
        "light."
      ],
      "header": "",
      "footer": ""
    },
    {
      "book_name": "Psalms",
      "chapter": 36,
      "verse": 10,
      "text": [
        "O",
        "continue",
        "thy",
        "lovingkindness",
        "unto",
        "them",
        "that",
        "know",
        "thee;",
        "and",
        "thy",
        "righteousness",
        "to",
        "the",
        "upright",
        "in",
        "heart."
      ],
      "header": "",
      "footer": ""
    },
    {
      "book_name": "Psalms",
      "chapter": 36,
      "verse": 11,
      "text": [
        "Let",
        "not",
        "the",
        "foot",
        "of",
        "pride",
        "come",
        "against",
        "me,",
        "and",
        "let",
        "not",
        "the",
        "hand",
        "of",
        "the",
        "wicked",
        "remove",
        "me."
      ],
      "header": "",
      "footer": ""
    },
    {
      "book_name": "Psalms",
      "chapter": 36,
      "verse": 12,
      "text": [
        "There",
        "are",
        "the",
        "workers",
        "of",
        "iniquity",
        "fallen:",
        "they",
        "are",
        "cast",
        "down,",
        "and",
        "shall",
        "not",
        "be",
        "able",
        "to",
        "rise."
      ],
      "header": "",
      "footer": ""
    }
  ]
}