{
  "book_name": "Psalms",
  "chapter": 37,
  "verses": [
    {
      "book_name": "Psalms",
      "chapter": 37,
      "verse": 1,
      "text": [
        "Fret",
        "not",
        "thyself",
        "because",
        "of",
        "evildoers,",
        "neither",
        "be",
        "thou",
        "envious",
        "against",
        "the",
        "workers",
        "of",
        "iniquity."
      ],
      "header": "**¶ *A Psalm* of David.**",
      "footer": ""
    },
    {
      "book_name": "Psalms",
      "chapter": 37,
      "verse": 2,
      "text": [
        "For",
        "they",
        "shall",
        "soon",
        "be",
        "cut",
        "down",
        "like",
        "the",
        "grass,",
        "and",
        "wither",
        "as",
        "the",
        "green",
        "herb."
      ],
      "header": "",
      "footer": ""
    },
    {
      "book_name": "Psalms",
      "chapter": 37,
      "verse": 3,
      "text": [
        "Trust",
        "in",
        "the",
        "Lᴏʀᴅ,",
        "and",
        "do",
        "good;",
        "*so",
        "shalt",
        "thou",
        "dwell",
        "in",
        "the",
        "land,",
        "and",
        "verily",
        "thou",
        "shalt",
        "be",
        "fed."
      ],
      "header": "",
      "footer": ""
    },
    {
      "book_name": "Psalms",
      "chapter": 37,
      "verse": 4,
      "text": [
        "Delight",
        "thyself",
        "also",
        "in",
        "the",
        "Lᴏʀᴅ;",
        "and",
        "he",
        "shall",
        "give",
        "thee",
        "the",
        "desires",
        "of",
        "thine",
        "heart."
      ],
      "header": "",
      "footer": ""
    },
    {
      "book_name": "Psalms",
      "chapter": 37,
      "verse": 5,
      "text": [
        "Commit",
        "thy",
        "way",
        "unto",
        "the",
        "Lᴏʀᴅ;",
        "trust",
        "also",
        "in",
        "him;",
        "and",
        "he",
        "shall",
        "bring",
        "*it",
        "to",
        "pass."
      ],
      "header": "",
      "footer": ""
    },
    {
      "book_name": "Psalms",
      "chapter": 37,
      "verse": 6,
      "text": [
        "And",
        "he",
        "shall",
        "bring",
        "forth",
        "thy",
        "righteousness",
        "as",
        "the",
        "light,",
        "and",
        "thy",
        "judgment",
        "as",
        "the",
        "noonday."
      ],
      "header": "",
      "footer": ""
    },
    {
      "book_name": "Psalms",
      "chapter": 37,
      "verse": 7,
      "text": [
        "Rest",
        "in",
        "the",
        "Lᴏʀᴅ,",
        "and",
        "wait",
        "patiently",
        "for",
        "him:",
        "fret",
        "not",
        "thyself",
        "because",
        "of",
        "him",
        "who",
        "prospereth",
        "in",
        "his",
        "way,",
        "because",
        "of",
        "the",
        "man",
        "who",
        "bringeth",
        "wicked",
        "devices",
        "to",
        "pass."
      ],
      "header": "",
      "footer": ""
    },
    {
      "book_name": "Psalms",
      "chapter": 37,
      "verse": 8,
      "text": [
        "Cease",
        "from",
        "anger,",
        "and",
        "forsake",
        "wrath:",
        "fret",
        "not",
        "thyself",
        "in",
        "any",
        "wise",
        "to",
        "do",
        "evil."
      ],
      "header": "",
      "footer": ""
    },
    {
      "book_name": "Psalms",
      "chapter": 37,
      "verse": 9,
      "text": [
        "For",
        "evildoers",
        "shall",
        "be",
        "cut",
        "off:",
        "but",
        "those",
        "that",
        "wait",
        "upon",
        "the",
        "Lᴏʀᴅ,",
        "they",
        "shall",
        "inherit",
        "the",
        "earth."
      ],
      "header": "",
      "footer": ""
    },
    {
      "book_name": "Psalms",
      "chapter": 37,
      "verse": 10,
      "text": [
        "For",
        "yet",
        "a",
        "little",
        "while,",
        "and",
        "the",
        "wicked",
        "*shall",
        "not",
        "*be:",
        "yea,",
        "thou",
        "shalt",
        "diligently",
        "consider",
        "his",
        "place,",
        "and",
        "it",
        "*shall",
        "not",
        "*be."
      ],
      "header": "",
      "footer": ""
    },
    {
      "book_name": "Psalms",
      "chapter": 37,
      "verse": 11,
      "text": [
        "But",
        "the",
        "meek",
        "shall",
        "inherit",
        "the",
        "earth;",
        "and",
        "shall",
        "delight",
        "themselves",
        "in",
        "the",
        "abundance",
        "of",
        "peace."
      ],
      "header": "",
      "footer": ""
    },
    {
      "book_name": "Psalms",
      "chapter": 37,
      "verse": 12,
      "text": [
        "The",
        "wicked",
        "plotteth",
        "against",
        "the",
        "just,",
        "and",
        "gnasheth",
        "upon",
        "him",
        "with",
        "his",
        "teeth."
      ],
      "header": "",
      "footer": ""
    },
    {
      "book_name": "Psalms",
      "chapter": 37,
      "verse": 13,
      "text": [
        "The",
        "Lord",
        "shall",
        "laugh",
        "at",
        "him:",
        "for",
        "he",
        "seeth",
        "that",
        "his",
        "day",
        "is",
        "coming."
      ],
      "header": "",
      "footer": ""
    },
    {
      "book_name": "Psalms",
      "chapter": 37,
      "verse": 14,
      "text": [
        "The",
        "wicked",
        "have",
        "drawn",
        "out",
        "the",
        "sword,",
        "and",
        "have",
        "bent",
        "their",
        "bow,",
        "to",
        "cast",
        "down",
        "the",
        "poor",
        "and",
        "needy,",
        "*and",
        "to",
        "slay",
        "such",
        "as",
        "be",
        "of",
        "upright",
        "conversation."
      ],
      "header": "",
      "footer": ""
    },
    {
      "book_name": "Psalms",
      "chapter": 37,
      "verse": 15,
      "text": [
        "Their",
        "sword",
        "shall",
        "enter",
        "into",
        "their",
        "own",
        "heart,",
        "and",
        "their",
        "bows",
        "shall",
        "be",
        "broken."
      ],
      "header": "",
      "footer": ""
    },
    {
      "book_name": "Psalms",
      "chapter": 37,
      "verse": 16,
      "text": [
        "A",
        "little",
        "that",
        "a",
        "righteous",
        "man",
        "hath",
        "*is",
        "better",
        "than",
        "the",
        "riches",
        "of",
        "many",
        "wicked."
      ],
      "header": "",
      "footer": ""
    },
    {
      "book_name": "Psalms",
      "chapter": 37,
      "verse": 17,
      "text": [
        "For",
        "the",
        "arms",
        "of",
        "the",
        "wicked",
        "shall",
        "be",
        "broken:",
        "but",
        "the",
        "Lᴏʀᴅ",
        "upholdeth",
        "the",
        "righteous."
      ],
      "header": "",
      "footer": ""
    },
    {
      "book_name": "Psalms",
      "chapter": 37,
      "verse": 18,
      "text": [
        "The",
        "Lᴏʀᴅ",
        "knoweth",
        "the",
        "days",
        "of",
        "the",
        "upright:",
        "and",
        "their",
        "inheritance",
        "shall",
        "be",
        "for",
        "ever."
      ],
      "header": "",
      "footer": ""
    },
    {
      "book_name": "Psalms",
      "chapter": 37,
      "verse": 19,
      "text": [
        "They",
        "shall",
        "not",
        "be",
        "ashamed",
        "in",
        "the",
        "evil",
        "time:",
        "and",
        "in",
        "the",
        "days",
        "of",
        "famine",
        "they",
        "shall",
        "be",
        "satisfied."
      ],
      "header": "",
      "footer": ""
    },
    {
      "book_name": "Psalms",
      "chapter": 37,
      "verse": 20,
      "text": [
        "But",
        "the",
        "wicked",
        "shall",
        "perish,",
        "and",
        "the",
        "enemies",
        "of",
        "the",
        "Lᴏʀᴅ",
        "*shall",
        "*be",
        "as",
        "the",
        "fat",
        "of",
        "lambs:",
        "they",
        "shall",
        "consume;",
        "into",
        "smoke",
        "shall",
        "they",
        "consume",
        "away."
      ],
      "header": "",
      "footer": ""
    },
    {
      "book_name": "Psalms",
      "chapter": 37,
      "verse": 21,
      "text": [
        "The",
        "wicked",
        "borroweth,",
        "and",
        "payeth",
        "not",
        "again:",
        "but",
        "the",
        "righteous",
        "sheweth",
        "mercy,",
        "and",
        "giveth."
      ],
      "header": "",
      "footer": ""
    },
    {
      "book_name": "Psalms",
      "chapter": 37,
      "verse": 22,
      "text": [
        "For",
        "*such",
        "*as",
        "*be",
        "blessed",
        "of",
        "him",
        "shall",
        "inherit",
        "the",
        "earth;",
        "and",
        "*they",
        "*that",
        "*be",
        "cursed",
        "of",
        "him",
        "shall",
        "be",
        "cut",
        "off."
      ],
      "header": "",
      "footer": ""
    },
    {
      "book_name": "Psalms",
      "chapter": 37,
      "verse": 23,
      "text": [
        "The",
        "steps",
        "of",
        "a",
        "*good",
        "man",
        "are",
        "ordered",
        "by",
        "the",
        "Lᴏʀᴅ:",
        "and",
        "he",
        "delighteth",
        "in",
        "his",
        "way."
      ],
      "header": "",
      "footer": ""
    },
    {
      "book_name": "Psalms",
      "chapter": 37,
      "verse": 24,
      "text": [
        "Though",
        "he",
        "fall,",
        "he",
        "shall",
        "not",
        "be",
        "utterly",
        "cast",
        "down:",
        "for",
        "the",
        "Lᴏʀᴅ",
        "upholdeth",
        "*him",
        "*with",
        "his",
        "hand."
      ],
      "header": "",
      "footer": ""
    },
    {
      "book_name": "Psalms",
      "chapter": 37,
      "verse": 25,
      "text": [
        "I",
        "have",
        "been",
        "young,",
        "and",
        "*now",
        "am",
        "old;",
        "yet",
        "have",
        "I",
        "not",
        "seen",
        "the",
        "righteous",
        "forsaken,",
        "nor",
        "his",
        "seed",
        "begging",
        "bread."
      ],
      "header": "",
      "footer": ""
    },
    {
      "book_name": "Psalms",
      "chapter": 37,
      "verse": 26,
      "text": [
        "*He",
        "*is",
        "ever",
        "merciful,",
        "and",
        "lendeth;",
        "and",
        "his",
        "seed",
        "*is",
        "blessed."
      ],
      "header": "",
      "footer": ""
    },
    {
      "book_name": "Psalms",
      "chapter": 37,
      "verse": 27,
      "text": [
        "Depart",
        "from",
        "evil,",
        "and",
        "do",
        "good;",
        "and",
        "dwell",
        "for",
        "evermore."
      ],
      "header": "",
      "footer": ""
    },
    {
      "book_name": "Psalms",
      "chapter": 37,
      "verse": 28,
      "text": [
        "For",
        "the",
        "Lᴏʀᴅ",
        "loveth",
        "judgment,",
        "and",
        "forsaketh",
        "not",
        "his",
        "saints;",
        "they",
        "are",
        "preserved",
        "for",
        "ever:",
        "but",
        "the",
        "seed",
        "of",
        "the",
        "wicked",
        "shall",
        "be",
        "cut",
        "off."
      ],
      "header": "",
      "footer": ""
    },
    {
      "book_name": "Psalms",
      "chapter": 37,
      "verse": 29,
      "text": [
        "The",
        "righteous",
        "shall",
        "inherit",
        "the",
        "land,",
        "and",
        "dwell",
        "therein",
        "for",
        "ever."
      ],
      "header": "",
      "footer": ""
    },
    {
      "book_name": "Psalms",
      "chapter": 37,
      "verse": 30,
      "text": [
        "The",
        "mouth",
        "of",
        "the",
        "righteous",
        "speaketh",
        "wisdom,",
        "and",
        "his",
        "tongue",
        "talketh",
        "of",
        "judgment."
      ],
      "header": "",
      "footer": ""
    },
    {
      "book_name": "Psalms",
      "chapter": 37,
      "verse": 31,
      "text": [
        "The",
        "law",
        "of",
        "his",
        "God",
        "*is",
        "in",
        "his",
        "heart;",
        "none",
        "of",
        "his",
        "steps",
        "shall",
        "slide."
      ],
      "header": "",
      "footer": ""
    },
    {
      "book_name": "Psalms",
      "chapter": 37,
      "verse": 32,
      "text": [
        "The",
        "wicked",
        "watcheth",
        "the",
        "righteous,",
        "and",
        "seeketh",
        "to",
        "slay",
        "him."
      ],
      "header": "",
      "footer": ""
    },
    {
      "book_name": "Psalms",
      "chapter": 37,
      "verse": 33,
      "text": [
        "The",
        "Lᴏʀᴅ",
        "will",
        "not",
        "leave",
        "him",
        "in",
        "his",
        "hand,",
        "nor",
        "condemn",
        "him",
        "when",
        "he",
        "is",
        "judged."
      ],
      "header": "",
      "footer": ""
    },
    {
      "book_name": "Psalms",
      "chapter": 37,
      "verse": 34,
      "text": [
        "Wait",
        "on",
        "the",
        "Lᴏʀᴅ,",
        "and",
        "keep",
        "his",
        "way,",
        "and",
        "he",
        "shall",
        "exalt",
        "thee",
        "to",
        "inherit",
        "the",
        "land:",
        "when",
        "the",
        "wicked",
        "are",
        "cut",
        "off,",
        "thou",
        "shalt",
        "see",
        "*it."
      ],
      "header": "",
      "footer": ""
    },
    {
      "book_name": "Psalms",
      "chapter": 37,
      "verse": 35,
      "text": [
        "I",
        "have",
        "seen",
        "the",
        "wicked",
        "in",
        "great",
        "power,",
        "and",
        "spreading",
        "himself",
        "like",
        "a",
        "green",
        "bay",
        "tree."
      ],
      "header": "",
      "footer": ""
    },
    {
      "book_name": "Psalms",
      "chapter": 37,
      "verse": 36,
      "text": [
        "Yet",
        "he",
        "passed",
        "away,",
        "and,",
        "lo,",
        "he",
        "*was",
        "not:",
        "yea,",
        "I",
        "sought",
        "him,",
        "but",
        "he",
        "could",
        "not",
        "be",
        "found."
      ],
      "header": "",
      "footer": ""
    },
    {
      "book_name": "Psalms",
      "chapter": 37,
      "verse": 37,
      "text": [
        "Mark",
        "the",
        "perfect",
        "*man,",
        "and",
        "behold",
        "the",
        "upright:",
        "for",
        "the",
        "end",
        "of",
        "*that",
        "man",
        "*is",
        "peace."
      ],
      "header": "",
      "footer": ""
    },
    {
      "book_name": "Psalms",
      "chapter": 37,
      "verse": 38,
      "text": [
        "But",
        "the",
        "transgressors",
        "shall",
        "be",
        "destroyed",
        "together:",
        "the",
        "end",
        "of",
        "the",
        "wicked",
        "shall",
        "be",
        "cut",
        "off."
      ],
      "header": "",
      "footer": ""
    },
    {
      "book_name": "Psalms",
      "chapter": 37,
      "verse": 39,
      "text": [
        "But",
        "the",
        "salvation",
        "of",
        "the",
        "righteous",
        "*is",
        "of",
        "the",
        "Lᴏʀᴅ:",
        "*he",
        "*is",
        "their",
        "strength",
        "in",
        "the",
        "time",
        "of",
        "trouble."
      ],
      "header": "",
      "footer": ""
    },
    {
      "book_name": "Psalms",
      "chapter": 37,
      "verse": 40,
      "text": [
        "And",
        "the",
        "Lᴏʀᴅ",
        "shall",
        "help",
        "them,",
        "and",
        "deliver",
        "them:",
        "he",
        "shall",
        "deliver",
        "them",
        "from",
        "the",
        "wicked,",
        "and",
        "save",
        "them,",
        "because",
        "they",
        "trust",
        "in",
        "him."
      ],
      "header": "",
      "footer": ""
    }
  ]
}