{
  "book_name": "Psalms",
  "chapter": 38,
  "verses": [
    {
      "book_name": "Psalms",
      "chapter": 38,
      "verse": 1,
      "text": [
        "O",
        "Lᴏʀᴅ,",
        "rebuke",
        "me",
        "not",
        "in",
        "thy",
        "wrath:",
        "neither",
        "chasten",
        "me",
        "in",
        "thy",
        "hot",
        "displeasure."
      ],
      "header": "**¶ A Psalm of David, to bring to remembrance.**",
      "footer": ""
    },
    {
      "book_name": "Psalms",
      "chapter": 38,
      "verse": 2,
      "text": [
        "For",
        "thine",
        "arrows",
        "stick",
        "fast",
        "in",
        "me,",
        "and",
        "thy",
        "hand",
        "presseth",
        "me",
        "sore."
      ],
      "header": "",
      "footer": ""
    },
    {
      "book_name": "Psalms",
      "chapter": 38,
      "verse": 3,
      "text": [
        "*There",
        "*is",
        "no",
        "soundness",
        "in",
        "my",
        "flesh",
        "because",
        "of",
        "thine",
        "anger;",
        "neither",
        "*is",
        "*there",
        "*any",
        "rest",
        "in",
        "my",
        "bones",
        "because",
        "of",
        "my",
        "sin."
      ],
      "header": "",
      "footer": ""
    },
    {
      "book_name": "Psalms",
      "chapter": 38,
      "verse": 4,
      "text": [
        "For",
        "mine",
        "iniquities",
        "are",
        "gone",
        "over",
        "mine",
        "head:",
        "as",
        "an",
        "heavy",
        "burden",
        "they",
        "are",
        "too",
        "heavy",
        "for",
        "me."
      ],
      "header": "",
      "footer": ""
    },
    {
      "book_name": "Psalms",
      "chapter": 38,
      "verse": 5,
      "text": [
        "My",
        "wounds",
        "stink",
        "*and",
        "are",
        "corrupt",
        "because",
        "of",
        "my",
        "foolishness."
      ],
      "header": "",
      "footer": ""
    },
    {
      "book_name": "Psalms",
      "chapter": 38,
      "verse": 6,
      "text": [
        "I",
        "am",
        "troubled;",
        "I",
        "am",
        "bowed",
        "down",
        "greatly;",
        "I",
        "go",
        "mourning",
        "all",
        "the",
        "day",
        "long."
      ],
      "header": "",
      "footer": ""
    },
    {
      "book_name": "Psalms",
      "chapter": 38,
      "verse": 7,
      "text": [
        "For",
        "my",
        "loins",
        "are",
        "filled",
        "with",
        "a",
        "loathsome",
        "*disease:",
        "and",
        "*there",
        "*is",
        "no",
        "soundness",
        "in",
        "my",
        "flesh."
      ],
      "header": "",
      "footer": ""
    },
    {
      "book_name": "Psalms",
      "chapter": 38,
      "verse": 8,
      "text": [
        "I",
        "am",
        "feeble",
        "and",
        "sore",
        "broken:",
        "I",
        "have",
        "roared",
        "by",
        "reason",
        "of",
        "the",
        "disquietness",
        "of",
        "my",
        "heart."
      ],
      "header": "",
      "footer": ""
    },
    {
      "book_name": "Psalms",
      "chapter": 38,
      "verse": 9,
      "text": [
        "Lord,",
        "all",
        "my",
        "desire",
        "*is",
        "before",
        "thee;",
        "and",
        "my",
        "groaning",
        "is",
        "not",
        "hid",
        "from",
        "thee."
      ],
      "header": "",
      "footer": ""
    },
    {
      "book_name": "Psalms",
      "chapter": 38,
      "verse": 10,
      "text": [
        "My",
        "heart",
        "panteth,",
        "my",
        "strength",
        "faileth",
        "me:",
        "as",
        "for",
        "the",
        "light",
        "of",
        "mine",
        "eyes,",
        "it",
        "also",
        "is",
        "gone",
        "from",
        "me."
      ],
      "header": "",
      "footer": ""
    },
    {
      "book_name": "Psalms",
      "chapter": 38,
      "verse": 11,
      "text": [
        "My",
        "lovers",
        "and",
        "my",
        "friends",
        "stand",
        "aloof",
        "from",
        "my",
        "sore;",
        "and",
        "my",
        "kinsmen",
        "stand",
        "afar",
        "off."
      ],
      "header": "",
      "footer": ""
    },
    {
      "book_name": "Psalms",
      "chapter": 38,
      "verse": 12,
      "text": [
        "They",
        "also",
        "that",
        "seek",
        "after",
        "my",
        "life",
        "lay",
        "snares",
        "*for",
        "*me:",
        "and",
        "they",
        "that",
        "seek",
        "my",
        "hurt",
        "speak",
        "mischievous",
        "things,",
        "and",
        "imagine",
        "deceits",
        "all",
        "the",
        "day",
        "long."
      ],
      "header": "",
      "footer": ""
    },
    {
      "book_name": "Psalms",
      "chapter": 38,
      "verse": 13,
      "text": [
        "But",
        "I,",
        "as",
        "a",
        "deaf",
        "*man,",
        "heard",
        "not;",
        "and",
        "*I",
        "*was",
        "as",
        "a",
        "dumb",
        "man",
        "*that",
        "openeth",
        "not",
        "his",
        "mouth."
      ],
      "header": "",
      "footer": ""
    },
    {
      "book_name": "Psalms",
      "chapter": 38,
      "verse": 14,
      "text": [
        "Thus",
        "I",
        "was",
        "as",
        "a",
        "man",
        "that",
        "heareth",
        "not,",
        "and",
        "in",
        "whose",
        "mouth",
        "*are",
        "no",
        "reproofs."
      ],
      "header": "",
      "footer": ""
    },
    {
      "book_name": "Psalms",
      "chapter": 38,
      "verse": 15,
      "text": [
        "For",
        "in",
        "thee,",
        "O",
        "Lᴏʀᴅ,",
        "do",
        "I",
        "hope:",
        "thou",
        "wilt",
        "hear,",
        "O",
        "Lord",
        "my",
        "God."
      ],
      "header": "",
      "footer": ""
    },
    {
      "book_name": "Psalms",
      "chapter": 38,
      "verse": 16,
      "text": [
        "For",
        "I",
        "said,",
        "*Hear",
        "*me,",
        "lest",
        "*otherwise",
        "they",
        "should",
        "rejoice",
        "over",
        "me:",
        "when",
        "my",
        "foot",
        "slippeth,",
        "they",
        "magnify",
        "*themselves",
        "against",
        "me."
      ],
      "header": "",
      "footer": ""
    },
    {
      "book_name": "Psalms",
      "chapter": 38,
      "verse": 17,
      "text": [
        "For",
        "I",
        "*am",
        "ready",
        "to",
        "halt,",
        "and",
        "my",
        "sorrow",
        "*is",
        "continually",
        "before",
        "me."
      ],
      "header": "",
      "footer": ""
    },
    {
      "book_name": "Psalms",
      "chapter": 38,
      "verse": 18,
      "text": [
        "For",
        "I",
        "will",
        "declare",
        "mine",
        "iniquity;",
        "I",
        "will",
        "be",
        "sorry",
        "for",
        "my",
        "sin."
      ],
      "header": "",
      "footer": ""
    },
    {
      "book_name": "Psalms",
      "chapter": 38,
      "verse": 19,
      "text": [
        "But",
        "mine",
        "enemies",
        "*are",
        "lively,",
        "*and",
        "they",
        "are",
        "strong:",
        "and",
        "they",
        "that",
        "hate",
        "me",
        "wrongfully",
        "are",
        "multiplied."
      ],
      "header": "",
      "footer": ""
    },
    {
      "book_name": "Psalms",
      "chapter": 38,
      "verse": 20,
      "text": [
        "They",
        "also",
        "that",
        "render",
        "evil",
        "for",
        "good",
        "are",
        "mine",
        "adversaries;",
        "because",
        "I",
        "follow",
        "*the",
        "*thing",
        "*that",
        "good",
        "*is."
      ],
      "header": "",
      "footer": ""
    },
    {
      "book_name": "Psalms",
      "chapter": 38,
      "verse": 21,
      "text": [
        "Forsake",
        "me",
        "not,",
        "O",
        "Lᴏʀᴅ:",
        "O",
        "my",
        "God,",
        "be",
        "not",
        "far",
        "from",
        "me."
      ],
      "header": "",
      "footer": ""
    },
    {
      "book_name": "Psalms",
      "chapter": 38,
      "verse": 22,
      "text": [
        "Make",
        "haste",
        "to",
        "help",
        "me,",
        "O",
        "Lord",
        "my",
        "salvation."
      ],
      "header": "",
      "footer": ""
    }
  ]
}