{
  "book_name": "Psalms",
  "chapter": 4,
  "verses": [
    {
      "book_name": "Psalms",
      "chapter": 4,
      "verse": 1,
      "text": [
        "Hear",
        "me",
        "when",
        "I",
        "call,",
        "O",
        "God",
        "of",
        "my",
        "righteousness:",
        "thou",
        "hast",
        "enlarged",
        "me",
        "*when",
        "*I",
        "*was",
        "in",
        "distress;",
        "have",
        "mercy",
        "upon",
        "me,",
        "and",
        "hear",
        "my",
        "prayer."
      ],
      "header": "**¶ To the chief Musician on Neginoth, A Psalm of David.**",
      "footer": ""
    },
    {
      "book_name": "Psalms",
      "chapter": 4,
      "verse": 2,
      "text": [
        "O",
        "ye",
        "sons",
        "of",
        "men,",
        "how",
        "long",
        "*will",
        "*ye",
        "*turn",
        "my",
        "glory",
        "into",
        "shame?",
        "*how",
        "*long",
        "will",
        "ye",
        "love",
        "vanity,",
        "*and",
        "seek",
        "after",
        "leasing?",
        "Selah."
      ],
      "header": "",
      "footer": ""
    },
    {
      "book_name": "Psalms",
      "chapter": 4,
      "verse": 3,
      "text": [
        "But",
        "know",
        "that",
        "the",
        "Lᴏʀᴅ",
        "hath",
        "set",
        "apart",
        "him",
        "that",
        "is",
        "godly",
        "for",
        "himself:",
        "the",
        "Lᴏʀᴅ",
        "will",
        "hear",
        "when",
        "I",
        "call",
        "unto",
        "him."
      ],
      "header": "",
      "footer": ""
    },
    {
      "book_name": "Psalms",
      "chapter": 4,
      "verse": 4,
      "text": [
        "Stand",
        "in",
        "awe,",
        "and",
        "sin",
        "not:",
        "commune",
        "with",
        "your",
        "own",
        "heart",
        "upon",
        "your",
        "bed,",
        "and",
        "be",
        "still.",
        "Selah."
      ],
      "header": "",
      "footer": ""
    },
    {
      "book_name": "Psalms",
      "chapter": 4,
      "verse": 5,
      "text": [
        "Offer",
        "the",
        "sacrifices",
        "of",
        "righteousness,",
        "and",
        "put",
        "your",
        "trust",
        "in",
        "the",
        "Lᴏʀᴅ."
      ],
      "header": "",
      "footer": ""
    },
    {
      "book_name": "Psalms",
      "chapter": 4,
      "verse": 6,
      "text": [
        "*There",
        "*be",
        "many",
        "that",
        "say,",
        "Who",
        "will",
        "shew",
        "us",
        "*any",
        "good?",
        "Lᴏʀᴅ,",
        "lift",
        "thou",
        "up",
        "the",
        "light",
        "of",
        "thy",
        "countenance",
        "upon",
        "us."
      ],
      "header": "",
      "footer": ""
    },
    {
      "book_name": "Psalms",
      "chapter": 4,
      "verse": 7,
      "text": [
        "Thou",
        "hast",
        "put",
        "gladness",
        "in",
        "my",
        "heart,",
        "more",
        "than",
        "in",
        "the",
        "time",
        "*that",
        "their",
        "corn",
        "and",
        "their",
        "wine",
        "increased."
      ],
      "header": "",
      "footer": ""
    },
    {
      "book_name": "Psalms",
      "chapter": 4,
      "verse": 8,
      "text": [
        "I",
        "will",
        "both",
        "lay",
        "me",
        "down",
        "in",
        "peace,",
        "and",
        "sleep:",
        "for",
        "thou,",
        "Lᴏʀᴅ,",
        "only",
        "makest",
        "me",
        "dwell",
        "in",
        "safety."
      ],
      "header": "",
      "footer": ""
    }
  ]
}