{
  "book_name": "Psalms",
  "chapter": 40,
  "verses": [
    {
      "book_name": "Psalms",
      "chapter": 40,
      "verse": 1,
      "text": [
        "I",
        "waited",
        "patiently",
        "for",
        "the",
        "Lᴏʀᴅ;",
        "and",
        "he",
        "inclined",
        "unto",
        "me,",
        "and",
        "heard",
        "my",
        "cry."
      ],
      "header": "**¶ To the chief Musician, A Psalm of David.**",
      "footer": ""
    },
    {
      "book_name": "Psalms",
      "chapter": 40,
      "verse": 2,
      "text": [
        "He",
        "brought",
        "me",
        "up",
        "also",
        "out",
        "of",
        "an",
        "horrible",
        "pit,",
        "out",
        "of",
        "the",
        "miry",
        "clay,",
        "and",
        "set",
        "my",
        "feet",
        "upon",
        "a",
        "rock,",
        "*and",
        "established",
        "my",
        "goings."
      ],
      "header": "",
      "footer": ""
    },
    {
      "book_name": "Psalms",
      "chapter": 40,
      "verse": 3,
      "text": [
        "And",
        "he",
        "hath",
        "put",
        "a",
        "new",
        "song",
        "in",
        "my",
        "mouth,",
        "*even",
        "praise",
        "unto",
        "our",
        "God:",
        "many",
        "shall",
        "see",
        "*it,",
        "and",
        "fear,",
        "and",
        "shall",
        "trust",
        "in",
        "the",
        "Lᴏʀᴅ."
      ],
      "header": "",
      "footer": ""
    },
    {
      "book_name": "Psalms",
      "chapter": 40,
      "verse": 4,
      "text": [
        "Blessed",
        "*is",
        "that",
        "man",
        "that",
        "maketh",
        "the",
        "Lᴏʀᴅ",
        "his",
        "trust,",
        "and",
        "respecteth",
        "not",
        "the",
        "proud,",
        "nor",
        "such",
        "as",
        "turn",
        "aside",
        "to",
        "lies."
      ],
      "header": "",
      "footer": ""
    },
    {
      "book_name": "Psalms",
      "chapter": 40,
      "verse": 5,
      "text": [
        "Many,",
        "O",
        "Lᴏʀᴅ",
        "my",
        "God,",
        "*are",
        "thy",
        "wonderful",
        "works",
        "*which",
        "thou",
        "hast",
        "done,",
        "and",
        "thy",
        "thoughts",
        "*which",
        "*are",
        "to",
        "us-ward:",
        "they",
        "cannot",
        "be",
        "reckoned",
        "up",
        "in",
        "order",
        "unto",
        "thee:",
        "*if",
        "I",
        "would",
        "declare",
        "and",
        "speak",
        "*of",
        "*them,",
        "they",
        "are",
        "more",
        "than",
        "can",
        "be",
        "numbered."
      ],
      "header": "",
      "footer": ""
    },
    {
      "book_name": "Psalms",
      "chapter": 40,
      "verse": 6,
      "text": [
        "Sacrifice",
        "and",
        "offering",
        "thou",
        "didst",
        "not",
        "desire;",
        "mine",
        "ears",
        "hast",
        "thou",
        "opened:",
        "burnt",
        "offering",
        "and",
        "sin",
        "offering",
        "hast",
        "thou",
        "not",
        "required."
      ],
      "header": "",
      "footer": ""
    },
    {
      "book_name": "Psalms",
      "chapter": 40,
      "verse": 7,
      "text": [
        "Then",
        "said",
        "I,",
        "Lo,",
        "I",
        "come:",
        "in",
        "the",
        "volume",
        "of",
        "the",
        "book",
        "*it",
        "*is",
        "written",
        "of",
        "me,"
      ],
      "header": "",
      "footer": ""
    },
    {
      "book_name": "Psalms",
      "chapter": 40,
      "verse": 8,
      "text": [
        "I",
        "delight",
        "to",
        "do",
        "thy",
        "will,",
        "O",
        "my",
        "God:",
        "yea,",
        "thy",
        "law",
        "*is",
        "within",
        "my",
        "heart."
      ],
      "header": "",
      "footer": ""
    },
    {
      "book_name": "Psalms",
      "chapter": 40,
      "verse": 9,
      "text": [
        "I",
        "have",
        "preached",
        "righteousness",
        "in",
        "the",
        "great",
        "congregation:",
        "lo,",
        "I",
        "have",
        "not",
        "refrained",
        "my",
        "lips,",
        "O",
        "Lᴏʀᴅ,",
        "thou",
        "knowest."
      ],
      "header": "",
      "footer": ""
    },
    {
      "book_name": "Psalms",
      "chapter": 40,
      "verse": 10,
      "text": [
        "I",
        "have",
        "not",
        "hid",
        "thy",
        "righteousness",
        "within",
        "my",
        "heart;",
        "I",
        "have",
        "declared",
        "thy",
        "faithfulness",
        "and",
        "thy",
        "salvation:",
        "I",
        "have",
        "not",
        "concealed",
        "thy",
        "lovingkindness",
        "and",
        "thy",
        "truth",
        "from",
        "the",
        "great",
        "congregation."
      ],
      "header": "",
      "footer": ""
    },
    {
      "book_name": "Psalms",
      "chapter": 40,
      "verse": 11,
      "text": [
        "Withhold",
        "not",
        "thou",
        "thy",
        "tender",
        "mercies",
        "from",
        "me,",
        "O",
        "Lᴏʀᴅ:",
        "let",
        "thy",
        "lovingkindness",
        "and",
        "thy",
        "truth",
        "continually",
        "preserve",
        "me."
      ],
      "header": "",
      "footer": ""
    },
    {
      "book_name": "Psalms",
      "chapter": 40,
      "verse": 12,
      "text": [
        "For",
        "innumerable",
        "evils",
        "have",
        "compassed",
        "me",
        "about:",
        "mine",
        "iniquities",
        "have",
        "taken",
        "hold",
        "upon",
        "me,",
        "so",
        "that",
        "I",
        "am",
        "not",
        "able",
        "to",
        "look",
        "up;",
        "they",
        "are",
        "more",
        "than",
        "the",
        "hairs",
        "of",
        "mine",
        "head:",
        "therefore",
        "my",
        "heart",
        "faileth",
        "me."
      ],
      "header": "",
      "footer": ""
    },
    {
      "book_name": "Psalms",
      "chapter": 40,
      "verse": 13,
      "text": [
        "Be",
        "pleased,",
        "O",
        "Lᴏʀᴅ,",
        "to",
        "deliver",
        "me:",
        "O",
        "Lᴏʀᴅ,",
        "make",
        "haste",
        "to",
        "help",
        "me."
      ],
      "header": "",
      "footer": ""
    },
    {
      "book_name": "Psalms",
      "chapter": 40,
      "verse": 14,
      "text": [
        "Let",
        "them",
        "be",
        "ashamed",
        "and",
        "confounded",
        "together",
        "that",
        "seek",
        "after",
        "my",
        "soul",
        "to",
        "destroy",
        "it;",
        "let",
        "them",
        "be",
        "driven",
        "backward",
        "and",
        "put",
        "to",
        "shame",
        "that",
        "wish",
        "me",
        "evil."
      ],
      "header": "",
      "footer": ""
    },
    {
      "book_name": "Psalms",
      "chapter": 40,
      "verse": 15,
      "text": [
        "Let",
        "them",
        "be",
        "desolate",
        "for",
        "a",
        "reward",
        "of",
        "their",
        "shame",
        "that",
        "say",
        "unto",
        "me,",
        "Aha,",
        "aha."
      ],
      "header": "",
      "footer": ""
    },
    {
      "book_name": "Psalms",
      "chapter": 40,
      "verse": 16,
      "text": [
        "Let",
        "all",
        "those",
        "that",
        "seek",
        "thee",
        "rejoice",
        "and",
        "be",
        "glad",
        "in",
        "thee:",
        "let",
        "such",
        "as",
        "love",
        "thy",
        "salvation",
        "say",
        "continually,",
        "The",
        "Lᴏʀᴅ",
        "be",
        "magnified."
      ],
      "header": "",
      "footer": ""
    },
    {
      "book_name": "Psalms",
      "chapter": 40,
      "verse": 17,
      "text": [
        "But",
        "I",
        "*am",
        "poor",
        "and",
        "needy;",
        "*yet",
        "the",
        "Lord",
        "thinketh",
        "upon",
        "me:",
        "thou",
        "*art",
        "my",
        "help",
        "and",
        "my",
        "deliverer;",
        "make",
        "no",
        "tarrying,",
        "O",
        "my",
        "God."
      ],
      "header": "",
      "footer": ""
    }
  ]
}