{
  "book_name": "Psalms",
  "chapter": 44,
  "verses": [
    {
      "book_name": "Psalms",
      "chapter": 44,
      "verse": 1,
      "text": [
        "We",
        "have",
        "heard",
        "with",
        "our",
        "ears,",
        "O",
        "God,",
        "our",
        "fathers",
        "have",
        "told",
        "us,",
        "*what",
        "work",
        "thou",
        "didst",
        "in",
        "their",
        "days,",
        "in",
        "the",
        "times",
        "of",
        "old."
      ],
      "header": "**¶ To the chief Musician for the sons of Korah, Maschil.**",
      "footer": ""
    },
    {
      "book_name": "Psalms",
      "chapter": 44,
      "verse": 2,
      "text": [
        "*How",
        "thou",
        "didst",
        "drive",
        "out",
        "the",
        "heathen",
        "with",
        "thy",
        "hand,",
        "and",
        "plantedst",
        "them;",
        "*how",
        "thou",
        "didst",
        "afflict",
        "the",
        "people,",
        "and",
        "cast",
        "them",
        "out."
      ],
      "header": "",
      "footer": ""
    },
    {
      "book_name": "Psalms",
      "chapter": 44,
      "verse": 3,
      "text": [
        "For",
        "they",
        "got",
        "not",
        "the",
        "land",
        "in",
        "possession",
        "by",
        "their",
        "own",
        "sword,",
        "neither",
        "did",
        "their",
        "own",
        "arm",
        "save",
        "them:",
        "but",
        "thy",
        "right",
        "hand,",
        "and",
        "thine",
        "arm,",
        "and",
        "the",
        "light",
        "of",
        "thy",
        "countenance,",
        "because",
        "thou",
        "hadst",
        "a",
        "favour",
        "unto",
        "them."
      ],
      "header": "",
      "footer": ""
    },
    {
      "book_name": "Psalms",
      "chapter": 44,
      "verse": 4,
      "text": [
        "Thou",
        "art",
        "my",
        "King,",
        "O",
        "God:",
        "command",
        "deliverances",
        "for",
        "Jacob."
      ],
      "header": "",
      "footer": ""
    },
    {
      "book_name": "Psalms",
      "chapter": 44,
      "verse": 5,
      "text": [
        "Through",
        "thee",
        "will",
        "we",
        "push",
        "down",
        "our",
        "enemies:",
        "through",
        "thy",
        "name",
        "will",
        "we",
        "tread",
        "them",
        "under",
        "that",
        "rise",
        "up",
        "against",
        "us."
      ],
      "header": "",
      "footer": ""
    },
    {
      "book_name": "Psalms",
      "chapter": 44,
      "verse": 6,
      "text": [
        "For",
        "I",
        "will",
        "not",
        "trust",
        "in",
        "my",
        "bow,",
        "neither",
        "shall",
        "my",
        "sword",
        "save",
        "me."
      ],
      "header": "",
      "footer": ""
    },
    {
      "book_name": "Psalms",
      "chapter": 44,
      "verse": 7,
      "text": [
        "But",
        "thou",
        "hast",
        "saved",
        "us",
        "from",
        "our",
        "enemies,",
        "and",
        "hast",
        "put",
        "them",
        "to",
        "shame",
        "that",
        "hated",
        "us."
      ],
      "header": "",
      "footer": ""
    },
    {
      "book_name": "Psalms",
      "chapter": 44,
      "verse": 8,
      "text": [
        "In",
        "God",
        "we",
        "boast",
        "all",
        "the",
        "day",
        "long,",
        "and",
        "praise",
        "thy",
        "name",
        "for",
        "ever.",
        "Selah."
      ],
      "header": "",
      "footer": ""
    },
    {
      "book_name": "Psalms",
      "chapter": 44,
      "verse": 9,
      "text": [
        "But",
        "thou",
        "hast",
        "cast",
        "off,",
        "and",
        "put",
        "us",
        "to",
        "shame;",
        "and",
        "goest",
        "not",
        "forth",
        "with",
        "our",
        "armies."
      ],
      "header": "",
      "footer": ""
    },
    {
      "book_name": "Psalms",
      "chapter": 44,
      "verse": 10,
      "text": [
        "Thou",
        "makest",
        "us",
        "to",
        "turn",
        "back",
        "from",
        "the",
        "enemy:",
        "and",
        "they",
        "which",
        "hate",
        "us",
        "spoil",
        "for",
        "themselves."
      ],
      "header": "",
      "footer": ""
    },
    {
      "book_name": "Psalms",
      "chapter": 44,
      "verse": 11,
      "text": [
        "Thou",
        "hast",
        "given",
        "us",
        "like",
        "sheep",
        "*appointed",
        "for",
        "meat;",
        "and",
        "hast",
        "scattered",
        "us",
        "among",
        "the",
        "heathen."
      ],
      "header": "",
      "footer": ""
    },
    {
      "book_name": "Psalms",
      "chapter": 44,
      "verse": 12,
      "text": [
        "Thou",
        "sellest",
        "thy",
        "people",
        "for",
        "nought,",
        "and",
        "dost",
        "not",
        "increase",
        "*thy",
        "*wealth",
        "by",
        "their",
        "price."
      ],
      "header": "",
      "footer": ""
    },
    {
      "book_name": "Psalms",
      "chapter": 44,
      "verse": 13,
      "text": [
        "Thou",
        "makest",
        "us",
        "a",
        "reproach",
        "to",
        "our",
        "neighbours,",
        "a",
        "scorn",
        "and",
        "a",
        "derision",
        "to",
        "them",
        "that",
        "are",
        "round",
        "about",
        "us."
      ],
      "header": "",
      "footer": ""
    },
    {
      "book_name": "Psalms",
      "chapter": 44,
      "verse": 14,
      "text": [
        "Thou",
        "makest",
        "us",
        "a",
        "byword",
        "among",
        "the",
        "heathen,",
        "a",
        "shaking",
        "of",
        "the",
        "head",
        "among",
        "the",
        "people."
      ],
      "header": "",
      "footer": ""
    },
    {
      "book_name": "Psalms",
      "chapter": 44,
      "verse": 15,
      "text": [
        "My",
        "confusion",
        "*is",
        "continually",
        "before",
        "me,",
        "and",
        "the",
        "shame",
        "of",
        "my",
        "face",
        "hath",
        "covered",
        "me,"
      ],
      "header": "",
      "footer": ""
    },
    {
      "book_name": "Psalms",
      "chapter": 44,
      "verse": 16,
      "text": [
        "For",
        "the",
        "voice",
        "of",
        "him",
        "that",
        "reproacheth",
        "and",
        "blasphemeth;",
        "by",
        "reason",
        "of",
        "the",
        "enemy",
        "and",
        "avenger."
      ],
      "header": "",
      "footer": ""
    },
    {
      "book_name": "Psalms",
      "chapter": 44,
      "verse": 17,
      "text": [
        "All",
        "this",
        "is",
        "come",
        "upon",
        "us;",
        "yet",
        "have",
        "we",
        "not",
        "forgotten",
        "thee,",
        "neither",
        "have",
        "we",
        "dealt",
        "falsely",
        "in",
        "thy",
        "covenant."
      ],
      "header": "",
      "footer": ""
    },
    {
      "book_name": "Psalms",
      "chapter": 44,
      "verse": 18,
      "text": [
        "Our",
        "heart",
        "is",
        "not",
        "turned",
        "back,",
        "neither",
        "have",
        "our",
        "steps",
        "declined",
        "from",
        "thy",
        "way;"
      ],
      "header": "",
      "footer": ""
    },
    {
      "book_name": "Psalms",
      "chapter": 44,
      "verse": 19,
      "text": [
        "Though",
        "thou",
        "hast",
        "sore",
        "broken",
        "us",
        "in",
        "the",
        "place",
        "of",
        "dragons,",
        "and",
        "covered",
        "us",
        "with",
        "the",
        "shadow",
        "of",
        "death."
      ],
      "header": "",
      "footer": ""
    },
    {
      "book_name": "Psalms",
      "chapter": 44,
      "verse": 20,
      "text": [
        "If",
        "we",
        "have",
        "forgotten",
        "the",
        "name",
        "of",
        "our",
        "God,",
        "or",
        "stretched",
        "out",
        "our",
        "hands",
        "to",
        "a",
        "strange",
        "god;"
      ],
      "header": "",
      "footer": ""
    },
    {
      "book_name": "Psalms",
      "chapter": 44,
      "verse": 21,
      "text": [
        "Shall",
        "not",
        "God",
        "search",
        "this",
        "out?",
        "for",
        "he",
        "knoweth",
        "the",
        "secrets",
        "of",
        "the",
        "heart."
      ],
      "header": "",
      "footer": ""
    },
    {
      "book_name": "Psalms",
      "chapter": 44,
      "verse": 22,
      "text": [
        "Yea,",
        "for",
        "thy",
        "sake",
        "are",
        "we",
        "killed",
        "all",
        "the",
        "day",
        "long;",
        "we",
        "are",
        "counted",
        "as",
        "sheep",
        "for",
        "the",
        "slaughter."
      ],
      "header": "",
      "footer": ""
    },
    {
      "book_name": "Psalms",
      "chapter": 44,
      "verse": 23,
      "text": [
        "Awake,",
        "why",
        "sleepest",
        "thou,",
        "O",
        "Lord?",
        "arise,",
        "cast",
        "*us",
        "not",
        "off",
        "for",
        "ever."
      ],
      "header": "",
      "footer": ""
    },
    {
      "book_name": "Psalms",
      "chapter": 44,
      "verse": 24,
      "text": [
        "Wherefore",
        "hidest",
        "thou",
        "thy",
        "face,",
        "*and",
        "forgettest",
        "our",
        "affliction",
        "and",
        "our",
        "oppression?"
      ],
      "header": "",
      "footer": ""
    },
    {
      "book_name": "Psalms",
      "chapter": 44,
      "verse": 25,
      "text": [
        "For",
        "our",
        "soul",
        "is",
        "bowed",
        "down",
        "to",
        "the",
        "dust:",
        "our",
        "belly",
        "cleaveth",
        "unto",
        "the",
        "earth."
      ],
      "header": "",
      "footer": ""
    },
    {
      "book_name": "Psalms",
      "chapter": 44,
      "verse": 26,
      "text": [
        "Arise",
        "for",
        "our",
        "help,",
        "and",
        "redeem",
        "us",
        "for",
        "thy",
        "mercies'",
        "sake."
      ],
      "header": "",
      "footer": ""
    }
  ]
}