{
  "book_name": "Psalms",
  "chapter": 48,
  "verses": [
    {
      "book_name": "Psalms",
      "chapter": 48,
      "verse": 1,
      "text": [
        "Great",
        "*is",
        "the",
        "Lᴏʀᴅ,",
        "and",
        "greatly",
        "to",
        "be",
        "praised",
        "in",
        "the",
        "city",
        "of",
        "our",
        "God,",
        "*in",
        "the",
        "mountain",
        "of",
        "his",
        "holiness."
      ],
      "header": "**¶ A Song *and* Psalm for the sons of Korah.**",
      "footer": ""
    },
    {
      "book_name": "Psalms",
      "chapter": 48,
      "verse": 2,
      "text": [
        "Beautiful",
        "for",
        "situation,",
        "the",
        "joy",
        "of",
        "the",
        "whole",
        "earth,",
        "*is",
        "mount",
        "Zion,",
        "*on",
        "the",
        "sides",
        "of",
        "the",
        "north,",
        "the",
        "city",
        "of",
        "the",
        "great",
        "King."
      ],
      "header": "",
      "footer": ""
    },
    {
      "book_name": "Psalms",
      "chapter": 48,
      "verse": 3,
      "text": [
        "God",
        "is",
        "known",
        "in",
        "her",
        "palaces",
        "for",
        "a",
        "refuge."
      ],
      "header": "",
      "footer": ""
    },
    {
      "book_name": "Psalms",
      "chapter": 48,
      "verse": 4,
      "text": [
        "For,",
        "lo,",
        "the",
        "kings",
        "were",
        "assembled,",
        "they",
        "passed",
        "by",
        "together."
      ],
      "header": "",
      "footer": ""
    },
    {
      "book_name": "Psalms",
      "chapter": 48,
      "verse": 5,
      "text": [
        "They",
        "saw",
        "*it,",
        "*and",
        "so",
        "they",
        "marvelled;",
        "they",
        "were",
        "troubled,",
        "*and",
        "hasted",
        "away."
      ],
      "header": "",
      "footer": ""
    },
    {
      "book_name": "Psalms",
      "chapter": 48,
      "verse": 6,
      "text": [
        "Fear",
        "took",
        "hold",
        "upon",
        "them",
        "there,",
        "*and",
        "pain,",
        "as",
        "of",
        "a",
        "woman",
        "in",
        "travail."
      ],
      "header": "",
      "footer": ""
    },
    {
      "book_name": "Psalms",
      "chapter": 48,
      "verse": 7,
      "text": [
        "Thou",
        "breakest",
        "the",
        "ships",
        "of",
        "Tarshish",
        "with",
        "an",
        "east",
        "wind."
      ],
      "header": "",
      "footer": ""
    },
    {
      "book_name": "Psalms",
      "chapter": 48,
      "verse": 8,
      "text": [
        "As",
        "we",
        "have",
        "heard,",
        "so",
        "have",
        "we",
        "seen",
        "in",
        "the",
        "city",
        "of",
        "the",
        "Lᴏʀᴅ",
        "of",
        "hosts,",
        "in",
        "the",
        "city",
        "of",
        "our",
        "God:",
        "God",
        "will",
        "establish",
        "it",
        "for",
        "ever.",
        "Selah."
      ],
      "header": "",
      "footer": ""
    },
    {
      "book_name": "Psalms",
      "chapter": 48,
      "verse": 9,
      "text": [
        "We",
        "have",
        "thought",
        "of",
        "thy",
        "lovingkindness,",
        "O",
        "God,",
        "in",
        "the",
        "midst",
        "of",
        "thy",
        "temple."
      ],
      "header": "",
      "footer": ""
    },
    {
      "book_name": "Psalms",
      "chapter": 48,
      "verse": 10,
      "text": [
        "According",
        "to",
        "thy",
        "name,",
        "O",
        "God,",
        "so",
        "*is",
        "thy",
        "praise",
        "unto",
        "the",
        "ends",
        "of",
        "the",
        "earth:",
        "thy",
        "right",
        "hand",
        "is",
        "full",
        "of",
        "righteousness."
      ],
      "header": "",
      "footer": ""
    },
    {
      "book_name": "Psalms",
      "chapter": 48,
      "verse": 11,
      "text": [
        "Let",
        "mount",
        "Zion",
        "rejoice,",
        "let",
        "the",
        "daughters",
        "of",
        "Judah",
        "be",
        "glad,",
        "because",
        "of",
        "thy",
        "judgments."
      ],
      "header": "",
      "footer": ""
    },
    {
      "book_name": "Psalms",
      "chapter": 48,
      "verse": 12,
      "text": [
        "Walk",
        "about",
        "Zion,",
        "and",
        "go",
        "round",
        "about",
        "her:",
        "tell",
        "the",
        "towers",
        "thereof."
      ],
      "header": "",
      "footer": ""
    },
    {
      "book_name": "Psalms",
      "chapter": 48,
      "verse": 13,
      "text": [
        "Mark",
        "ye",
        "well",
        "her",
        "bulwarks,",
        "consider",
        "her",
        "palaces;",
        "that",
        "ye",
        "may",
        "tell",
        "*it",
        "to",
        "the",
        "generation",
        "following."
      ],
      "header": "",
      "footer": ""
    },
    {
      "book_name": "Psalms",
      "chapter": 48,
      "verse": 14,
      "text": [
        "For",
        "this",
        "God",
        "*is",
        "our",
        "God",
        "for",
        "ever",
        "and",
        "ever:",
        "he",
        "will",
        "be",
        "our",
        "guide",
        "*even",
        "unto",
        "death."
      ],
      "header": "",
      "footer": ""
    }
  ]
}