{
  "book_name": "Psalms",
  "chapter": 49,
  "verses": [
    {
      "book_name": "Psalms",
      "chapter": 49,
      "verse": 1,
      "text": [
        "Hear",
        "this,",
        "all",
        "*ye",
        "people;",
        "give",
        "ear,",
        "all",
        "*ye",
        "inhabitants",
        "of",
        "the",
        "world:"
      ],
      "header": "**¶ To the chief Musician, A Psalm for the sons of Korah.**",
      "footer": ""
    },
    {
      "book_name": "Psalms",
      "chapter": 49,
      "verse": 2,
      "text": [
        "Both",
        "low",
        "and",
        "high,",
        "rich",
        "and",
        "poor,",
        "together."
      ],
      "header": "",
      "footer": ""
    },
    {
      "book_name": "Psalms",
      "chapter": 49,
      "verse": 3,
      "text": [
        "My",
        "mouth",
        "shall",
        "speak",
        "of",
        "wisdom;",
        "and",
        "the",
        "meditation",
        "of",
        "my",
        "heart",
        "*shall",
        "*be",
        "of",
        "understanding."
      ],
      "header": "",
      "footer": ""
    },
    {
      "book_name": "Psalms",
      "chapter": 49,
      "verse": 4,
      "text": [
        "I",
        "will",
        "incline",
        "mine",
        "ear",
        "to",
        "a",
        "parable:",
        "I",
        "will",
        "open",
        "my",
        "dark",
        "saying",
        "upon",
        "the",
        "harp."
      ],
      "header": "",
      "footer": ""
    },
    {
      "book_name": "Psalms",
      "chapter": 49,
      "verse": 5,
      "text": [
        "Wherefore",
        "should",
        "I",
        "fear",
        "in",
        "the",
        "days",
        "of",
        "evil,",
        "*when",
        "the",
        "iniquity",
        "of",
        "my",
        "heels",
        "shall",
        "compass",
        "me",
        "about?"
      ],
      "header": "",
      "footer": ""
    },
    {
      "book_name": "Psalms",
      "chapter": 49,
      "verse": 6,
      "text": [
        "They",
        "that",
        "trust",
        "in",
        "their",
        "wealth,",
        "and",
        "boast",
        "themselves",
        "in",
        "the",
        "multitude",
        "of",
        "their",
        "riches;"
      ],
      "header": "",
      "footer": ""
    },
    {
      "book_name": "Psalms",
      "chapter": 49,
      "verse": 7,
      "text": [
        "None",
        "*of",
        "*them",
        "can",
        "by",
        "any",
        "means",
        "redeem",
        "his",
        "brother,",
        "nor",
        "give",
        "to",
        "God",
        "a",
        "ransom",
        "for",
        "him:"
      ],
      "header": "",
      "footer": ""
    },
    {
      "book_name": "Psalms",
      "chapter": 49,
      "verse": 8,
      "text": [
        "(For",
        "the",
        "redemption",
        "of",
        "their",
        "soul",
        "*is",
        "precious,",
        "and",
        "it",
        "ceaseth",
        "for",
        "ever:)"
      ],
      "header": "",
      "footer": ""
    },
    {
      "book_name": "Psalms",
      "chapter": 49,
      "verse": 9,
      "text": [
        "That",
        "he",
        "should",
        "still",
        "live",
        "for",
        "ever,",
        "*and",
        "not",
        "see",
        "corruption."
      ],
      "header": "",
      "footer": ""
    },
    {
      "book_name": "Psalms",
      "chapter": 49,
      "verse": 10,
      "text": [
        "For",
        "he",
        "seeth",
        "*that",
        "wise",
        "men",
        "die,",
        "likewise",
        "the",
        "fool",
        "and",
        "the",
        "brutish",
        "person",
        "perish,",
        "and",
        "leave",
        "their",
        "wealth",
        "to",
        "others."
      ],
      "header": "",
      "footer": ""
    },
    {
      "book_name": "Psalms",
      "chapter": 49,
      "verse": 11,
      "text": [
        "Their",
        "inward",
        "thought",
        "*is,",
        "*that",
        "their",
        "houses",
        "*shall",
        "*continue",
        "for",
        "ever,",
        "*and",
        "their",
        "dwelling",
        "places",
        "to",
        "all",
        "generations;",
        "they",
        "call",
        "*their",
        "lands",
        "after",
        "their",
        "own",
        "names."
      ],
      "header": "",
      "footer": ""
    },
    {
      "book_name": "Psalms",
      "chapter": 49,
      "verse": 12,
      "text": [
        "Nevertheless",
        "man",
        "*being",
        "in",
        "honour",
        "abideth",
        "not:",
        "he",
        "is",
        "like",
        "the",
        "beasts",
        "*that",
        "perish."
      ],
      "header": "",
      "footer": ""
    },
    {
      "book_name": "Psalms",
      "chapter": 49,
      "verse": 13,
      "text": [
        "This",
        "their",
        "way",
        "*is",
        "their",
        "folly:",
        "yet",
        "their",
        "posterity",
        "approve",
        "their",
        "sayings.",
        "Selah."
      ],
      "header": "",
      "footer": ""
    },
    {
      "book_name": "Psalms",
      "chapter": 49,
      "verse": 14,
      "text": [
        "Like",
        "sheep",
        "they",
        "are",
        "laid",
        "in",
        "the",
        "grave;",
        "death",
        "shall",
        "feed",
        "on",
        "them;",
        "and",
        "the",
        "upright",
        "shall",
        "have",
        "dominion",
        "over",
        "them",
        "in",
        "the",
        "morning;",
        "and",
        "their",
        "beauty",
        "shall",
        "consume",
        "in",
        "the",
        "grave",
        "from",
        "their",
        "dwelling."
      ],
      "header": "",
      "footer": ""
    },
    {
      "book_name": "Psalms",
      "chapter": 49,
      "verse": 15,
      "text": [
        "But",
        "God",
        "will",
        "redeem",
        "my",
        "soul",
        "from",
        "the",
        "power",
        "of",
        "the",
        "grave:",
        "for",
        "he",
        "shall",
        "receive",
        "me.",
        "Selah."
      ],
      "header": "",
      "footer": ""
    },
    {
      "book_name": "Psalms",
      "chapter": 49,
      "verse": 16,
      "text": [
        "Be",
        "not",
        "thou",
        "afraid",
        "when",
        "one",
        "is",
        "made",
        "rich,",
        "when",
        "the",
        "glory",
        "of",
        "his",
        "house",
        "is",
        "increased;"
      ],
      "header": "",
      "footer": ""
    },
    {
      "book_name": "Psalms",
      "chapter": 49,
      "verse": 17,
      "text": [
        "For",
        "when",
        "he",
        "dieth",
        "he",
        "shall",
        "carry",
        "nothing",
        "away:",
        "his",
        "glory",
        "shall",
        "not",
        "descend",
        "after",
        "him."
      ],
      "header": "",
      "footer": ""
    },
    {
      "book_name": "Psalms",
      "chapter": 49,
      "verse": 18,
      "text": [
        "Though",
        "while",
        "he",
        "lived",
        "he",
        "blessed",
        "his",
        "soul:",
        "and",
        "*men",
        "will",
        "praise",
        "thee,",
        "when",
        "thou",
        "doest",
        "well",
        "to",
        "thyself."
      ],
      "header": "",
      "footer": ""
    },
    {
      "book_name": "Psalms",
      "chapter": 49,
      "verse": 19,
      "text": [
        "He",
        "shall",
        "go",
        "to",
        "the",
        "generation",
        "of",
        "his",
        "fathers;",
        "they",
        "shall",
        "never",
        "see",
        "light."
      ],
      "header": "",
      "footer": ""
    },
    {
      "book_name": "Psalms",
      "chapter": 49,
      "verse": 20,
      "text": [
        "Man",
        "*that",
        "*is",
        "in",
        "honour,",
        "and",
        "understandeth",
        "not,",
        "is",
        "like",
        "the",
        "beasts",
        "*that",
        "perish."
      ],
      "header": "",
      "footer": ""
    }
  ]
}