{
  "book_name": "Psalms",
  "chapter": 55,
  "verses": [
    {
      "book_name": "Psalms",
      "chapter": 55,
      "verse": 1,
      "text": [
        "Give",
        "ear",
        "to",
        "my",
        "prayer,",
        "O",
        "God;",
        "and",
        "hide",
        "not",
        "thyself",
        "from",
        "my",
        "supplication."
      ],
      "header": "**¶ To the chief Musician on Neginoth, Maschil, *A Psalm* of David.**",
      "footer": ""
    },
    {
      "book_name": "Psalms",
      "chapter": 55,
      "verse": 2,
      "text": [
        "Attend",
        "unto",
        "me,",
        "and",
        "hear",
        "me:",
        "I",
        "mourn",
        "in",
        "my",
        "complaint,",
        "and",
        "make",
        "a",
        "noise;"
      ],
      "header": "",
      "footer": ""
    },
    {
      "book_name": "Psalms",
      "chapter": 55,
      "verse": 3,
      "text": [
        "Because",
        "of",
        "the",
        "voice",
        "of",
        "the",
        "enemy,",
        "because",
        "of",
        "the",
        "oppression",
        "of",
        "the",
        "wicked:",
        "for",
        "they",
        "cast",
        "iniquity",
        "upon",
        "me,",
        "and",
        "in",
        "wrath",
        "they",
        "hate",
        "me."
      ],
      "header": "",
      "footer": ""
    },
    {
      "book_name": "Psalms",
      "chapter": 55,
      "verse": 4,
      "text": [
        "My",
        "heart",
        "is",
        "sore",
        "pained",
        "within",
        "me:",
        "and",
        "the",
        "terrors",
        "of",
        "death",
        "are",
        "fallen",
        "upon",
        "me."
      ],
      "header": "",
      "footer": ""
    },
    {
      "book_name": "Psalms",
      "chapter": 55,
      "verse": 5,
      "text": [
        "Fearfulness",
        "and",
        "trembling",
        "are",
        "come",
        "upon",
        "me,",
        "and",
        "horror",
        "hath",
        "overwhelmed",
        "me."
      ],
      "header": "",
      "footer": ""
    },
    {
      "book_name": "Psalms",
      "chapter": 55,
      "verse": 6,
      "text": [
        "And",
        "I",
        "said,",
        "Oh",
        "that",
        "I",
        "had",
        "wings",
        "like",
        "a",
        "dove!",
        "*for",
        "*then",
        "would",
        "I",
        "fly",
        "away,",
        "and",
        "be",
        "at",
        "rest."
      ],
      "header": "",
      "footer": ""
    },
    {
      "book_name": "Psalms",
      "chapter": 55,
      "verse": 7,
      "text": [
        "Lo,",
        "*then",
        "would",
        "I",
        "wander",
        "far",
        "off,",
        "*and",
        "remain",
        "in",
        "the",
        "wilderness.",
        "Selah."
      ],
      "header": "",
      "footer": ""
    },
    {
      "book_name": "Psalms",
      "chapter": 55,
      "verse": 8,
      "text": [
        "I",
        "would",
        "hasten",
        "my",
        "escape",
        "from",
        "the",
        "windy",
        "storm",
        "*and",
        "tempest."
      ],
      "header": "",
      "footer": ""
    },
    {
      "book_name": "Psalms",
      "chapter": 55,
      "verse": 9,
      "text": [
        "Destroy,",
        "O",
        "Lord,",
        "*and",
        "divide",
        "their",
        "tongues:",
        "for",
        "I",
        "have",
        "seen",
        "violence",
        "and",
        "strife",
        "in",
        "the",
        "city."
      ],
      "header": "",
      "footer": ""
    },
    {
      "book_name": "Psalms",
      "chapter": 55,
      "verse": 10,
      "text": [
        "Day",
        "and",
        "night",
        "they",
        "go",
        "about",
        "it",
        "upon",
        "the",
        "walls",
        "thereof:",
        "mischief",
        "also",
        "and",
        "sorrow",
        "*are",
        "in",
        "the",
        "midst",
        "of",
        "it."
      ],
      "header": "",
      "footer": ""
    },
    {
      "book_name": "Psalms",
      "chapter": 55,
      "verse": 11,
      "text": [
        "Wickedness",
        "*is",
        "in",
        "the",
        "midst",
        "thereof:",
        "deceit",
        "and",
        "guile",
        "depart",
        "not",
        "from",
        "her",
        "streets."
      ],
      "header": "",
      "footer": ""
    },
    {
      "book_name": "Psalms",
      "chapter": 55,
      "verse": 12,
      "text": [
        "For",
        "*it",
        "*was",
        "not",
        "an",
        "enemy",
        "*that",
        "reproached",
        "me;",
        "then",
        "I",
        "could",
        "have",
        "borne",
        "*it:",
        "neither",
        "*was",
        "*it",
        "he",
        "that",
        "hated",
        "me",
        "*that",
        "did",
        "magnify",
        "*himself",
        "against",
        "me;",
        "then",
        "I",
        "would",
        "have",
        "hid",
        "myself",
        "from",
        "him:"
      ],
      "header": "",
      "footer": ""
    },
    {
      "book_name": "Psalms",
      "chapter": 55,
      "verse": 13,
      "text": [
        "But",
        "*it",
        "*was",
        "thou,",
        "a",
        "man",
        "mine",
        "equal,",
        "my",
        "guide,",
        "and",
        "mine",
        "acquaintance."
      ],
      "header": "",
      "footer": ""
    },
    {
      "book_name": "Psalms",
      "chapter": 55,
      "verse": 14,
      "text": [
        "We",
        "took",
        "sweet",
        "counsel",
        "together,",
        "*and",
        "walked",
        "unto",
        "the",
        "house",
        "of",
        "God",
        "in",
        "company."
      ],
      "header": "",
      "footer": ""
    },
    {
      "book_name": "Psalms",
      "chapter": 55,
      "verse": 15,
      "text": [
        "Let",
        "death",
        "seize",
        "upon",
        "them,",
        "*and",
        "let",
        "them",
        "go",
        "down",
        "quick",
        "into",
        "hell:",
        "for",
        "wickedness",
        "*is",
        "in",
        "their",
        "dwellings,",
        "*and",
        "among",
        "them."
      ],
      "header": "",
      "footer": ""
    },
    {
      "book_name": "Psalms",
      "chapter": 55,
      "verse": 16,
      "text": [
        "As",
        "for",
        "me,",
        "I",
        "will",
        "call",
        "upon",
        "God;",
        "and",
        "the",
        "Lᴏʀᴅ",
        "shall",
        "save",
        "me."
      ],
      "header": "",
      "footer": ""
    },
    {
      "book_name": "Psalms",
      "chapter": 55,
      "verse": 17,
      "text": [
        "Evening,",
        "and",
        "morning,",
        "and",
        "at",
        "noon,",
        "will",
        "I",
        "pray,",
        "and",
        "cry",
        "aloud:",
        "and",
        "he",
        "shall",
        "hear",
        "my",
        "voice."
      ],
      "header": "",
      "footer": ""
    },
    {
      "book_name": "Psalms",
      "chapter": 55,
      "verse": 18,
      "text": [
        "He",
        "hath",
        "delivered",
        "my",
        "soul",
        "in",
        "peace",
        "from",
        "the",
        "battle",
        "*that",
        "*was",
        "against",
        "me:",
        "for",
        "there",
        "were",
        "many",
        "with",
        "me."
      ],
      "header": "",
      "footer": ""
    },
    {
      "book_name": "Psalms",
      "chapter": 55,
      "verse": 19,
      "text": [
        "God",
        "shall",
        "hear,",
        "and",
        "afflict",
        "them,",
        "even",
        "he",
        "that",
        "abideth",
        "of",
        "old.",
        "Selah.",
        "Because",
        "they",
        "have",
        "no",
        "changes,",
        "therefore",
        "they",
        "fear",
        "not",
        "God."
      ],
      "header": "",
      "footer": ""
    },
    {
      "book_name": "Psalms",
      "chapter": 55,
      "verse": 20,
      "text": [
        "He",
        "hath",
        "put",
        "forth",
        "his",
        "hands",
        "against",
        "such",
        "as",
        "be",
        "at",
        "peace",
        "with",
        "him:",
        "he",
        "hath",
        "broken",
        "his",
        "covenant."
      ],
      "header": "",
      "footer": ""
    },
    {
      "book_name": "Psalms",
      "chapter": 55,
      "verse": 21,
      "text": [
        "*The",
        "*words",
        "of",
        "his",
        "mouth",
        "were",
        "smoother",
        "than",
        "butter,",
        "but",
        "war",
        "*was",
        "in",
        "his",
        "heart:",
        "his",
        "words",
        "were",
        "softer",
        "than",
        "oil,",
        "yet",
        "*were",
        "they",
        "drawn",
        "swords."
      ],
      "header": "",
      "footer": ""
    },
    {
      "book_name": "Psalms",
      "chapter": 55,
      "verse": 22,
      "text": [
        "Cast",
        "thy",
        "burden",
        "upon",
        "the",
        "Lᴏʀᴅ,",
        "and",
        "he",
        "shall",
        "sustain",
        "thee:",
        "he",
        "shall",
        "never",
        "suffer",
        "the",
        "righteous",
        "to",
        "be",
        "moved."
      ],
      "header": "",
      "footer": ""
    },
    {
      "book_name": "Psalms",
      "chapter": 55,
      "verse": 23,
      "text": [
        "But",
        "thou,",
        "O",
        "God,",
        "shalt",
        "bring",
        "them",
        "down",
        "into",
        "the",
        "pit",
        "of",
        "destruction:",
        "bloody",
        "and",
        "deceitful",
        "men",
        "shall",
        "not",
        "live",
        "out",
        "half",
        "their",
        "days;",
        "but",
        "I",
        "will",
        "trust",
        "in",
        "thee."
      ],
      "header": "",
      "footer": ""
    }
  ]
}