{
  "book_name": "Psalms",
  "chapter": 56,
  "verses": [
    {
      "book_name": "Psalms",
      "chapter": 56,
      "verse": 1,
      "text": [
        "Be",
        "merciful",
        "unto",
        "me,",
        "O",
        "God:",
        "for",
        "man",
        "would",
        "swallow",
        "me",
        "up;",
        "he",
        "fighting",
        "daily",
        "oppresseth",
        "me."
      ],
      "header": "**¶ To the chief Musician upon Jonathelemrechokim, Michtam of David, when the Philistines took him in Gath.**",
      "footer": ""
    },
    {
      "book_name": "Psalms",
      "chapter": 56,
      "verse": 2,
      "text": [
        "Mine",
        "enemies",
        "would",
        "daily",
        "swallow",
        "*me",
        "up:",
        "for",
        "*they",
        "*be",
        "many",
        "that",
        "fight",
        "against",
        "me,",
        "O",
        "thou",
        "most",
        "High."
      ],
      "header": "",
      "footer": ""
    },
    {
      "book_name": "Psalms",
      "chapter": 56,
      "verse": 3,
      "text": [
        "What",
        "time",
        "I",
        "am",
        "afraid,",
        "I",
        "will",
        "trust",
        "in",
        "thee."
      ],
      "header": "",
      "footer": ""
    },
    {
      "book_name": "Psalms",
      "chapter": 56,
      "verse": 4,
      "text": [
        "In",
        "God",
        "I",
        "will",
        "praise",
        "his",
        "word,",
        "in",
        "God",
        "I",
        "have",
        "put",
        "my",
        "trust;",
        "I",
        "will",
        "not",
        "fear",
        "what",
        "flesh",
        "can",
        "do",
        "unto",
        "me."
      ],
      "header": "",
      "footer": ""
    },
    {
      "book_name": "Psalms",
      "chapter": 56,
      "verse": 5,
      "text": [
        "Every",
        "day",
        "they",
        "wrest",
        "my",
        "words:",
        "all",
        "their",
        "thoughts",
        "*are",
        "against",
        "me",
        "for",
        "evil."
      ],
      "header": "",
      "footer": ""
    },
    {
      "book_name": "Psalms",
      "chapter": 56,
      "verse": 6,
      "text": [
        "They",
        "gather",
        "themselves",
        "together,",
        "they",
        "hide",
        "themselves,",
        "they",
        "mark",
        "my",
        "steps,",
        "when",
        "they",
        "wait",
        "for",
        "my",
        "soul."
      ],
      "header": "",
      "footer": ""
    },
    {
      "book_name": "Psalms",
      "chapter": 56,
      "verse": 7,
      "text": [
        "Shall",
        "they",
        "escape",
        "by",
        "iniquity?",
        "in",
        "*thine",
        "anger",
        "cast",
        "down",
        "the",
        "people,",
        "O",
        "God."
      ],
      "header": "",
      "footer": ""
    },
    {
      "book_name": "Psalms",
      "chapter": 56,
      "verse": 8,
      "text": [
        "Thou",
        "tellest",
        "my",
        "wanderings:",
        "put",
        "thou",
        "my",
        "tears",
        "into",
        "thy",
        "bottle:",
        "*are",
        "*they",
        "not",
        "in",
        "thy",
        "book?"
      ],
      "header": "",
      "footer": ""
    },
    {
      "book_name": "Psalms",
      "chapter": 56,
      "verse": 9,
      "text": [
        "When",
        "I",
        "cry",
        "*unto",
        "*thee,",
        "then",
        "shall",
        "mine",
        "enemies",
        "turn",
        "back:",
        "this",
        "I",
        "know;",
        "for",
        "God",
        "*is",
        "for",
        "me."
      ],
      "header": "",
      "footer": ""
    },
    {
      "book_name": "Psalms",
      "chapter": 56,
      "verse": 10,
      "text": [
        "In",
        "God",
        "will",
        "I",
        "praise",
        "*his",
        "word:",
        "in",
        "the",
        "Lᴏʀᴅ",
        "will",
        "I",
        "praise",
        "*his",
        "word."
      ],
      "header": "",
      "footer": ""
    },
    {
      "book_name": "Psalms",
      "chapter": 56,
      "verse": 11,
      "text": [
        "In",
        "God",
        "have",
        "I",
        "put",
        "my",
        "trust:",
        "I",
        "will",
        "not",
        "be",
        "afraid",
        "what",
        "man",
        "can",
        "do",
        "unto",
        "me."
      ],
      "header": "",
      "footer": ""
    },
    {
      "book_name": "Psalms",
      "chapter": 56,
      "verse": 12,
      "text": [
        "Thy",
        "vows",
        "*are",
        "upon",
        "me,",
        "O",
        "God:",
        "I",
        "will",
        "render",
        "praises",
        "unto",
        "thee."
      ],
      "header": "",
      "footer": ""
    },
    {
      "book_name": "Psalms",
      "chapter": 56,
      "verse": 13,
      "text": [
        "For",
        "thou",
        "hast",
        "delivered",
        "my",
        "soul",
        "from",
        "death:",
        "*wilt",
        "not",
        "*thou",
        "*deliver",
        "my",
        "feet",
        "from",
        "falling,",
        "that",
        "I",
        "may",
        "walk",
        "before",
        "God",
        "in",
        "the",
        "light",
        "of",
        "the",
        "living?"
      ],
      "header": "",
      "footer": ""
    }
  ]
}