{
  "book_name": "Psalms",
  "chapter": 58,
  "verses": [
    {
      "book_name": "Psalms",
      "chapter": 58,
      "verse": 1,
      "text": [
        "Do",
        "ye",
        "indeed",
        "speak",
        "righteousness,",
        "O",
        "congregation?",
        "do",
        "ye",
        "judge",
        "uprightly,",
        "O",
        "ye",
        "sons",
        "of",
        "men?"
      ],
      "header": "**¶ To the chief Musician, Altaschith, Michtam of David.**",
      "footer": ""
    },
    {
      "book_name": "Psalms",
      "chapter": 58,
      "verse": 2,
      "text": [
        "Yea,",
        "in",
        "heart",
        "ye",
        "work",
        "wickedness;",
        "ye",
        "weigh",
        "the",
        "violence",
        "of",
        "your",
        "hands",
        "in",
        "the",
        "earth."
      ],
      "header": "",
      "footer": ""
    },
    {
      "book_name": "Psalms",
      "chapter": 58,
      "verse": 3,
      "text": [
        "The",
        "wicked",
        "are",
        "estranged",
        "from",
        "the",
        "womb:",
        "they",
        "go",
        "astray",
        "as",
        "soon",
        "as",
        "they",
        "be",
        "born,",
        "speaking",
        "lies."
      ],
      "header": "",
      "footer": ""
    },
    {
      "book_name": "Psalms",
      "chapter": 58,
      "verse": 4,
      "text": [
        "Their",
        "poison",
        "*is",
        "like",
        "the",
        "poison",
        "of",
        "a",
        "serpent:",
        "*they",
        "*are",
        "like",
        "the",
        "deaf",
        "adder",
        "*that",
        "stoppeth",
        "her",
        "ear;"
      ],
      "header": "",
      "footer": ""
    },
    {
      "book_name": "Psalms",
      "chapter": 58,
      "verse": 5,
      "text": [
        "Which",
        "will",
        "not",
        "hearken",
        "to",
        "the",
        "voice",
        "of",
        "charmers,",
        "charming",
        "never",
        "so",
        "wisely."
      ],
      "header": "",
      "footer": ""
    },
    {
      "book_name": "Psalms",
      "chapter": 58,
      "verse": 6,
      "text": [
        "Break",
        "their",
        "teeth,",
        "O",
        "God,",
        "in",
        "their",
        "mouth:",
        "break",
        "out",
        "the",
        "great",
        "teeth",
        "of",
        "the",
        "young",
        "lions,",
        "O",
        "Lᴏʀᴅ."
      ],
      "header": "",
      "footer": ""
    },
    {
      "book_name": "Psalms",
      "chapter": 58,
      "verse": 7,
      "text": [
        "Let",
        "them",
        "melt",
        "away",
        "as",
        "waters",
        "*which",
        "run",
        "continually:",
        "*when",
        "he",
        "bendeth",
        "*his",
        "*bow",
        "*to",
        "*shoot",
        "his",
        "arrows,",
        "let",
        "them",
        "be",
        "as",
        "cut",
        "in",
        "pieces."
      ],
      "header": "",
      "footer": ""
    },
    {
      "book_name": "Psalms",
      "chapter": 58,
      "verse": 8,
      "text": [
        "As",
        "a",
        "snail",
        "*which",
        "melteth,",
        "let",
        "*every",
        "*one",
        "*of",
        "*them",
        "pass",
        "away:",
        "*like",
        "the",
        "untimely",
        "birth",
        "of",
        "a",
        "woman,",
        "*that",
        "they",
        "may",
        "not",
        "see",
        "the",
        "sun."
      ],
      "header": "",
      "footer": ""
    },
    {
      "book_name": "Psalms",
      "chapter": 58,
      "verse": 9,
      "text": [
        "Before",
        "your",
        "pots",
        "can",
        "feel",
        "the",
        "thorns,",
        "he",
        "shall",
        "take",
        "them",
        "away",
        "as",
        "with",
        "a",
        "whirlwind,",
        "both",
        "living,",
        "and",
        "in",
        "*his",
        "wrath."
      ],
      "header": "",
      "footer": ""
    },
    {
      "book_name": "Psalms",
      "chapter": 58,
      "verse": 10,
      "text": [
        "The",
        "righteous",
        "shall",
        "rejoice",
        "when",
        "he",
        "seeth",
        "the",
        "vengeance:",
        "he",
        "shall",
        "wash",
        "his",
        "feet",
        "in",
        "the",
        "blood",
        "of",
        "the",
        "wicked."
      ],
      "header": "",
      "footer": ""
    },
    {
      "book_name": "Psalms",
      "chapter": 58,
      "verse": 11,
      "text": [
        "So",
        "that",
        "a",
        "man",
        "shall",
        "say,",
        "Verily",
        "*there",
        "*is",
        "a",
        "reward",
        "for",
        "the",
        "righteous:",
        "verily",
        "he",
        "is",
        "a",
        "God",
        "that",
        "judgeth",
        "in",
        "the",
        "earth."
      ],
      "header": "",
      "footer": ""
    }
  ]
}