{
  "book_name": "Psalms",
  "chapter": 6,
  "verses": [
    {
      "book_name": "Psalms",
      "chapter": 6,
      "verse": 1,
      "text": [
        "O",
        "Lᴏʀᴅ,",
        "rebuke",
        "me",
        "not",
        "in",
        "thine",
        "anger,",
        "neither",
        "chasten",
        "me",
        "in",
        "thy",
        "hot",
        "displeasure."
      ],
      "header": "**¶ To the chief Musician on Neginoth upon Sheminith, A Psalm of David.**",
      "footer": ""
    },
    {
      "book_name": "Psalms",
      "chapter": 6,
      "verse": 2,
      "text": [
        "Have",
        "mercy",
        "upon",
        "me,",
        "O",
        "Lᴏʀᴅ;",
        "for",
        "I",
        "*am",
        "weak:",
        "O",
        "Lᴏʀᴅ,",
        "heal",
        "me;",
        "for",
        "my",
        "bones",
        "are",
        "vexed."
      ],
      "header": "",
      "footer": ""
    },
    {
      "book_name": "Psalms",
      "chapter": 6,
      "verse": 3,
      "text": [
        "My",
        "soul",
        "is",
        "also",
        "sore",
        "vexed:",
        "but",
        "thou,",
        "O",
        "Lᴏʀᴅ,",
        "how",
        "long?"
      ],
      "header": "",
      "footer": ""
    },
    {
      "book_name": "Psalms",
      "chapter": 6,
      "verse": 4,
      "text": [
        "Return,",
        "O",
        "Lᴏʀᴅ,",
        "deliver",
        "my",
        "soul:",
        "oh",
        "save",
        "me",
        "for",
        "thy",
        "mercies'",
        "sake."
      ],
      "header": "",
      "footer": ""
    },
    {
      "book_name": "Psalms",
      "chapter": 6,
      "verse": 5,
      "text": [
        "For",
        "in",
        "death",
        "*there",
        "*is",
        "no",
        "remembrance",
        "of",
        "thee:",
        "in",
        "the",
        "grave",
        "who",
        "shall",
        "give",
        "thee",
        "thanks?"
      ],
      "header": "",
      "footer": ""
    },
    {
      "book_name": "Psalms",
      "chapter": 6,
      "verse": 6,
      "text": [
        "I",
        "am",
        "weary",
        "with",
        "my",
        "groaning;",
        "all",
        "the",
        "night",
        "make",
        "I",
        "my",
        "bed",
        "to",
        "swim;",
        "I",
        "water",
        "my",
        "couch",
        "with",
        "my",
        "tears."
      ],
      "header": "",
      "footer": ""
    },
    {
      "book_name": "Psalms",
      "chapter": 6,
      "verse": 7,
      "text": [
        "Mine",
        "eye",
        "is",
        "consumed",
        "because",
        "of",
        "grief;",
        "it",
        "waxeth",
        "old",
        "because",
        "of",
        "all",
        "mine",
        "enemies."
      ],
      "header": "",
      "footer": ""
    },
    {
      "book_name": "Psalms",
      "chapter": 6,
      "verse": 8,
      "text": [
        "Depart",
        "from",
        "me,",
        "all",
        "ye",
        "workers",
        "of",
        "iniquity;",
        "for",
        "the",
        "Lᴏʀᴅ",
        "hath",
        "heard",
        "the",
        "voice",
        "of",
        "my",
        "weeping."
      ],
      "header": "",
      "footer": ""
    },
    {
      "book_name": "Psalms",
      "chapter": 6,
      "verse": 9,
      "text": [
        "The",
        "Lᴏʀᴅ",
        "hath",
        "heard",
        "my",
        "supplication;",
        "the",
        "Lᴏʀᴅ",
        "will",
        "receive",
        "my",
        "prayer."
      ],
      "header": "",
      "footer": ""
    },
    {
      "book_name": "Psalms",
      "chapter": 6,
      "verse": 10,
      "text": [
        "Let",
        "all",
        "mine",
        "enemies",
        "be",
        "ashamed",
        "and",
        "sore",
        "vexed:",
        "let",
        "them",
        "return",
        "*and",
        "be",
        "ashamed",
        "suddenly."
      ],
      "header": "",
      "footer": ""
    }
  ]
}