{
  "book_name": "Psalms",
  "chapter": 60,
  "verses": [
    {
      "book_name": "Psalms",
      "chapter": 60,
      "verse": 1,
      "text": [
        "O",
        "God,",
        "thou",
        "hast",
        "cast",
        "us",
        "off,",
        "thou",
        "hast",
        "scattered",
        "us,",
        "thou",
        "hast",
        "been",
        "displeased;",
        "O",
        "turn",
        "thyself",
        "to",
        "us",
        "again."
      ],
      "header": "**¶ To the chief Musician upon Shushaneduth, Michtam of David, to teach; when he strove with Aramnaharaim and with Aramzobah, when Joab returned, and smote of Edom in the valley of salt twelve thousand.**",
      "footer": ""
    },
    {
      "book_name": "Psalms",
      "chapter": 60,
      "verse": 2,
      "text": [
        "Thou",
        "hast",
        "made",
        "the",
        "earth",
        "to",
        "tremble;",
        "thou",
        "hast",
        "broken",
        "it:",
        "heal",
        "the",
        "breaches",
        "thereof;",
        "for",
        "it",
        "shaketh."
      ],
      "header": "",
      "footer": ""
    },
    {
      "book_name": "Psalms",
      "chapter": 60,
      "verse": 3,
      "text": [
        "Thou",
        "hast",
        "shewed",
        "thy",
        "people",
        "hard",
        "things:",
        "thou",
        "hast",
        "made",
        "us",
        "to",
        "drink",
        "the",
        "wine",
        "of",
        "astonishment."
      ],
      "header": "",
      "footer": ""
    },
    {
      "book_name": "Psalms",
      "chapter": 60,
      "verse": 4,
      "text": [
        "Thou",
        "hast",
        "given",
        "a",
        "banner",
        "to",
        "them",
        "that",
        "fear",
        "thee,",
        "that",
        "it",
        "may",
        "be",
        "displayed",
        "because",
        "of",
        "the",
        "truth.",
        "Selah."
      ],
      "header": "",
      "footer": ""
    },
    {
      "book_name": "Psalms",
      "chapter": 60,
      "verse": 5,
      "text": [
        "That",
        "thy",
        "beloved",
        "may",
        "be",
        "delivered;",
        "save",
        "*with",
        "thy",
        "right",
        "hand,",
        "and",
        "hear",
        "me."
      ],
      "header": "",
      "footer": ""
    },
    {
      "book_name": "Psalms",
      "chapter": 60,
      "verse": 6,
      "text": [
        "God",
        "hath",
        "spoken",
        "in",
        "his",
        "holiness;",
        "I",
        "will",
        "rejoice,",
        "I",
        "will",
        "divide",
        "Shechem,",
        "and",
        "mete",
        "out",
        "the",
        "valley",
        "of",
        "Succoth."
      ],
      "header": "",
      "footer": ""
    },
    {
      "book_name": "Psalms",
      "chapter": 60,
      "verse": 7,
      "text": [
        "Gilead",
        "*is",
        "mine,",
        "and",
        "Manasseh",
        "*is",
        "mine;",
        "Ephraim",
        "also",
        "*is",
        "the",
        "strength",
        "of",
        "mine",
        "head;",
        "Judah",
        "*is",
        "my",
        "lawgiver;"
      ],
      "header": "",
      "footer": ""
    },
    {
      "book_name": "Psalms",
      "chapter": 60,
      "verse": 8,
      "text": [
        "Moab",
        "*is",
        "my",
        "washpot;",
        "over",
        "Edom",
        "will",
        "I",
        "cast",
        "out",
        "my",
        "shoe:",
        "Philistia,",
        "triumph",
        "thou",
        "because",
        "of",
        "me."
      ],
      "header": "",
      "footer": ""
    },
    {
      "book_name": "Psalms",
      "chapter": 60,
      "verse": 9,
      "text": [
        "Who",
        "will",
        "bring",
        "me",
        "*into",
        "the",
        "strong",
        "city?",
        "who",
        "will",
        "lead",
        "me",
        "into",
        "Edom?"
      ],
      "header": "",
      "footer": ""
    },
    {
      "book_name": "Psalms",
      "chapter": 60,
      "verse": 10,
      "text": [
        "*Wilt",
        "not",
        "thou,",
        "O",
        "God,",
        "*which",
        "hadst",
        "cast",
        "us",
        "off?",
        "and",
        "*thou,",
        "O",
        "God,",
        "*which",
        "didst",
        "not",
        "go",
        "out",
        "with",
        "our",
        "armies?"
      ],
      "header": "",
      "footer": ""
    },
    {
      "book_name": "Psalms",
      "chapter": 60,
      "verse": 11,
      "text": [
        "Give",
        "us",
        "help",
        "from",
        "trouble:",
        "for",
        "vain",
        "*is",
        "the",
        "help",
        "of",
        "man."
      ],
      "header": "",
      "footer": ""
    },
    {
      "book_name": "Psalms",
      "chapter": 60,
      "verse": 12,
      "text": [
        "Through",
        "God",
        "we",
        "shall",
        "do",
        "valiantly:",
        "for",
        "he",
        "*it",
        "*is",
        "*that",
        "shall",
        "tread",
        "down",
        "our",
        "enemies."
      ],
      "header": "",
      "footer": ""
    }
  ]
}