{
  "book_name": "Psalms",
  "chapter": 64,
  "verses": [
    {
      "book_name": "Psalms",
      "chapter": 64,
      "verse": 1,
      "text": [
        "Hear",
        "my",
        "voice,",
        "O",
        "God,",
        "in",
        "my",
        "prayer:",
        "preserve",
        "my",
        "life",
        "from",
        "fear",
        "of",
        "the",
        "enemy."
      ],
      "header": "**¶ To the chief Musician, A Psalm of David.**",
      "footer": ""
    },
    {
      "book_name": "Psalms",
      "chapter": 64,
      "verse": 2,
      "text": [
        "Hide",
        "me",
        "from",
        "the",
        "secret",
        "counsel",
        "of",
        "the",
        "wicked;",
        "from",
        "the",
        "insurrection",
        "of",
        "the",
        "workers",
        "of",
        "iniquity:"
      ],
      "header": "",
      "footer": ""
    },
    {
      "book_name": "Psalms",
      "chapter": 64,
      "verse": 3,
      "text": [
        "Who",
        "whet",
        "their",
        "tongue",
        "like",
        "a",
        "sword,",
        "*and",
        "bend",
        "*their",
        "*bows",
        "*to",
        "*shoot",
        "their",
        "arrows,",
        "*even",
        "bitter",
        "words:"
      ],
      "header": "",
      "footer": ""
    },
    {
      "book_name": "Psalms",
      "chapter": 64,
      "verse": 4,
      "text": [
        "That",
        "they",
        "may",
        "shoot",
        "in",
        "secret",
        "at",
        "the",
        "perfect:",
        "suddenly",
        "do",
        "they",
        "shoot",
        "at",
        "him,",
        "and",
        "fear",
        "not."
      ],
      "header": "",
      "footer": ""
    },
    {
      "book_name": "Psalms",
      "chapter": 64,
      "verse": 5,
      "text": [
        "They",
        "encourage",
        "themselves",
        "*in",
        "an",
        "evil",
        "matter:",
        "they",
        "commune",
        "of",
        "laying",
        "snares",
        "privily;",
        "they",
        "say,",
        "Who",
        "shall",
        "see",
        "them?"
      ],
      "header": "",
      "footer": ""
    },
    {
      "book_name": "Psalms",
      "chapter": 64,
      "verse": 6,
      "text": [
        "They",
        "search",
        "out",
        "iniquities;",
        "they",
        "accomplish",
        "a",
        "diligent",
        "search:",
        "both",
        "the",
        "inward",
        "*thought",
        "of",
        "every",
        "one",
        "*of",
        "*them,",
        "and",
        "the",
        "heart,",
        "*is",
        "deep."
      ],
      "header": "",
      "footer": ""
    },
    {
      "book_name": "Psalms",
      "chapter": 64,
      "verse": 7,
      "text": [
        "But",
        "God",
        "shall",
        "shoot",
        "at",
        "them",
        "*with",
        "an",
        "arrow;",
        "suddenly",
        "shall",
        "they",
        "be",
        "wounded."
      ],
      "header": "",
      "footer": ""
    },
    {
      "book_name": "Psalms",
      "chapter": 64,
      "verse": 8,
      "text": [
        "So",
        "they",
        "shall",
        "make",
        "their",
        "own",
        "tongue",
        "to",
        "fall",
        "upon",
        "themselves:",
        "all",
        "that",
        "see",
        "them",
        "shall",
        "flee",
        "away."
      ],
      "header": "",
      "footer": ""
    },
    {
      "book_name": "Psalms",
      "chapter": 64,
      "verse": 9,
      "text": [
        "And",
        "all",
        "men",
        "shall",
        "fear,",
        "and",
        "shall",
        "declare",
        "the",
        "work",
        "of",
        "God;",
        "for",
        "they",
        "shall",
        "wisely",
        "consider",
        "of",
        "his",
        "doing."
      ],
      "header": "",
      "footer": ""
    },
    {
      "book_name": "Psalms",
      "chapter": 64,
      "verse": 10,
      "text": [
        "The",
        "righteous",
        "shall",
        "be",
        "glad",
        "in",
        "the",
        "Lᴏʀᴅ,",
        "and",
        "shall",
        "trust",
        "in",
        "him;",
        "and",
        "all",
        "the",
        "upright",
        "in",
        "heart",
        "shall",
        "glory."
      ],
      "header": "",
      "footer": ""
    }
  ]
}