{
  "book_name": "Psalms",
  "chapter": 67,
  "verses": [
    {
      "book_name": "Psalms",
      "chapter": 67,
      "verse": 1,
      "text": [
        "God",
        "be",
        "merciful",
        "unto",
        "us,",
        "and",
        "bless",
        "us;",
        "*and",
        "cause",
        "his",
        "face",
        "to",
        "shine",
        "upon",
        "us;",
        "Selah."
      ],
      "header": "**¶ To the chief Musician on Neginoth, A Psalm *or* Song.**",
      "footer": ""
    },
    {
      "book_name": "Psalms",
      "chapter": 67,
      "verse": 2,
      "text": [
        "That",
        "thy",
        "way",
        "may",
        "be",
        "known",
        "upon",
        "earth,",
        "thy",
        "saving",
        "health",
        "among",
        "all",
        "nations."
      ],
      "header": "",
      "footer": ""
    },
    {
      "book_name": "Psalms",
      "chapter": 67,
      "verse": 3,
      "text": [
        "Let",
        "the",
        "people",
        "praise",
        "thee,",
        "O",
        "God;",
        "let",
        "all",
        "the",
        "people",
        "praise",
        "thee."
      ],
      "header": "",
      "footer": ""
    },
    {
      "book_name": "Psalms",
      "chapter": 67,
      "verse": 4,
      "text": [
        "O",
        "let",
        "the",
        "nations",
        "be",
        "glad",
        "and",
        "sing",
        "for",
        "joy:",
        "for",
        "thou",
        "shalt",
        "judge",
        "the",
        "people",
        "righteously,",
        "and",
        "govern",
        "the",
        "nations",
        "upon",
        "earth.",
        "Selah."
      ],
      "header": "",
      "footer": ""
    },
    {
      "book_name": "Psalms",
      "chapter": 67,
      "verse": 5,
      "text": [
        "Let",
        "the",
        "people",
        "praise",
        "thee,",
        "O",
        "God;",
        "let",
        "all",
        "the",
        "people",
        "praise",
        "thee."
      ],
      "header": "",
      "footer": ""
    },
    {
      "book_name": "Psalms",
      "chapter": 67,
      "verse": 6,
      "text": [
        "*Then",
        "shall",
        "the",
        "earth",
        "yield",
        "her",
        "increase;",
        "*and",
        "God,",
        "*even",
        "our",
        "own",
        "God,",
        "shall",
        "bless",
        "us."
      ],
      "header": "",
      "footer": ""
    },
    {
      "book_name": "Psalms",
      "chapter": 67,
      "verse": 7,
      "text": [
        "God",
        "shall",
        "bless",
        "us;",
        "and",
        "all",
        "the",
        "ends",
        "of",
        "the",
        "earth",
        "shall",
        "fear",
        "him."
      ],
      "header": "",
      "footer": ""
    }
  ]
}