{
  "book_name": "Psalms",
  "chapter": 74,
  "verses": [
    {
      "book_name": "Psalms",
      "chapter": 74,
      "verse": 1,
      "text": [
        "O",
        "God,",
        "why",
        "hast",
        "thou",
        "cast",
        "*us",
        "off",
        "for",
        "ever?",
        "*why",
        "doth",
        "thine",
        "anger",
        "smoke",
        "against",
        "the",
        "sheep",
        "of",
        "thy",
        "pasture?"
      ],
      "header": "**¶ Maschil of Asaph.**",
      "footer": ""
    },
    {
      "book_name": "Psalms",
      "chapter": 74,
      "verse": 2,
      "text": [
        "Remember",
        "thy",
        "congregation,",
        "*which",
        "thou",
        "hast",
        "purchased",
        "of",
        "old;",
        "the",
        "rod",
        "of",
        "thine",
        "inheritance,",
        "*which",
        "thou",
        "hast",
        "redeemed;",
        "this",
        "mount",
        "Zion,",
        "wherein",
        "thou",
        "hast",
        "dwelt."
      ],
      "header": "",
      "footer": ""
    },
    {
      "book_name": "Psalms",
      "chapter": 74,
      "verse": 3,
      "text": [
        "Lift",
        "up",
        "thy",
        "feet",
        "unto",
        "the",
        "perpetual",
        "desolations;",
        "*even",
        "all",
        "*that",
        "the",
        "enemy",
        "hath",
        "done",
        "wickedly",
        "in",
        "the",
        "sanctuary."
      ],
      "header": "",
      "footer": ""
    },
    {
      "book_name": "Psalms",
      "chapter": 74,
      "verse": 4,
      "text": [
        "Thine",
        "enemies",
        "roar",
        "in",
        "the",
        "midst",
        "of",
        "thy",
        "congregations;",
        "they",
        "set",
        "up",
        "their",
        "ensigns",
        "*for",
        "signs."
      ],
      "header": "",
      "footer": ""
    },
    {
      "book_name": "Psalms",
      "chapter": 74,
      "verse": 5,
      "text": [
        "*A",
        "*man",
        "was",
        "famous",
        "according",
        "as",
        "he",
        "had",
        "lifted",
        "up",
        "axes",
        "upon",
        "the",
        "thick",
        "trees."
      ],
      "header": "",
      "footer": ""
    },
    {
      "book_name": "Psalms",
      "chapter": 74,
      "verse": 6,
      "text": [
        "But",
        "now",
        "they",
        "break",
        "down",
        "the",
        "carved",
        "work",
        "thereof",
        "at",
        "once",
        "with",
        "axes",
        "and",
        "hammers."
      ],
      "header": "",
      "footer": ""
    },
    {
      "book_name": "Psalms",
      "chapter": 74,
      "verse": 7,
      "text": [
        "They",
        "have",
        "cast",
        "fire",
        "into",
        "thy",
        "sanctuary,",
        "they",
        "have",
        "defiled",
        "*by",
        "*casting",
        "*down",
        "the",
        "dwelling",
        "place",
        "of",
        "thy",
        "name",
        "to",
        "the",
        "ground."
      ],
      "header": "",
      "footer": ""
    },
    {
      "book_name": "Psalms",
      "chapter": 74,
      "verse": 8,
      "text": [
        "They",
        "said",
        "in",
        "their",
        "hearts,",
        "Let",
        "us",
        "destroy",
        "them",
        "together:",
        "they",
        "have",
        "burned",
        "up",
        "all",
        "the",
        "synagogues",
        "of",
        "God",
        "in",
        "the",
        "land."
      ],
      "header": "",
      "footer": ""
    },
    {
      "book_name": "Psalms",
      "chapter": 74,
      "verse": 9,
      "text": [
        "We",
        "see",
        "not",
        "our",
        "signs:",
        "*there",
        "*is",
        "no",
        "more",
        "any",
        "prophet:",
        "neither",
        "*is",
        "*there",
        "among",
        "us",
        "any",
        "that",
        "knoweth",
        "how",
        "long."
      ],
      "header": "",
      "footer": ""
    },
    {
      "book_name": "Psalms",
      "chapter": 74,
      "verse": 10,
      "text": [
        "O",
        "God,",
        "how",
        "long",
        "shall",
        "the",
        "adversary",
        "reproach?",
        "shall",
        "the",
        "enemy",
        "blaspheme",
        "thy",
        "name",
        "for",
        "ever?"
      ],
      "header": "",
      "footer": ""
    },
    {
      "book_name": "Psalms",
      "chapter": 74,
      "verse": 11,
      "text": [
        "Why",
        "withdrawest",
        "thou",
        "thy",
        "hand,",
        "even",
        "thy",
        "right",
        "hand?",
        "pluck",
        "*it",
        "out",
        "of",
        "thy",
        "bosom."
      ],
      "header": "",
      "footer": ""
    },
    {
      "book_name": "Psalms",
      "chapter": 74,
      "verse": 12,
      "text": [
        "For",
        "God",
        "*is",
        "my",
        "King",
        "of",
        "old,",
        "working",
        "salvation",
        "in",
        "the",
        "midst",
        "of",
        "the",
        "earth."
      ],
      "header": "",
      "footer": ""
    },
    {
      "book_name": "Psalms",
      "chapter": 74,
      "verse": 13,
      "text": [
        "Thou",
        "didst",
        "divide",
        "the",
        "sea",
        "by",
        "thy",
        "strength:",
        "thou",
        "brakest",
        "the",
        "heads",
        "of",
        "the",
        "dragons",
        "in",
        "the",
        "waters."
      ],
      "header": "",
      "footer": ""
    },
    {
      "book_name": "Psalms",
      "chapter": 74,
      "verse": 14,
      "text": [
        "Thou",
        "brakest",
        "the",
        "heads",
        "of",
        "leviathan",
        "in",
        "pieces,",
        "*and",
        "gavest",
        "him",
        "*to",
        "*be",
        "meat",
        "to",
        "the",
        "people",
        "inhabiting",
        "the",
        "wilderness."
      ],
      "header": "",
      "footer": ""
    },
    {
      "book_name": "Psalms",
      "chapter": 74,
      "verse": 15,
      "text": [
        "Thou",
        "didst",
        "cleave",
        "the",
        "fountain",
        "and",
        "the",
        "flood:",
        "thou",
        "driedst",
        "up",
        "mighty",
        "rivers."
      ],
      "header": "",
      "footer": ""
    },
    {
      "book_name": "Psalms",
      "chapter": 74,
      "verse": 16,
      "text": [
        "The",
        "day",
        "*is",
        "thine,",
        "the",
        "night",
        "also",
        "*is",
        "thine:",
        "thou",
        "hast",
        "prepared",
        "the",
        "light",
        "and",
        "the",
        "sun."
      ],
      "header": "",
      "footer": ""
    },
    {
      "book_name": "Psalms",
      "chapter": 74,
      "verse": 17,
      "text": [
        "Thou",
        "hast",
        "set",
        "all",
        "the",
        "borders",
        "of",
        "the",
        "earth:",
        "thou",
        "hast",
        "made",
        "summer",
        "and",
        "winter."
      ],
      "header": "",
      "footer": ""
    },
    {
      "book_name": "Psalms",
      "chapter": 74,
      "verse": 18,
      "text": [
        "Remember",
        "this,",
        "*that",
        "the",
        "enemy",
        "hath",
        "reproached,",
        "O",
        "Lᴏʀᴅ,",
        "and",
        "*that",
        "the",
        "foolish",
        "people",
        "have",
        "blasphemed",
        "thy",
        "name."
      ],
      "header": "",
      "footer": ""
    },
    {
      "book_name": "Psalms",
      "chapter": 74,
      "verse": 19,
      "text": [
        "O",
        "deliver",
        "not",
        "the",
        "soul",
        "of",
        "thy",
        "turtledove",
        "unto",
        "the",
        "multitude",
        "*of",
        "*the",
        "*wicked:",
        "forget",
        "not",
        "the",
        "congregation",
        "of",
        "thy",
        "poor",
        "for",
        "ever."
      ],
      "header": "",
      "footer": ""
    },
    {
      "book_name": "Psalms",
      "chapter": 74,
      "verse": 20,
      "text": [
        "Have",
        "respect",
        "unto",
        "the",
        "covenant:",
        "for",
        "the",
        "dark",
        "places",
        "of",
        "the",
        "earth",
        "are",
        "full",
        "of",
        "the",
        "habitations",
        "of",
        "cruelty."
      ],
      "header": "",
      "footer": ""
    },
    {
      "book_name": "Psalms",
      "chapter": 74,
      "verse": 21,
      "text": [
        "O",
        "let",
        "not",
        "the",
        "oppressed",
        "return",
        "ashamed:",
        "let",
        "the",
        "poor",
        "and",
        "needy",
        "praise",
        "thy",
        "name."
      ],
      "header": "",
      "footer": ""
    },
    {
      "book_name": "Psalms",
      "chapter": 74,
      "verse": 22,
      "text": [
        "Arise,",
        "O",
        "God,",
        "plead",
        "thine",
        "own",
        "cause:",
        "remember",
        "how",
        "the",
        "foolish",
        "man",
        "reproacheth",
        "thee",
        "daily."
      ],
      "header": "",
      "footer": ""
    },
    {
      "book_name": "Psalms",
      "chapter": 74,
      "verse": 23,
      "text": [
        "Forget",
        "not",
        "the",
        "voice",
        "of",
        "thine",
        "enemies:",
        "the",
        "tumult",
        "of",
        "those",
        "that",
        "rise",
        "up",
        "against",
        "thee",
        "increaseth",
        "continually."
      ],
      "header": "",
      "footer": ""
    }
  ]
}