{
  "book_name": "Psalms",
  "chapter": 79,
  "verses": [
    {
      "book_name": "Psalms",
      "chapter": 79,
      "verse": 1,
      "text": [
        "O",
        "God,",
        "the",
        "heathen",
        "are",
        "come",
        "into",
        "thine",
        "inheritance;",
        "thy",
        "holy",
        "temple",
        "have",
        "they",
        "defiled;",
        "they",
        "have",
        "laid",
        "Jerusalem",
        "on",
        "heaps."
      ],
      "header": "**¶ A Psalm of Asaph.**",
      "footer": ""
    },
    {
      "book_name": "Psalms",
      "chapter": 79,
      "verse": 2,
      "text": [
        "The",
        "dead",
        "bodies",
        "of",
        "thy",
        "servants",
        "have",
        "they",
        "given",
        "*to",
        "*be",
        "meat",
        "unto",
        "the",
        "fowls",
        "of",
        "the",
        "heaven,",
        "the",
        "flesh",
        "of",
        "thy",
        "saints",
        "unto",
        "the",
        "beasts",
        "of",
        "the",
        "earth."
      ],
      "header": "",
      "footer": ""
    },
    {
      "book_name": "Psalms",
      "chapter": 79,
      "verse": 3,
      "text": [
        "Their",
        "blood",
        "have",
        "they",
        "shed",
        "like",
        "water",
        "round",
        "about",
        "Jerusalem;",
        "and",
        "*there",
        "*was",
        "none",
        "to",
        "bury",
        "*them."
      ],
      "header": "",
      "footer": ""
    },
    {
      "book_name": "Psalms",
      "chapter": 79,
      "verse": 4,
      "text": [
        "We",
        "are",
        "become",
        "a",
        "reproach",
        "to",
        "our",
        "neighbours,",
        "a",
        "scorn",
        "and",
        "derision",
        "to",
        "them",
        "that",
        "are",
        "round",
        "about",
        "us."
      ],
      "header": "",
      "footer": ""
    },
    {
      "book_name": "Psalms",
      "chapter": 79,
      "verse": 5,
      "text": [
        "How",
        "long,",
        "Lᴏʀᴅ?",
        "wilt",
        "thou",
        "be",
        "angry",
        "for",
        "ever?",
        "shall",
        "thy",
        "jealousy",
        "burn",
        "like",
        "fire?"
      ],
      "header": "",
      "footer": ""
    },
    {
      "book_name": "Psalms",
      "chapter": 79,
      "verse": 6,
      "text": [
        "Pour",
        "out",
        "thy",
        "wrath",
        "upon",
        "the",
        "heathen",
        "that",
        "have",
        "not",
        "known",
        "thee,",
        "and",
        "upon",
        "the",
        "kingdoms",
        "that",
        "have",
        "not",
        "called",
        "upon",
        "thy",
        "name."
      ],
      "header": "",
      "footer": ""
    },
    {
      "book_name": "Psalms",
      "chapter": 79,
      "verse": 7,
      "text": [
        "For",
        "they",
        "have",
        "devoured",
        "Jacob,",
        "and",
        "laid",
        "waste",
        "his",
        "dwelling",
        "place."
      ],
      "header": "",
      "footer": ""
    },
    {
      "book_name": "Psalms",
      "chapter": 79,
      "verse": 8,
      "text": [
        "O",
        "remember",
        "not",
        "against",
        "us",
        "former",
        "iniquities:",
        "let",
        "thy",
        "tender",
        "mercies",
        "speedily",
        "prevent",
        "us:",
        "for",
        "we",
        "are",
        "brought",
        "very",
        "low."
      ],
      "header": "",
      "footer": ""
    },
    {
      "book_name": "Psalms",
      "chapter": 79,
      "verse": 9,
      "text": [
        "Help",
        "us,",
        "O",
        "God",
        "of",
        "our",
        "salvation,",
        "for",
        "the",
        "glory",
        "of",
        "thy",
        "name:",
        "and",
        "deliver",
        "us,",
        "and",
        "purge",
        "away",
        "our",
        "sins,",
        "for",
        "thy",
        "name's",
        "sake."
      ],
      "header": "",
      "footer": ""
    },
    {
      "book_name": "Psalms",
      "chapter": 79,
      "verse": 10,
      "text": [
        "Wherefore",
        "should",
        "the",
        "heathen",
        "say,",
        "Where",
        "*is",
        "their",
        "God?",
        "let",
        "him",
        "be",
        "known",
        "among",
        "the",
        "heathen",
        "in",
        "our",
        "sight",
        "*by",
        "the",
        "revenging",
        "of",
        "the",
        "blood",
        "of",
        "thy",
        "servants",
        "*which",
        "*is",
        "shed."
      ],
      "header": "",
      "footer": ""
    },
    {
      "book_name": "Psalms",
      "chapter": 79,
      "verse": 11,
      "text": [
        "Let",
        "the",
        "sighing",
        "of",
        "the",
        "prisoner",
        "come",
        "before",
        "thee;",
        "according",
        "to",
        "the",
        "greatness",
        "of",
        "thy",
        "power",
        "preserve",
        "thou",
        "those",
        "that",
        "are",
        "appointed",
        "to",
        "die;"
      ],
      "header": "",
      "footer": ""
    },
    {
      "book_name": "Psalms",
      "chapter": 79,
      "verse": 12,
      "text": [
        "And",
        "render",
        "unto",
        "our",
        "neighbours",
        "sevenfold",
        "into",
        "their",
        "bosom",
        "their",
        "reproach,",
        "wherewith",
        "they",
        "have",
        "reproached",
        "thee,",
        "O",
        "Lord."
      ],
      "header": "",
      "footer": ""
    },
    {
      "book_name": "Psalms",
      "chapter": 79,
      "verse": 13,
      "text": [
        "So",
        "we",
        "thy",
        "people",
        "and",
        "sheep",
        "of",
        "thy",
        "pasture",
        "will",
        "give",
        "thee",
        "thanks",
        "for",
        "ever:",
        "we",
        "will",
        "shew",
        "forth",
        "thy",
        "praise",
        "to",
        "all",
        "generations."
      ],
      "header": "",
      "footer": ""
    }
  ]
}