{
  "book_name": "Psalms",
  "chapter": 86,
  "verses": [
    {
      "book_name": "Psalms",
      "chapter": 86,
      "verse": 1,
      "text": [
        "Bow",
        "down",
        "thine",
        "ear,",
        "O",
        "Lᴏʀᴅ,",
        "hear",
        "me:",
        "for",
        "I",
        "*am",
        "poor",
        "and",
        "needy."
      ],
      "header": "**¶ A Prayer of David.**",
      "footer": ""
    },
    {
      "book_name": "Psalms",
      "chapter": 86,
      "verse": 2,
      "text": [
        "Preserve",
        "my",
        "soul;",
        "for",
        "I",
        "*am",
        "holy:",
        "O",
        "thou",
        "my",
        "God,",
        "save",
        "thy",
        "servant",
        "that",
        "trusteth",
        "in",
        "thee."
      ],
      "header": "",
      "footer": ""
    },
    {
      "book_name": "Psalms",
      "chapter": 86,
      "verse": 3,
      "text": [
        "Be",
        "merciful",
        "unto",
        "me,",
        "O",
        "Lord:",
        "for",
        "I",
        "cry",
        "unto",
        "thee",
        "daily."
      ],
      "header": "",
      "footer": ""
    },
    {
      "book_name": "Psalms",
      "chapter": 86,
      "verse": 4,
      "text": [
        "Rejoice",
        "the",
        "soul",
        "of",
        "thy",
        "servant:",
        "for",
        "unto",
        "thee,",
        "O",
        "Lord,",
        "do",
        "I",
        "lift",
        "up",
        "my",
        "soul."
      ],
      "header": "",
      "footer": ""
    },
    {
      "book_name": "Psalms",
      "chapter": 86,
      "verse": 5,
      "text": [
        "For",
        "thou,",
        "Lord,",
        "*art",
        "good,",
        "and",
        "ready",
        "to",
        "forgive;",
        "and",
        "plenteous",
        "in",
        "mercy",
        "unto",
        "all",
        "them",
        "that",
        "call",
        "upon",
        "thee."
      ],
      "header": "",
      "footer": ""
    },
    {
      "book_name": "Psalms",
      "chapter": 86,
      "verse": 6,
      "text": [
        "Give",
        "ear,",
        "O",
        "Lᴏʀᴅ,",
        "unto",
        "my",
        "prayer;",
        "and",
        "attend",
        "to",
        "the",
        "voice",
        "of",
        "my",
        "supplications."
      ],
      "header": "",
      "footer": ""
    },
    {
      "book_name": "Psalms",
      "chapter": 86,
      "verse": 7,
      "text": [
        "In",
        "the",
        "day",
        "of",
        "my",
        "trouble",
        "I",
        "will",
        "call",
        "upon",
        "thee:",
        "for",
        "thou",
        "wilt",
        "answer",
        "me."
      ],
      "header": "",
      "footer": ""
    },
    {
      "book_name": "Psalms",
      "chapter": 86,
      "verse": 8,
      "text": [
        "Among",
        "the",
        "gods",
        "*there",
        "*is",
        "none",
        "like",
        "unto",
        "thee,",
        "O",
        "Lord;",
        "neither",
        "*are",
        "*there",
        "*any",
        "*works",
        "like",
        "unto",
        "thy",
        "works."
      ],
      "header": "",
      "footer": ""
    },
    {
      "book_name": "Psalms",
      "chapter": 86,
      "verse": 9,
      "text": [
        "All",
        "nations",
        "whom",
        "thou",
        "hast",
        "made",
        "shall",
        "come",
        "and",
        "worship",
        "before",
        "thee,",
        "O",
        "Lord;",
        "and",
        "shall",
        "glorify",
        "thy",
        "name."
      ],
      "header": "",
      "footer": ""
    },
    {
      "book_name": "Psalms",
      "chapter": 86,
      "verse": 10,
      "text": [
        "For",
        "thou",
        "*art",
        "great,",
        "and",
        "doest",
        "wondrous",
        "things:",
        "thou",
        "*art",
        "God",
        "alone."
      ],
      "header": "",
      "footer": ""
    },
    {
      "book_name": "Psalms",
      "chapter": 86,
      "verse": 11,
      "text": [
        "Teach",
        "me",
        "thy",
        "way,",
        "O",
        "Lᴏʀᴅ;",
        "I",
        "will",
        "walk",
        "in",
        "thy",
        "truth:",
        "unite",
        "my",
        "heart",
        "to",
        "fear",
        "thy",
        "name."
      ],
      "header": "",
      "footer": ""
    },
    {
      "book_name": "Psalms",
      "chapter": 86,
      "verse": 12,
      "text": [
        "I",
        "will",
        "praise",
        "thee,",
        "O",
        "Lord",
        "my",
        "God,",
        "with",
        "all",
        "my",
        "heart:",
        "and",
        "I",
        "will",
        "glorify",
        "thy",
        "name",
        "for",
        "evermore."
      ],
      "header": "",
      "footer": ""
    },
    {
      "book_name": "Psalms",
      "chapter": 86,
      "verse": 13,
      "text": [
        "For",
        "great",
        "*is",
        "thy",
        "mercy",
        "toward",
        "me:",
        "and",
        "thou",
        "hast",
        "delivered",
        "my",
        "soul",
        "from",
        "the",
        "lowest",
        "hell."
      ],
      "header": "",
      "footer": ""
    },
    {
      "book_name": "Psalms",
      "chapter": 86,
      "verse": 14,
      "text": [
        "O",
        "God,",
        "the",
        "proud",
        "are",
        "risen",
        "against",
        "me,",
        "and",
        "the",
        "assemblies",
        "of",
        "violent",
        "*men",
        "have",
        "sought",
        "after",
        "my",
        "soul;",
        "and",
        "have",
        "not",
        "set",
        "thee",
        "before",
        "them."
      ],
      "header": "",
      "footer": ""
    },
    {
      "book_name": "Psalms",
      "chapter": 86,
      "verse": 15,
      "text": [
        "But",
        "thou,",
        "O",
        "Lord,",
        "*art",
        "a",
        "God",
        "full",
        "of",
        "compassion,",
        "and",
        "gracious,",
        "longsuffering,",
        "and",
        "plenteous",
        "in",
        "mercy",
        "and",
        "truth."
      ],
      "header": "",
      "footer": ""
    },
    {
      "book_name": "Psalms",
      "chapter": 86,
      "verse": 16,
      "text": [
        "O",
        "turn",
        "unto",
        "me,",
        "and",
        "have",
        "mercy",
        "upon",
        "me;",
        "give",
        "thy",
        "strength",
        "unto",
        "thy",
        "servant,",
        "and",
        "save",
        "the",
        "son",
        "of",
        "thine",
        "handmaid."
      ],
      "header": "",
      "footer": ""
    },
    {
      "book_name": "Psalms",
      "chapter": 86,
      "verse": 17,
      "text": [
        "Shew",
        "me",
        "a",
        "token",
        "for",
        "good;",
        "that",
        "they",
        "which",
        "hate",
        "me",
        "may",
        "see",
        "*it,",
        "and",
        "be",
        "ashamed:",
        "because",
        "thou,",
        "Lᴏʀᴅ,",
        "hast",
        "holpen",
        "me,",
        "and",
        "comforted",
        "me."
      ],
      "header": "",
      "footer": ""
    }
  ]
}