{
  "book_name": "Psalms",
  "chapter": 87,
  "verses": [
    {
      "book_name": "Psalms",
      "chapter": 87,
      "verse": 1,
      "text": [
        "His",
        "foundation",
        "*is",
        "in",
        "the",
        "holy",
        "mountains."
      ],
      "header": "**¶ A Psalm *or* Song for the sons of Korah.**",
      "footer": ""
    },
    {
      "book_name": "Psalms",
      "chapter": 87,
      "verse": 2,
      "text": [
        "The",
        "Lᴏʀᴅ",
        "loveth",
        "the",
        "gates",
        "of",
        "Zion",
        "more",
        "than",
        "all",
        "the",
        "dwellings",
        "of",
        "Jacob."
      ],
      "header": "",
      "footer": ""
    },
    {
      "book_name": "Psalms",
      "chapter": 87,
      "verse": 3,
      "text": [
        "Glorious",
        "things",
        "are",
        "spoken",
        "of",
        "thee,",
        "O",
        "city",
        "of",
        "God.",
        "Selah."
      ],
      "header": "",
      "footer": ""
    },
    {
      "book_name": "Psalms",
      "chapter": 87,
      "verse": 4,
      "text": [
        "I",
        "will",
        "make",
        "mention",
        "of",
        "Rahab",
        "and",
        "Babylon",
        "to",
        "them",
        "that",
        "know",
        "me:",
        "behold",
        "Philistia,",
        "and",
        "Tyre,",
        "with",
        "Ethiopia;",
        "this",
        "*man",
        "was",
        "born",
        "there."
      ],
      "header": "",
      "footer": ""
    },
    {
      "book_name": "Psalms",
      "chapter": 87,
      "verse": 5,
      "text": [
        "And",
        "of",
        "Zion",
        "it",
        "shall",
        "be",
        "said,",
        "This",
        "and",
        "that",
        "man",
        "was",
        "born",
        "in",
        "her:",
        "and",
        "the",
        "highest",
        "himself",
        "shall",
        "establish",
        "her."
      ],
      "header": "",
      "footer": ""
    },
    {
      "book_name": "Psalms",
      "chapter": 87,
      "verse": 6,
      "text": [
        "The",
        "Lᴏʀᴅ",
        "shall",
        "count,",
        "when",
        "he",
        "writeth",
        "up",
        "the",
        "people,",
        "*that",
        "this",
        "*man",
        "was",
        "born",
        "there.",
        "Selah."
      ],
      "header": "",
      "footer": ""
    },
    {
      "book_name": "Psalms",
      "chapter": 87,
      "verse": 7,
      "text": [
        "As",
        "well",
        "the",
        "singers",
        "as",
        "the",
        "players",
        "on",
        "instruments",
        "*shall",
        "*be",
        "*there:",
        "all",
        "my",
        "springs",
        "*are",
        "in",
        "thee."
      ],
      "header": "",
      "footer": ""
    }
  ]
}