{
  "book_name": "Psalms",
  "chapter": 88,
  "verses": [
    {
      "book_name": "Psalms",
      "chapter": 88,
      "verse": 1,
      "text": [
        "O",
        "Lᴏʀᴅ",
        "God",
        "of",
        "my",
        "salvation,",
        "I",
        "have",
        "cried",
        "day",
        "*and",
        "night",
        "before",
        "thee:"
      ],
      "header": "**¶ A Song *or* Psalm for the sons of Korah, to the chief Musician upon Mahalath Leannoth, Maschil of Heman the Ezrahite.**",
      "footer": ""
    },
    {
      "book_name": "Psalms",
      "chapter": 88,
      "verse": 2,
      "text": [
        "Let",
        "my",
        "prayer",
        "come",
        "before",
        "thee:",
        "incline",
        "thine",
        "ear",
        "unto",
        "my",
        "cry;"
      ],
      "header": "",
      "footer": ""
    },
    {
      "book_name": "Psalms",
      "chapter": 88,
      "verse": 3,
      "text": [
        "For",
        "my",
        "soul",
        "is",
        "full",
        "of",
        "troubles:",
        "and",
        "my",
        "life",
        "draweth",
        "nigh",
        "unto",
        "the",
        "grave."
      ],
      "header": "",
      "footer": ""
    },
    {
      "book_name": "Psalms",
      "chapter": 88,
      "verse": 4,
      "text": [
        "I",
        "am",
        "counted",
        "with",
        "them",
        "that",
        "go",
        "down",
        "into",
        "the",
        "pit:",
        "I",
        "am",
        "as",
        "a",
        "man",
        "*that",
        "*hath",
        "no",
        "strength:"
      ],
      "header": "",
      "footer": ""
    },
    {
      "book_name": "Psalms",
      "chapter": 88,
      "verse": 5,
      "text": [
        "Free",
        "among",
        "the",
        "dead,",
        "like",
        "the",
        "slain",
        "that",
        "lie",
        "in",
        "the",
        "grave,",
        "whom",
        "thou",
        "rememberest",
        "no",
        "more:",
        "and",
        "they",
        "are",
        "cut",
        "off",
        "from",
        "thy",
        "hand."
      ],
      "header": "",
      "footer": ""
    },
    {
      "book_name": "Psalms",
      "chapter": 88,
      "verse": 6,
      "text": [
        "Thou",
        "hast",
        "laid",
        "me",
        "in",
        "the",
        "lowest",
        "pit,",
        "in",
        "darkness,",
        "in",
        "the",
        "deeps."
      ],
      "header": "",
      "footer": ""
    },
    {
      "book_name": "Psalms",
      "chapter": 88,
      "verse": 7,
      "text": [
        "Thy",
        "wrath",
        "lieth",
        "hard",
        "upon",
        "me,",
        "and",
        "thou",
        "hast",
        "afflicted",
        "*me",
        "with",
        "all",
        "thy",
        "waves.",
        "Selah."
      ],
      "header": "",
      "footer": ""
    },
    {
      "book_name": "Psalms",
      "chapter": 88,
      "verse": 8,
      "text": [
        "Thou",
        "hast",
        "put",
        "away",
        "mine",
        "acquaintance",
        "far",
        "from",
        "me;",
        "thou",
        "hast",
        "made",
        "me",
        "an",
        "abomination",
        "unto",
        "them:",
        "*I",
        "*am",
        "shut",
        "up,",
        "and",
        "I",
        "cannot",
        "come",
        "forth."
      ],
      "header": "",
      "footer": ""
    },
    {
      "book_name": "Psalms",
      "chapter": 88,
      "verse": 9,
      "text": [
        "Mine",
        "eye",
        "mourneth",
        "by",
        "reason",
        "of",
        "affliction:",
        "Lᴏʀᴅ,",
        "I",
        "have",
        "called",
        "daily",
        "upon",
        "thee,",
        "I",
        "have",
        "stretched",
        "out",
        "my",
        "hands",
        "unto",
        "thee."
      ],
      "header": "",
      "footer": ""
    },
    {
      "book_name": "Psalms",
      "chapter": 88,
      "verse": 10,
      "text": [
        "Wilt",
        "thou",
        "shew",
        "wonders",
        "to",
        "the",
        "dead?",
        "shall",
        "the",
        "dead",
        "arise",
        "*and",
        "praise",
        "thee?",
        "Selah."
      ],
      "header": "",
      "footer": ""
    },
    {
      "book_name": "Psalms",
      "chapter": 88,
      "verse": 11,
      "text": [
        "Shall",
        "thy",
        "lovingkindness",
        "be",
        "declared",
        "in",
        "the",
        "grave?",
        "*or",
        "thy",
        "faithfulness",
        "in",
        "destruction?"
      ],
      "header": "",
      "footer": ""
    },
    {
      "book_name": "Psalms",
      "chapter": 88,
      "verse": 12,
      "text": [
        "Shall",
        "thy",
        "wonders",
        "be",
        "known",
        "in",
        "the",
        "dark?",
        "and",
        "thy",
        "righteousness",
        "in",
        "the",
        "land",
        "of",
        "forgetfulness?"
      ],
      "header": "",
      "footer": ""
    },
    {
      "book_name": "Psalms",
      "chapter": 88,
      "verse": 13,
      "text": [
        "But",
        "unto",
        "thee",
        "have",
        "I",
        "cried,",
        "O",
        "Lᴏʀᴅ;",
        "and",
        "in",
        "the",
        "morning",
        "shall",
        "my",
        "prayer",
        "prevent",
        "thee."
      ],
      "header": "",
      "footer": ""
    },
    {
      "book_name": "Psalms",
      "chapter": 88,
      "verse": 14,
      "text": [
        "Lᴏʀᴅ,",
        "why",
        "castest",
        "thou",
        "off",
        "my",
        "soul?",
        "*why",
        "hidest",
        "thou",
        "thy",
        "face",
        "from",
        "me?"
      ],
      "header": "",
      "footer": ""
    },
    {
      "book_name": "Psalms",
      "chapter": 88,
      "verse": 15,
      "text": [
        "I",
        "*am",
        "afflicted",
        "and",
        "ready",
        "to",
        "die",
        "from",
        "*my",
        "youth",
        "up:",
        "*while",
        "I",
        "suffer",
        "thy",
        "terrors",
        "I",
        "am",
        "distracted."
      ],
      "header": "",
      "footer": ""
    },
    {
      "book_name": "Psalms",
      "chapter": 88,
      "verse": 16,
      "text": [
        "Thy",
        "fierce",
        "wrath",
        "goeth",
        "over",
        "me;",
        "thy",
        "terrors",
        "have",
        "cut",
        "me",
        "off."
      ],
      "header": "",
      "footer": ""
    },
    {
      "book_name": "Psalms",
      "chapter": 88,
      "verse": 17,
      "text": [
        "They",
        "came",
        "round",
        "about",
        "me",
        "daily",
        "like",
        "water;",
        "they",
        "compassed",
        "me",
        "about",
        "together."
      ],
      "header": "",
      "footer": ""
    },
    {
      "book_name": "Psalms",
      "chapter": 88,
      "verse": 18,
      "text": [
        "Lover",
        "and",
        "friend",
        "hast",
        "thou",
        "put",
        "far",
        "from",
        "me,",
        "*and",
        "mine",
        "acquaintance",
        "into",
        "darkness."
      ],
      "header": "",
      "footer": ""
    }
  ]
}