{
  "book_name": "Psalms",
  "chapter": 91,
  "verses": [
    {
      "book_name": "Psalms",
      "chapter": 91,
      "verse": 1,
      "text": [
        "He",
        "that",
        "dwelleth",
        "in",
        "the",
        "secret",
        "place",
        "of",
        "the",
        "most",
        "High",
        "shall",
        "abide",
        "under",
        "the",
        "shadow",
        "of",
        "the",
        "Almighty."
      ],
      "header": "",
      "footer": ""
    },
    {
      "book_name": "Psalms",
      "chapter": 91,
      "verse": 2,
      "text": [
        "I",
        "will",
        "say",
        "of",
        "the",
        "Lᴏʀᴅ,",
        "*He",
        "*is",
        "my",
        "refuge",
        "and",
        "my",
        "fortress:",
        "my",
        "God;",
        "in",
        "him",
        "will",
        "I",
        "trust."
      ],
      "header": "",
      "footer": ""
    },
    {
      "book_name": "Psalms",
      "chapter": 91,
      "verse": 3,
      "text": [
        "Surely",
        "he",
        "shall",
        "deliver",
        "thee",
        "from",
        "the",
        "snare",
        "of",
        "the",
        "fowler,",
        "*and",
        "from",
        "the",
        "noisome",
        "pestilence."
      ],
      "header": "",
      "footer": ""
    },
    {
      "book_name": "Psalms",
      "chapter": 91,
      "verse": 4,
      "text": [
        "He",
        "shall",
        "cover",
        "thee",
        "with",
        "his",
        "feathers,",
        "and",
        "under",
        "his",
        "wings",
        "shalt",
        "thou",
        "trust:",
        "his",
        "truth",
        "*shall",
        "*be",
        "*thy",
        "shield",
        "and",
        "buckler."
      ],
      "header": "",
      "footer": ""
    },
    {
      "book_name": "Psalms",
      "chapter": 91,
      "verse": 5,
      "text": [
        "Thou",
        "shalt",
        "not",
        "be",
        "afraid",
        "for",
        "the",
        "terror",
        "by",
        "night;",
        "*nor",
        "for",
        "the",
        "arrow",
        "*that",
        "flieth",
        "by",
        "day;"
      ],
      "header": "",
      "footer": ""
    },
    {
      "book_name": "Psalms",
      "chapter": 91,
      "verse": 6,
      "text": [
        "*Nor",
        "for",
        "the",
        "pestilence",
        "*that",
        "walketh",
        "in",
        "darkness;",
        "*nor",
        "for",
        "the",
        "destruction",
        "*that",
        "wasteth",
        "at",
        "noonday."
      ],
      "header": "",
      "footer": ""
    },
    {
      "book_name": "Psalms",
      "chapter": 91,
      "verse": 7,
      "text": [
        "A",
        "thousand",
        "shall",
        "fall",
        "at",
        "thy",
        "side,",
        "and",
        "ten",
        "thousand",
        "at",
        "thy",
        "right",
        "hand;",
        "*but",
        "it",
        "shall",
        "not",
        "come",
        "nigh",
        "thee."
      ],
      "header": "",
      "footer": ""
    },
    {
      "book_name": "Psalms",
      "chapter": 91,
      "verse": 8,
      "text": [
        "Only",
        "with",
        "thine",
        "eyes",
        "shalt",
        "thou",
        "behold",
        "and",
        "see",
        "the",
        "reward",
        "of",
        "the",
        "wicked."
      ],
      "header": "",
      "footer": ""
    },
    {
      "book_name": "Psalms",
      "chapter": 91,
      "verse": 9,
      "text": [
        "Because",
        "thou",
        "hast",
        "made",
        "the",
        "Lᴏʀᴅ,",
        "*which",
        "*is",
        "my",
        "refuge,",
        "*even",
        "the",
        "most",
        "High,",
        "thy",
        "habitation;"
      ],
      "header": "",
      "footer": ""
    },
    {
      "book_name": "Psalms",
      "chapter": 91,
      "verse": 10,
      "text": [
        "There",
        "shall",
        "no",
        "evil",
        "befall",
        "thee,",
        "neither",
        "shall",
        "any",
        "plague",
        "come",
        "nigh",
        "thy",
        "dwelling."
      ],
      "header": "",
      "footer": ""
    },
    {
      "book_name": "Psalms",
      "chapter": 91,
      "verse": 11,
      "text": [
        "For",
        "he",
        "shall",
        "give",
        "his",
        "angels",
        "charge",
        "over",
        "thee,",
        "to",
        "keep",
        "thee",
        "in",
        "all",
        "thy",
        "ways."
      ],
      "header": "",
      "footer": ""
    },
    {
      "book_name": "Psalms",
      "chapter": 91,
      "verse": 12,
      "text": [
        "They",
        "shall",
        "bear",
        "thee",
        "up",
        "in",
        "*their",
        "hands,",
        "lest",
        "thou",
        "dash",
        "thy",
        "foot",
        "against",
        "a",
        "stone."
      ],
      "header": "",
      "footer": ""
    },
    {
      "book_name": "Psalms",
      "chapter": 91,
      "verse": 13,
      "text": [
        "Thou",
        "shalt",
        "tread",
        "upon",
        "the",
        "lion",
        "and",
        "adder:",
        "the",
        "young",
        "lion",
        "and",
        "the",
        "dragon",
        "shalt",
        "thou",
        "trample",
        "under",
        "feet."
      ],
      "header": "",
      "footer": ""
    },
    {
      "book_name": "Psalms",
      "chapter": 91,
      "verse": 14,
      "text": [
        "Because",
        "he",
        "hath",
        "set",
        "his",
        "love",
        "upon",
        "me,",
        "therefore",
        "will",
        "I",
        "deliver",
        "him:",
        "I",
        "will",
        "set",
        "him",
        "on",
        "high,",
        "because",
        "he",
        "hath",
        "known",
        "my",
        "name."
      ],
      "header": "",
      "footer": ""
    },
    {
      "book_name": "Psalms",
      "chapter": 91,
      "verse": 15,
      "text": [
        "He",
        "shall",
        "call",
        "upon",
        "me,",
        "and",
        "I",
        "will",
        "answer",
        "him:",
        "I",
        "*will",
        "*be",
        "with",
        "him",
        "in",
        "trouble;",
        "I",
        "will",
        "deliver",
        "him,",
        "and",
        "honour",
        "him."
      ],
      "header": "",
      "footer": ""
    },
    {
      "book_name": "Psalms",
      "chapter": 91,
      "verse": 16,
      "text": [
        "With",
        "long",
        "life",
        "will",
        "I",
        "satisfy",
        "him,",
        "and",
        "shew",
        "him",
        "my",
        "salvation."
      ],
      "header": "",
      "footer": ""
    }
  ]
}