{
  "book_name": "Psalms",
  "chapter": 92,
  "verses": [
    {
      "book_name": "Psalms",
      "chapter": 92,
      "verse": 1,
      "text": [
        "*It",
        "*is",
        "*a",
        "good",
        "*thing",
        "to",
        "give",
        "thanks",
        "unto",
        "the",
        "Lᴏʀᴅ,",
        "and",
        "to",
        "sing",
        "praises",
        "unto",
        "thy",
        "name,",
        "O",
        "most",
        "High:"
      ],
      "header": "**¶ A Psalm *or* Song for the sabbath day.**",
      "footer": ""
    },
    {
      "book_name": "Psalms",
      "chapter": 92,
      "verse": 2,
      "text": [
        "To",
        "shew",
        "forth",
        "thy",
        "lovingkindness",
        "in",
        "the",
        "morning,",
        "and",
        "thy",
        "faithfulness",
        "every",
        "night,"
      ],
      "header": "",
      "footer": ""
    },
    {
      "book_name": "Psalms",
      "chapter": 92,
      "verse": 3,
      "text": [
        "Upon",
        "an",
        "instrument",
        "of",
        "ten",
        "strings,",
        "and",
        "upon",
        "the",
        "psaltery;",
        "upon",
        "the",
        "harp",
        "with",
        "a",
        "solemn",
        "sound."
      ],
      "header": "",
      "footer": ""
    },
    {
      "book_name": "Psalms",
      "chapter": 92,
      "verse": 4,
      "text": [
        "For",
        "thou,",
        "Lᴏʀᴅ,",
        "hast",
        "made",
        "me",
        "glad",
        "through",
        "thy",
        "work:",
        "I",
        "will",
        "triumph",
        "in",
        "the",
        "works",
        "of",
        "thy",
        "hands."
      ],
      "header": "",
      "footer": ""
    },
    {
      "book_name": "Psalms",
      "chapter": 92,
      "verse": 5,
      "text": [
        "O",
        "Lᴏʀᴅ,",
        "how",
        "great",
        "are",
        "thy",
        "works!",
        "*and",
        "thy",
        "thoughts",
        "are",
        "very",
        "deep."
      ],
      "header": "",
      "footer": ""
    },
    {
      "book_name": "Psalms",
      "chapter": 92,
      "verse": 6,
      "text": [
        "A",
        "brutish",
        "man",
        "knoweth",
        "not;",
        "neither",
        "doth",
        "a",
        "fool",
        "understand",
        "this."
      ],
      "header": "",
      "footer": ""
    },
    {
      "book_name": "Psalms",
      "chapter": 92,
      "verse": 7,
      "text": [
        "When",
        "the",
        "wicked",
        "spring",
        "as",
        "the",
        "grass,",
        "and",
        "when",
        "all",
        "the",
        "workers",
        "of",
        "iniquity",
        "do",
        "flourish;",
        "*it",
        "*is",
        "that",
        "they",
        "shall",
        "be",
        "destroyed",
        "for",
        "ever:"
      ],
      "header": "",
      "footer": ""
    },
    {
      "book_name": "Psalms",
      "chapter": 92,
      "verse": 8,
      "text": [
        "But",
        "thou,",
        "Lᴏʀᴅ,",
        "*art",
        "*most",
        "high",
        "for",
        "evermore."
      ],
      "header": "",
      "footer": ""
    },
    {
      "book_name": "Psalms",
      "chapter": 92,
      "verse": 9,
      "text": [
        "For,",
        "lo,",
        "thine",
        "enemies,",
        "O",
        "Lᴏʀᴅ,",
        "for,",
        "lo,",
        "thine",
        "enemies",
        "shall",
        "perish;",
        "all",
        "the",
        "workers",
        "of",
        "iniquity",
        "shall",
        "be",
        "scattered."
      ],
      "header": "",
      "footer": ""
    },
    {
      "book_name": "Psalms",
      "chapter": 92,
      "verse": 10,
      "text": [
        "But",
        "my",
        "horn",
        "shalt",
        "thou",
        "exalt",
        "like",
        "*the",
        "*horn",
        "*of",
        "an",
        "unicorn:",
        "I",
        "shall",
        "be",
        "anointed",
        "with",
        "fresh",
        "oil."
      ],
      "header": "",
      "footer": ""
    },
    {
      "book_name": "Psalms",
      "chapter": 92,
      "verse": 11,
      "text": [
        "Mine",
        "eye",
        "also",
        "shall",
        "see",
        "*my",
        "*desire",
        "on",
        "mine",
        "enemies,",
        "*and",
        "mine",
        "ears",
        "shall",
        "hear",
        "*my",
        "*desire",
        "of",
        "the",
        "wicked",
        "that",
        "rise",
        "up",
        "against",
        "me."
      ],
      "header": "",
      "footer": ""
    },
    {
      "book_name": "Psalms",
      "chapter": 92,
      "verse": 12,
      "text": [
        "The",
        "righteous",
        "shall",
        "flourish",
        "like",
        "the",
        "palm",
        "tree:",
        "he",
        "shall",
        "grow",
        "like",
        "a",
        "cedar",
        "in",
        "Lebanon."
      ],
      "header": "",
      "footer": ""
    },
    {
      "book_name": "Psalms",
      "chapter": 92,
      "verse": 13,
      "text": [
        "Those",
        "that",
        "be",
        "planted",
        "in",
        "the",
        "house",
        "of",
        "the",
        "Lᴏʀᴅ",
        "shall",
        "flourish",
        "in",
        "the",
        "courts",
        "of",
        "our",
        "God."
      ],
      "header": "",
      "footer": ""
    },
    {
      "book_name": "Psalms",
      "chapter": 92,
      "verse": 14,
      "text": [
        "They",
        "shall",
        "still",
        "bring",
        "forth",
        "fruit",
        "in",
        "old",
        "age;",
        "they",
        "shall",
        "be",
        "fat",
        "and",
        "flourishing;"
      ],
      "header": "",
      "footer": ""
    },
    {
      "book_name": "Psalms",
      "chapter": 92,
      "verse": 15,
      "text": [
        "To",
        "shew",
        "that",
        "the",
        "Lᴏʀᴅ",
        "*is",
        "upright:",
        "*he",
        "*is",
        "my",
        "rock,",
        "and",
        "*there",
        "*is",
        "no",
        "unrighteousness",
        "in",
        "him."
      ],
      "header": "",
      "footer": ""
    }
  ]
}