{
  "book_name": "Psalms",
  "chapter": 93,
  "verses": [
    {
      "book_name": "Psalms",
      "chapter": 93,
      "verse": 1,
      "text": [
        "The",
        "Lᴏʀᴅ",
        "reigneth,",
        "he",
        "is",
        "clothed",
        "with",
        "majesty;",
        "the",
        "Lᴏʀᴅ",
        "is",
        "clothed",
        "with",
        "strength,",
        "*wherewith",
        "he",
        "hath",
        "girded",
        "himself:",
        "the",
        "world",
        "also",
        "is",
        "stablished,",
        "that",
        "it",
        "cannot",
        "be",
        "moved."
      ],
      "header": "",
      "footer": ""
    },
    {
      "book_name": "Psalms",
      "chapter": 93,
      "verse": 2,
      "text": [
        "Thy",
        "throne",
        "*is",
        "established",
        "of",
        "old:",
        "thou",
        "*art",
        "from",
        "everlasting."
      ],
      "header": "",
      "footer": ""
    },
    {
      "book_name": "Psalms",
      "chapter": 93,
      "verse": 3,
      "text": [
        "The",
        "floods",
        "have",
        "lifted",
        "up,",
        "O",
        "Lᴏʀᴅ,",
        "the",
        "floods",
        "have",
        "lifted",
        "up",
        "their",
        "voice;",
        "the",
        "floods",
        "lift",
        "up",
        "their",
        "waves."
      ],
      "header": "",
      "footer": ""
    },
    {
      "book_name": "Psalms",
      "chapter": 93,
      "verse": 4,
      "text": [
        "The",
        "Lᴏʀᴅ",
        "on",
        "high",
        "*is",
        "mightier",
        "than",
        "the",
        "noise",
        "of",
        "many",
        "waters,",
        "*yea,",
        "*than",
        "the",
        "mighty",
        "waves",
        "of",
        "the",
        "sea."
      ],
      "header": "",
      "footer": ""
    },
    {
      "book_name": "Psalms",
      "chapter": 93,
      "verse": 5,
      "text": [
        "Thy",
        "testimonies",
        "are",
        "very",
        "sure:",
        "holiness",
        "becometh",
        "thine",
        "house,",
        "O",
        "Lᴏʀᴅ,",
        "for",
        "ever."
      ],
      "header": "",
      "footer": ""
    }
  ]
}