{
  "book_name": "Psalms",
  "chapter": 97,
  "verses": [
    {
      "book_name": "Psalms",
      "chapter": 97,
      "verse": 1,
      "text": [
        "The",
        "Lᴏʀᴅ",
        "reigneth;",
        "let",
        "the",
        "earth",
        "rejoice;",
        "let",
        "the",
        "multitude",
        "of",
        "isles",
        "be",
        "glad",
        "*thereof."
      ],
      "header": "",
      "footer": ""
    },
    {
      "book_name": "Psalms",
      "chapter": 97,
      "verse": 2,
      "text": [
        "Clouds",
        "and",
        "darkness",
        "*are",
        "round",
        "about",
        "him:",
        "righteousness",
        "and",
        "judgment",
        "*are",
        "the",
        "habitation",
        "of",
        "his",
        "throne."
      ],
      "header": "",
      "footer": ""
    },
    {
      "book_name": "Psalms",
      "chapter": 97,
      "verse": 3,
      "text": [
        "A",
        "fire",
        "goeth",
        "before",
        "him,",
        "and",
        "burneth",
        "up",
        "his",
        "enemies",
        "round",
        "about."
      ],
      "header": "",
      "footer": ""
    },
    {
      "book_name": "Psalms",
      "chapter": 97,
      "verse": 4,
      "text": [
        "His",
        "lightnings",
        "enlightened",
        "the",
        "world:",
        "the",
        "earth",
        "saw,",
        "and",
        "trembled."
      ],
      "header": "",
      "footer": ""
    },
    {
      "book_name": "Psalms",
      "chapter": 97,
      "verse": 5,
      "text": [
        "The",
        "hills",
        "melted",
        "like",
        "wax",
        "at",
        "the",
        "presence",
        "of",
        "the",
        "Lᴏʀᴅ,",
        "at",
        "the",
        "presence",
        "of",
        "the",
        "Lord",
        "of",
        "the",
        "whole",
        "earth."
      ],
      "header": "",
      "footer": ""
    },
    {
      "book_name": "Psalms",
      "chapter": 97,
      "verse": 6,
      "text": [
        "The",
        "heavens",
        "declare",
        "his",
        "righteousness,",
        "and",
        "all",
        "the",
        "people",
        "see",
        "his",
        "glory."
      ],
      "header": "",
      "footer": ""
    },
    {
      "book_name": "Psalms",
      "chapter": 97,
      "verse": 7,
      "text": [
        "Confounded",
        "be",
        "all",
        "they",
        "that",
        "serve",
        "graven",
        "images,",
        "that",
        "boast",
        "themselves",
        "of",
        "idols:",
        "worship",
        "him,",
        "all",
        "*ye",
        "gods."
      ],
      "header": "",
      "footer": ""
    },
    {
      "book_name": "Psalms",
      "chapter": 97,
      "verse": 8,
      "text": [
        "Zion",
        "heard,",
        "and",
        "was",
        "glad;",
        "and",
        "the",
        "daughters",
        "of",
        "Judah",
        "rejoiced",
        "because",
        "of",
        "thy",
        "judgments,",
        "O",
        "Lᴏʀᴅ."
      ],
      "header": "",
      "footer": ""
    },
    {
      "book_name": "Psalms",
      "chapter": 97,
      "verse": 9,
      "text": [
        "For",
        "thou,",
        "Lᴏʀᴅ,",
        "*art",
        "high",
        "above",
        "all",
        "the",
        "earth:",
        "thou",
        "art",
        "exalted",
        "far",
        "above",
        "all",
        "gods."
      ],
      "header": "",
      "footer": ""
    },
    {
      "book_name": "Psalms",
      "chapter": 97,
      "verse": 10,
      "text": [
        "Ye",
        "that",
        "love",
        "the",
        "Lᴏʀᴅ,",
        "hate",
        "evil:",
        "he",
        "preserveth",
        "the",
        "souls",
        "of",
        "his",
        "saints;",
        "he",
        "delivereth",
        "them",
        "out",
        "of",
        "the",
        "hand",
        "of",
        "the",
        "wicked."
      ],
      "header": "",
      "footer": ""
    },
    {
      "book_name": "Psalms",
      "chapter": 97,
      "verse": 11,
      "text": [
        "Light",
        "is",
        "sown",
        "for",
        "the",
        "righteous,",
        "and",
        "gladness",
        "for",
        "the",
        "upright",
        "in",
        "heart."
      ],
      "header": "",
      "footer": ""
    },
    {
      "book_name": "Psalms",
      "chapter": 97,
      "verse": 12,
      "text": [
        "Rejoice",
        "in",
        "the",
        "Lᴏʀᴅ,",
        "ye",
        "righteous;",
        "and",
        "give",
        "thanks",
        "at",
        "the",
        "remembrance",
        "of",
        "his",
        "holiness."
      ],
      "header": "",
      "footer": ""
    }
  ]
}