{
  "book_name": "Psalms",
  "chapter": 98,
  "verses": [
    {
      "book_name": "Psalms",
      "chapter": 98,
      "verse": 1,
      "text": [
        "O",
        "sing",
        "unto",
        "the",
        "Lᴏʀᴅ",
        "a",
        "new",
        "song;",
        "for",
        "he",
        "hath",
        "done",
        "marvellous",
        "things:",
        "his",
        "right",
        "hand,",
        "and",
        "his",
        "holy",
        "arm,",
        "hath",
        "gotten",
        "him",
        "the",
        "victory."
      ],
      "header": "**¶ A Psalm.**",
      "footer": ""
    },
    {
      "book_name": "Psalms",
      "chapter": 98,
      "verse": 2,
      "text": [
        "The",
        "Lᴏʀᴅ",
        "hath",
        "made",
        "known",
        "his",
        "salvation:",
        "his",
        "righteousness",
        "hath",
        "he",
        "openly",
        "shewed",
        "in",
        "the",
        "sight",
        "of",
        "the",
        "heathen."
      ],
      "header": "",
      "footer": ""
    },
    {
      "book_name": "Psalms",
      "chapter": 98,
      "verse": 3,
      "text": [
        "He",
        "hath",
        "remembered",
        "his",
        "mercy",
        "and",
        "his",
        "truth",
        "toward",
        "the",
        "house",
        "of",
        "Israel:",
        "all",
        "the",
        "ends",
        "of",
        "the",
        "earth",
        "have",
        "seen",
        "the",
        "salvation",
        "of",
        "our",
        "God."
      ],
      "header": "",
      "footer": ""
    },
    {
      "book_name": "Psalms",
      "chapter": 98,
      "verse": 4,
      "text": [
        "Make",
        "a",
        "joyful",
        "noise",
        "unto",
        "the",
        "Lᴏʀᴅ,",
        "all",
        "the",
        "earth:",
        "make",
        "a",
        "loud",
        "noise,",
        "and",
        "rejoice,",
        "and",
        "sing",
        "praise."
      ],
      "header": "",
      "footer": ""
    },
    {
      "book_name": "Psalms",
      "chapter": 98,
      "verse": 5,
      "text": [
        "Sing",
        "unto",
        "the",
        "Lᴏʀᴅ",
        "with",
        "the",
        "harp;",
        "with",
        "the",
        "harp,",
        "and",
        "the",
        "voice",
        "of",
        "a",
        "psalm."
      ],
      "header": "",
      "footer": ""
    },
    {
      "book_name": "Psalms",
      "chapter": 98,
      "verse": 6,
      "text": [
        "With",
        "trumpets",
        "and",
        "sound",
        "of",
        "cornet",
        "make",
        "a",
        "joyful",
        "noise",
        "before",
        "the",
        "Lᴏʀᴅ,",
        "the",
        "King."
      ],
      "header": "",
      "footer": ""
    },
    {
      "book_name": "Psalms",
      "chapter": 98,
      "verse": 7,
      "text": [
        "Let",
        "the",
        "sea",
        "roar,",
        "and",
        "the",
        "fulness",
        "thereof;",
        "the",
        "world,",
        "and",
        "they",
        "that",
        "dwell",
        "therein."
      ],
      "header": "",
      "footer": ""
    },
    {
      "book_name": "Psalms",
      "chapter": 98,
      "verse": 8,
      "text": [
        "Let",
        "the",
        "floods",
        "clap",
        "*their",
        "hands:",
        "let",
        "the",
        "hills",
        "be",
        "joyful",
        "together"
      ],
      "header": "",
      "footer": ""
    },
    {
      "book_name": "Psalms",
      "chapter": 98,
      "verse": 9,
      "text": [
        "Before",
        "the",
        "Lᴏʀᴅ;",
        "for",
        "he",
        "cometh",
        "to",
        "judge",
        "the",
        "earth:",
        "with",
        "righteousness",
        "shall",
        "he",
        "judge",
        "the",
        "world,",
        "and",
        "the",
        "people",
        "with",
        "equity."
      ],
      "header": "",
      "footer": ""
    }
  ]
}