{
  "book_name": "Psalms",
  "chapter": 99,
  "verses": [
    {
      "book_name": "Psalms",
      "chapter": 99,
      "verse": 1,
      "text": [
        "The",
        "Lᴏʀᴅ",
        "reigneth;",
        "let",
        "the",
        "people",
        "tremble:",
        "he",
        "sitteth",
        "*between",
        "the",
        "cherubims;",
        "let",
        "the",
        "earth",
        "be",
        "moved."
      ],
      "header": "",
      "footer": ""
    },
    {
      "book_name": "Psalms",
      "chapter": 99,
      "verse": 2,
      "text": [
        "The",
        "Lᴏʀᴅ",
        "*is",
        "great",
        "in",
        "Zion;",
        "and",
        "he",
        "*is",
        "high",
        "above",
        "all",
        "the",
        "people."
      ],
      "header": "",
      "footer": ""
    },
    {
      "book_name": "Psalms",
      "chapter": 99,
      "verse": 3,
      "text": [
        "Let",
        "them",
        "praise",
        "thy",
        "great",
        "and",
        "terrible",
        "name;",
        "*for",
        "it",
        "*is",
        "holy."
      ],
      "header": "",
      "footer": ""
    },
    {
      "book_name": "Psalms",
      "chapter": 99,
      "verse": 4,
      "text": [
        "The",
        "king's",
        "strength",
        "also",
        "loveth",
        "judgment;",
        "thou",
        "dost",
        "establish",
        "equity,",
        "thou",
        "executest",
        "judgment",
        "and",
        "righteousness",
        "in",
        "Jacob."
      ],
      "header": "",
      "footer": ""
    },
    {
      "book_name": "Psalms",
      "chapter": 99,
      "verse": 5,
      "text": [
        "Exalt",
        "ye",
        "the",
        "Lᴏʀᴅ",
        "our",
        "God,",
        "and",
        "worship",
        "at",
        "his",
        "footstool;",
        "*for",
        "he",
        "*is",
        "holy."
      ],
      "header": "",
      "footer": ""
    },
    {
      "book_name": "Psalms",
      "chapter": 99,
      "verse": 6,
      "text": [
        "Moses",
        "and",
        "Aaron",
        "among",
        "his",
        "priests,",
        "and",
        "Samuel",
        "among",
        "them",
        "that",
        "call",
        "upon",
        "his",
        "name;",
        "they",
        "called",
        "upon",
        "the",
        "Lᴏʀᴅ,",
        "and",
        "he",
        "answered",
        "them."
      ],
      "header": "",
      "footer": ""
    },
    {
      "book_name": "Psalms",
      "chapter": 99,
      "verse": 7,
      "text": [
        "He",
        "spake",
        "unto",
        "them",
        "in",
        "the",
        "cloudy",
        "pillar:",
        "they",
        "kept",
        "his",
        "testimonies,",
        "and",
        "the",
        "ordinance",
        "*that",
        "he",
        "gave",
        "them."
      ],
      "header": "",
      "footer": ""
    },
    {
      "book_name": "Psalms",
      "chapter": 99,
      "verse": 8,
      "text": [
        "Thou",
        "answeredst",
        "them,",
        "O",
        "Lᴏʀᴅ",
        "our",
        "God:",
        "thou",
        "wast",
        "a",
        "God",
        "that",
        "forgavest",
        "them,",
        "though",
        "thou",
        "tookest",
        "vengeance",
        "of",
        "their",
        "inventions."
      ],
      "header": "",
      "footer": ""
    },
    {
      "book_name": "Psalms",
      "chapter": 99,
      "verse": 9,
      "text": [
        "Exalt",
        "the",
        "Lᴏʀᴅ",
        "our",
        "God,",
        "and",
        "worship",
        "at",
        "his",
        "holy",
        "hill;",
        "for",
        "the",
        "Lᴏʀᴅ",
        "our",
        "God",
        "*is",
        "holy."
      ],
      "header": "",
      "footer": ""
    }
  ]
}